task_id,dataset_name,method,deletion_drop_auc,insertion_auc,combined_score,runtime_seconds,attr_l1_norm,mean_abs_exactness_residual,test_accuracy,test_balanced_accuracy,n_features_transformed,n_classes,ok
146821,car,aime,0.2921012917565661,0.8257643880721531,0.5589328399143595,0.005013942358383743,5.137148823474938,,1.0,1.0,21,4,173
146821,car,cos_fpde,0.2919243762515566,0.7865027082563846,0.5392135422539707,0.0037457953872807584,1.2339212847541468,5.500978606479054e-17,1.0,1.0,21,4,173
146821,car,diff_fpde,0.27906967577847375,0.7966862714926838,0.5378779736355788,0.003761086878612503,2.3634362054903164,5.083441695845099e-16,1.0,1.0,21,4,173
146821,car,hyb_fpde_grid,0.27906967577847375,0.7966862714926838,0.5378779736355788,0.0061562165375739246,1.0,4.310236336119252e-17,1.0,1.0,21,4,173
146821,car,lime,0.08463548277880188,0.6989995059371408,0.39181749435797136,0.012291478890170106,0.09909221073184313,,1.0,1.0,21,4,173
146821,car,shap,0.32356137197161317,0.8399711027980312,0.5817662373848222,0.2294586716763028,5.087797110559824,,1.0,1.0,21,4,173
