method,mean_deletion_drop_auc,std_deletion_drop_auc,mean_insertion_auc,std_insertion_auc,mean_combined_score,std_combined_score,mean_runtime_seconds,std_runtime_seconds,completed_instances,completed_tasks,mean_test_accuracy,mean_test_balanced_accuracy
aime,0.2921012917565661,0.35987653595652397,0.8257643880721531,0.26997254058738296,0.5589328399143595,0.08377814571362725,0.005013942358383743,0.00036901209474984425,173,1,1.0,1.0
cos_fpde,0.2919243762515566,0.3661166728768676,0.7865027082563846,0.33433263159026866,0.5392135422539707,0.07850213371089274,0.0037457953872807584,6.454913276602033e-05,173,1,1.0,1.0
diff_fpde,0.27906967577847375,0.35117532173426314,0.7966862714926838,0.317646821288976,0.5378779736355788,0.07668701383564303,0.003761086878612503,0.0004360121085315898,173,1,1.0,1.0
hyb_fpde_grid,0.27906967577847375,0.35117532173426314,0.7966862714926838,0.317646821288976,0.5378779736355788,0.07668701383564303,0.0061562165375739246,0.0001323882053941845,173,1,1.0,1.0
lime,0.08463548277880188,0.16027779661498237,0.6989995059371408,0.3883240073861045,0.39181749435797136,0.13783790506515536,0.012291478890170106,0.0006495269965357129,173,1,1.0,1.0
shap,0.32356137197161317,0.38410862406210755,0.8399711027980312,0.2539782569009888,0.5817662373848222,0.1107798328608857,0.2294586716763028,0.021921188886851992,173,1,1.0,1.0
