task_id,dataset_name,method,deletion_drop_auc,insertion_auc,combined_score,runtime_seconds,attr_l1_norm,mean_abs_exactness_residual,test_accuracy,test_balanced_accuracy,n_features_transformed,n_classes,ok
10093,banknote-authentication,aime,0.36982720231873584,0.8441056711230878,0.6069664367209118,0.004934568384058685,1.7297526280754676,,0.9927536231884058,0.9935064935064934,4,2,138
10093,banknote-authentication,cos_fpde,0.36982720231873584,0.8441056711230878,0.6069664367209118,0.0038573729565215494,1.310542156855449,1.0391999257898742e-16,0.9927536231884058,0.9935064935064934,4,2,138
10093,banknote-authentication,diff_fpde,0.37806823010055224,0.8448653267706298,0.6114667784355909,0.003818246913043743,4.593321250750862,5.028183988338571e-16,0.9927536231884058,0.9935064935064934,4,2,138
10093,banknote-authentication,hyb_fpde_grid,0.37806823010055224,0.8448653267706298,0.6114667784355909,0.006050130014492784,1.0,6.451160057038388e-17,0.9927536231884058,0.9935064935064934,4,2,138
10093,banknote-authentication,lime,0.2544669328087165,0.7329094838834959,0.4936882083461061,0.023063683644930614,0.6568208372256399,,0.9927536231884058,0.9935064935064934,4,2,138
10093,banknote-authentication,shap,0.3100388451161863,0.7084248008007058,0.5092318229584459,0.06611048891304735,6.590243085214155,,0.9927536231884058,0.9935064935064934,4,2,138
