task_id,dataset_name,method,deletion_drop_auc,insertion_auc,combined_score,runtime_seconds,attr_l1_norm,mean_abs_exactness_residual,test_accuracy,test_balanced_accuracy,n_features_transformed,n_classes,ok
29,credit-approval,aime,0.3943840191308071,0.9369080491414998,0.6656460341361534,0.014408890811594277,6.398186934258474,,0.8405797101449275,0.8320512820512821,46,2,69
29,credit-approval,cos_fpde,0.39313984311196715,0.9297904730572485,0.6614651580846078,0.011498016913043,1.3316781839910548,1.2480581182054877e-16,0.8405797101449275,0.8320512820512821,46,2,69
29,credit-approval,diff_fpde,0.3934192364361441,0.9299274597272877,0.6616733480817159,0.011626073652172903,6.597354402990416,2.0619576899378813e-15,0.8405797101449275,0.8320512820512821,46,2,69
29,credit-approval,hyb_fpde_grid,0.3934192364361441,0.9299274597272877,0.6616733480817159,0.016004197362318777,0.9999999999999998,9.792388317289368e-17,0.8405797101449275,0.8320512820512821,46,2,69
29,credit-approval,lime,-0.018035527311812165,0.5159503249843812,0.2489573988362845,0.018769775086956503,0.6711161552807235,,0.8405797101449275,0.8320512820512821,46,2,69
29,credit-approval,shap,0.13361323242652792,0.6523469361919733,0.3929800843092506,0.053195623376812,5.270650759020645,,0.8405797101449275,0.8320512820512821,46,2,69
