task_id,dataset_name,method,deletion_drop_auc,insertion_auc,combined_score,runtime_seconds,attr_l1_norm,mean_abs_exactness_residual,test_accuracy,test_balanced_accuracy,n_features_transformed,n_classes,ok
6,letter,aime,0.8371317776818191,0.7228391181835134,0.7799854479326663,0.006264304445000448,3.100758127557453,,0.9605,0.9601030227681284,16,26,200
6,letter,cos_fpde,0.8118743995481558,0.5840327606667081,0.6979535801074319,0.005265765059997421,0.6604361804037805,6.140053743219909e-17,0.9605,0.9601030227681284,16,26,200
6,letter,diff_fpde,0.756604014711156,0.53480792110731,0.6457059679092331,0.005301679800003285,8.989324922987205,1.0873246747422626e-15,0.9605,0.9601030227681284,16,26,200
6,letter,hyb_fpde_grid,0.8107125914082074,0.5851188350375386,0.6979157132228729,0.02657360523000534,0.9825597530921633,5.3503208807814675e-17,0.9605,0.9601030227681284,16,26,200
6,letter,lime,0.6810494831199163,0.36914523081853173,0.5250973569692241,0.05420428574000198,0.21091014580382947,,0.9605,0.9601030227681284,16,26,200
6,letter,shap,0.8696563899148242,0.8043266890132342,0.8369915394640292,1.5376283297749995,9.424476851445476,,0.9605,0.9601030227681284,16,26,200
