method,mean_deletion_drop_auc,std_deletion_drop_auc,mean_insertion_auc,std_insertion_auc,mean_combined_score,std_combined_score,mean_runtime_seconds,std_runtime_seconds,completed_instances,completed_tasks,mean_test_accuracy,mean_test_balanced_accuracy
aime,0.6764138232387173,0.2531112441556981,0.8134193126023045,0.1941184015388758,0.7449165679205109,0.16580172433538384,0.05370255803500072,0.010848917209715382,200,1,0.9912621359223301,0.9913572884073422
cos_fpde,0.7823920167282691,0.21942447988160824,0.8611645524446878,0.13104796349545972,0.8217782845864784,0.12850611287265798,0.013982522729999686,0.001993643677246818,200,1,0.9912621359223301,0.9913572884073422
diff_fpde,0.6829437228946734,0.26944985333022714,0.7868204036077764,0.192407650470594,0.734882063251225,0.16892047489550427,0.022906216570001733,0.00838572072139247,200,1,0.9912621359223301,0.9913572884073422
hyb_fpde_grid,0.7823920167282691,0.21942447988160824,0.8611645524446878,0.13104796349545972,0.8217782845864784,0.12850611287265798,0.040452086379998205,0.0013325105593822606,200,1,0.9912621359223301,0.9913572884073422
lime,0.41451933357815013,0.28603484307504023,0.5339991504723313,0.3731051366962685,0.4742592420252407,0.29471165021344947,0.22598847422999854,0.08334222559944247,200,1,0.9912621359223301,0.9913572884073422
shap,0.8556894609549324,0.20577505952306355,0.9746092575582793,0.017377821999581457,0.9151493592566058,0.10091215043432508,0.3516389763400008,0.01768474080655669,200,1,0.9912621359223301,0.9913572884073422
