task_id,dataset_name,method,deletion_drop_auc,insertion_auc,combined_score,runtime_seconds,attr_l1_norm,mean_abs_exactness_residual,test_accuracy,test_balanced_accuracy,n_features_transformed,n_classes,ok
14970,har,aime,0.6764138232387173,0.8134193126023045,0.7449165679205109,0.05370255803500072,115.12660282654824,,0.9912621359223301,0.9913572884073422,561,6,200
14970,har,cos_fpde,0.7823920167282691,0.8611645524446878,0.8217782845864784,0.013982522729999686,0.3585298623623893,8.177052784885675e-17,0.9912621359223301,0.9913572884073422,561,6,200
14970,har,diff_fpde,0.6829437228946734,0.7868204036077764,0.734882063251225,0.022906216570001733,229.50115673233336,3.0210278723075136e-14,0.9912621359223301,0.9913572884073422,561,6,200
14970,har,hyb_fpde_grid,0.7823920167282691,0.8611645524446878,0.8217782845864784,0.040452086379998205,1.0,3.318092328674638e-17,0.9912621359223301,0.9913572884073422,561,6,200
14970,har,lime,0.41451933357815013,0.5339991504723313,0.4742592420252407,0.22598847422999854,3.9275709681390807,,0.9912621359223301,0.9913572884073422,561,6,200
14970,har,shap,0.8556894609549324,0.9746092575582793,0.9151493592566058,0.3516389763400008,8.393496116386649,,0.9912621359223301,0.9913572884073422,561,6,200
