task_id,dataset_name,method,deletion_drop_auc,insertion_auc,combined_score,runtime_seconds,attr_l1_norm,mean_abs_exactness_residual,test_accuracy,test_balanced_accuracy,n_features_transformed,n_classes,ok
53,vehicle,aime,0.5556483358873903,0.7159866786846711,0.6358175072860307,0.00499064435294004,6.401726563715775,,0.8117647058823529,0.8121753246753248,18,4,85
53,vehicle,cos_fpde,0.585507503803136,0.7174065548027833,0.6514570293029596,0.003800146352943343,0.8436513231987975,9.80628976713948e-17,0.8117647058823529,0.8121753246753248,18,4,85
53,vehicle,diff_fpde,0.5366304652309177,0.6831982887502495,0.6099143769905836,0.0037676340588234324,8.809490042342455,1.934726888501192e-15,0.8117647058823529,0.8121753246753248,18,4,85
53,vehicle,hyb_fpde_grid,0.585507503803136,0.7174065548027833,0.6514570293029596,0.005825219000000208,1.0,5.4796853329385027e-17,0.8117647058823529,0.8121753246753248,18,4,85
53,vehicle,lime,0.2795292687691382,0.4553436699387842,0.3674364693539612,0.01563942860000158,0.6094768386477432,,0.8117647058823529,0.8121753246753248,18,4,85
53,vehicle,shap,0.6779285979434584,0.8330475160644285,0.7554880570039434,0.19442212287058885,5.299604540735997,,0.8117647058823529,0.8121753246753248,18,4,85
