method,mean_deletion_drop_auc,std_deletion_drop_auc,mean_insertion_auc,std_insertion_auc,mean_combined_score,std_combined_score,mean_runtime_seconds,std_runtime_seconds,completed_instances,completed_tasks,mean_test_accuracy,mean_test_balanced_accuracy
aime,0.8385203934684969,0.1211625994062351,0.9231273705894313,0.0807038617594867,0.8808238820289641,0.0903064372964345,0.01181144414499812,0.006633664666941416,200,1,0.945,0.945
cos_fpde,0.8175293987150938,0.13329110178925013,0.8454968873840998,0.15633240775251986,0.8315131430495968,0.11799412893966738,0.012145108135000129,0.003674103359090466,200,1,0.945,0.945
diff_fpde,0.7462232645571301,0.16510844035254604,0.7644333518776922,0.1944045227625049,0.7553283082174111,0.15505600914174344,0.010663654654999277,0.004693768983720204,200,1,0.945,0.945
hyb_fpde_grid,0.8175293987150938,0.13329110178925013,0.8454968873840998,0.15633240775251986,0.8315131430495968,0.11799412893966738,0.01733564943999809,0.006022840564369642,200,1,0.945,0.945
lime,0.3678840761298584,0.30311005821295434,0.4849339218038155,0.31263201596671786,0.4264089989668369,0.2896266712542043,0.044231698004999064,0.006120471263702839,200,1,0.945,0.945
shap,0.850956312436758,0.12113394637876886,0.9447856504165848,0.09179024006286003,0.8978709814266714,0.09545218253513127,0.5481989664949997,0.02120535313657321,200,1,0.945,0.945
