task_id,dataset_name,method,deletion_drop_auc,insertion_auc,combined_score,runtime_seconds,attr_l1_norm,mean_abs_exactness_residual,test_accuracy,test_balanced_accuracy,n_features_transformed,n_classes,ok
146800,MiceProtein,aime,0.7593316244097509,0.82281489962322,0.7910732620164853,0.014036874203702978,13.645862740842306,,0.9444444444444444,0.9468406593406593,77,8,108
146800,MiceProtein,cos_fpde,0.7733572958789091,0.7327380183818379,0.7530476571303736,0.012887621055555553,0.7024403134179089,7.839183263430377e-17,0.9444444444444444,0.9468406593406593,77,8,108
146800,MiceProtein,diff_fpde,0.6861840345321064,0.6689616596660666,0.6775728470990865,0.012460546805556569,43.04433584322811,9.994834178402075e-15,0.9444444444444444,0.9468406593406593,77,8,108
146800,MiceProtein,hyb_fpde_grid,0.7733572958789091,0.7327380183818379,0.7530476571303736,0.01802873275925981,1.0,5.2716318964406305e-17,0.9444444444444444,0.9468406593406593,77,8,108
146800,MiceProtein,lime,0.39718667861194706,0.4274358570182802,0.41231126781511357,0.041466839046296715,0.7269777276311318,,0.9444444444444444,0.9468406593406593,77,8,108
146800,MiceProtein,shap,0.813711316875664,0.9159672599727324,0.8648392884241981,0.47916675508333384,8.17431537449436,,0.9444444444444444,0.9468406593406593,77,8,108
