method,mean_deletion_drop_auc,std_deletion_drop_auc,mean_insertion_auc,std_insertion_auc,mean_combined_score,std_combined_score,mean_runtime_seconds,std_runtime_seconds,completed_instances,completed_tasks,mean_test_accuracy,mean_test_balanced_accuracy
aime,0.345918440788535,0.14261586870011883,0.9389191322838507,0.038379692639562334,0.6424187865361929,0.07442788412566878,0.0055819846315784075,8.774981389933018e-05,57,1,0.9649122807017544,0.9623015873015873
cos_fpde,0.346442860141867,0.14274738153672883,0.9388365721930176,0.03820529117398955,0.6426397161674423,0.07439024228193739,0.0043049893333346745,3.997898934045154e-05,57,1,0.9649122807017544,0.9623015873015873
diff_fpde,0.3498001853317365,0.14629981393131647,0.9422243704507286,0.036421916813688,0.6460122778912325,0.07535962948566939,0.0042512886140354126,4.310495403842384e-05,57,1,0.9649122807017544,0.9623015873015873
hyb_fpde_grid,0.34901245085229016,0.14668125067216928,0.9407210746087588,0.037648073914018046,0.6448667627305245,0.0760889864163859,0.006510590192981543,0.0005822632341052442,57,1,0.9649122807017544,0.9623015873015873
lime,0.17100119243782944,0.14567010536170014,0.693136223569795,0.21002016922254285,0.43206870800381225,0.17591324287480897,0.01082738359649152,0.0001862783467712088,57,1,0.9649122807017544,0.9623015873015873
shap,0.21877339471561966,0.22919381343055512,0.6359663870139391,0.2837019616673285,0.4273698908647794,0.24697671405339428,0.03762958556140536,0.023282028427049063,57,1,0.9649122807017544,0.9623015873015873
