task_id,dataset_name,method,deletion_drop_auc,insertion_auc,combined_score,runtime_seconds,attr_l1_norm,mean_abs_exactness_residual,test_accuracy,test_balanced_accuracy,n_features_transformed,n_classes,ok
9946,wdbc,aime,0.345918440788535,0.9389191322838507,0.6424187865361929,0.0055819846315784075,10.9710463873201,,0.9649122807017544,0.9623015873015873,30,2,57
9946,wdbc,cos_fpde,0.346442860141867,0.9388365721930176,0.6426397161674423,0.0043049893333346745,1.4905421831944943,1.5545557044367598e-16,0.9649122807017544,0.9623015873015873,30,2,57
9946,wdbc,diff_fpde,0.3498001853317365,0.9422243704507286,0.6460122778912325,0.0042512886140354126,45.80837928062261,8.500023297305585e-15,0.9649122807017544,0.9623015873015873,30,2,57
9946,wdbc,hyb_fpde_grid,0.34901245085229016,0.9407210746087588,0.6448667627305245,0.006510590192981543,0.9956613263439607,1.0280519126052025e-16,0.9649122807017544,0.9623015873015873,30,2,57
9946,wdbc,lime,0.17100119243782944,0.693136223569795,0.43206870800381225,0.01082738359649152,0.8375231624378645,,0.9649122807017544,0.9623015873015873,30,2,57
9946,wdbc,shap,0.21877339471561966,0.6359663870139391,0.4273698908647794,0.03762958556140536,5.818028571022605,,0.9649122807017544,0.9623015873015873,30,2,57
