method,mean_deletion_drop_auc,std_deletion_drop_auc,mean_insertion_auc,std_insertion_auc,mean_combined_score,std_combined_score,mean_runtime_seconds,std_runtime_seconds,completed_instances,completed_tasks,mean_test_accuracy,mean_test_balanced_accuracy
aime,0.4077376452567124,0.2210000444336247,0.9107876143029775,0.08044258054058256,0.659262629779845,0.0922053352227552,0.011488704190001045,0.004691589071863885,100,1,0.76,0.6952380952380952
cos_fpde,0.39839136370307027,0.22369861525993798,0.9071883975377858,0.08510899395724078,0.652789880620428,0.09281411697983494,0.01164898028999886,0.00336171688977312,100,1,0.76,0.6952380952380952
diff_fpde,0.39713909313391027,0.22364309610651642,0.906531945196087,0.0851718372230575,0.6518355191649987,0.09236479644398855,0.00938361275999938,0.003597840452331189,100,1,0.76,0.6952380952380952
hyb_fpde_grid,0.39839136370307027,0.22369861525993798,0.9071883975377858,0.08510899395724078,0.652789880620428,0.09281411697983494,0.01622587733000131,0.00597368372252256,100,1,0.76,0.6952380952380952
lime,-0.09224678342175711,0.15338300757017084,0.39853376653912725,0.27660854371661575,0.15314349155868506,0.17062671538203344,0.021673270420000678,0.005409725421405671,100,1,0.76,0.6952380952380952
shap,0.27340628545686396,0.24877729066381696,0.7442500568070096,0.3661046070217567,0.5088281711319368,0.2872796405974544,0.07852168204000094,0.019982904072694065,100,1,0.76,0.6952380952380952
