task_id,dataset_name,method,deletion_drop_auc,insertion_auc,combined_score,runtime_seconds,attr_l1_norm,mean_abs_exactness_residual,test_accuracy,test_balanced_accuracy,n_features_transformed,n_classes,ok
31,credit-g,aime,0.4077376452567124,0.9107876143029775,0.659262629779845,0.011488704190001045,8.230075141134781,,0.76,0.6952380952380952,61,2,100
31,credit-g,cos_fpde,0.39839136370307027,0.9071883975377858,0.652789880620428,0.01164898028999886,1.1798253397978171,8.337081025544535e-17,0.76,0.6952380952380952,61,2,100
31,credit-g,diff_fpde,0.39713909313391027,0.906531945196087,0.6518355191649987,0.00938361275999938,4.4706355103327695,2.4875934645507414e-15,0.76,0.6952380952380952,61,2,100
31,credit-g,hyb_fpde_grid,0.39839136370307027,0.9071883975377858,0.652789880620428,0.01622587733000131,1.0,7.559924908306925e-17,0.76,0.6952380952380952,61,2,100
31,credit-g,lime,-0.09224678342175711,0.39853376653912725,0.15314349155868506,0.021673270420000678,0.570416994034773,,0.76,0.6952380952380952,61,2,100
31,credit-g,shap,0.27340628545686396,0.7442500568070096,0.5088281711319368,0.07852168204000094,4.783701772402691,,0.76,0.6952380952380952,61,2,100
