task_id,dataset_name,method,deletion_drop_auc,insertion_auc,combined_score,runtime_seconds,attr_l1_norm,mean_abs_exactness_residual,test_accuracy,test_balanced_accuracy,n_features_transformed,n_classes,ok
9957,qsar-biodeg,aime,0.33470462628990627,0.8843312423816355,0.6095179343357708,0.012582931905661931,8.71341498759609,,0.8679245283018868,0.846031746031746,41,2,106
9957,qsar-biodeg,cos_fpde,0.3365701224856507,0.8851607159953107,0.6108654192404807,0.010981265037734597,1.3265162844491243,7.833258412983951e-17,0.8679245283018868,0.846031746031746,41,2,106
9957,qsar-biodeg,diff_fpde,0.3341137599292477,0.8836949003586592,0.6089043301439534,0.0104922557924535,21.383524772520556,5.2028612026655335e-15,0.8679245283018868,0.846031746031746,41,2,106
9957,qsar-biodeg,hyb_fpde_grid,0.33805815940189154,0.885228851588659,0.6116435054952752,0.015355765452830947,0.9987980287701743,5.911152070970025e-17,0.8679245283018868,0.846031746031746,41,2,106
9957,qsar-biodeg,lime,0.11552497004200296,0.7208423032670037,0.4181836366545033,0.01923793225471893,0.6723131055341529,,0.8679245283018868,0.846031746031746,41,2,106
9957,qsar-biodeg,shap,0.18388135789409857,0.6365841341133425,0.41023274600372056,0.07961864751886753,5.72864551738042,,0.8679245283018868,0.846031746031746,41,2,106
