method,mean_deletion_drop_auc,std_deletion_drop_auc,mean_insertion_auc,std_insertion_auc,mean_combined_score,std_combined_score,mean_runtime_seconds,std_runtime_seconds,completed_instances,completed_tasks,mean_test_accuracy,mean_test_balanced_accuracy
aime,0.33470462628990627,0.20649177890913364,0.8843312423816355,0.12494000376299227,0.6095179343357708,0.07441867778787402,0.012582931905661931,0.0068896616482521135,106,1,0.8679245283018868,0.846031746031746
cos_fpde,0.3365701224856507,0.20690415019103406,0.8851607159953107,0.12374614660749896,0.6108654192404807,0.07497606711269586,0.010981265037734597,0.004199737406720458,106,1,0.8679245283018868,0.846031746031746
diff_fpde,0.3341137599292477,0.20697143204184382,0.8836949003586592,0.12835624744013535,0.6089043301439534,0.07757449086339077,0.0104922557924535,0.004271899256148129,106,1,0.8679245283018868,0.846031746031746
hyb_fpde_grid,0.33805815940189154,0.20602959700602527,0.885228851588659,0.1238162004839761,0.6116435054952752,0.07498926045657224,0.015355765452830947,0.006349195743787808,106,1,0.8679245283018868,0.846031746031746
lime,0.11552497004200296,0.14645751546098926,0.7208423032670037,0.2861109616237144,0.4181836366545033,0.15037514701907093,0.01923793225471893,0.00751169004614525,106,1,0.8679245283018868,0.846031746031746
shap,0.18388135789409857,0.38621700765522377,0.6365841341133425,0.22040300953227535,0.41023274600372056,0.2854101098049779,0.07961864751886753,0.018542272489203537,106,1,0.8679245283018868,0.846031746031746
