task_id,dataset_name,method,deletion_drop_auc,insertion_auc,combined_score,runtime_seconds,attr_l1_norm,mean_abs_exactness_residual,test_accuracy,test_balanced_accuracy,n_features_transformed,n_classes,ok
9976,madelon,aime,0.40780343988817885,0.8037091559074098,0.6057562978977944,0.04891668157999945,30.51139363638832,,0.826923076923077,0.826923076923077,500,2,200
9976,madelon,cos_fpde,0.41511486520062363,0.8082506329449796,0.6116827490728016,0.01215624899000062,1.0237209780217962,2.1287225454580394e-17,0.826923076923077,0.826923076923077,500,2,200
9976,madelon,diff_fpde,0.41511486520062363,0.8082506329449796,0.6116827490728016,0.020506194740000937,34.52952255539581,4.5742298837581074e-14,0.826923076923077,0.826923076923077,500,2,200
9976,madelon,hyb_fpde_grid,0.41511486520062363,0.8082506329449796,0.6116827490728016,0.020717954959999146,1.0,1.7529380724745636e-17,0.826923076923077,0.826923076923077,500,2,200
9976,madelon,lime,0.2089498947054687,0.6235492192333764,0.4162495569694225,0.1996702696300001,3.2101986456927865,,0.826923076923077,0.826923076923077,500,2,200
9976,madelon,shap,0.1843269333103421,0.5591330421891653,0.3717299877497537,0.07057618587999961,5.256907801094752,,0.826923076923077,0.826923076923077,500,2,200
