task_id,dataset_name,method,deletion_drop_auc,insertion_auc,combined_score,runtime_seconds,attr_l1_norm,mean_abs_exactness_residual,test_accuracy,test_balanced_accuracy,n_features_transformed,n_classes,ok
9946,wdbc,aime,0.32576790207998396,0.9363959594101144,0.6310819307450493,0.00515044310526217,11.054458191473959,,0.9649122807017544,0.9623015873015873,30,2,57
9946,wdbc,cos_fpde,0.3278066868941664,0.9364223382239302,0.6321145125590483,0.0038184881929820727,1.4891897720698788,1.3024121255162713e-16,0.9649122807017544,0.9623015873015873,30,2,57
9946,wdbc,diff_fpde,0.3149731935706434,0.9313939010092767,0.62318354728996,0.0037840360526332547,46.4279882603184,8.12361873676381e-15,0.9649122807017544,0.9623015873015873,30,2,57
9946,wdbc,hyb_fpde_grid,0.3278066868941664,0.9364223382239302,0.6321145125590483,0.005738645736841157,1.0,8.154722024350622e-17,0.9649122807017544,0.9623015873015873,30,2,57
9946,wdbc,lime,0.18317493212361877,0.7178793821058115,0.4505271571147151,0.010247326017543395,0.8209812720301862,,0.9649122807017544,0.9623015873015873,30,2,57
9946,wdbc,shap,0.2498788932383161,0.6392677077550514,0.4445733004966838,0.03686957766666609,6.048582934045589,,0.9649122807017544,0.9623015873015873,30,2,57
