method,mean_deletion_drop_auc,std_deletion_drop_auc,mean_insertion_auc,std_insertion_auc,mean_combined_score,std_combined_score,mean_runtime_seconds,std_runtime_seconds,completed_instances,completed_tasks,mean_test_accuracy,mean_test_balanced_accuracy
aime,0.32576790207998396,0.1509779224598484,0.9363959594101144,0.047758467868610856,0.6310819307450493,0.07796522253002644,0.00515044310526217,0.00023108895046816365,57,1,0.9649122807017544,0.9623015873015873
cos_fpde,0.3278066868941664,0.1513112960456057,0.9364223382239302,0.04777694973342151,0.6321145125590483,0.07807525690929011,0.0038184881929820727,6.780427676602532e-05,57,1,0.9649122807017544,0.9623015873015873
diff_fpde,0.3149731935706434,0.14945001452318388,0.9313939010092767,0.04689438325495648,0.62318354728996,0.07584707019311203,0.0037840360526332547,5.6216356034817275e-05,57,1,0.9649122807017544,0.9623015873015873
hyb_fpde_grid,0.3278066868941664,0.1513112960456057,0.9364223382239302,0.04777694973342151,0.6321145125590483,0.07807525690929011,0.005738645736841157,0.000459580634897103,57,1,0.9649122807017544,0.9623015873015873
lime,0.18317493212361877,0.19925457825714105,0.7178793821058115,0.20912555189614407,0.4505271571147151,0.1955982948339111,0.010247326017543395,0.0006415769294309415,57,1,0.9649122807017544,0.9623015873015873
shap,0.2498788932383161,0.29909449052496,0.6392677077550514,0.2747584567745451,0.4445733004966838,0.27739316526025876,0.03686957766666609,0.03260015867767174,57,1,0.9649122807017544,0.9623015873015873
