task_id,dataset_name,method,deletion_drop_auc,insertion_auc,combined_score,runtime_seconds,attr_l1_norm,mean_abs_exactness_residual,test_accuracy,test_balanced_accuracy,n_features_transformed,n_classes,ok
167125,Internet-Advertisements,aime,0.263971000818965,0.9758895290237681,0.6199302649213666,0.08602619326000052,55.12167265000021,,0.9695121951219512,0.9004008633980882,3113,2,200
167125,Internet-Advertisements,cos_fpde,0.26711100144062067,0.9775383760402692,0.6223246887404449,0.04532614642999874,0.6281100663607568,2.180731723672169e-16,0.9695121951219512,0.9004008633980882,3113,2,200
167125,Internet-Advertisements,diff_fpde,0.267908096322498,0.9767469150166349,0.6223275056695665,0.04522795067000132,8.733423885659686,2.494116024820414e-15,0.9695121951219512,0.9004008633980882,3113,2,200
167125,Internet-Advertisements,hyb_fpde_grid,0.2693819136993767,0.9772906581112129,0.6233362859052948,0.07998406812500064,0.986981439636713,6.952771691715043e-17,0.9695121951219512,0.9004008633980882,3113,2,200
167125,Internet-Advertisements,lime,0.08124000363467875,0.8642750547388937,0.4727575291867862,0.5604841884600014,2.3811310012484954,,0.9695121951219512,0.9004008633980882,3113,2,200
167125,Internet-Advertisements,shap,0.2581525720119352,0.8850198982651303,0.5715862351385327,0.10516289903999962,3.870838757523385,,0.9695121951219512,0.9004008633980882,3113,2,200
