task_id,dataset_name,method,deletion_drop_auc,insertion_auc,combined_score,runtime_seconds,attr_l1_norm,mean_abs_exactness_residual,test_accuracy,test_balanced_accuracy,n_features_transformed,n_classes,ok
2074,satimage,aime,0.5920175581680224,0.7244955057192195,0.6582565319436209,0.0111948009999972,14.618972608391227,,0.9175738724727839,0.9070705360878715,36,6,200
2074,satimage,cos_fpde,0.4622638324258796,0.59289463188488,0.5275792321553798,0.009017119465001997,0.8367356100392561,1.16157083951407e-16,0.9175738724727839,0.9070705360878715,36,6,200
2074,satimage,diff_fpde,0.4766340196326839,0.6072102414869194,0.5419221305598017,0.008952346725000098,42.63500843995561,3.9335201762469296e-15,0.9175738724727839,0.9070705360878715,36,6,200
2074,satimage,hyb_fpde_grid,0.46871514041667245,0.5884133623698079,0.5285642513932401,0.01554774472000048,0.9451837156718098,7.840950111415169e-17,0.9175738724727839,0.9070705360878715,36,6,200
2074,satimage,lime,0.36355236545897024,0.4893602294443226,0.4264562974516464,0.024954948574998925,0.6093044571781547,,0.9175738724727839,0.9070705360878715,36,6,200
2074,satimage,shap,0.6839940350347612,0.8449718051968153,0.7644829201157883,0.3539722281749977,6.758656996235395,,0.9175738724727839,0.9070705360878715,36,6,200
