method,mean_deletion_drop_auc,std_deletion_drop_auc,mean_insertion_auc,std_insertion_auc,mean_combined_score,std_combined_score,mean_runtime_seconds,std_runtime_seconds,completed_instances,completed_tasks,mean_test_accuracy,mean_test_balanced_accuracy
aime,0.5920175581680224,0.2755861269189579,0.7244955057192195,0.18024997575450669,0.6582565319436209,0.17628287044977364,0.0111948009999972,0.0034436575947514943,200,1,0.9175738724727839,0.9070705360878715
cos_fpde,0.4622638324258796,0.2758265305314002,0.59289463188488,0.2719769280595581,0.5275792321553798,0.2098643189211196,0.009017119465001997,0.004496035999479654,200,1,0.9175738724727839,0.9070705360878715
diff_fpde,0.4766340196326839,0.25354621773188085,0.6072102414869194,0.20453221503082752,0.5419221305598017,0.16194347533585282,0.008952346725000098,0.004672961427265278,200,1,0.9175738724727839,0.9070705360878715
hyb_fpde_grid,0.46871514041667245,0.26661030764684823,0.5884133623698079,0.25135411206836256,0.5285642513932401,0.19429846701255463,0.01554774472000048,0.006031610030206354,200,1,0.9175738724727839,0.9070705360878715
lime,0.36355236545897024,0.30028013944299603,0.4893602294443226,0.31375418203188105,0.4264562974516464,0.2578544878151956,0.024954948574998925,0.005535833230592775,200,1,0.9175738724727839,0.9070705360878715
shap,0.6839940350347612,0.23753624825788125,0.8449718051968153,0.13066339767853363,0.7644829201157883,0.12535775241520902,0.3539722281749977,0.019007280856043512,200,1,0.9175738724727839,0.9070705360878715
