task_id,dataset_name,method,deletion_drop_auc,insertion_auc,combined_score,runtime_seconds,attr_l1_norm,mean_abs_exactness_residual,test_accuracy,test_balanced_accuracy,n_features_transformed,n_classes,ok
12,mfeat-factors,aime,0.8429443724554682,0.9394190944908091,0.8911817334731386,0.03221169716500014,36.65242663500822,,0.96,0.96,216,10,200
12,mfeat-factors,cos_fpde,0.8373025350202833,0.9059797198701773,0.8716411274452304,0.01891424610999877,0.9199591374829543,9.425620006719981e-17,0.96,0.96,216,10,200
12,mfeat-factors,diff_fpde,0.7312046396131869,0.8227895436349837,0.7769970916240853,0.023131897175000235,220.64173331015007,1.9109158699848195e-14,0.96,0.96,216,10,200
12,mfeat-factors,hyb_fpde_grid,0.8373025350202833,0.9059797198701773,0.8716411274452304,0.01830632933999908,1.0,3.8849132244500594e-17,0.96,0.96,216,10,200
12,mfeat-factors,lime,0.4192806119744615,0.6101250363153998,0.5147028241449306,0.14973051182000374,1.2037735094285267,,0.96,0.96,216,10,200
12,mfeat-factors,shap,0.8648397559395944,0.9615479657985117,0.9131938608690531,0.58065404422,9.29894046306578,,0.96,0.96,216,10,200
