method,mean_deletion_drop_auc,std_deletion_drop_auc,mean_insertion_auc,std_insertion_auc,mean_combined_score,std_combined_score,mean_runtime_seconds,std_runtime_seconds,completed_instances,completed_tasks,mean_test_accuracy,mean_test_balanced_accuracy
aime,0.6715680424129985,0.25522966013822374,0.7863044682067561,0.21244171621614022,0.7289362553098774,0.17050537944919564,0.05572193508499623,0.010697920530369788,200,1,0.9902912621359223,0.9904757572541724
cos_fpde,0.8028668108690807,0.2191791261637867,0.8389627465143118,0.14917646226777,0.8209147786916963,0.12072189436955738,0.01419536031500101,0.0015565155290071112,200,1,0.9902912621359223,0.9904757572541724
diff_fpde,0.6968580664579329,0.2983378933409241,0.7760529591783087,0.19648663078163342,0.7364555128181209,0.17076728429718252,0.02228906133499919,0.008364818115207114,200,1,0.9902912621359223,0.9904757572541724
hyb_fpde_grid,0.8028668108690807,0.2191791261637867,0.8389627465143118,0.14917646226777,0.8209147786916963,0.12072189436955738,0.04063210074000097,0.0012268711277341683,200,1,0.9902912621359223,0.9904757572541724
lime,0.4051889053478056,0.2934821709608928,0.5020248168353416,0.37189913197448987,0.4536068610915736,0.2766597644072651,0.2261467353750001,0.0810335837606597,200,1,0.9902912621359223,0.9904757572541724
shap,0.8459284561825597,0.23224994459062911,0.9752391612715086,0.014892040288272864,0.9105838087270343,0.11254448524975416,0.3515106549350003,0.017611671121884775,200,1,0.9902912621359223,0.9904757572541724
