task_id,dataset_name,method,deletion_drop_auc,insertion_auc,combined_score,runtime_seconds,attr_l1_norm,mean_abs_exactness_residual,test_accuracy,test_balanced_accuracy,n_features_transformed,n_classes,ok
14970,har,aime,0.6715680424129985,0.7863044682067561,0.7289362553098774,0.05572193508499623,109.9367224847554,,0.9902912621359223,0.9904757572541724,561,6,200
14970,har,cos_fpde,0.8028668108690807,0.8389627465143118,0.8209147786916963,0.01419536031500101,0.33376109321530945,8.218252467440124e-17,0.9902912621359223,0.9904757572541724,561,6,200
14970,har,diff_fpde,0.6968580664579329,0.7760529591783087,0.7364555128181209,0.02228906133499919,214.48999014587977,3.2822633500018126e-14,0.9902912621359223,0.9904757572541724,561,6,200
14970,har,hyb_fpde_grid,0.8028668108690807,0.8389627465143118,0.8209147786916963,0.04063210074000097,1.0,3.4210373249521367e-17,0.9902912621359223,0.9904757572541724,561,6,200
14970,har,lime,0.4051889053478056,0.5020248168353416,0.4536068610915736,0.2261467353750001,3.808027588505989,,0.9902912621359223,0.9904757572541724,561,6,200
14970,har,shap,0.8459284561825597,0.9752391612715086,0.9105838087270343,0.3515106549350003,8.382444188364342,,0.9902912621359223,0.9904757572541724,561,6,200
