task_id,dataset_name,method,deletion_drop_auc,insertion_auc,combined_score,runtime_seconds,attr_l1_norm,mean_abs_exactness_residual,test_accuracy,test_balanced_accuracy,n_features_transformed,n_classes,ok
11,balance-scale,aime,0.43183613014747785,0.8441009960222375,0.6379685630848576,0.004448303841261097,2.4852670553091,,0.9206349206349206,0.6666666666666666,4,3,63
11,balance-scale,cos_fpde,0.38728949929989254,0.8207770381670417,0.6040332687334671,0.0034320739682517877,1.3996842396994067,7.766329466654896e-17,0.9206349206349206,0.6666666666666666,4,3,63
11,balance-scale,diff_fpde,0.42821753601445894,0.8393760113540899,0.6337967736842743,0.0034039020476217363,4.538499006770349,4.0664121100357915e-16,0.9206349206349206,0.6666666666666666,4,3,63
11,balance-scale,hyb_fpde_grid,0.42821753601445894,0.8393760113540899,0.6337967736842743,0.005168237555554221,1.0,3.5068777412418043e-17,0.9206349206349206,0.6666666666666666,4,3,63
11,balance-scale,lime,0.2453592733042875,0.6890970127668636,0.4672281430355756,0.02302676949205754,0.787701064642955,,0.9206349206349206,0.6666666666666666,4,3,63
11,balance-scale,shap,0.4528321739420688,0.8507523884903074,0.6517922812161882,0.1010374244761871,4.086268179020062,,0.9206349206349206,0.6666666666666666,4,3,63
