task_id,dataset_name,method,deletion_drop_auc,insertion_auc,combined_score,runtime_seconds,attr_l1_norm,mean_abs_exactness_residual,test_accuracy,test_balanced_accuracy,n_features_transformed,n_classes,ok
9971,ilpd,aime,0.026099380192378153,0.8639185383022532,0.44500895924731565,0.004835334305086316,4.29050177026411,,0.6779661016949152,0.5287114845938375,11,2,59
9971,ilpd,cos_fpde,0.03943875973982099,0.8767694035488403,0.4581040816443306,0.0038643963050829415,1.4000897958616956,1.10551868977505e-16,0.6779661016949152,0.5287114845938375,11,2,59
9971,ilpd,diff_fpde,0.03645812884753668,0.8738133335117227,0.4551357311796297,0.0037981857627129505,4.656363512118274,1.6794475414880545e-15,0.6779661016949152,0.5287114845938375,11,2,59
9971,ilpd,hyb_fpde_grid,0.03947614392909168,0.8767699445034755,0.4581230442162836,0.005799865067796557,1.0,7.291719017665223e-17,0.6779661016949152,0.5287114845938375,11,2,59
9971,ilpd,lime,-0.09347351474025421,0.7565580931948177,0.3315422892272818,0.009188712423728271,0.2313597470433964,,0.6779661016949152,0.5287114845938375,11,2,59
9971,ilpd,shap,-0.05245136307468955,0.7609759051108685,0.3542622710180895,0.03260494205084625,2.8270982725506166,,0.6779661016949152,0.5287114845938375,11,2,59
