method,mean_deletion_drop_auc,std_deletion_drop_auc,mean_insertion_auc,std_insertion_auc,mean_combined_score,std_combined_score,mean_runtime_seconds,std_runtime_seconds,completed_instances,completed_tasks,mean_test_accuracy,mean_test_balanced_accuracy
aime,0.026099380192378153,0.2081098779386679,0.8639185383022532,0.21629817291544237,0.44500895924731565,0.07043105861963124,0.004835334305086316,0.0001237370940178066,59,1,0.6779661016949152,0.5287114845938375
cos_fpde,0.03943875973982099,0.21867452027907386,0.8767694035488403,0.1980208582272682,0.4581040816443306,0.06265575055575288,0.0038643963050829415,0.00012159184710670868,59,1,0.6779661016949152,0.5287114845938375
diff_fpde,0.03645812884753668,0.21818873669405825,0.8738133335117227,0.2032678823271911,0.4551357311796297,0.062402361031112706,0.0037981857627129505,4.608706275367004e-05,59,1,0.6779661016949152,0.5287114845938375
hyb_fpde_grid,0.03947614392909168,0.2186579664544485,0.8767699445034755,0.19802108057731166,0.4581230442162836,0.0626534151465613,0.005799865067796557,0.00018160876699907858,59,1,0.6779661016949152,0.5287114845938375
lime,-0.09347351474025421,0.1984848478226225,0.7565580931948177,0.2713148116019317,0.3315422892272818,0.12583150827996503,0.009188712423728271,0.00011209874853313695,59,1,0.6779661016949152,0.5287114845938375
shap,-0.05245136307468955,0.2830263223493668,0.7609759051108685,0.19040491604451595,0.3542622710180895,0.13131220415216494,0.03260494205084625,0.022500242278952406,59,1,0.6779661016949152,0.5287114845938375
