task_id,dataset_name,method,deletion_drop_auc,insertion_auc,combined_score,runtime_seconds,attr_l1_norm,mean_abs_exactness_residual,test_accuracy,test_balanced_accuracy,n_features_transformed,n_classes,ok
167121,Devnagari-Script,aime,0.7493993330827713,0.6745702742945079,0.7119848036886396,0.058383063810024394,112.56220842797389,,0.8881521739130435,0.8881521739130436,1024,46,200
167121,Devnagari-Script,cos_fpde,0.7390550203192348,0.46026675387606913,0.5996608870976519,0.021486396194989085,0.7794697278048014,5.004677228193089e-17,0.8881521739130435,0.8881521739130436,1024,46,200
167121,Devnagari-Script,diff_fpde,0.7254358214844981,0.4774346710720888,0.6014352462782935,0.022362745634980002,410.26859218246636,6.792344464656707e-14,0.8881521739130435,0.8881521739130436,1024,46,200
167121,Devnagari-Script,hyb_fpde_grid,0.7254358214844981,0.4774346710720888,0.6014352462782935,0.7736898354549908,1.0,3.474867962816042e-17,0.8881521739130435,0.8881521739130436,1024,46,200
167121,Devnagari-Script,lime,0.5222157149979376,0.2098108252545911,0.36601327012626433,0.470485155459985,2.471774666951712,,0.8881521739130435,0.8881521739130436,1024,46,200
167121,Devnagari-Script,shap,0.7848602883917956,0.8626926346331502,0.8237764615124727,2.5706716184149876,10.32147739386799,,0.8881521739130435,0.8881521739130436,1024,46,200
