task_id,dataset_name,method,deletion_drop_auc,insertion_auc,combined_score,runtime_seconds,attr_l1_norm,mean_abs_exactness_residual,test_accuracy,test_balanced_accuracy,n_features_transformed,n_classes,ok
3573,mnist_784,aime,0.8149990236861734,0.8287057833228891,0.8218524035045313,0.06276643408999917,46.77514499261465,,0.9702857142857142,0.9700870044984843,784,10,200
3573,mnist_784,cos_fpde,0.8261016915533215,0.6710834126283793,0.7485925520908503,0.016346903284998576,0.8175549390280971,3.707320908596934e-17,0.9702857142857142,0.9700870044984843,784,10,200
3573,mnist_784,diff_fpde,0.8193371373284828,0.6853777324230249,0.7523574348757538,0.01740523220500279,305.2325381608309,7.463807349950002e-14,0.9702857142857142,0.9700870044984843,784,10,200
3573,mnist_784,hyb_fpde_grid,0.8193371373284828,0.6853777324230249,0.7523574348757538,0.3416685208800078,1.0,4.056217167702769e-17,0.9702857142857142,0.9700870044984843,784,10,200
3573,mnist_784,lime,0.3861407770954037,0.24563804007076487,0.3158894085830843,0.2849394184849916,2.6045133884383183,,0.9702857142857142,0.9700870044984843,784,10,200
3573,mnist_784,shap,0.8533890236639345,0.9022100004087473,0.877799512036341,0.5900229349749935,8.248748446245061,,0.9702857142857142,0.9700870044984843,784,10,200
