task_id,dataset_name,method,deletion_drop_auc,insertion_auc,combined_score,runtime_seconds,attr_l1_norm,mean_abs_exactness_residual,test_accuracy,test_balanced_accuracy,n_features_transformed,n_classes,ok
167120,numerai28.6,aime,0.02978057994004238,0.5258095858284328,0.2777950828842376,0.005427979839999751,7.746188439071415,,0.5132890365448505,0.5122773021356357,21,2,200
167120,numerai28.6,cos_fpde,0.030540056152425405,0.5263647025173255,0.27845237933487543,0.004148308944999712,1.5349582445137377,8.487134606216528e-17,0.5132890365448505,0.5122773021356357,21,2,200
167120,numerai28.6,diff_fpde,0.030541981397039293,0.526368541936908,0.27845526166697365,0.0041042060499988505,1.2751282545219558,2.7191443541241256e-15,0.5132890365448505,0.5122773021356357,21,2,200
167120,numerai28.6,hyb_fpde_grid,0.030540056152425405,0.5263647025173255,0.27845237933487543,0.02972278249000098,1.0,4.6883070342618184e-17,0.5132890365448505,0.5122773021356357,21,2,200
167120,numerai28.6,lime,0.017892219690867652,0.5137158993885876,0.26580405953972763,0.010368544125000056,0.08008843759748333,,0.5132890365448505,0.5122773021356357,21,2,200
167120,numerai28.6,shap,0.02141742144358037,0.518101400584998,0.2697594110142892,0.0657604092050002,0.30452806478240335,,0.5132890365448505,0.5122773021356357,21,2,200
