method,mean_deletion_drop_auc,std_deletion_drop_auc,mean_insertion_auc,std_insertion_auc,mean_combined_score,std_combined_score,mean_runtime_seconds,std_runtime_seconds,completed_instances,completed_tasks,mean_test_accuracy,mean_test_balanced_accuracy
aime,0.052576102131959075,0.20762869443854123,0.9963042345527329,0.015309501457620936,0.524440168342346,0.09828184888619146,0.011004898900000483,0.004554276548717646,200,1,0.9947089947089947,0.9565217391304348
cos_fpde,0.05499163858125193,0.2082539817654146,0.9959537645826341,0.016173786525668237,0.5254727015819429,0.09859372917946228,0.008753357859999937,0.004012172622200939,200,1,0.9947089947089947,0.9565217391304348
diff_fpde,0.05476749012067547,0.20753348127673593,0.9961659233767984,0.015896591883064207,0.525466706748737,0.09817234147754926,0.008768312240001422,0.004120732918795745,200,1,0.9947089947089947,0.9565217391304348
hyb_fpde_grid,0.05476749012067547,0.20753348127673593,0.9961659233767984,0.015896591883064207,0.525466706748737,0.09817234147754926,0.014553799014998531,0.005760669209448701,200,1,0.9947089947089947,0.9565217391304348
lime,0.008145111975596656,0.03947556088977602,0.9500670880464435,0.1921320427896531,0.47910610001102005,0.08203933196630933,0.017431370554999576,0.005027470553758009,200,1,0.9947089947089947,0.9565217391304348
shap,0.04526000735449699,0.20548758176546666,0.971709239487169,0.10879346700973218,0.508484623420833,0.1148265094364714,0.06931914992999992,0.01529408616156033,200,1,0.9947089947089947,0.9565217391304348
