method,mean_deletion_drop_auc,std_deletion_drop_auc,mean_insertion_auc,std_insertion_auc,mean_combined_score,std_combined_score,mean_runtime_seconds,std_runtime_seconds,completed_instances,completed_tasks,mean_test_accuracy,mean_test_balanced_accuracy
aime,0.1699328903058008,0.2972525688737837,0.980038802572579,0.045887834915153476,0.5749858464391899,0.13619718905918127,0.08453853799000158,0.014259948093741606,200,1,0.9664634146341463,0.9077243293246994
cos_fpde,0.17386295307765068,0.2973941105399419,0.9806513553209106,0.04574892681586237,0.5772571541992807,0.13636018964315588,0.04533826318999999,0.0005217659465478482,200,1,0.9664634146341463,0.9077243293246994
diff_fpde,0.15918672913876222,0.2979421915385,0.9785194695005682,0.045907930746159155,0.5688530993196652,0.13673403873417403,0.04544820441999874,0.0011289293589008115,200,1,0.9664634146341463,0.9077243293246994
hyb_fpde_grid,0.17386295307765068,0.2973941105399419,0.9806513553209106,0.04574892681586237,0.5772571541992807,0.13636018964315588,0.08012984409000282,0.001108349907325068,200,1,0.9664634146341463,0.9077243293246994
lime,0.04847647295769209,0.15215064804489004,0.9079030945430671,0.17940378551831646,0.4781897837503796,0.08919553537345296,0.5676873294450019,0.06640686382851822,200,1,0.9664634146341463,0.9077243293246994
shap,0.1291103440626853,0.13957317128374044,0.8809073782081476,0.2904695494675955,0.5050088611354164,0.1671339639356166,0.10603096566999838,0.005968281759707059,200,1,0.9664634146341463,0.9077243293246994
