task_id,dataset_name,method,deletion_drop_auc,insertion_auc,combined_score,runtime_seconds,attr_l1_norm,mean_abs_exactness_residual,test_accuracy,test_balanced_accuracy,n_features_transformed,n_classes,ok
167125,Internet-Advertisements,aime,0.1699328903058008,0.980038802572579,0.5749858464391899,0.08453853799000158,53.91694102458413,,0.9664634146341463,0.9077243293246994,3113,2,200
167125,Internet-Advertisements,cos_fpde,0.17386295307765068,0.9806513553209106,0.5772571541992807,0.04533826318999999,0.6084597184240436,2.1569334859861123e-16,0.9664634146341463,0.9077243293246994,3113,2,200
167125,Internet-Advertisements,diff_fpde,0.15918672913876222,0.9785194695005682,0.5688530993196652,0.04544820441999874,9.030458737569703,2.415290190072028e-15,0.9664634146341463,0.9077243293246994,3113,2,200
167125,Internet-Advertisements,hyb_fpde_grid,0.17386295307765068,0.9806513553209106,0.5772571541992807,0.08012984409000282,1.0,9.076235856636527e-17,0.9664634146341463,0.9077243293246994,3113,2,200
167125,Internet-Advertisements,lime,0.04847647295769209,0.9079030945430671,0.4781897837503796,0.5676873294450019,2.6669547895880483,,0.9664634146341463,0.9077243293246994,3113,2,200
167125,Internet-Advertisements,shap,0.1291103440626853,0.8809073782081476,0.5050088611354164,0.10603096566999838,3.8031617557869293,,0.9664634146341463,0.9077243293246994,3113,2,200
