task_id,dataset_name,method,deletion_drop_auc,insertion_auc,combined_score,runtime_seconds,attr_l1_norm,mean_abs_exactness_residual,test_accuracy,test_balanced_accuracy,n_features_transformed,n_classes,ok
3481,isolet,aime,0.8722255358355342,0.8871047467294096,0.8796651412824719,0.06029076448000012,66.16129797561547,,0.9525641025641025,0.9525641025641025,617,26,200
3481,isolet,cos_fpde,0.8709217212352045,0.772522762037563,0.8217222416363837,0.015751048644997923,0.6045837122171299,1.0699774399824946e-16,0.9525641025641025,0.9525641025641025,617,26,200
3481,isolet,diff_fpde,0.8175182602149618,0.7231414090856023,0.7703298346502819,0.018918788789999894,380.883815212756,4.82458517581108e-14,0.9525641025641025,0.9525641025641025,617,26,200
3481,isolet,hyb_fpde_grid,0.8709217212352045,0.772522762037563,0.8217222416363837,0.041180457684999394,1.0,3.6830347799332584e-17,0.9525641025641025,0.9525641025641025,617,26,200
3481,isolet,lime,0.6710035065173421,0.5757030926282146,0.6233532995727784,0.34907836112000096,1.8136513141072308,,0.9525641025641025,0.9525641025641025,617,26,200
3481,isolet,shap,0.9102991795013985,0.9632515523696883,0.9367753659355433,1.5159749564399982,11.302611998934934,,0.9525641025641025,0.9525641025641025,617,26,200
