method,mean_deletion_drop_auc,std_deletion_drop_auc,mean_insertion_auc,std_insertion_auc,mean_combined_score,std_combined_score,mean_runtime_seconds,std_runtime_seconds,completed_instances,completed_tasks,mean_test_accuracy,mean_test_balanced_accuracy
aime,0.8722255358355342,0.14907412231312525,0.8871047467294096,0.1162632332173944,0.8796651412824719,0.11587411730849302,0.06029076448000012,0.009404613029711923,200,1,0.9525641025641025,0.9525641025641025
cos_fpde,0.8709217212352045,0.1537983131203497,0.772522762037563,0.2336343108803643,0.8217222416363837,0.15466212887622718,0.015751048644997923,0.0007750248681257218,200,1,0.9525641025641025,0.9525641025641025
diff_fpde,0.8175182602149618,0.19028932167612184,0.7231414090856023,0.22036250909788294,0.7703298346502819,0.1754533397573026,0.018918788789999894,0.005586088056276588,200,1,0.9525641025641025,0.9525641025641025
hyb_fpde_grid,0.8709217212352045,0.1537983131203497,0.772522762037563,0.2336343108803643,0.8217222416363837,0.15466212887622718,0.041180457684999394,0.0010750311387396716,200,1,0.9525641025641025,0.9525641025641025
lime,0.6710035065173421,0.2881815135069457,0.5757030926282146,0.3165474820841502,0.6233532995727784,0.2610820594535308,0.34907836112000096,0.06944326881249195,200,1,0.9525641025641025,0.9525641025641025
shap,0.9102991795013985,0.13007258682446343,0.9632515523696883,0.0485595470197176,0.9367753659355433,0.08583818649458917,1.5159749564399982,0.03517374970321727,200,1,0.9525641025641025,0.9525641025641025
