task_id,dataset_name,method,deletion_drop_auc,insertion_auc,combined_score,runtime_seconds,attr_l1_norm,mean_abs_exactness_residual,test_accuracy,test_balanced_accuracy,n_features_transformed,n_classes,ok
3573,mnist_784,aime,0.8151213577287146,0.8112169298242554,0.813169143776485,0.06462027085999068,46.48492731147104,,0.9711428571428571,0.9709386443645057,784,10,200
3573,mnist_784,cos_fpde,0.8240292271215596,0.678410291018407,0.7512197590699833,0.018036939884995037,0.8106352004580168,4.1234377023968704e-17,0.9711428571428571,0.9709386443645057,784,10,200
3573,mnist_784,diff_fpde,0.8170086967666146,0.6854286905176312,0.7512186936421229,0.0199506929300145,314.71509829577536,6.893152715292672e-14,0.9711428571428571,0.9709386443645057,784,10,200
3573,mnist_784,hyb_fpde_grid,0.8170086967666146,0.6854286905176312,0.7512186936421229,0.30453551588499633,1.0,4.0310636773011056e-17,0.9711428571428571,0.9709386443645057,784,10,200
3573,mnist_784,lime,0.4055060986519942,0.24529006606334644,0.3253980823576703,0.2944069719300035,2.47408563526595,,0.9711428571428571,0.9709386443645057,784,10,200
3573,mnist_784,shap,0.8532140540934664,0.9007961583310603,0.8770051062122632,0.6079562856649949,8.259091478908854,,0.9711428571428571,0.9709386443645057,784,10,200
