method,mean_deletion_drop_auc,std_deletion_drop_auc,mean_insertion_auc,std_insertion_auc,mean_combined_score,std_combined_score,mean_runtime_seconds,std_runtime_seconds,completed_instances,completed_tasks,mean_test_accuracy,mean_test_balanced_accuracy
aime,0.40496024452692037,0.1538101021743743,0.8101984423482281,0.12172824308097435,0.6075793434375742,0.1101771652208434,0.023945013481480787,0.006075348208717373,54,1,0.8148148148148148,0.8106591865357644
cos_fpde,0.40799931019421937,0.16275242195484765,0.8252494158305198,0.10996585131405356,0.6166243630123696,0.11439846875641163,0.019397410055557042,0.005230672328174275,54,1,0.8148148148148148,0.8106591865357644
diff_fpde,0.4068059023363957,0.16359955280347135,0.8210581362023206,0.11390144688502564,0.6139320192693581,0.11540319077534164,0.019818797870374074,0.004678472498139434,54,1,0.8148148148148148,0.8106591865357644
hyb_fpde_grid,0.40799931019421937,0.16275242195484765,0.8252494158305198,0.10996585131405356,0.6166243630123696,0.11439846875641163,0.021384650166659733,0.006784345093459712,54,1,0.8148148148148148,0.8106591865357644
lime,0.06822491521704337,0.1476028009427519,0.5628182914611832,0.19561693844107844,0.31552160333911333,0.13638870890394736,0.06520799214814799,0.04008122114479308,54,1,0.8148148148148148,0.8106591865357644
shap,0.2868236167759614,0.3157775167769986,0.6224468387881497,0.37525048680305023,0.45463522778205556,0.340012930896441,0.0374253036481449,0.025084900550823575,54,1,0.8148148148148148,0.8106591865357644
