task_id,dataset_name,method,deletion_drop_auc,insertion_auc,combined_score,runtime_seconds,attr_l1_norm,mean_abs_exactness_residual,test_accuracy,test_balanced_accuracy,n_features_transformed,n_classes,ok
14954,cylinder-bands,aime,0.40496024452692037,0.8101984423482281,0.6075793434375742,0.023945013481480787,10.436584749688368,,0.8148148148148148,0.8106591865357644,159,2,54
14954,cylinder-bands,cos_fpde,0.40799931019421937,0.8252494158305198,0.6166243630123696,0.019397410055557042,1.3476674691593789,8.64149287106965e-17,0.8148148148148148,0.8106591865357644,159,2,54
14954,cylinder-bands,diff_fpde,0.4068059023363957,0.8210581362023206,0.6139320192693581,0.019818797870374074,6.672793998706368,2.588464422227911e-15,0.8148148148148148,0.8106591865357644,159,2,54
14954,cylinder-bands,hyb_fpde_grid,0.40799931019421937,0.8252494158305198,0.6166243630123696,0.021384650166659733,1.0,5.925164872633282e-17,0.8148148148148148,0.8106591865357644,159,2,54
14954,cylinder-bands,lime,0.06822491521704337,0.5628182914611832,0.31552160333911333,0.06520799214814799,1.1936173152294478,,0.8148148148148148,0.8106591865357644,159,2,54
14954,cylinder-bands,shap,0.2868236167759614,0.6224468387881497,0.45463522778205556,0.0374253036481449,4.535703641995455,,0.8148148148148148,0.8106591865357644,159,2,54
