task_id,dataset_name,method,deletion_drop_auc,insertion_auc,combined_score,runtime_seconds,attr_l1_norm,mean_abs_exactness_residual,test_accuracy,test_balanced_accuracy,n_features_transformed,n_classes,ok
14969,GesturePhaseSegmentationProcessed,aime,0.2941915876447834,0.5617130875445536,0.42795233759466855,0.011139645295002084,5.014968774345234,,0.6700404858299595,0.6011129896480848,32,5,200
14969,GesturePhaseSegmentationProcessed,cos_fpde,0.2893729763639852,0.543739735167808,0.41655635576589667,0.008774624004998231,0.7625282379284557,6.411537967210279e-17,0.6700404858299595,0.6011129896480848,32,5,200
14969,GesturePhaseSegmentationProcessed,diff_fpde,0.28211481911979136,0.5321337710576164,0.40712429508870385,0.010244874844999429,5.650270150658744,2.630951012605465e-15,0.6700404858299595,0.6011129896480848,32,5,200
14969,GesturePhaseSegmentationProcessed,hyb_fpde_grid,0.2893729763639852,0.543739735167808,0.41655635576589667,0.01660700614499902,1.0,4.5445418261902407e-17,0.6700404858299595,0.6011129896480848,32,5,200
14969,GesturePhaseSegmentationProcessed,lime,0.11563824631869654,0.40457324288716134,0.26010574460292896,0.023759207535000684,0.38199235656270253,,0.6700404858299595,0.6011129896480848,32,5,200
14969,GesturePhaseSegmentationProcessed,shap,0.32657129670812113,0.6292669131150272,0.4779191049115742,0.31112727870000156,2.4167841913754886,,0.6700404858299595,0.6011129896480848,32,5,200
