method,mean_deletion_drop_auc,std_deletion_drop_auc,mean_insertion_auc,std_insertion_auc,mean_combined_score,std_combined_score,mean_runtime_seconds,std_runtime_seconds,completed_instances,completed_tasks,mean_test_accuracy,mean_test_balanced_accuracy
aime,0.2941915876447834,0.1774519412929758,0.5617130875445536,0.17257373418223873,0.42795233759466855,0.15265500767547796,0.011139645295002084,0.0037824421087896223,200,1,0.6700404858299595,0.6011129896480848
cos_fpde,0.2893729763639852,0.17106562383420854,0.543739735167808,0.17647388156637311,0.41655635576589667,0.15579728018816302,0.008774624004998231,0.0034276806885134505,200,1,0.6700404858299595,0.6011129896480848
diff_fpde,0.28211481911979136,0.17187321297848737,0.5321337710576164,0.18829822210565283,0.40712429508870385,0.15773142696038733,0.010244874844999429,0.003936055880973778,200,1,0.6700404858299595,0.6011129896480848
hyb_fpde_grid,0.2893729763639852,0.17106562383420854,0.543739735167808,0.17647388156637311,0.41655635576589667,0.15579728018816302,0.01660700614499902,0.005212073161985848,200,1,0.6700404858299595,0.6011129896480848
lime,0.11563824631869654,0.16743537293204544,0.40457324288716134,0.17297659785894773,0.26010574460292896,0.14596493262625676,0.023759207535000684,0.005016387962417259,200,1,0.6700404858299595,0.6011129896480848
shap,0.32657129670812113,0.16580345001126306,0.6292669131150272,0.16222030309562763,0.4779191049115742,0.146848351291169,0.31112727870000156,0.020822333254112032,200,1,0.6700404858299595,0.6011129896480848
