task_id,dataset_name,method,deletion_drop_auc,insertion_auc,combined_score,runtime_seconds,attr_l1_norm,mean_abs_exactness_residual,test_accuracy,test_balanced_accuracy,n_features_transformed,n_classes,ok
45,splice,aime,0.7341182855712214,0.8913956967596331,0.8127569911654272,0.03659550705499925,22.668853489178034,,0.9404388714733543,0.9454545454545454,284,3,200
45,splice,cos_fpde,0.7122350072257365,0.8254535257768681,0.7688442665013022,0.0159589428449992,0.9611193778072453,4.6655387886396226e-17,0.9404388714733543,0.9454545454545454,284,3,200
45,splice,diff_fpde,0.6910371879759176,0.8577707370515065,0.7744039625137121,0.02399495138000006,13.593254379422866,3.597955267053976e-15,0.9404388714733543,0.9454545454545454,284,3,200
45,splice,hyb_fpde_grid,0.6966071399794787,0.8591386848907075,0.7778729124350932,0.019338141974999275,0.9961559098138936,2.9882780278045474e-17,0.9404388714733543,0.9454545454545454,284,3,200
45,splice,lime,0.12030468658321503,0.27900819596397725,0.19965644127359614,0.18501569782999738,2.363878241822709,,0.9404388714733543,0.9454545454545454,284,3,200
45,splice,shap,0.7836425763868651,0.9425596872655846,0.8631011318262248,0.18660199750500012,5.95942225001065,,0.9404388714733543,0.9454545454545454,284,3,200
