task_id,dataset_name,method,deletion_drop_auc,insertion_auc,combined_score,runtime_seconds,attr_l1_norm,mean_abs_exactness_residual,test_accuracy,test_balanced_accuracy,n_features_transformed,n_classes,ok
167141,churn,aime,0.22174635588561864,0.7462156089613597,0.48398098242348925,0.005395590645000681,7.453285941549265,,0.938,0.8144518272425249,33,2,200
167141,churn,cos_fpde,0.19461752798128643,0.6591301053068456,0.426873816644066,0.004059934390000421,1.1294143585707888,6.62317423127945e-17,0.938,0.8144518272425249,33,2,200
167141,churn,diff_fpde,0.19663673295939055,0.6573471313725076,0.426991932165949,0.004027474295001383,5.3571481725823045,1.6930901125533637e-15,0.938,0.8144518272425249,33,2,200
167141,churn,hyb_fpde_grid,0.19490048146203479,0.6590825177976438,0.4269914996298393,0.007925095290000001,0.9978712737169316,5.839946581875921e-17,0.938,0.8144518272425249,33,2,200
167141,churn,lime,0.0710435864015107,0.4665633060048568,0.26880344620318375,0.012555458735000968,0.5991224499685956,,0.938,0.8144518272425249,33,2,200
167141,churn,shap,0.150303065615434,0.6768307275190167,0.4135668965672254,0.06322790981500205,3.2856551391262765,,0.938,0.8144518272425249,33,2,200
