task_id,dataset_name,method,deletion_drop_auc,insertion_auc,combined_score,runtime_seconds,attr_l1_norm,mean_abs_exactness_residual,test_accuracy,test_balanced_accuracy,n_features_transformed,n_classes,ok
14970,har,aime,0.6720712097751464,0.8108796957936077,0.7414754527843772,0.053485243989998564,108.5684260927961,,0.9912621359223301,0.9915926195355533,561,6,200
14970,har,cos_fpde,0.8150382225460509,0.8621105415254786,0.8385743820357646,0.012762462005000117,0.3351814868112538,8.627213526901656e-17,0.9912621359223301,0.9915926195355533,561,6,200
14970,har,diff_fpde,0.6865550860119459,0.7942538991017252,0.7404044925568356,0.019648306829998175,225.56550973306864,3.152478278423132e-14,0.9912621359223301,0.9915926195355533,561,6,200
14970,har,hyb_fpde_grid,0.8150382225460509,0.8621105415254786,0.8385743820357646,0.0419595788700002,1.0,4.1845867049250527e-17,0.9912621359223301,0.9915926195355533,561,6,200
14970,har,lime,0.4084103818695449,0.523980954807299,0.466195668338422,0.23164635541499948,3.668203910872941,,0.9912621359223301,0.9915926195355533,561,6,200
14970,har,shap,0.8665863954493528,0.9726224197001295,0.9196044075747412,0.33988816057499815,8.328741730036846,,0.9912621359223301,0.9915926195355533,561,6,200
