task_id,dataset_name,method,deletion_drop_auc,insertion_auc,combined_score,runtime_seconds,attr_l1_norm,mean_abs_exactness_residual,test_accuracy,test_balanced_accuracy,n_features_transformed,n_classes,ok
167125,Internet-Advertisements,aime,0.1786473474342891,0.980336014905514,0.5794916811699016,0.08965358322499839,54.43657991393251,,0.9664634146341463,0.8986278137526982,3113,2,200
167125,Internet-Advertisements,cos_fpde,0.18084737344717244,0.9803861219154606,0.5806167476813165,0.04638356955499916,0.6137538408976235,2.025831759289165e-16,0.9664634146341463,0.8986278137526982,3113,2,200
167125,Internet-Advertisements,diff_fpde,0.1790043885002904,0.9799695917751768,0.5794869901377336,0.046400030585000425,8.978063983377504,2.5862645358643024e-15,0.9664634146341463,0.8986278137526982,3113,2,200
167125,Internet-Advertisements,hyb_fpde_grid,0.18084737344717244,0.9803861219154606,0.5806167476813165,0.08392778712499763,1.0,1.0042314202429736e-16,0.9664634146341463,0.8986278137526982,3113,2,200
167125,Internet-Advertisements,lime,0.056874822630913154,0.9110432982142505,0.48395906042258174,0.577742047954998,2.4540623904798844,,0.9664634146341463,0.8986278137526982,3113,2,200
167125,Internet-Advertisements,shap,0.1634092224316792,0.8959800107042049,0.529694616567942,0.11107112358500075,3.634226098832882,,0.9664634146341463,0.8986278137526982,3113,2,200
