task_id,dataset_name,method,deletion_drop_auc,insertion_auc,combined_score,runtime_seconds,attr_l1_norm,mean_abs_exactness_residual,test_accuracy,test_balanced_accuracy,n_features_transformed,n_classes,ok
9978,ozone-level-8hr,aime,0.04763753977133036,0.9764421443763699,0.5120398420738501,0.01272945107500135,23.154376973781446,,0.9448818897637795,0.6790966386554622,72,2,200
9978,ozone-level-8hr,cos_fpde,0.04807298874958695,0.9765035458202344,0.5122882672849107,0.011112751055000274,1.464535618822782,9.613837503863465e-17,0.9448818897637795,0.6790966386554622,72,2,200
9978,ozone-level-8hr,diff_fpde,0.0418015049684949,0.9757270167328557,0.5087642608506752,0.011784519685000277,67.51962660843085,7.713829575095588e-15,0.9448818897637795,0.6790966386554622,72,2,200
9978,ozone-level-8hr,hyb_fpde_grid,0.04807298874958695,0.9765035458202344,0.5122882672849107,0.01675197774000054,1.0,5.2484058765678297e-17,0.9448818897637795,0.6790966386554622,72,2,200
9978,ozone-level-8hr,lime,0.021871924487780903,0.9555992032860142,0.4887355638868975,0.023341197824999115,0.18592844569640096,,0.9448818897637795,0.6790966386554622,72,2,200
9978,ozone-level-8hr,shap,0.0191803735225711,0.8679300225429223,0.44355519803274673,0.07270292253499988,4.843367829201056,,0.9448818897637795,0.6790966386554622,72,2,200
