method,mean_deletion_drop_auc,std_deletion_drop_auc,mean_insertion_auc,std_insertion_auc,mean_combined_score,std_combined_score,mean_runtime_seconds,std_runtime_seconds,completed_instances,completed_tasks,mean_test_accuracy,mean_test_balanced_accuracy
aime,0.04763753977133036,0.16099395052674603,0.9764421443763699,0.09586271891308222,0.5120398420738501,0.044555017487384156,0.01272945107500135,0.006159572488584409,200,1,0.9448818897637795,0.6790966386554622
cos_fpde,0.04807298874958695,0.16073846904152272,0.9765035458202344,0.09566659481369194,0.5122882672849107,0.04442706718684679,0.011112751055000274,0.005005567913198595,200,1,0.9448818897637795,0.6790966386554622
diff_fpde,0.0418015049684949,0.15840651915671303,0.9757270167328557,0.09332005289287337,0.5087642608506752,0.04495383921916461,0.011784519685000277,0.004330236214237874,200,1,0.9448818897637795,0.6790966386554622
hyb_fpde_grid,0.04807298874958695,0.16073846904152272,0.9765035458202344,0.09566659481369194,0.5122882672849107,0.04442706718684679,0.01675197774000054,0.006488164155306823,200,1,0.9448818897637795,0.6790966386554622
lime,0.021871924487780903,0.1587543262939106,0.9555992032860142,0.17045793112915858,0.4887355638868975,0.03994161747010883,0.023341197824999115,0.0060197664057780225,200,1,0.9448818897637795,0.6790966386554622
shap,0.0191803735225711,0.18072151047133478,0.8679300225429223,0.19657633090285365,0.44355519803274673,0.1446198658601673,0.07270292253499988,0.015897228633672898,200,1,0.9448818897637795,0.6790966386554622
