method,mean_deletion_drop_auc,std_deletion_drop_auc,mean_insertion_auc,std_insertion_auc,mean_combined_score,std_combined_score,mean_runtime_seconds,std_runtime_seconds,completed_instances,completed_tasks,mean_test_accuracy,mean_test_balanced_accuracy
aime,0.6289426431515237,0.22595270209298143,0.5512283455794462,0.223092369828336,0.590085494365485,0.19685207061728077,0.0061669197699986,0.0006291914085531277,200,1,0.67,0.67
cos_fpde,0.5247085532205726,0.21745052176278054,0.46214728628394525,0.24697419886456895,0.493427919752259,0.21249173491989326,0.004777799170001345,0.0009978003092429254,200,1,0.67,0.67
diff_fpde,0.5105416581838944,0.26838768780547256,0.44218054173520527,0.2654524734511454,0.47636109995954984,0.2454765577463793,0.004755661245000482,0.0010295197039342432,200,1,0.67,0.67
hyb_fpde_grid,0.5247085532205726,0.21745052176278054,0.46214728628394525,0.24697419886456895,0.493427919752259,0.21249173491989326,0.008490033679997993,0.0009997268939008928,200,1,0.67,0.67
lime,0.6421595404511484,0.2400193742754861,0.5469273616058039,0.2645019754217848,0.5945434510284762,0.2168833050561075,0.06438030800499846,0.0017900721367332636,200,1,0.67,0.67
shap,0.7034211152262358,0.16703895401381275,0.6499209628785886,0.19511267693663606,0.6766710390524122,0.1576830063980501,0.70732658779,0.038406537494645364,200,1,0.67,0.67
