task_id,dataset_name,method,deletion_drop_auc,insertion_auc,combined_score,runtime_seconds,attr_l1_norm,mean_abs_exactness_residual,test_accuracy,test_balanced_accuracy,n_features_transformed,n_classes,ok
3573,mnist_784,aime,0.8106183964784403,0.8307595753156788,0.8206889858970595,0.06501497077999772,47.51250218230597,,0.9712857142857143,0.9711299142354971,784,10,200
3573,mnist_784,cos_fpde,0.8156543294081859,0.7034105092082373,0.7595324193082117,0.018247223090000944,0.8254989091652911,4.361094818605693e-17,0.9712857142857143,0.9711299142354971,784,10,200
3573,mnist_784,diff_fpde,0.8065531910079752,0.7071302729565471,0.7568417319822612,0.020404625084996724,305.12288353126473,2.0225598973411252e-13,0.9712857142857143,0.9711299142354971,784,10,200
3573,mnist_784,hyb_fpde_grid,0.8156543294081859,0.7034105092082373,0.7595324193082117,0.30300207091999537,1.0,3.4820236971544463e-17,0.9712857142857143,0.9711299142354971,784,10,200
3573,mnist_784,lime,0.3692200419044998,0.2535895246974441,0.31140478330097193,0.30056724595499984,2.6115937330839496,,0.9712857142857143,0.9711299142354971,784,10,200
3573,mnist_784,shap,0.8501400730826951,0.9117685853517468,0.8809543292172209,0.6219964533600023,8.221263173211932,,0.9712857142857143,0.9711299142354971,784,10,200
