method,mean_deletion_drop_auc,std_deletion_drop_auc,mean_insertion_auc,std_insertion_auc,mean_combined_score,std_combined_score,mean_runtime_seconds,std_runtime_seconds,completed_instances,completed_tasks,mean_test_accuracy,mean_test_balanced_accuracy
aime,0.8106183964784403,0.22328827873885682,0.8307595753156788,0.1009538112824553,0.8206889858970595,0.10647865399509752,0.06501497077999772,0.00949249496262191,200,1,0.9712857142857143,0.9711299142354971
cos_fpde,0.8156543294081859,0.21783421037279507,0.7034105092082373,0.23665040151542419,0.7595324193082117,0.1331216287398552,0.018247223090000944,0.0007254295894259384,200,1,0.9712857142857143,0.9711299142354971
diff_fpde,0.8065531910079752,0.22186024323791403,0.7071302729565471,0.20419132745606058,0.7568417319822612,0.12757728983258787,0.020404625084996724,0.004595680531146239,200,1,0.9712857142857143,0.9711299142354971
hyb_fpde_grid,0.8156543294081859,0.21783421037279507,0.7034105092082373,0.23665040151542419,0.7595324193082117,0.1331216287398552,0.30300207091999537,0.004465012082675649,200,1,0.9712857142857143,0.9711299142354971
lime,0.3692200419044998,0.2452804883841228,0.2535895246974441,0.20588406542739365,0.31140478330097193,0.11165977210012978,0.30056724595499984,0.07376713580229642,200,1,0.9712857142857143,0.9711299142354971
shap,0.8501400730826951,0.20609637471503078,0.9117685853517468,0.06277629942215794,0.8809543292172209,0.10378813244136371,0.6219964533600023,0.022758296998103004,200,1,0.9712857142857143,0.9711299142354971
