task_id,dataset_name,method,deletion_drop_auc,insertion_auc,combined_score,runtime_seconds,attr_l1_norm,mean_abs_exactness_residual,test_accuracy,test_balanced_accuracy,n_features_transformed,n_classes,ok
53,vehicle,aime,0.5478249507577975,0.7390829232434274,0.6434539370006124,0.004988741258824802,6.1688243540736725,,0.8470588235294118,0.847943722943723,18,4,85
53,vehicle,cos_fpde,0.5760086641560848,0.7319293605531593,0.653969012354622,0.0038023089411765073,0.8987234429238246,9.416742304225276e-17,0.8470588235294118,0.847943722943723,18,4,85
53,vehicle,diff_fpde,0.531894376499582,0.6987134790807302,0.6153039277901562,0.003759577270588967,9.723546681845312,2.5476353053310208e-15,0.8470588235294118,0.847943722943723,18,4,85
53,vehicle,hyb_fpde_grid,0.5760086641560848,0.7319293605531593,0.653969012354622,0.005785324199999476,1.0,6.043980675418017e-17,0.8470588235294118,0.847943722943723,18,4,85
53,vehicle,lime,0.41766306739658554,0.5152577513315202,0.4664604093640529,0.016214205635294413,0.6122087615746163,,0.8470588235294118,0.847943722943723,18,4,85
53,vehicle,shap,0.6668773682181784,0.83695924880778,0.7519183085129792,0.1968440600235273,5.179573935502752,,0.8470588235294118,0.847943722943723,18,4,85
