task_id,dataset_name,method,deletion_drop_auc,insertion_auc,combined_score,runtime_seconds,attr_l1_norm,mean_abs_exactness_residual,test_accuracy,test_balanced_accuracy,n_features_transformed,n_classes,ok
9952,phoneme,aime,0.2109085675539383,0.7786955375110601,0.49480205253249926,0.004871103254999838,2.4189698508025903,,0.8853974121996303,0.8619398070400738,5,2,200
9952,phoneme,cos_fpde,0.2119597926218476,0.7795679270840989,0.4957638598529733,0.0038587876199996174,1.6164887715551033,8.994541222939745e-17,0.8853974121996303,0.8619398070400738,5,2,200
9952,phoneme,diff_fpde,0.21507212683349852,0.7828821757667392,0.4989771513001189,0.003812141230000279,4.599953415019695,5.426215032855453e-16,0.8853974121996303,0.8619398070400738,5,2,200
9952,phoneme,hyb_fpde_grid,0.21507212683349852,0.7828821757667392,0.4989771513001189,0.0072351876000004015,1.0,6.788840323235234e-17,0.8853974121996303,0.8619398070400738,5,2,200
9952,phoneme,lime,0.17527522612688692,0.7607656398036196,0.4680204329652532,0.02982265637499978,0.34586532486094185,,0.8853974121996303,0.8619398070400738,5,2,200
9952,phoneme,shap,0.12588344875151586,0.6984554152899902,0.41216943202075307,0.06607806064000045,3.431046939994599,,0.8853974121996303,0.8619398070400738,5,2,200
