task_id,dataset_name,method,deletion_drop_auc,insertion_auc,combined_score,runtime_seconds,attr_l1_norm,mean_abs_exactness_residual,test_accuracy,test_balanced_accuracy,n_features_transformed,n_classes,ok
3,kr-vs-kp,aime,0.7372500880443994,0.9657394167606769,0.851494752402538,0.013090795765000251,11.523397111446561,,0.99375,0.993738014167743,73,2,200
3,kr-vs-kp,cos_fpde,0.7332689025742006,0.96419222445467,0.8487305635144353,0.012182611755001318,1.3240224025009144,7.026497439444058e-17,0.99375,0.993738014167743,73,2,200
3,kr-vs-kp,diff_fpde,0.7313676146322837,0.964137588620124,0.8477526016262038,0.01098326479500102,4.380142993374033,1.1259049248479868e-15,0.99375,0.993738014167743,73,2,200
3,kr-vs-kp,hyb_fpde_grid,0.734021070298821,0.964297393858487,0.8491592320786541,0.01772202860499931,1.0,3.5841555418025804e-17,0.99375,0.993738014167743,73,2,200
3,kr-vs-kp,lime,0.062362347051995635,0.24595408125409934,0.15415821415304748,0.02510504133999987,1.092059238112557,,0.99375,0.993738014167743,73,2,200
3,kr-vs-kp,shap,0.4201488908368205,0.5912081864655062,0.5056785386511633,0.08408686176999992,9.254829469569025,,0.99375,0.993738014167743,73,2,200
