task_id,dataset_name,method,deletion_drop_auc,insertion_auc,combined_score,runtime_seconds,attr_l1_norm,mean_abs_exactness_residual,test_accuracy,test_balanced_accuracy,n_features_transformed,n_classes,ok
32,pendigits,aime,0.7770159432074497,0.7550544155881053,0.7660351793977775,0.0050316075849999465,4.95966259868095,,0.99,0.989935688277297,16,10,200
32,pendigits,cos_fpde,0.7201358985773131,0.648285880660791,0.684210889619052,0.003937776249999132,0.9938537314238597,7.572067972638763e-17,0.99,0.989935688277297,16,10,200
32,pendigits,diff_fpde,0.6279396042632299,0.541140166584785,0.5845398854240075,0.003913881739999141,18.522358412933908,1.5210055437364644e-15,0.99,0.989935688277297,16,10,200
32,pendigits,hyb_fpde_grid,0.7201358985773131,0.648285880660791,0.684210889619052,0.012518701384999673,1.0,5.459174778899012e-17,0.99,0.989935688277297,16,10,200
32,pendigits,lime,0.47835178547446305,0.47843825615494806,0.4783950208147056,0.023858696080001282,0.3595496401159884,,0.99,0.989935688277297,16,10,200
32,pendigits,shap,0.8601612300525483,0.9000506570558922,0.8801059435542203,0.5461928369650003,9.610601842294171,,0.99,0.989935688277297,16,10,200
