method,mean_deletion_drop_auc,std_deletion_drop_auc,mean_insertion_auc,std_insertion_auc,mean_combined_score,std_combined_score,mean_runtime_seconds,std_runtime_seconds,completed_instances,completed_tasks,mean_test_accuracy,mean_test_balanced_accuracy
aime,0.7770159432074497,0.11940000735124064,0.7550544155881053,0.18239716932361702,0.7660351793977775,0.1239356126958763,0.0050316075849999465,0.0002981466902393618,200,1,0.99,0.989935688277297
cos_fpde,0.7201358985773131,0.18342914128883783,0.648285880660791,0.23409869784752588,0.684210889619052,0.1699436227619458,0.003937776249999132,0.0009971271323939966,200,1,0.99,0.989935688277297
diff_fpde,0.6279396042632299,0.22499102955947978,0.541140166584785,0.22550453726042968,0.5845398854240075,0.1826661732062755,0.003913881739999141,0.001148878018655568,200,1,0.99,0.989935688277297
hyb_fpde_grid,0.7201358985773131,0.18342914128883783,0.648285880660791,0.23409869784752588,0.684210889619052,0.1699436227619458,0.012518701384999673,0.0016706675036567472,200,1,0.99,0.989935688277297
lime,0.47835178547446305,0.35072012047224793,0.47843825615494806,0.31058124942083787,0.4783950208147056,0.2909583298732074,0.023858696080001282,0.0003941411791168356,200,1,0.99,0.989935688277297
shap,0.8601612300525483,0.07840290393630467,0.9000506570558922,0.08134015129037536,0.8801059435542203,0.05062211030502432,0.5461928369650003,0.02098148084081278,200,1,0.99,0.989935688277297
