task_id,dataset_name,method,deletion_drop_auc,insertion_auc,combined_score,runtime_seconds,attr_l1_norm,mean_abs_exactness_residual,test_accuracy,test_balanced_accuracy,n_features_transformed,n_classes,ok
3902,pc4,aime,0.1679399953121147,0.943829553133481,0.5558847742227979,0.010709634801369739,8.326266375517315,,0.9178082191780822,0.7621527777777778,37,2,146
3902,pc4,cos_fpde,0.16588189018161367,0.9442189128344451,0.5550504015080294,0.009330636452055298,1.4845726041334868,1.195414581630319e-16,0.9178082191780822,0.7621527777777778,37,2,146
3902,pc4,diff_fpde,0.168580937172534,0.9455228371525194,0.5570518871625267,0.009343215335616268,22.282072030404358,4.183107437303415e-15,0.9178082191780822,0.7621527777777778,37,2,146
3902,pc4,hyb_fpde_grid,0.17011998855227992,0.945802685133722,0.5579613368430009,0.012940024575342851,0.9975398158670663,8.5536125366829e-17,0.9178082191780822,0.7621527777777778,37,2,146
3902,pc4,lime,0.020433813645402414,0.7456277830712074,0.3830307983583049,0.01669679700685113,0.38984921696078856,,0.9178082191780822,0.7621527777777778,37,2,146
3902,pc4,shap,0.03685630171767831,0.6693688260772209,0.3531125638974496,0.07729169562328764,4.970544675427482,,0.9178082191780822,0.7621527777777778,37,2,146
