method,mean_deletion_drop_auc,std_deletion_drop_auc,mean_insertion_auc,std_insertion_auc,mean_combined_score,std_combined_score,mean_runtime_seconds,std_runtime_seconds,completed_instances,completed_tasks,mean_test_accuracy,mean_test_balanced_accuracy
aime,0.1679399953121147,0.2187951944751667,0.943829553133481,0.12098184597232346,0.5558847742227979,0.10719163818948473,0.010709634801369739,0.004757459437360782,146,1,0.9178082191780822,0.7621527777777778
cos_fpde,0.16588189018161367,0.21582014816029796,0.9442189128344451,0.12111547838266395,0.5550504015080294,0.10522387290974353,0.009330636452055298,0.003712570383297247,146,1,0.9178082191780822,0.7621527777777778
diff_fpde,0.168580937172534,0.21867458361614242,0.9455228371525194,0.11767361770242857,0.5570518871625267,0.10557808953316808,0.009343215335616268,0.003388732759146326,146,1,0.9178082191780822,0.7621527777777778
hyb_fpde_grid,0.17011998855227992,0.2204351191090101,0.945802685133722,0.11834078491398835,0.5579613368430009,0.10687185147067031,0.012940024575342851,0.005025408428627689,146,1,0.9178082191780822,0.7621527777777778
lime,0.020433813645402414,0.17383984545942138,0.7456277830712074,0.2160791804958456,0.3830307983583049,0.12997359859210522,0.01669679700685113,0.004769710379880044,146,1,0.9178082191780822,0.7621527777777778
shap,0.03685630171767831,0.23809181780075564,0.6693688260772209,0.18965013949959222,0.3531125638974496,0.17044563610806843,0.07729169562328764,0.018381515429110217,146,1,0.9178082191780822,0.7621527777777778
