task_id,dataset_name,method,deletion_drop_auc,insertion_auc,combined_score,runtime_seconds,attr_l1_norm,mean_abs_exactness_residual,test_accuracy,test_balanced_accuracy,n_features_transformed,n_classes,ok
10101,blood-transfusion-service-center,aime,0.11354321094974178,0.864395682349955,0.48896944664984837,0.004503532693334289,2.393035056670153,,0.76,0.5760233918128654,4,2,75
10101,blood-transfusion-service-center,cos_fpde,0.09426221288833184,0.8593833898921818,0.47682280139025685,0.0035057489733321743,1.5968606232249563,6.310345764444965e-17,0.76,0.5760233918128654,4,2,75
10101,blood-transfusion-service-center,diff_fpde,0.10737474424417419,0.8596081728178436,0.4834914585310089,0.003402665413333163,2.3556302037972343,2.581268532253489e-16,0.76,0.5760233918128654,4,2,75
10101,blood-transfusion-service-center,hyb_fpde_grid,0.11011583247712751,0.8600406804877413,0.48507825648243436,0.005259312839999856,0.9978036164126455,5.634381849972669e-17,0.76,0.5760233918128654,4,2,75
10101,blood-transfusion-service-center,lime,-0.043038017916347066,0.710857428475835,0.33390970527974395,0.020308616453333646,0.2877658887669773,,0.76,0.5760233918128654,4,2,75
10101,blood-transfusion-service-center,shap,-0.017185758261811315,0.7332777416095261,0.3580459916738574,0.0371283840399991,1.856457267066821,,0.76,0.5760233918128654,4,2,75
