method,mean_deletion_drop_auc,std_deletion_drop_auc,mean_insertion_auc,std_insertion_auc,mean_combined_score,std_combined_score,mean_runtime_seconds,std_runtime_seconds,completed_instances,completed_tasks,mean_test_accuracy,mean_test_balanced_accuracy
aime,0.11354321094974178,0.19735430118770958,0.864395682349955,0.1320348399382686,0.48896944664984837,0.08681011578810824,0.004503532693334289,8.794568051854566e-05,75,1,0.76,0.5760233918128654
cos_fpde,0.09426221288833184,0.1923535502996206,0.8593833898921818,0.14191780738509768,0.47682280139025685,0.08254405867186777,0.0035057489733321743,0.0006531455029843973,75,1,0.76,0.5760233918128654
diff_fpde,0.10737474424417419,0.18600056369069107,0.8596081728178436,0.14484637579548046,0.4834914585310089,0.08678591166635861,0.003402665413333163,0.00021415959134876285,75,1,0.76,0.5760233918128654
hyb_fpde_grid,0.11011583247712751,0.19728484936118554,0.8600406804877413,0.14223929621366085,0.48507825648243436,0.08732587206837328,0.005259312839999856,0.0005979630111062962,75,1,0.76,0.5760233918128654
lime,-0.043038017916347066,0.1510778459331494,0.710857428475835,0.22413065580609856,0.33390970527974395,0.10403307509126467,0.020308616453333646,0.0002138929702952382,75,1,0.76,0.5760233918128654
shap,-0.017185758261811315,0.20578920014463256,0.7332777416095261,0.16370313546284662,0.3580459916738574,0.11632085597758415,0.0371283840399991,0.02214485962216808,75,1,0.76,0.5760233918128654
