method,mean_deletion_drop_auc,std_deletion_drop_auc,mean_insertion_auc,std_insertion_auc,mean_combined_score,std_combined_score,mean_runtime_seconds,std_runtime_seconds,completed_instances,completed_tasks,mean_test_accuracy,mean_test_balanced_accuracy
aime,0.7736652945492024,0.20330522679014165,0.8884230983850879,0.1698043170654194,0.8310441964671452,0.16713181280017345,0.05590181805555445,0.009047530028100626,108,1,0.8611111111111112,0.8611111111111112
cos_fpde,0.6570707204710954,0.3061508911885389,0.46351687679870796,0.26294033764025293,0.5602937986349017,0.21952671135234522,0.013472089157407073,0.0012111767221424177,108,1,0.8611111111111112,0.8611111111111112
diff_fpde,0.6896829013650703,0.25513001919556155,0.4609930210322045,0.2277376427783918,0.5753379611986374,0.17536909506132267,0.01743930553703613,0.005145018003358542,108,1,0.8611111111111112,0.8611111111111112
hyb_fpde_grid,0.6896829013650703,0.25513001919556155,0.4609930210322045,0.2277376427783918,0.5753379611986374,0.17536909506132267,0.020922570972221825,0.0008350802299274993,108,1,0.8611111111111112,0.8611111111111112
lime,0.37940138184147604,0.3330760090707734,0.2556590091769169,0.19127381733618617,0.3175301955091965,0.1836683987101187,0.2603016136388887,0.06737055252068674,108,1,0.8611111111111112,0.8611111111111112
shap,0.7337450317191753,0.24169187882336426,0.6344080386135166,0.2293290941683673,0.6840765351663459,0.16804380031758417,0.25331834501851874,0.019149796599149557,108,1,0.8611111111111112,0.8611111111111112
