task_id,dataset_name,method,deletion_drop_auc,insertion_auc,combined_score,runtime_seconds,attr_l1_norm,mean_abs_exactness_residual,test_accuracy,test_balanced_accuracy,n_features_transformed,n_classes,ok
12,mfeat-factors,aime,0.8272465067057321,0.9413934605774107,0.8843199836415714,0.03083560009500104,36.59843960371941,,0.97,0.97,216,10,200
12,mfeat-factors,cos_fpde,0.8206998578736828,0.9109915812554555,0.8658457195645691,0.017412635154998527,0.8940475429135573,9.228728892196614e-17,0.97,0.97,216,10,200
12,mfeat-factors,diff_fpde,0.7195069583992957,0.8214382813364959,0.7704726198678958,0.02219544611000174,211.54413850936274,1.9033663534173683e-14,0.97,0.97,216,10,200
12,mfeat-factors,hyb_fpde_grid,0.8206998578736828,0.9109915812554555,0.8658457195645691,0.016171421650001037,1.0,4.7285309348610304e-17,0.97,0.97,216,10,200
12,mfeat-factors,lime,0.42588386485997,0.5842904237225216,0.5050871442912458,0.14907551195000138,1.2463985859168347,,0.97,0.97,216,10,200
12,mfeat-factors,shap,0.8684083528955387,0.9598800052689593,0.9141441790822491,0.548246275030001,9.321331455083191,,0.97,0.97,216,10,200
