method,mean_deletion_drop_auc,std_deletion_drop_auc,mean_insertion_auc,std_insertion_auc,mean_combined_score,std_combined_score,mean_runtime_seconds,std_runtime_seconds,completed_instances,completed_tasks,mean_test_accuracy,mean_test_balanced_accuracy
aime,0.8272465067057321,0.14160270229465738,0.9413934605774107,0.07327517102839953,0.8843199836415714,0.0962958531488569,0.03083560009500104,0.008228240695028744,200,1,0.97,0.97
cos_fpde,0.8206998578736828,0.14130404962656187,0.9109915812554555,0.08018087384638051,0.8658457195645691,0.09721271269175921,0.017412635154998527,0.00563131009448114,200,1,0.97,0.97
diff_fpde,0.7195069583992957,0.18802386188164827,0.8214382813364959,0.14236130619232898,0.7704726198678958,0.14493138367492345,0.02219544611000174,0.005285541362348591,200,1,0.97,0.97
hyb_fpde_grid,0.8206998578736828,0.14130404962656187,0.9109915812554555,0.08018087384638051,0.8658457195645691,0.09721271269175921,0.016171421650001037,0.005247750366095466,200,1,0.97,0.97
lime,0.42588386485997,0.2799423726541875,0.5842904237225216,0.23452637469379345,0.5050871442912458,0.20714012841685384,0.14907551195000138,0.062344431874881125,200,1,0.97,0.97
shap,0.8684083528955387,0.1330442555967089,0.9598800052689593,0.07506492697595038,0.9141441790822491,0.09344215973547877,0.548246275030001,0.019541177803293133,200,1,0.97,0.97
