task_id,dataset_name,method,deletion_drop_auc,insertion_auc,combined_score,runtime_seconds,attr_l1_norm,mean_abs_exactness_residual,test_accuracy,test_balanced_accuracy,n_features_transformed,n_classes,ok
167124,CIFAR_10,aime,0.31022942275729454,0.45258220485661155,0.38140581380695304,0.08600930938000602,658.0704955686447,,0.5006666666666667,0.5006666666666666,3072,10,200
167124,CIFAR_10,cos_fpde,0.3027312417005705,0.38865666315593034,0.3456939524282504,0.04457942353502176,0.6813028260737731,6.702537830305389e-17,0.5006666666666667,0.5006666666666666,3072,10,200
167124,CIFAR_10,diff_fpde,0.289571552234373,0.3727988652052218,0.3311852087197974,0.04456308793501648,1000.0877666977448,2.286704159359942e-13,0.5006666666666667,0.5006666666666666,3072,10,200
167124,CIFAR_10,hyb_fpde_grid,0.3027312417005705,0.38865666315593034,0.3456939524282504,0.9296367749599994,1.0,3.679782173415802e-17,0.5006666666666667,0.5006666666666666,3072,10,200
167124,CIFAR_10,lime,0.1887988657230639,0.23368009104085696,0.21123947838196042,0.6584751235449948,1.1536763083713244,,0.5006666666666667,0.5006666666666666,3072,10,200
167124,CIFAR_10,shap,0.3627018284521318,0.6734048198781027,0.5180533241651173,0.6326353562450209,4.859047058308339,,0.5006666666666667,0.5006666666666666,3072,10,200
