task_id,dataset_name,method,deletion_drop_auc,insertion_auc,combined_score,runtime_seconds,attr_l1_norm,mean_abs_exactness_residual,test_accuracy,test_balanced_accuracy,n_features_transformed,n_classes,ok
3549,analcatdata_authorship,aime,0.5475876454754155,0.9464334211373876,0.7470105333064015,0.00976509469411774,11.614829678815694,,0.9882352941176471,0.9852941176470589,70,4,85
3549,analcatdata_authorship,cos_fpde,0.5504987795431752,0.9325096964047512,0.7415042379739631,0.009028477070587074,1.1704311086694301,7.236858171545598e-17,0.9882352941176471,0.9852941176470589,70,4,85
3549,analcatdata_authorship,diff_fpde,0.5305431430270079,0.9106223832503635,0.7205827631386857,0.010100678000000751,74.55286266877052,1.0760020325720047e-14,0.9882352941176471,0.9852941176470589,70,4,85
3549,analcatdata_authorship,hyb_fpde_grid,0.5504987795431752,0.9325096964047512,0.7415042379739631,0.012470180623532369,1.0,7.53839392869333e-17,0.9882352941176471,0.9852941176470589,70,4,85
3549,analcatdata_authorship,lime,0.11858480041194158,0.6077013754174606,0.3631430879147011,0.025429415541175865,1.0803854673955775,,0.9882352941176471,0.9852941176470589,70,4,85
3549,analcatdata_authorship,shap,0.571710711831719,0.9619555260468452,0.7668331189392821,0.20290026567058603,5.918027832413192,,0.9882352941176471,0.9852941176470589,70,4,85
