method,mean_deletion_drop_auc,std_deletion_drop_auc,mean_insertion_auc,std_insertion_auc,mean_combined_score,std_combined_score,mean_runtime_seconds,std_runtime_seconds,completed_instances,completed_tasks,mean_test_accuracy,mean_test_balanced_accuracy
aime,0.5475876454754155,0.37590015337016025,0.9464334211373876,0.06808889951465782,0.7470105333064015,0.17309365828458168,0.00976509469411774,0.0041010035570427875,85,1,0.9882352941176471,0.9852941176470589
cos_fpde,0.5504987795431752,0.382340280219012,0.9325096964047512,0.11021678949038126,0.7415042379739631,0.1783404659126826,0.009028477070587074,0.0037113080030839823,85,1,0.9882352941176471,0.9852941176470589
diff_fpde,0.5305431430270079,0.37905474349426893,0.9106223832503635,0.12972081309330008,0.7205827631386857,0.1736197755927076,0.010100678000000751,0.0032575857596149884,85,1,0.9882352941176471,0.9852941176470589
hyb_fpde_grid,0.5504987795431752,0.382340280219012,0.9325096964047512,0.11021678949038126,0.7415042379739631,0.1783404659126826,0.012470180623532369,0.003839007505752644,85,1,0.9882352941176471,0.9852941176470589
lime,0.11858480041194158,0.12632035461606542,0.6077013754174606,0.35379049119240036,0.3631430879147011,0.14418682369729002,0.025429415541175865,0.003734991157420238,85,1,0.9882352941176471,0.9852941176470589
shap,0.571710711831719,0.3932984458282234,0.9619555260468452,0.05889949117117131,0.7668331189392821,0.18846284045558706,0.20290026567058603,0.02181998256327768,85,1,0.9882352941176471,0.9852941176470589
