task_id,dataset_name,method,deletion_drop_auc,insertion_auc,combined_score,runtime_seconds,attr_l1_norm,mean_abs_exactness_residual,test_accuracy,test_balanced_accuracy,n_features_transformed,n_classes,ok
18,mfeat-morphological,aime,0.6553912153519179,0.5397137787634015,0.5975524970576598,0.004821296514999176,2.9948499033187534,,0.69,0.69,6,10,200
18,mfeat-morphological,cos_fpde,0.6057569768324094,0.4679436912737721,0.5368503340530908,0.00378946483999961,0.42856005524439067,9.113369781044155e-17,0.69,0.69,6,10,200
18,mfeat-morphological,diff_fpde,0.5780864437736492,0.462037493099259,0.5200619684364541,0.0037949276599994163,3.036374939491921,2.759776998942365e-16,0.69,0.69,6,10,200
18,mfeat-morphological,hyb_fpde_grid,0.6057569768324094,0.4679436912737721,0.5368503340530908,0.006712326550000682,1.0,5.780369672497842e-17,0.69,0.69,6,10,200
18,mfeat-morphological,lime,0.5920476660219208,0.4906971618023185,0.5413724139121197,0.050194440164999604,0.30953506765744154,,0.69,0.69,6,10,200
18,mfeat-morphological,shap,0.7182560994998012,0.6262219974315181,0.6722390484656596,0.5477572857100012,6.8891525240500515,,0.69,0.69,6,10,200
