method,mean_deletion_drop_auc,std_deletion_drop_auc,mean_insertion_auc,std_insertion_auc,mean_combined_score,std_combined_score,mean_runtime_seconds,std_runtime_seconds,completed_instances,completed_tasks,mean_test_accuracy,mean_test_balanced_accuracy
aime,0.6553912153519179,0.2286651113789588,0.5397137787634015,0.20423876744657224,0.5975524970576598,0.17906857989781166,0.004821296514999176,0.0001027083589804332,200,1,0.69,0.69
cos_fpde,0.6057569768324094,0.2303499274516867,0.4679436912737721,0.228227851369208,0.5368503340530908,0.19412098924224858,0.00378946483999961,0.00021055649563818035,200,1,0.69,0.69
diff_fpde,0.5780864437736492,0.26007677700406856,0.462037493099259,0.24560518265998602,0.5200619684364541,0.22198142470481483,0.0037949276599994163,0.0008141773750479129,200,1,0.69,0.69
hyb_fpde_grid,0.6057569768324094,0.2303499274516867,0.4679436912737721,0.228227851369208,0.5368503340530908,0.19412098924224858,0.006712326550000682,0.0003823104842873535,200,1,0.69,0.69
lime,0.5920476660219208,0.2661517406249533,0.4906971618023185,0.268381988384274,0.5413724139121197,0.24068263566967585,0.050194440164999604,0.0007859589533380319,200,1,0.69,0.69
shap,0.7182560994998012,0.184682401577499,0.6262219974315181,0.1901337093365921,0.6722390484656596,0.16025958424275855,0.5477572857100012,0.020948477109200808,200,1,0.69,0.69
