task_id,dataset_name,method,deletion_drop_auc,insertion_auc,combined_score,runtime_seconds,attr_l1_norm,mean_abs_exactness_residual,test_accuracy,test_balanced_accuracy,n_features_transformed,n_classes,ok
10093,banknote-authentication,aime,0.3602844500239772,0.8562187794494752,0.6082516147367262,0.00443213928260911,1.774868874927322,,0.9927536231884058,0.9935064935064934,4,2,138
10093,banknote-authentication,cos_fpde,0.36023157739211276,0.8545998807325963,0.6074157290623545,0.003395652072464496,1.320714376206048,9.57617640579081e-17,0.9927536231884058,0.9935064935064934,4,2,138
10093,banknote-authentication,diff_fpde,0.36526430028786766,0.8529578483066166,0.6091110742972421,0.003352949471015886,4.644365694217114,5.717045194740956e-16,0.9927536231884058,0.9935064935064934,4,2,138
10093,banknote-authentication,hyb_fpde_grid,0.36023157739211276,0.8545998807325963,0.6074157290623545,0.005344443934783352,1.0,5.92948596824826e-17,0.9927536231884058,0.9935064935064934,4,2,138
10093,banknote-authentication,lime,0.20592378410542853,0.716701527317257,0.4613126557113428,0.020114086963766827,0.6558830993935284,,0.9927536231884058,0.9935064935064934,4,2,138
10093,banknote-authentication,shap,0.3201970409697222,0.7124949357396297,0.5163459883546759,0.06312584354347862,6.378075524796291,,0.9927536231884058,0.9935064935064934,4,2,138
