method,mean_deletion_drop_auc,std_deletion_drop_auc,mean_insertion_auc,std_insertion_auc,mean_combined_score,std_combined_score,mean_runtime_seconds,std_runtime_seconds,completed_instances,completed_tasks,mean_test_accuracy,mean_test_balanced_accuracy
aime,0.40928242415733707,0.24855215331928057,0.9012616648483021,0.0848619796254267,0.6552720445028196,0.10578567044112791,0.005150510280701151,0.00012490595719065196,57,1,0.9649122807017544,0.9623015873015873
cos_fpde,0.4104356718208124,0.24963296777524496,0.9026174065762305,0.08029460302962947,0.6565265391985214,0.1056549000007291,0.0038145196842110677,0.00011148126523936626,57,1,0.9649122807017544,0.9623015873015873
diff_fpde,0.4243632452264722,0.2534312210518467,0.9049471582998005,0.07924644292643077,0.6646552017631363,0.106035473400751,0.003797719964912479,0.00019743057264789326,57,1,0.9649122807017544,0.9623015873015873
hyb_fpde_grid,0.4111215177585386,0.2491734758353135,0.9038353331704944,0.08122950111541567,0.6574784254645164,0.10545920619745187,0.005721997754386072,0.0002996051046093062,57,1,0.9649122807017544,0.9623015873015873
lime,0.09955404225020542,0.06361524623407043,0.47528995139992936,0.37959328210528753,0.2874219968250673,0.17077728822657803,0.010361913894736847,0.0007206256180880594,57,1,0.9649122807017544,0.9623015873015873
shap,0.16371475528670312,0.1507535560254107,0.4779584944079886,0.39516032290962194,0.3208366248473458,0.23419290350072028,0.037133791000000006,0.026896508707495673,57,1,0.9649122807017544,0.9623015873015873
