task_id,dataset_name,method,deletion_drop_auc,insertion_auc,combined_score,runtime_seconds,attr_l1_norm,mean_abs_exactness_residual,test_accuracy,test_balanced_accuracy,n_features_transformed,n_classes,ok
146819,climate-model-simulation-crashes,aime,0.10752265214726481,0.9746615890913157,0.5410921206192904,0.004747583481482117,3.343016252736709,,0.9629629629629629,0.865,18,2,54
146819,climate-model-simulation-crashes,cos_fpde,0.1071005061366759,0.974416089917579,0.5407582980271274,0.0036286656111088776,1.0979320775109098,5.718965681680946e-17,0.9629629629629629,0.865,18,2,54
146819,climate-model-simulation-crashes,diff_fpde,0.10216929109312901,0.9642748512664592,0.533222071179794,0.003605772333334248,9.788257188864755,2.2561685030519096e-15,0.9629629629629629,0.865,18,2,54
146819,climate-model-simulation-crashes,hyb_fpde_grid,0.10747899040319858,0.9744164647118922,0.5409477275575454,0.005403168185186179,0.9960077873190727,6.32210333467103e-17,0.9629629629629629,0.865,18,2,54
146819,climate-model-simulation-crashes,lime,0.050271657884137,0.9321609452243339,0.4912163015542355,0.00942660435184924,0.19850063749010388,,0.9629629629629629,0.865,18,2,54
146819,climate-model-simulation-crashes,shap,0.06035445256713377,0.9316322104558786,0.4959933315115062,0.03281586538888822,4.5772464638294785,,0.9629629629629629,0.865,18,2,54
