task_id,dataset_name,method,deletion_drop_auc,insertion_auc,combined_score,runtime_seconds,attr_l1_norm,mean_abs_exactness_residual,test_accuracy,test_balanced_accuracy,n_features_transformed,n_classes,ok
146817,steel-plates-fault,aime,0.46922616351439234,0.6979482767455276,0.5835872201299599,0.005998631199998691,7.070563170057502,,0.8051282051282052,0.7990203712776665,27,7,195
146817,steel-plates-fault,cos_fpde,0.5147214118920308,0.7291875091888634,0.6219544605404472,0.004430091897436137,0.9664413744438409,1.006495456779569e-16,0.8051282051282052,0.7990203712776665,27,7,195
146817,steel-plates-fault,diff_fpde,0.49151865431202413,0.714524333774965,0.6030214940434946,0.004437541964102383,18.112120078201592,3.170113744160447e-15,0.8051282051282052,0.7990203712776665,27,7,195
146817,steel-plates-fault,hyb_fpde_grid,0.5134398125417389,0.7309680005047474,0.6222039065232431,0.007521864461539251,0.981747440236626,5.4408045020893086e-17,0.8051282051282052,0.7990203712776665,27,7,195
146817,steel-plates-fault,lime,0.33648701994187596,0.5354433444192319,0.4359651821805539,0.025738057738460496,0.4397563289301965,,0.8051282051282052,0.7990203712776665,27,7,195
146817,steel-plates-fault,shap,0.6154148862001562,0.8441867379476458,0.7298008120739009,0.4122735449333335,5.575354299834869,,0.8051282051282052,0.7990203712776665,27,7,195
