method,mean_deletion_drop_auc,std_deletion_drop_auc,mean_insertion_auc,std_insertion_auc,mean_combined_score,std_combined_score,mean_runtime_seconds,std_runtime_seconds,completed_instances,completed_tasks,mean_test_accuracy,mean_test_balanced_accuracy
aime,0.46922616351439234,0.2697055142663831,0.6979482767455276,0.18781154599264968,0.5835872201299599,0.15046707280734595,0.005998631199998691,0.0007510148999733447,195,1,0.8051282051282052,0.7990203712776665
cos_fpde,0.5147214118920308,0.2575323669435937,0.7291875091888634,0.19942309815181666,0.6219544605404472,0.1394958158802317,0.004430091897436137,0.001050972710380224,195,1,0.8051282051282052,0.7990203712776665
diff_fpde,0.49151865431202413,0.2582250340139842,0.714524333774965,0.1903141188837551,0.6030214940434946,0.14197112974041842,0.004437541964102383,0.0011973973014207605,195,1,0.8051282051282052,0.7990203712776665
hyb_fpde_grid,0.5134398125417389,0.2569273039869138,0.7309680005047474,0.1958811053132504,0.6222039065232431,0.14109552746592832,0.007521864461539251,0.0017496740131373912,195,1,0.8051282051282052,0.7990203712776665
lime,0.33648701994187596,0.22685108821483665,0.5354433444192319,0.3071708778101264,0.4359651821805539,0.15632319294545982,0.025738057738460496,0.0016121918575924068,195,1,0.8051282051282052,0.7990203712776665
shap,0.6154148862001562,0.2766749693459344,0.8441867379476458,0.09537496164550935,0.7298008120739009,0.14455731817849374,0.4122735449333335,0.037176553200183135,195,1,0.8051282051282052,0.7990203712776665
