task_id,dataset_name,method,deletion_drop_auc,insertion_auc,combined_score,runtime_seconds,attr_l1_norm,mean_abs_exactness_residual,test_accuracy,test_balanced_accuracy,n_features_transformed,n_classes,ok
14954,cylinder-bands,aime,0.4666174003057531,0.8682703116186095,0.6674438559621813,0.024827998018520456,10.620511679323046,,0.8888888888888888,0.8807854137447405,154,2,54
14954,cylinder-bands,cos_fpde,0.4696927062084494,0.8709232362616566,0.6703079712350529,0.020271066000000445,1.291716467720814,8.149987886209555e-17,0.8888888888888888,0.8807854137447405,154,2,54
14954,cylinder-bands,diff_fpde,0.4707284340980611,0.870728729901267,0.6707285819996641,0.021976756814814122,5.788159387995658,2.8721880840765624e-15,0.8888888888888888,0.8807854137447405,154,2,54
14954,cylinder-bands,hyb_fpde_grid,0.4696927062084494,0.8709232362616566,0.6703079712350529,0.020516289425925056,1.0,4.863650634497937e-17,0.8888888888888888,0.8807854137447405,154,2,54
14954,cylinder-bands,lime,0.00277821041834802,0.4722223424552332,0.2375002764367906,0.06354583611111185,1.1083133126496287,,0.8888888888888888,0.8807854137447405,154,2,54
14954,cylinder-bands,shap,0.3184532412194727,0.6604560130860118,0.48945462715274224,0.0370155765000009,4.587496288853296,,0.8888888888888888,0.8807854137447405,154,2,54
