method,mean_deletion_drop_auc,std_deletion_drop_auc,mean_insertion_auc,std_insertion_auc,mean_combined_score,std_combined_score,mean_runtime_seconds,std_runtime_seconds,completed_instances,completed_tasks,mean_test_accuracy,mean_test_balanced_accuracy
aime,0.819293226771873,0.2326416432430968,0.8334857047234645,0.10041006260940234,0.8263894657476688,0.11076691939632051,0.06125062068500199,0.007582149054602637,200,1,0.9708571428571429,0.9706617207193184
cos_fpde,0.8280078749848557,0.2192381124105222,0.669761304464675,0.25982219906649,0.7488845897247655,0.14160237978933982,0.01598071280000056,0.0002062065130030369,200,1,0.9708571428571429,0.9706617207193184
diff_fpde,0.8194701044986202,0.21847308183620184,0.6853342163505677,0.21854217191090278,0.752402160424594,0.1321999492620684,0.017213968474997045,0.002594496716141944,200,1,0.9708571428571429,0.9706617207193184
hyb_fpde_grid,0.8194701044986202,0.21847308183620184,0.6853342163505677,0.21854217191090278,0.752402160424594,0.1321999492620684,0.3315673792600091,0.0035727825882367332,200,1,0.9708571428571429,0.9706617207193184
lime,0.38912701384209214,0.2605025115286448,0.24757229204133996,0.21119263824920848,0.3183496529417161,0.115375763264941,0.27238369266999657,0.07140839095006622,200,1,0.9708571428571429,0.9706617207193184
shap,0.8602327403250366,0.20296962503908555,0.9080721471582092,0.07088991063314046,0.8841524437416229,0.10412654173547632,0.5787845387899972,0.018659208748238527,200,1,0.9708571428571429,0.9706617207193184
