task_id,dataset_name,method,deletion_drop_auc,insertion_auc,combined_score,runtime_seconds,attr_l1_norm,mean_abs_exactness_residual,test_accuracy,test_balanced_accuracy,n_features_transformed,n_classes,ok
3573,mnist_784,aime,0.819293226771873,0.8334857047234645,0.8263894657476688,0.06125062068500199,47.08373426304743,,0.9708571428571429,0.9706617207193184,784,10,200
3573,mnist_784,cos_fpde,0.8280078749848557,0.669761304464675,0.7488845897247655,0.01598071280000056,0.8180016781238494,5.075800890708138e-17,0.9708571428571429,0.9706617207193184,784,10,200
3573,mnist_784,diff_fpde,0.8194701044986202,0.6853342163505677,0.752402160424594,0.017213968474997045,298.5177535320215,5.298428362721097e-14,0.9708571428571429,0.9706617207193184,784,10,200
3573,mnist_784,hyb_fpde_grid,0.8194701044986202,0.6853342163505677,0.752402160424594,0.3315673792600091,1.0,3.8480503505855525e-17,0.9708571428571429,0.9706617207193184,784,10,200
3573,mnist_784,lime,0.38912701384209214,0.24757229204133996,0.3183496529417161,0.27238369266999657,2.683683704512832,,0.9708571428571429,0.9706617207193184,784,10,200
3573,mnist_784,shap,0.8602327403250366,0.9080721471582092,0.8841524437416229,0.5787845387899972,8.28137051037128,,0.9708571428571429,0.9706617207193184,784,10,200
