task_id,dataset_name,method,deletion_drop_auc,insertion_auc,combined_score,runtime_seconds,attr_l1_norm,mean_abs_exactness_residual,test_accuracy,test_balanced_accuracy,n_features_transformed,n_classes,ok
9910,Bioresponse,aime,0.3786092231826559,0.8672707787116394,0.6229400009471476,0.06822028583999952,71.90263582786298,,0.7792553191489362,0.7760487916096672,1776,2,200
9910,Bioresponse,cos_fpde,0.3940184247837266,0.8733991588211015,0.6337087918024141,0.030773454320001576,1.0919354842512485,2.8488496284229114e-17,0.7792553191489362,0.7760487916096672,1776,2,200
9910,Bioresponse,diff_fpde,0.39401845921236495,0.8734384514876439,0.6337284553500043,0.030745866920000538,173.02529096107438,1.8401280499347195e-13,0.7792553191489362,0.7760487916096672,1776,2,200
9910,Bioresponse,hyb_fpde_grid,0.39401663977913765,0.8734233400134731,0.6337199898963053,0.05979579332999606,0.9999968247919583,2.762113454624071e-17,0.7792553191489362,0.7760487916096672,1776,2,200
9910,Bioresponse,lime,0.02852777467493482,0.5520847620735571,0.2903062683742459,0.42140289939500036,6.312403659494596,,0.7792553191489362,0.7760487916096672,1776,2,200
9910,Bioresponse,shap,0.20585255837988214,0.5974315773936467,0.40164206788676443,0.09471636821999908,5.116932518765632,,0.7792553191489362,0.7760487916096672,1776,2,200
