method,mean_deletion_drop_auc,std_deletion_drop_auc,mean_insertion_auc,std_insertion_auc,mean_combined_score,std_combined_score,mean_runtime_seconds,std_runtime_seconds,completed_instances,completed_tasks,mean_test_accuracy,mean_test_balanced_accuracy
aime,0.32024640603358817,0.16687430364557715,0.602246343899384,0.1516212930679416,0.461246374966486,0.1429728120313002,0.005757804432431958,0.00013858802148647984,148,1,0.5540540540540541,0.5228758169934641
cos_fpde,0.32315667891393757,0.18891022010991151,0.5838241171576074,0.17732602003073664,0.4534903980357724,0.1607177418798425,0.004397602533784748,0.00018962416227037186,148,1,0.5540540540540541,0.5228758169934641
diff_fpde,0.32322152404004967,0.19092960289259944,0.5623202666989353,0.18432480785484853,0.44277089536949255,0.1640753460194931,0.004336935027028156,0.00011155305458432707,148,1,0.5540540540540541,0.5228758169934641
hyb_fpde_grid,0.32315667891393757,0.18891022010991151,0.5838241171576074,0.17732602003073664,0.4534903980357724,0.1607177418798425,0.006957720986487306,0.00012197153746744208,148,1,0.5540540540540541,0.5228758169934641
lime,0.016037857121274184,0.18441995285155705,0.2893384288964243,0.09863247723883219,0.15268814300884923,0.12982621046249312,0.014908800729730304,0.000475844820900849,148,1,0.5540540540540541,0.5228758169934641
shap,0.3964718120001263,0.17635156887249462,0.6550257268216257,0.14437357847334772,0.525748769410876,0.14819771747827437,0.19675021189864825,0.01709718851854337,148,1,0.5540540540540541,0.5228758169934641
