task_id,dataset_name,method,deletion_drop_auc,insertion_auc,combined_score,runtime_seconds,attr_l1_norm,mean_abs_exactness_residual,test_accuracy,test_balanced_accuracy,n_features_transformed,n_classes,ok
167120,numerai28.6,aime,0.027329870682684977,0.5254071493466722,0.27636851001467855,0.005151577359999493,7.190726915416884,,0.5130813953488372,0.5119999154861132,21,2,200
167120,numerai28.6,cos_fpde,0.028393164411372476,0.5266431653136976,0.27751816486253506,0.003973964640000105,1.5368042492597136,8.687061486822856e-17,0.5130813953488372,0.5119999154861132,21,2,200
167120,numerai28.6,diff_fpde,0.02839362404001527,0.5266448218991229,0.2775192229695691,0.003929324119999649,1.1883815791036358,2.455015357671897e-15,0.5130813953488372,0.5119999154861132,21,2,200
167120,numerai28.6,hyb_fpde_grid,0.028393164411372476,0.5266431653136976,0.27751816486253506,0.028880161375001448,1.0,5.526720574244859e-17,0.5130813953488372,0.5119999154861132,21,2,200
167120,numerai28.6,lime,0.018785392279228187,0.5155877646524061,0.2671865784658171,0.009857582519999965,0.07002525592871071,,0.5130813953488372,0.5119999154861132,21,2,200
167120,numerai28.6,shap,0.012420872276176347,0.512266937463611,0.2623439048698937,0.0637689387649992,0.30035359527394095,,0.5130813953488372,0.5119999154861132,21,2,200
