task_id,dataset_name,method,deletion_drop_auc,insertion_auc,combined_score,runtime_seconds,attr_l1_norm,mean_abs_exactness_residual,test_accuracy,test_balanced_accuracy,n_features_transformed,n_classes,ok
9981,cnae-9,aime,0.8146570116411576,0.9058094386035831,0.8602332251223702,0.06403016834258929,4.591260396761291,,0.8796296296296297,0.8796296296296295,856,9,108
9981,cnae-9,cos_fpde,0.7244781169213085,0.5345794997553638,0.6295288083383361,0.019291846203704683,0.40433037715136444,1.1847117294385125e-16,0.8796296296296297,0.8796296296296295,856,9,108
9981,cnae-9,diff_fpde,0.7329532814673123,0.5029260847811257,0.6179396831242189,0.02066444365741002,101.20974663633845,6.442994286241326e-14,0.8796296296296297,0.8796296296296295,856,9,108
9981,cnae-9,hyb_fpde_grid,0.7329532814673123,0.5029260847811257,0.6179396831242189,0.02842659440740489,1.0,4.942355681093181e-17,0.8796296296296297,0.8796296296296295,856,9,108
9981,cnae-9,lime,0.502529344855604,0.27843734365288214,0.390483344254243,0.30699559385185027,5.675522434709817,,0.8796296296296297,0.8796296296296295,856,9,108
9981,cnae-9,shap,0.7911048168660808,0.5822944364786399,0.6866996266723603,0.34056133399073973,7.197685971693534,,0.8796296296296297,0.8796296296296295,856,9,108
