task_id,dataset_name,method,deletion_drop_auc,insertion_auc,combined_score,runtime_seconds,attr_l1_norm,mean_abs_exactness_residual,test_accuracy,test_balanced_accuracy,n_features_transformed,n_classes,ok
3902,pc4,aime,0.16466725166572013,0.9357588837938791,0.5502130677297996,0.010987478308216517,8.02139451287898,,0.9041095890410958,0.73046875,37,2,146
3902,pc4,cos_fpde,0.16462022952471733,0.9353857737062676,0.5500030016154925,0.009021275965750808,1.4695123516208373,1.1387390269699807e-16,0.9041095890410958,0.73046875,37,2,146
3902,pc4,diff_fpde,0.172092811060148,0.9357112185778861,0.5539020148190171,0.008684841965753686,19.554850943095925,3.9239920293301125e-15,0.9041095890410958,0.73046875,37,2,146
3902,pc4,hyb_fpde_grid,0.172092811060148,0.9357112185778861,0.5539020148190171,0.013237692815067703,1.0,9.929249738340964e-17,0.9041095890410958,0.73046875,37,2,146
3902,pc4,lime,0.002828133309991536,0.6994518437306527,0.35113998852032213,0.01656941304109596,0.3554772850915639,,0.9041095890410958,0.73046875,37,2,146
3902,pc4,shap,0.03481961433668244,0.6145104887354356,0.32466505153605896,0.07327889269178074,4.835550534015539,,0.9041095890410958,0.73046875,37,2,146
