task_id,dataset_name,method,deletion_drop_auc,insertion_auc,combined_score,runtime_seconds,attr_l1_norm,mean_abs_exactness_residual,test_accuracy,test_balanced_accuracy,n_features_transformed,n_classes,ok
3904,jm1,aime,0.11444303541992587,0.7602496846133237,0.4373463600166248,0.005486712824998392,8.280887233782444,,0.8126721763085399,0.5651928661650238,21,2,200
3904,jm1,cos_fpde,0.11541436957023198,0.7607969707229681,0.4381056701466,0.004182203129999777,1.66158562678624,1.3579415369946446e-16,0.8126721763085399,0.5651928661650238,21,2,200
3904,jm1,diff_fpde,0.1281433707210468,0.7728531750172466,0.4504982728691467,0.004155141309997817,10.104461256896618,2.5340840537069197e-15,0.8126721763085399,0.5651928661650238,21,2,200
3904,jm1,hyb_fpde_grid,0.1281433707210468,0.7728531750172466,0.4504982728691467,0.009835344135000241,1.0,8.796782746678389e-17,0.8126721763085399,0.5651928661650238,21,2,200
3904,jm1,lime,0.05888355234745042,0.6698042019743948,0.3643438771609226,0.011154404180000767,0.363333153584276,,0.8126721763085399,0.5651928661650238,21,2,200
3904,jm1,shap,0.035238063934285586,0.6336247889647271,0.33443142644950635,0.06887732085499834,1.6624245100905646,,0.8126721763085399,0.5651928661650238,21,2,200
