task_id,dataset_name,method,deletion_drop_auc,insertion_auc,combined_score,runtime_seconds,attr_l1_norm,mean_abs_exactness_residual,test_accuracy,test_balanced_accuracy,n_features_transformed,n_classes,ok
37,diabetes,aime,0.24486976745539923,0.8329916312093519,0.5389306993323756,0.004698457701299939,2.960988724846923,,0.8181818181818182,0.7918518518518518,8,2,77
37,diabetes,cos_fpde,0.24255854683364644,0.8329881404707774,0.5377733436522119,0.003641648324675428,1.514757746228103,6.871307274973067e-17,0.8181818181818182,0.7918518518518518,8,2,77
37,diabetes,diff_fpde,0.24632075754625488,0.8314597555914576,0.5388902565688561,0.0036386112337662285,5.595272826765769,7.486796175800163e-16,0.8181818181818182,0.7918518518518518,8,2,77
37,diabetes,hyb_fpde_grid,0.2453768443492779,0.8316449758511465,0.5385109101002122,0.005507283688312744,0.9974106059308798,4.785133328538621e-17,0.8181818181818182,0.7918518518518518,8,2,77
37,diabetes,lime,0.10952902772119155,0.7319048993888002,0.4207169635549958,0.009784087207793033,0.516858734526801,,0.8181818181818182,0.7918518518518518,8,2,77
37,diabetes,shap,0.11395772743997255,0.690745797640539,0.4023517625402558,0.03867848141558646,3.4786808239184923,,0.8181818181818182,0.7918518518518518,8,2,77
