task_id,dataset_name,method,deletion_drop_auc,insertion_auc,combined_score,runtime_seconds,attr_l1_norm,mean_abs_exactness_residual,test_accuracy,test_balanced_accuracy,n_features_transformed,n_classes,ok
3549,analcatdata_authorship,aime,0.5514236914337334,0.9393911938506713,0.7454074426422024,0.012147861141177012,11.527994036043482,,0.9882352941176471,0.9916666666666667,70,4,85
3549,analcatdata_authorship,cos_fpde,0.5649985523987469,0.9294005522007335,0.7471995522997401,0.01215212914117588,1.181196994317037,9.47771273227799e-17,0.9882352941176471,0.9916666666666667,70,4,85
3549,analcatdata_authorship,diff_fpde,0.5512750807513749,0.9059983407156342,0.7286367107335046,0.011311698894117478,73.99940758592608,1.0814878404583877e-14,0.9882352941176471,0.9916666666666667,70,4,85
3549,analcatdata_authorship,hyb_fpde_grid,0.5649985523987469,0.9294005522007335,0.7471995522997401,0.016728589729412054,1.0,9.628735717245384e-17,0.9882352941176471,0.9916666666666667,70,4,85
3549,analcatdata_authorship,lime,0.1531157461008124,0.5296149341234611,0.34136534011213676,0.028124439282352316,1.0462935911328533,,0.9882352941176471,0.9916666666666667,70,4,85
3549,analcatdata_authorship,shap,0.5828754116967128,0.9591879606355413,0.771031686166127,0.2138672390941167,5.944969172193912,,0.9882352941176471,0.9916666666666667,70,4,85
