task_id,dataset_name,method,deletion_drop_auc,insertion_auc,combined_score,runtime_seconds,attr_l1_norm,mean_abs_exactness_residual,test_accuracy,test_balanced_accuracy,n_features_transformed,n_classes,ok
3917,kc1,aime,0.06916559528229405,0.8616798156897623,0.4654227054860282,0.004977901465000798,9.917630999050287,,0.8625592417061612,0.6495286312849163,21,2,200
3917,kc1,cos_fpde,0.07064588423400604,0.8627324155147498,0.46668914987437793,0.0037864324550017157,1.7911449808235338,1.4564738304301271e-16,0.8625592417061612,0.6495286312849163,21,2,200
3917,kc1,diff_fpde,0.06684701749847695,0.861344615020667,0.46409581625957197,0.003697486500001048,27.77912023016096,3.2279734440976426e-15,0.8625592417061612,0.6495286312849163,21,2,200
3917,kc1,hyb_fpde_grid,0.07186932408240469,0.8623210632663116,0.46709519367435814,0.006127670189997048,0.9906499738752291,7.77503061932805e-17,0.8625592417061612,0.6495286312849163,21,2,200
3917,kc1,lime,0.0535576691507357,0.8067913204510879,0.4301744948009118,0.010125226639995901,0.3486422204094686,,0.8625592417061612,0.6495286312849163,21,2,200
3917,kc1,shap,0.04118695032799839,0.7031551471867061,0.37217104875735224,0.06697103664499963,3.06933021225199,,0.8625592417061612,0.6495286312849163,21,2,200
