method,mean_deletion_drop_auc,std_deletion_drop_auc,mean_insertion_auc,std_insertion_auc,mean_combined_score,std_combined_score,mean_runtime_seconds,std_runtime_seconds,completed_instances,completed_tasks,mean_test_accuracy,mean_test_balanced_accuracy
aime,0.06916559528229405,0.13149343555924595,0.8616798156897623,0.13861936259332394,0.4654227054860282,0.07626666697527396,0.004977901465000798,0.0006237833018072682,200,1,0.8625592417061612,0.6495286312849163
cos_fpde,0.07064588423400604,0.13073486432630926,0.8627324155147498,0.13822838971446114,0.46668914987437793,0.07545246931357626,0.0037864324550017157,0.0005450036913673686,200,1,0.8625592417061612,0.6495286312849163
diff_fpde,0.06684701749847695,0.12984491270999027,0.861344615020667,0.14200963374535977,0.46409581625957197,0.0785519634116463,0.003697486500001048,0.0003451643488115511,200,1,0.8625592417061612,0.6495286312849163
hyb_fpde_grid,0.07186932408240469,0.13039793922592594,0.8623210632663116,0.1394197179469377,0.46709519367435814,0.07649031294043619,0.006127670189997048,0.0006973278282810186,200,1,0.8625592417061612,0.6495286312849163
lime,0.0535576691507357,0.1609146535909879,0.8067913204510879,0.118988186378104,0.4301744948009118,0.0890200729070415,0.010125226639995901,0.0008613364477148653,200,1,0.8625592417061612,0.6495286312849163
shap,0.04118695032799839,0.18634261943823324,0.7031551471867061,0.1306292970306598,0.37217104875735224,0.12605055196217962,0.06697103664499963,0.013719850191412006,200,1,0.8625592417061612,0.6495286312849163
