method,mean_deletion_drop_auc,std_deletion_drop_auc,mean_insertion_auc,std_insertion_auc,mean_combined_score,std_combined_score,mean_runtime_seconds,std_runtime_seconds,completed_instances,completed_tasks,mean_test_accuracy,mean_test_balanced_accuracy
aime,0.052790260783848186,0.2089010400252369,0.9968967546839247,0.012740341510072169,0.5248435077338864,0.09958013073789321,0.011765979174999046,0.005827601887169614,200,1,0.9920634920634922,0.934782608695652
cos_fpde,0.0552261110974256,0.21058198179212223,0.9968054107178304,0.012789690475037327,0.526015760907628,0.10044705515059929,0.009854778945001072,0.004316677004938722,200,1,0.9920634920634922,0.934782608695652
diff_fpde,0.05574080980506458,0.2105659040670091,0.9968135541725333,0.01284251852694836,0.526277181988799,0.10039107584091472,0.010477141345000406,0.004009946175719629,200,1,0.9920634920634922,0.934782608695652
hyb_fpde_grid,0.05523285777120614,0.21058079172614266,0.9968184163423637,0.01280406373027845,0.5260256370567848,0.10043246599808581,0.016087263495000458,0.006203044656447554,200,1,0.9920634920634922,0.934782608695652
lime,0.007259044938802101,0.03878605354672527,0.9455447272003481,0.19580797415845227,0.47640188606957506,0.08132600465478668,0.01852432427499963,0.005903420747550385,200,1,0.9920634920634922,0.934782608695652
shap,0.04558822120032856,0.20730688171805134,0.9544433179253435,0.14711923120620973,0.5000157695628361,0.12648896858854505,0.0707506983349998,0.013760901059926852,200,1,0.9920634920634922,0.934782608695652
