task_id,dataset_name,method,deletion_drop_auc,insertion_auc,combined_score,runtime_seconds,attr_l1_norm,mean_abs_exactness_residual,test_accuracy,test_balanced_accuracy,n_features_transformed,n_classes,ok
167140,dna,aime,0.5123943141395297,0.9750237523182664,0.7437090332288981,0.04179415888500102,35.9296601451752,,0.9467084639498434,0.937726984492996,360,3,200
167140,dna,cos_fpde,0.5090657020311371,0.948600516765415,0.7288331093982761,0.015198949679999742,0.9712328405520683,3.790370795009324e-17,0.9467084639498434,0.937726984492996,360,3,200
167140,dna,diff_fpde,0.4991410858691305,0.9373552147967397,0.718248150332935,0.023745220230000256,21.041036551233383,6.833145160811682e-15,0.9467084639498434,0.937726984492996,360,3,200
167140,dna,hyb_fpde_grid,0.5088243362304474,0.9489717741262994,0.7288980551783735,0.020359014155000493,0.9982926517348938,3.116430724592334e-17,0.9467084639498434,0.937726984492996,360,3,200
167140,dna,lime,0.05545828119425967,0.5410283792084676,0.2982433302013636,0.17208372269000022,1.7499639409611234,,0.9467084639498434,0.937726984492996,360,3,200
167140,dna,shap,0.5169979422143068,0.9732084711879821,0.7451032067011444,0.18539241541500018,5.800392996030664,,0.9467084639498434,0.937726984492996,360,3,200
