method,mean_deletion_drop_auc,std_deletion_drop_auc,mean_insertion_auc,std_insertion_auc,mean_combined_score,std_combined_score,mean_runtime_seconds,std_runtime_seconds,completed_instances,completed_tasks,mean_test_accuracy,mean_test_balanced_accuracy
aime,0.7494163151915196,0.248430953451592,0.9122923657078915,0.028943015324493223,0.8308543404497057,0.12091796673284251,0.037733181855000526,0.011830526891529592,200,1,0.9467084639498434,0.9518037518037518
cos_fpde,0.7487000394563347,0.22166724988419495,0.8233722554572364,0.17462725372996765,0.7860361474567855,0.15310351514333476,0.015521832355000029,0.006350554220541552,200,1,0.9467084639498434,0.9518037518037518
diff_fpde,0.7256057580022238,0.21774926194714397,0.8748825234476449,0.05593180958901352,0.8002441407249344,0.11352658752572074,0.023618623855000607,0.007720582571906401,200,1,0.9467084639498434,0.9518037518037518
hyb_fpde_grid,0.7360984435405012,0.2180904438329212,0.8710550551667937,0.08152237806670044,0.8035767493536475,0.12072053814592164,0.020458147445000137,0.003948805621786153,200,1,0.9467084639498434,0.9518037518037518
lime,0.13262444346782848,0.08100899289606647,0.27819635761669126,0.19316249137277575,0.20541040054225987,0.09446620141218623,0.191725746749999,0.07303338299267394,200,1,0.9467084639498434,0.9518037518037518
shap,0.789375291715697,0.22632683938578393,0.9413215207580007,0.02434793547661739,0.8653484062368488,0.11327153077202036,0.19755446632499968,0.018501699547402814,200,1,0.9467084639498434,0.9518037518037518
