method,mean_deletion_drop_auc,std_deletion_drop_auc,mean_insertion_auc,std_insertion_auc,mean_combined_score,std_combined_score,mean_runtime_seconds,std_runtime_seconds,completed_instances,completed_tasks,mean_test_accuracy,mean_test_balanced_accuracy
aime,0.6278383066496699,0.2703960485094382,0.751727165187158,0.1475459380276302,0.689782735918414,0.16068576327567802,0.010096268110000181,0.003486336907330029,200,1,0.91601866251944,0.8990161811597339
cos_fpde,0.5016700004981238,0.2770944979225189,0.6027640750862565,0.2560462053403126,0.5522170377921902,0.20744578997626895,0.008395942504999141,0.003345029108934235,200,1,0.91601866251944,0.8990161811597339
diff_fpde,0.5230640320133534,0.270739131792975,0.6290562243533426,0.20709068486917945,0.576060128183348,0.17475910250753693,0.00819307990999988,0.0034132939608934624,200,1,0.91601866251944,0.8990161811597339
hyb_fpde_grid,0.5187225976243601,0.2664791823585151,0.6207928096741377,0.21156285764370883,0.5697577036492489,0.1760981421971734,0.014482346235001132,0.004959460661258119,200,1,0.91601866251944,0.8990161811597339
lime,0.37156093224250775,0.3114115139473326,0.4893749643915488,0.2981527947300829,0.43046794831702834,0.26370880167708605,0.025081262929998474,0.004653223601557735,200,1,0.91601866251944,0.8990161811597339
shap,0.6948166442622444,0.25167529961488344,0.8496499211188348,0.11677585786198386,0.7722332826905395,0.13059147949257516,0.36308638465000087,0.022121727883120352,200,1,0.91601866251944,0.8990161811597339
