task_id,dataset_name,method,deletion_drop_auc,insertion_auc,combined_score,runtime_seconds,attr_l1_norm,mean_abs_exactness_residual,test_accuracy,test_balanced_accuracy,n_features_transformed,n_classes,ok
2074,satimage,aime,0.6278383066496699,0.751727165187158,0.689782735918414,0.010096268110000181,14.24901125442652,,0.91601866251944,0.8990161811597339,36,6,200
2074,satimage,cos_fpde,0.5016700004981238,0.6027640750862565,0.5522170377921902,0.008395942504999141,0.7542205136989609,1.1559329882171455e-16,0.91601866251944,0.8990161811597339,36,6,200
2074,satimage,diff_fpde,0.5230640320133534,0.6290562243533426,0.576060128183348,0.00819307990999988,35.83867213740025,4.55649407093972e-15,0.91601866251944,0.8990161811597339,36,6,200
2074,satimage,hyb_fpde_grid,0.5187225976243601,0.6207928096741377,0.5697577036492489,0.014482346235001132,0.9796851458913056,8.678821550311966e-17,0.91601866251944,0.8990161811597339,36,6,200
2074,satimage,lime,0.37156093224250775,0.4893749643915488,0.43046794831702834,0.025081262929998474,0.6136762812736959,,0.91601866251944,0.8990161811597339,36,6,200
2074,satimage,shap,0.6948166442622444,0.8496499211188348,0.7722332826905395,0.36308638465000087,6.736290525724268,,0.91601866251944,0.8990161811597339,36,6,200
