method,mean_deletion_drop_auc,std_deletion_drop_auc,mean_insertion_auc,std_insertion_auc,mean_combined_score,std_combined_score,mean_runtime_seconds,std_runtime_seconds,completed_instances,completed_tasks,mean_test_accuracy,mean_test_balanced_accuracy
aime,0.0731793083426588,0.2364178468630935,0.8496497249567354,0.22300948565861597,0.46141451664969707,0.07369864326585926,0.004964594237285151,9.362706472118673e-05,59,1,0.6440677966101694,0.5049019607843137
cos_fpde,0.09625693151481865,0.23785691337611223,0.8619974424328447,0.20999978644457984,0.47912718697383166,0.06118006599174049,0.003925960915247264,3.0240930285630402e-05,59,1,0.6440677966101694,0.5049019607843137
diff_fpde,0.09282534066998518,0.232444064774757,0.861235775650924,0.21085833766778905,0.4770305581604546,0.06312490583435902,0.0038724743050799156,4.3501455939246795e-05,59,1,0.6440677966101694,0.5049019607843137
hyb_fpde_grid,0.09391146327554613,0.23572237590543557,0.8618279795259393,0.2094617355324936,0.4778697214007427,0.06118692899933881,0.00590509930507285,0.00012741250609823307,59,1,0.6440677966101694,0.5049019607843137
lime,-0.03287693463438378,0.20618424963909365,0.7639562870804414,0.2931579403974585,0.3655396762230288,0.11115653760825234,0.009690807135580992,0.0010281618930827194,59,1,0.6440677966101694,0.5049019607843137
shap,0.001436697010427639,0.3016295482376138,0.7517639307298514,0.17656746964840692,0.37660031387013954,0.1361472272261968,0.033541096220335284,0.022248703460536774,59,1,0.6440677966101694,0.5049019607843137
