task_id,dataset_name,method,deletion_drop_auc,insertion_auc,combined_score,runtime_seconds,attr_l1_norm,mean_abs_exactness_residual,test_accuracy,test_balanced_accuracy,n_features_transformed,n_classes,ok
9971,ilpd,aime,0.0731793083426588,0.8496497249567354,0.46141451664969707,0.004964594237285151,3.8656087856474004,,0.6440677966101694,0.5049019607843137,11,2,59
9971,ilpd,cos_fpde,0.09625693151481865,0.8619974424328447,0.47912718697383166,0.003925960915247264,1.369955201724638,1.2572334886909876e-16,0.6440677966101694,0.5049019607843137,11,2,59
9971,ilpd,diff_fpde,0.09282534066998518,0.861235775650924,0.4770305581604546,0.0038724743050799156,4.479553055476642,1.6639232364827028e-15,0.6440677966101694,0.5049019607843137,11,2,59
9971,ilpd,hyb_fpde_grid,0.09391146327554613,0.8618279795259393,0.4778697214007427,0.00590509930507285,0.9988230134354643,6.968295996720395e-17,0.6440677966101694,0.5049019607843137,11,2,59
9971,ilpd,lime,-0.03287693463438378,0.7639562870804414,0.3655396762230288,0.009690807135580992,0.24677615815698864,,0.6440677966101694,0.5049019607843137,11,2,59
9971,ilpd,shap,0.001436697010427639,0.7517639307298514,0.37660031387013954,0.033541096220335284,3.237150812777038,,0.6440677966101694,0.5049019607843137,11,2,59
