method,mean_deletion_drop_auc,std_deletion_drop_auc,mean_insertion_auc,std_insertion_auc,mean_combined_score,std_combined_score,mean_runtime_seconds,std_runtime_seconds,completed_instances,completed_tasks,mean_test_accuracy,mean_test_balanced_accuracy
aime,0.616777776365366,0.14903597847747652,0.7528353967566899,0.13431457845385955,0.6848065865610279,0.1108733915299432,0.011097013004999212,0.0051857801384535196,200,1,0.9064573197700133,0.7010441713452228
cos_fpde,0.5580330400430953,0.15003469569366223,0.7053432266478518,0.16011583613433047,0.6316881333454736,0.12124131688532086,0.00987698110999986,0.003967077140713192,200,1,0.9064573197700133,0.7010441713452228
diff_fpde,0.5768261227590942,0.14248568456388283,0.7278785431406805,0.1462530253697031,0.6523523329498873,0.11380523336696124,0.010177855344999216,0.00316308840162873,200,1,0.9064573197700133,0.7010441713452228
hyb_fpde_grid,0.5768261227590942,0.14248568456388283,0.7278785431406805,0.1462530253697031,0.6523523329498873,0.11380523336696124,0.031130625990001874,0.006253993262880876,200,1,0.9064573197700133,0.7010441713452228
lime,0.09474456404814735,0.10942276929446673,0.2802281990779414,0.06834381945407278,0.18748638156304437,0.0570468224451073,0.018204977825000128,0.007076115946070116,200,1,0.9064573197700133,0.7010441713452228
shap,0.13509325767149075,0.09883948510285592,0.2787626620752179,0.14242628225278975,0.20692795987335433,0.10194689796913683,0.07763168848999755,0.01400522411482122,200,1,0.9064573197700133,0.7010441713452228
