method,mean_deletion_drop_auc,std_deletion_drop_auc,mean_insertion_auc,std_insertion_auc,mean_combined_score,std_combined_score,mean_runtime_seconds,std_runtime_seconds,completed_instances,completed_tasks,mean_test_accuracy,mean_test_balanced_accuracy
aime,0.2356118820676651,0.1679294808629509,0.8130325950764993,0.14594858486387183,0.5243222385720823,0.10072300802247831,0.0047809985600017054,0.00011160020166773514,200,1,0.8853974121996303,0.8564325463466035
cos_fpde,0.23504260034154797,0.1667359327965222,0.8130110413709175,0.14592963479386292,0.5240268208562328,0.10001902970509981,0.0037626637100007087,0.00011377586663671564,200,1,0.8853974121996303,0.8564325463466035
diff_fpde,0.23396068954050933,0.16726863561419456,0.8099127869557807,0.14768961831709365,0.521936738248145,0.100486446439565,0.003708897870000243,7.325478601745115e-05,200,1,0.8853974121996303,0.8564325463466035
hyb_fpde_grid,0.23396068954050933,0.16726863561419456,0.8099127869557807,0.14768961831709365,0.521936738248145,0.100486446439565,0.0070963786599985215,0.00015311077007212638,200,1,0.8853974121996303,0.8564325463466035
lime,0.1789734092342368,0.1544270824085514,0.7959555741951887,0.16130398506384575,0.4874644917147128,0.09409116184919306,0.029598095189999753,0.0003596876289243428,200,1,0.8853974121996303,0.8564325463466035
shap,0.1392118586171678,0.18624991382488865,0.7224399771878489,0.1614202876114032,0.4308259179025084,0.12221034541482484,0.06809890776999908,0.013880480096066615,200,1,0.8853974121996303,0.8564325463466035
