task_id,dataset_name,method,deletion_drop_auc,insertion_auc,combined_score,runtime_seconds,attr_l1_norm,mean_abs_exactness_residual,test_accuracy,test_balanced_accuracy,n_features_transformed,n_classes,ok
9952,phoneme,aime,0.2356118820676651,0.8130325950764993,0.5243222385720823,0.0047809985600017054,2.4422341917316195,,0.8853974121996303,0.8564325463466035,5,2,200
9952,phoneme,cos_fpde,0.23504260034154797,0.8130110413709175,0.5240268208562328,0.0037626637100007087,1.6182462820332355,9.325873406851315e-17,0.8853974121996303,0.8564325463466035,5,2,200
9952,phoneme,diff_fpde,0.23396068954050933,0.8099127869557807,0.521936738248145,0.003708897870000243,4.475398870333643,5.412337245047638e-16,0.8853974121996303,0.8564325463466035,5,2,200
9952,phoneme,hyb_fpde_grid,0.23396068954050933,0.8099127869557807,0.521936738248145,0.0070963786599985215,1.0,5.5285637179380844e-17,0.8853974121996303,0.8564325463466035,5,2,200
9952,phoneme,lime,0.1789734092342368,0.7959555741951887,0.4874644917147128,0.029598095189999753,0.3490863282033923,,0.8853974121996303,0.8564325463466035,5,2,200
9952,phoneme,shap,0.1392118586171678,0.7224399771878489,0.4308259179025084,0.06809890776999908,3.4280249406523744,,0.8853974121996303,0.8564325463466035,5,2,200
