task_id,dataset_name,method,deletion_drop_auc,insertion_auc,combined_score,runtime_seconds,attr_l1_norm,mean_abs_exactness_residual,test_accuracy,test_balanced_accuracy,n_features_transformed,n_classes,ok
3903,pc3,aime,0.01968263082475629,0.9385001115801304,0.4790913712024434,0.010973252382165342,8.592688260356514,,0.8726114649681529,0.5135195035460993,37,2,157
3903,pc3,cos_fpde,0.01986889420856372,0.9389612045536895,0.47941504938112656,0.009100841796177568,1.4612538876094843,1.01674684241647e-16,0.8726114649681529,0.5135195035460993,37,2,157
3903,pc3,diff_fpde,0.022013181461685564,0.9390636009070473,0.4805383911843664,0.009953553630574206,21.70630645099366,5.6796393490656694e-15,0.8726114649681529,0.5135195035460993,37,2,157
3903,pc3,hyb_fpde_grid,0.019819372658687946,0.9388581917759125,0.47933878221730025,0.013484193878981473,0.993250579998772,7.418428928476613e-17,0.8726114649681529,0.5135195035460993,37,2,157
3903,pc3,lime,0.0174301780218092,0.8930867963388821,0.4552584871803457,0.015977076133758362,0.28103125928474354,,0.8726114649681529,0.5135195035460993,37,2,157
3903,pc3,shap,-0.024068079694921314,0.8114375937689644,0.3936847570370215,0.07966070386624167,4.140920551979832,,0.8726114649681529,0.5135195035460993,37,2,157
