method,mean_deletion_drop_auc,std_deletion_drop_auc,mean_insertion_auc,std_insertion_auc,mean_combined_score,std_combined_score,mean_runtime_seconds,std_runtime_seconds,completed_instances,completed_tasks,mean_test_accuracy,mean_test_balanced_accuracy
aime,0.01968263082475629,0.11146229685624016,0.9385001115801304,0.13541235425565765,0.4790913712024434,0.052334671578937474,0.010973252382165342,0.0046839324384228935,157,1,0.8726114649681529,0.5135195035460993
cos_fpde,0.01986889420856372,0.11207612748630381,0.9389612045536895,0.13516536728825979,0.47941504938112656,0.05231083832243145,0.009100841796177568,0.003472061693174139,157,1,0.8726114649681529,0.5135195035460993
diff_fpde,0.022013181461685564,0.1140694841208147,0.9390636009070473,0.13381524413695584,0.4805383911843664,0.05342793139617582,0.009953553630574206,0.00373268882394554,157,1,0.8726114649681529,0.5135195035460993
hyb_fpde_grid,0.019819372658687946,0.11301919624425176,0.9388581917759125,0.13502853153026648,0.47933878221730025,0.05246173279747611,0.013484193878981473,0.005097793281884832,157,1,0.8726114649681529,0.5135195035460993
lime,0.0174301780218092,0.11084347232589893,0.8930867963388821,0.1287771174161335,0.4552584871803457,0.05212343873105086,0.015977076133758362,0.004545829458654489,157,1,0.8726114649681529,0.5135195035460993
shap,-0.024068079694921314,0.15677774080941492,0.8114375937689644,0.16569728290617713,0.3936847570370215,0.12433065166150131,0.07966070386624167,0.015520701323141059,157,1,0.8726114649681529,0.5135195035460993
