task_id,dataset_name,method,deletion_drop_auc,insertion_auc,combined_score,runtime_seconds,attr_l1_norm,mean_abs_exactness_residual,test_accuracy,test_balanced_accuracy,n_features_transformed,n_classes,ok
14965,bank-marketing,aime,0.581836150280495,0.7082768369186668,0.6450564935995808,0.013277565990000397,6.891607616540781,,0.9082264484741265,0.7102455289194655,51,2,200
14965,bank-marketing,cos_fpde,0.5321685670702084,0.6719648210462601,0.6020666940582342,0.010348890750000379,1.037034786199776,7.544312397023134e-17,0.9082264484741265,0.7102455289194655,51,2,200
14965,bank-marketing,diff_fpde,0.543253311958785,0.6881320938923433,0.6156927029255641,0.011140088944999177,5.428944420632453,2.569888746251081e-15,0.9082264484741265,0.7102455289194655,51,2,200
14965,bank-marketing,hyb_fpde_grid,0.543253311958785,0.6881320938923433,0.6156927029255641,0.030607429425000703,1.0,8.893439370355471e-17,0.9082264484741265,0.7102455289194655,51,2,200
14965,bank-marketing,lime,0.09285185004119408,0.28494459798436894,0.1888982240127815,0.01891413025000034,0.6878557878491223,,0.9082264484741265,0.7102455289194655,51,2,200
14965,bank-marketing,shap,0.15375554452735488,0.3134046300681997,0.2335800872977773,0.07462088930500059,3.25481119375838,,0.9082264484741265,0.7102455289194655,51,2,200
