method,mean_deletion_drop_auc,std_deletion_drop_auc,mean_insertion_auc,std_insertion_auc,mean_combined_score,std_combined_score,mean_runtime_seconds,std_runtime_seconds,completed_instances,completed_tasks,mean_test_accuracy,mean_test_balanced_accuracy
aime,0.581836150280495,0.17526292290226964,0.7082768369186668,0.15293855244821133,0.6450564935995808,0.12704874022899657,0.013277565990000397,0.00654739304173684,200,1,0.9082264484741265,0.7102455289194655
cos_fpde,0.5321685670702084,0.16374061594361258,0.6719648210462601,0.16611919481026155,0.6020666940582342,0.1268624401648239,0.010348890750000379,0.004520300178829664,200,1,0.9082264484741265,0.7102455289194655
diff_fpde,0.543253311958785,0.16100618192950691,0.6881320938923433,0.15641831399095035,0.6156927029255641,0.12177591729294601,0.011140088944999177,0.004142928433728312,200,1,0.9082264484741265,0.7102455289194655
hyb_fpde_grid,0.543253311958785,0.16100618192950691,0.6881320938923433,0.15641831399095035,0.6156927029255641,0.12177591729294601,0.030607429425000703,0.005899794195756144,200,1,0.9082264484741265,0.7102455289194655
lime,0.09285185004119408,0.11956239711878086,0.28494459798436894,0.09093748197091918,0.1888982240127815,0.06467795976124278,0.01891413025000034,0.00760829018716798,200,1,0.9082264484741265,0.7102455289194655
shap,0.15375554452735488,0.11584979243751248,0.3134046300681997,0.1673364863304613,0.2335800872977773,0.11492174023946714,0.07462088930500059,0.012986909468587495,200,1,0.9082264484741265,0.7102455289194655
