task_id,dataset_name,method,deletion_drop_auc,insertion_auc,combined_score,runtime_seconds,attr_l1_norm,mean_abs_exactness_residual,test_accuracy,test_balanced_accuracy,n_features_transformed,n_classes,ok
22,mfeat-zernike,aime,0.7478326110348972,0.7519323070788222,0.7498824590568597,0.010781229744998767,9.596828389863955,,0.78,0.78,47,10,200
22,mfeat-zernike,cos_fpde,0.7405560089808206,0.671672299839922,0.7061141544103714,0.009346686054999508,0.7671045381572427,1.0857851076573333e-16,0.78,0.78,47,10,200
22,mfeat-zernike,diff_fpde,0.705906195920982,0.6340825219852149,0.6699943589530986,0.010060054690001152,33.80221468295964,6.714212519298712e-15,0.78,0.78,47,10,200
22,mfeat-zernike,hyb_fpde_grid,0.7405560089808206,0.671672299839922,0.7061141544103714,0.014676476325005012,1.0,6.44363035151585e-17,0.78,0.78,47,10,200
22,mfeat-zernike,lime,0.5242479096635061,0.41391084634960523,0.4690793780065557,0.039528774040001054,0.5142417055995673,,0.78,0.78,47,10,200
22,mfeat-zernike,shap,0.7906873970018496,0.8306349854898666,0.8106611912458581,0.5590124042399992,7.92805564134967,,0.78,0.78,47,10,200
