method,mean_deletion_drop_auc,std_deletion_drop_auc,mean_insertion_auc,std_insertion_auc,mean_combined_score,std_combined_score,mean_runtime_seconds,std_runtime_seconds,completed_instances,completed_tasks,mean_test_accuracy,mean_test_balanced_accuracy
aime,0.7478326110348972,0.236986775080696,0.7519323070788222,0.18582777897987496,0.7498824590568597,0.18249754806405724,0.010781229744998767,0.0051039908077847584,200,1,0.78,0.78
cos_fpde,0.7405560089808206,0.2287230215418469,0.671672299839922,0.2137743802191675,0.7061141544103714,0.1679165891554277,0.009346686054999508,0.0038075255663786926,200,1,0.78,0.78
diff_fpde,0.705906195920982,0.25200739394149657,0.6340825219852149,0.2308050145569078,0.6699943589530986,0.1902266124369674,0.010060054690001152,0.00331949120204342,200,1,0.78,0.78
hyb_fpde_grid,0.7405560089808206,0.2287230215418469,0.671672299839922,0.2137743802191675,0.7061141544103714,0.1679165891554277,0.014676476325005012,0.005290877162542701,200,1,0.78,0.78
lime,0.5242479096635061,0.32013539936644914,0.41391084634960523,0.28339486493545196,0.4690793780065557,0.20860483707906385,0.039528774040001054,0.005371483273279987,200,1,0.78,0.78
shap,0.7906873970018496,0.21528163672172276,0.8306349854898666,0.13844828955157631,0.8106611912458581,0.15457688930399563,0.5590124042399992,0.019475074071061804,200,1,0.78,0.78
