method,mean_deletion_drop_auc,std_deletion_drop_auc,mean_insertion_auc,std_insertion_auc,mean_combined_score,std_combined_score,mean_runtime_seconds,std_runtime_seconds,completed_instances,completed_tasks,mean_test_accuracy,mean_test_balanced_accuracy
aime,0.28371814244919297,0.203042869555057,0.8740714184758451,0.182358708218603,0.5788947804625191,0.11377944494983358,0.014198267155001077,0.006082161518473606,200,1,0.8716479017400205,0.786350334852362
cos_fpde,0.2751732854826401,0.20953653693442267,0.8757948192251342,0.17939761755987513,0.5754840523538871,0.1156093160155174,0.012396436685000083,0.004100161053776939,200,1,0.8716479017400205,0.786350334852362
diff_fpde,0.2745207676494446,0.2095852260561859,0.875554421817379,0.1793047264075595,0.5750375947334118,0.11556482870611176,0.011464475290001986,0.005099312851364407,200,1,0.8716479017400205,0.786350334852362
hyb_fpde_grid,0.2751732854826401,0.20953653693442267,0.8757948192251342,0.17939761755987513,0.5754840523538871,0.1156093160155174,0.04158180037000023,0.005323570101917199,200,1,0.8716479017400205,0.786350334852362
lime,0.08164569259601606,0.21470765457199542,0.683793680858091,0.16632455582991137,0.38271968672705353,0.11698385192807836,0.025422369934999835,0.007409841911368394,200,1,0.8716479017400205,0.786350334852362
shap,0.101553137386702,0.3022917819197305,0.600112944107489,0.13327722907296824,0.35083304074709554,0.20142482719349664,0.07319483471500121,0.013055138420787808,200,1,0.8716479017400205,0.786350334852362
