task_id,dataset_name,method,deletion_drop_auc,insertion_auc,combined_score,runtime_seconds,attr_l1_norm,mean_abs_exactness_residual,test_accuracy,test_balanced_accuracy,n_features_transformed,n_classes,ok
7592,adult,aime,0.28371814244919297,0.8740714184758451,0.5788947804625191,0.014198267155001077,8.215762786601557,,0.8716479017400205,0.786350334852362,105,2,200
7592,adult,cos_fpde,0.2751732854826401,0.8757948192251342,0.5754840523538871,0.012396436685000083,1.2848016248944305,9.994717727057623e-17,0.8716479017400205,0.786350334852362,105,2,200
7592,adult,diff_fpde,0.2745207676494446,0.875554421817379,0.5750375947334118,0.011464475290001986,6.543501551868563,1.6119137274950291e-15,0.8716479017400205,0.786350334852362,105,2,200
7592,adult,hyb_fpde_grid,0.2751732854826401,0.8757948192251342,0.5754840523538871,0.04158180037000023,1.0,8.813587880351914e-17,0.8716479017400205,0.786350334852362,105,2,200
7592,adult,lime,0.08164569259601606,0.683793680858091,0.38271968672705353,0.025422369934999835,1.070751061610461,,0.8716479017400205,0.786350334852362,105,2,200
7592,adult,shap,0.101553137386702,0.600112944107489,0.35083304074709554,0.07319483471500121,3.755560986715236,,0.8716479017400205,0.786350334852362,105,2,200
