task_id,dataset_name,method,deletion_drop_auc,insertion_auc,combined_score,runtime_seconds,attr_l1_norm,mean_abs_exactness_residual,test_accuracy,test_balanced_accuracy,n_features_transformed,n_classes,ok
146195,connect-4,aime,0.5185635389954178,0.8005434665847081,0.659553502790063,0.014836908864994882,10.996734436194753,,0.8056542332741266,0.5655561794952856,126,3,200
146195,connect-4,cos_fpde,0.52830999554323,0.8282024774588643,0.6782562365010472,0.012645615719999625,1.1665130463746651,6.277530578691071e-17,0.8056542332741266,0.5655561794952856,126,3,200
146195,connect-4,diff_fpde,0.5337970975667558,0.8319364269016069,0.6828667622341813,0.01207285751999791,2.1335277409713878,2.391893107189791e-15,0.8056542332741266,0.5655561794952856,126,3,200
146195,connect-4,hyb_fpde_grid,0.5337970975667558,0.8319364269016069,0.6828667622341813,0.05802449779500051,1.0000000000000002,4.988631036040303e-17,0.8056542332741266,0.5655561794952856,126,3,200
146195,connect-4,lime,-0.1228942959033422,0.18044163322600887,0.02877366866133334,0.031134524364997845,0.8801997962552777,,0.8056542332741266,0.5655561794952856,126,3,200
146195,connect-4,shap,0.5826953406544769,0.8671978125663642,0.7249465766104205,0.19157846227999925,2.886952287004366,,0.8056542332741266,0.5655561794952856,126,3,200
