method,mean_deletion_drop_auc,std_deletion_drop_auc,mean_insertion_auc,std_insertion_auc,mean_combined_score,std_combined_score,mean_runtime_seconds,std_runtime_seconds,completed_instances,completed_tasks,mean_test_accuracy,mean_test_balanced_accuracy
aime,0.3637715897661078,0.268900642987378,0.8454956178169947,0.20291154731075894,0.6046336037915513,0.1650962335744079,0.004876316978260608,0.00022140332891596682,138,1,0.9927536231884058,0.9935064935064934
cos_fpde,0.3653705464203121,0.26846936423873385,0.8461466484288326,0.20179661708913643,0.6057585974245723,0.16366238771856442,0.0038629208550718763,5.737661196949861e-05,138,1,0.9927536231884058,0.9935064935064934
diff_fpde,0.3690651580531719,0.26585708274271036,0.8452053642107532,0.19951032858563442,0.6071352611319626,0.1575976435222151,0.0038338687391291405,0.00023507847173467625,138,1,0.9927536231884058,0.9935064935064934
hyb_fpde_grid,0.3694656582898032,0.26661266781253495,0.8467574793383061,0.19792912778813274,0.6081115688140547,0.15870550228408273,0.006031937391305103,4.097322112008737e-05,138,1,0.9927536231884058,0.9935064935064934
lime,0.24093873386257716,0.1418581527445965,0.7320692205526041,0.2750071980252764,0.4865039772075907,0.15372330905294534,0.022880311579709572,0.00036089904613422765,138,1,0.9927536231884058,0.9935064935064934
shap,0.3084969955172797,0.36156229907952203,0.7048887628640532,0.19074037754484918,0.5066928791906664,0.24915691629953163,0.06373277022463777,0.014855221936252504,138,1,0.9927536231884058,0.9935064935064934
