task_id,dataset_name,method,deletion_drop_auc,insertion_auc,combined_score,runtime_seconds,attr_l1_norm,mean_abs_exactness_residual,test_accuracy,test_balanced_accuracy,n_features_transformed,n_classes,ok
9977,nomao,aime,0.34818016118997286,0.9457545606638453,0.6469673609269091,0.024373718150001337,26.391274985453766,,0.964897011894401,0.9571289226899578,174,2,200
9977,nomao,cos_fpde,0.3583034436023902,0.9478643252349065,0.6530838844186484,0.019689836229997867,1.3094118277944073,1.0151601781416276e-16,0.964897011894401,0.9571289226899578,174,2,200
9977,nomao,diff_fpde,0.3543422875739758,0.9478090305619215,0.6510756590679486,0.02048430825000125,75.99611594227555,1.1730616478189404e-14,0.964897011894401,0.9571289226899578,174,2,200
9977,nomao,hyb_fpde_grid,0.3583034436023902,0.9478643252349065,0.6530838844186484,0.0426218006099991,1.0,5.950101522600448e-17,0.964897011894401,0.9571289226899578,174,2,200
9977,nomao,lime,0.2484929986675697,0.8201071331244211,0.5343000658959954,0.06447723785500002,1.3250540527643284,,0.964897011894401,0.9571289226899578,174,2,200
9977,nomao,shap,0.3569423957776483,0.7709236673859052,0.5639330315817768,0.06978533463500142,5.439890540315775,,0.964897011894401,0.9571289226899578,174,2,200
