task_id,dataset_name,method,deletion_drop_auc,insertion_auc,combined_score,runtime_seconds,attr_l1_norm,mean_abs_exactness_residual,test_accuracy,test_balanced_accuracy,n_features_transformed,n_classes,ok
167121,Devnagari-Script,aime,0.7430655685482982,0.6566043910969844,0.6998349798226413,0.06339019771999119,113.21327674181286,,0.8882608695652174,0.8882608695652174,1024,46,200
167121,Devnagari-Script,cos_fpde,0.7294622009855428,0.4599699482203099,0.5947160746029264,0.02484411146500406,0.7793883759816133,4.666406150377611e-17,0.8882608695652174,0.8882608695652174,1024,46,200
167121,Devnagari-Script,diff_fpde,0.715549227568268,0.4828647622031401,0.5992069948857041,0.025265949159984303,406.76258431500696,6.247447004170681e-14,0.8882608695652174,0.8882608695652174,1024,46,200
167121,Devnagari-Script,hyb_fpde_grid,0.715549227568268,0.4828647622031401,0.5992069948857041,0.6792612844700102,1.0,3.139307390431778e-17,0.8882608695652174,0.8882608695652174,1024,46,200
167121,Devnagari-Script,lime,0.5260996806499388,0.20777207670717154,0.36693587867855515,0.48533506578501145,2.5229861489817806,,0.8882608695652174,0.8882608695652174,1024,46,200
167121,Devnagari-Script,shap,0.7760127745545877,0.8581842493044725,0.8170985119295301,2.7296298138950124,10.174855207522791,,0.8882608695652174,0.8882608695652174,1024,46,200
