task_id,dataset_name,method,deletion_drop_auc,insertion_auc,combined_score,runtime_seconds,attr_l1_norm,mean_abs_exactness_residual,test_accuracy,test_balanced_accuracy,n_features_transformed,n_classes,ok
37,diabetes,aime,0.24875797917011216,0.8707827101779508,0.5597703446740314,0.004600086753246071,2.900592890801974,,0.8181818181818182,0.7833333333333333,8,2,77
37,diabetes,cos_fpde,0.2522617372284912,0.8710978460887003,0.5616797916585957,0.0034858755454535355,1.4734459674646505,7.82653163057588e-17,0.8181818181818182,0.7833333333333333,8,2,77
37,diabetes,diff_fpde,0.24886045816899524,0.8674668106727776,0.5581636344208865,0.003486434948058559,5.7238029749902175,6.84877839866168e-16,0.8181818181818182,0.7833333333333333,8,2,77
37,diabetes,hyb_fpde_grid,0.2522617372284912,0.8710978460887003,0.5616797916585957,0.005298270441564703,1.0,5.431712078675431e-17,0.8181818181818182,0.7833333333333333,8,2,77
37,diabetes,lime,0.1336463677766768,0.7698251024843922,0.4517357351305345,0.009331345519476068,0.47576964502856917,,0.8181818181818182,0.7833333333333333,8,2,77
37,diabetes,shap,0.1118867516165954,0.7232154089604601,0.4175510802885277,0.041523260129872744,3.3769344170603706,,0.8181818181818182,0.7833333333333333,8,2,77
