method,mean_deletion_drop_auc,std_deletion_drop_auc,mean_insertion_auc,std_insertion_auc,mean_combined_score,std_combined_score,mean_runtime_seconds,std_runtime_seconds,completed_instances,completed_tasks,mean_test_accuracy,mean_test_balanced_accuracy
aime,0.24875797917011216,0.20419886323125913,0.8707827101779508,0.12129008758797376,0.5597703446740314,0.11433365609754506,0.004600086753246071,7.956166641446172e-05,77,1,0.8181818181818182,0.7833333333333333
cos_fpde,0.2522617372284912,0.20567727835228555,0.8710978460887003,0.12110130672582706,0.5616797916585957,0.11479975282880701,0.0034858755454535355,5.0035790300807534e-05,77,1,0.8181818181818182,0.7833333333333333
diff_fpde,0.24886045816899524,0.21126864760669303,0.8674668106727776,0.12721682676467386,0.5581636344208865,0.11957415098951986,0.003486434948058559,0.000296565731339907,77,1,0.8181818181818182,0.7833333333333333
hyb_fpde_grid,0.2522617372284912,0.20567727835228555,0.8710978460887003,0.12110130672582706,0.5616797916585957,0.11479975282880701,0.005298270441564703,6.34783981557353e-05,77,1,0.8181818181818182,0.7833333333333333
lime,0.1336463677766768,0.23642740061816359,0.7698251024843922,0.11440682544209657,0.4517357351305345,0.1452038371699249,0.009331345519476068,0.00016151373121928332,77,1,0.8181818181818182,0.7833333333333333
shap,0.1118867516165954,0.2797701497375605,0.7232154089604601,0.1550055327297419,0.4175510802885277,0.19579428037850424,0.041523260129872744,0.024258213461307788,77,1,0.8181818181818182,0.7833333333333333
