task_id,dataset_name,method,deletion_drop_auc,insertion_auc,combined_score,runtime_seconds,attr_l1_norm,mean_abs_exactness_residual,test_accuracy,test_balanced_accuracy,n_features_transformed,n_classes,ok
146824,mfeat-pixel,aime,0.7959525941261829,0.8613721226240065,0.8286623583750948,0.03225466303500212,47.989154756408126,,0.945,0.945,240,10,200
146824,mfeat-pixel,cos_fpde,0.7799852379609149,0.7444375555203159,0.7622113967406153,0.01706435367499978,0.9929467358357814,6.166941957097549e-17,0.945,0.945,240,10,200
146824,mfeat-pixel,diff_fpde,0.7427646363988287,0.7098508144715855,0.7263077254352072,0.022984399889998598,245.65501446376817,2.0881074647149946e-14,0.945,0.945,240,10,200
146824,mfeat-pixel,hyb_fpde_grid,0.7799852379609149,0.7444375555203159,0.7622113967406153,0.015747772660000124,1.0,5.009881398621019e-17,0.945,0.945,240,10,200
146824,mfeat-pixel,lime,0.4278460697374051,0.38940423939078905,0.40862515456409704,0.14211021031499457,1.1021880299747921,,0.945,0.945,240,10,200
146824,mfeat-pixel,shap,0.8449271066463511,0.9415773702880764,0.8932522384672137,0.5543735496300016,9.46378123188637,,0.945,0.945,240,10,200
