method,mean_deletion_drop_auc,std_deletion_drop_auc,mean_insertion_auc,std_insertion_auc,mean_combined_score,std_combined_score,mean_runtime_seconds,std_runtime_seconds,completed_instances,completed_tasks,mean_test_accuracy,mean_test_balanced_accuracy
aime,0.2779150461229962,0.17331394214667953,0.8415288903667401,0.12759145007936154,0.5597219682448682,0.1106234791726776,0.0053170547012994914,0.0003450754849911294,77,1,0.8181818181818182,0.8003703703703704
cos_fpde,0.2782653777585477,0.17486674455075862,0.8406905202864025,0.12840974143970943,0.5594779490224752,0.11222087921773956,0.003972583012987181,8.081193702665964e-05,77,1,0.8181818181818182,0.8003703703703704
diff_fpde,0.27905989675304776,0.17721760486733065,0.8388514861840185,0.1318393984539663,0.5589556914685331,0.11442768217979353,0.003936969636365523,8.173780857528403e-05,77,1,0.8181818181818182,0.8003703703703704
hyb_fpde_grid,0.2782653777585477,0.17486674455075862,0.8406905202864025,0.12840974143970943,0.5594779490224752,0.11222087921773956,0.006024447454546011,0.0001361835633114594,77,1,0.8181818181818182,0.8003703703703704
lime,0.14266758356815373,0.20347476111933246,0.7033823226131701,0.1158054834162514,0.42302495309066196,0.1250833230032491,0.01060986131168848,0.0004214574322921754,77,1,0.8181818181818182,0.8003703703703704
shap,0.14052317625516567,0.25445388277193404,0.6833484234759418,0.12763316624592896,0.41193579986555373,0.17115680652480025,0.04490213459740264,0.022509358113279653,77,1,0.8181818181818182,0.8003703703703704
