task_id,dataset_name,method,deletion_drop_auc,insertion_auc,combined_score,runtime_seconds,attr_l1_norm,mean_abs_exactness_residual,test_accuracy,test_balanced_accuracy,n_features_transformed,n_classes,ok
16,mfeat-karhunen,aime,0.8280422056225261,0.9095481510033467,0.8687951783129364,0.012873104014999298,9.605285045294663,,0.955,0.955,64,10,200
16,mfeat-karhunen,cos_fpde,0.8115210804837679,0.841236656979349,0.8263788687315585,0.011829577359999774,0.8940346902111556,4.3923198411732756e-17,0.955,0.955,64,10,200
16,mfeat-karhunen,diff_fpde,0.7386734853551897,0.767340716465185,0.7530071009101873,0.011442153639999689,50.70916948309187,6.086242620995108e-15,0.955,0.955,64,10,200
16,mfeat-karhunen,hyb_fpde_grid,0.8115210804837679,0.841236656979349,0.8263788687315585,0.0168238661449994,1.0,4.120293516096662e-17,0.955,0.955,64,10,200
16,mfeat-karhunen,lime,0.3601813317801198,0.4666157210157698,0.4133985263979448,0.04236577195999921,0.6213795964184043,,0.955,0.955,64,10,200
16,mfeat-karhunen,shap,0.8386958227813931,0.9404006190667669,0.8895482209240799,0.5821828319399986,8.659472750779209,,0.955,0.955,64,10,200
