method,mean_deletion_drop_auc,std_deletion_drop_auc,mean_insertion_auc,std_insertion_auc,mean_combined_score,std_combined_score,mean_runtime_seconds,std_runtime_seconds,completed_instances,completed_tasks,mean_test_accuracy,mean_test_balanced_accuracy
aime,0.8280422056225261,0.1450481236093123,0.9095481510033467,0.1078086132784146,0.8687951783129364,0.11443149273298056,0.012873104014999298,0.006907517318503539,200,1,0.955,0.955
cos_fpde,0.8115210804837679,0.1423163556933527,0.841236656979349,0.15614564978148,0.8263788687315585,0.12613191664963325,0.011829577359999774,0.003494040599897003,200,1,0.955,0.955
diff_fpde,0.7386734853551897,0.17457727856013328,0.767340716465185,0.19591635839010832,0.7530071009101873,0.16315878613252216,0.011442153639999689,0.006120672056551148,200,1,0.955,0.955
hyb_fpde_grid,0.8115210804837679,0.1423163556933527,0.841236656979349,0.15614564978148,0.8263788687315585,0.12613191664963325,0.0168238661449994,0.0057547435046930015,200,1,0.955,0.955
lime,0.3601813317801198,0.3069857610446749,0.4666157210157698,0.31382231543388134,0.4133985263979448,0.2960306262473399,0.04236577195999921,0.006607594333798667,200,1,0.955,0.955
shap,0.8386958227813931,0.14517056760062988,0.9404006190667669,0.09621270071906497,0.8895482209240799,0.11199887466410807,0.5821828319399986,0.01942045517506652,200,1,0.955,0.955
