task_id,dataset_name,method,deletion_drop_auc,insertion_auc,combined_score,runtime_seconds,attr_l1_norm,mean_abs_exactness_residual,test_accuracy,test_balanced_accuracy,n_features_transformed,n_classes,ok
7592,adult,aime,0.29875458865241455,0.8856420003317935,0.592198294492104,0.013020694340000319,8.261125680588355,,0.8696008188331628,0.7864706155887518,105,2,200
7592,adult,cos_fpde,0.2929964887736576,0.8853804620958892,0.5891884754347734,0.012033539320000272,1.2742184929141789,1.158819676501388e-16,0.8696008188331628,0.7864706155887518,105,2,200
7592,adult,diff_fpde,0.29162698112403923,0.8844740561550651,0.5880505186395522,0.010660906464998732,6.478841614746941,1.6702004362878497e-15,0.8696008188331628,0.7864706155887518,105,2,200
7592,adult,hyb_fpde_grid,0.2929964887736576,0.8853804620958892,0.5891884754347734,0.039694822249999075,1.0,8.966758542269804e-17,0.8696008188331628,0.7864706155887518,105,2,200
7592,adult,lime,0.088390832793505,0.7204798064441795,0.40443531961884227,0.024164369770000603,1.056437954219909,,0.8696008188331628,0.7864706155887518,105,2,200
7592,adult,shap,0.11172395548411719,0.6044757070339086,0.35809983125901296,0.07030304769999958,3.830341585974263,,0.8696008188331628,0.7864706155887518,105,2,200
