method,mean_deletion_drop_auc,std_deletion_drop_auc,mean_insertion_auc,std_insertion_auc,mean_combined_score,std_combined_score,mean_runtime_seconds,std_runtime_seconds,completed_instances,completed_tasks,mean_test_accuracy,mean_test_balanced_accuracy
aime,0.29875458865241455,0.2166599246438979,0.8856420003317935,0.18166842529249483,0.592198294492104,0.12722880110650972,0.013020694340000319,0.005688019616636991,200,1,0.8696008188331628,0.7864706155887518
cos_fpde,0.2929964887736576,0.2231073507565445,0.8853804620958892,0.18074323398254902,0.5891884754347734,0.13141165683887607,0.012033539320000272,0.0037377459087847105,200,1,0.8696008188331628,0.7864706155887518
diff_fpde,0.29162698112403923,0.22307242722409046,0.8844740561550651,0.18107162952356226,0.5880505186395522,0.13178836531195623,0.010660906464998732,0.004599050078643276,200,1,0.8696008188331628,0.7864706155887518
hyb_fpde_grid,0.2929964887736576,0.2231073507565445,0.8853804620958892,0.18074323398254902,0.5891884754347734,0.13141165683887607,0.039694822249999075,0.005169267174536753,200,1,0.8696008188331628,0.7864706155887518
lime,0.088390832793505,0.21962848444231642,0.7204798064441795,0.17375355287232913,0.40443531961884227,0.1292395182841233,0.024164369770000603,0.008262218891553234,200,1,0.8696008188331628,0.7864706155887518
shap,0.11172395548411719,0.30166363730540086,0.6044757070339086,0.14157351391914055,0.35809983125901296,0.20778213990300273,0.07030304769999958,0.015425727566616526,200,1,0.8696008188331628,0.7864706155887518
