task_id,dataset_name,method,deletion_drop_auc,insertion_auc,combined_score,runtime_seconds,attr_l1_norm,mean_abs_exactness_residual,test_accuracy,test_balanced_accuracy,n_features_transformed,n_classes,ok
53,vehicle,aime,0.5758262107991851,0.7311648229537265,0.6534955168764559,0.00496777847058822,6.374264969833747,,0.8,0.8008116883116883,18,4,85
53,vehicle,cos_fpde,0.6071534436735448,0.7385312742249063,0.6728423589492255,0.003793048458823357,0.8590441363351891,9.353220812237302e-17,0.8,0.8008116883116883,18,4,85
53,vehicle,diff_fpde,0.5699120575301903,0.6975905743746511,0.6337513159524206,0.0037548818352932173,8.845786400103576,2.5236348958280948e-15,0.8,0.8008116883116883,18,4,85
53,vehicle,hyb_fpde_grid,0.6071534436735448,0.7385312742249063,0.6728423589492255,0.005841090023529084,1.0,6.522560269672795e-17,0.8,0.8008116883116883,18,4,85
53,vehicle,lime,0.4635931642818211,0.5716759465290905,0.5176345554054558,0.015887312647059143,0.6030300239555022,,0.8,0.8008116883116883,18,4,85
53,vehicle,shap,0.6983351120342101,0.8587295746385378,0.778532343336374,0.19355314494117576,5.043602545562612,,0.8,0.8008116883116883,18,4,85
