task_id,dataset_name,method,deletion_drop_auc,insertion_auc,combined_score,runtime_seconds,attr_l1_norm,mean_abs_exactness_residual,test_accuracy,test_balanced_accuracy,n_features_transformed,n_classes,ok
2079,eucalyptus,aime,0.5186124035406283,0.6553004103899095,0.5869564069652689,0.016732325351351794,8.578266320248353,,0.6621621621621622,0.6168720168720169,91,5,74
2079,eucalyptus,cos_fpde,0.573807957185122,0.6801937619336977,0.6270008595594099,0.01629508578378424,0.7219653990846492,8.769730437336805e-17,0.6621621621621622,0.6168720168720169,91,5,74
2079,eucalyptus,diff_fpde,0.5411311350390046,0.6500996982741195,0.595615416656562,0.01632380640540622,7.368658757641468,1.9969011429406533e-15,0.6621621621621622,0.6168720168720169,91,5,74
2079,eucalyptus,hyb_fpde_grid,0.573807957185122,0.6801937619336977,0.6270008595594099,0.0215672389999985,1.0,9.269049491908508e-17,0.6621621621621622,0.6168720168720169,91,5,74
2079,eucalyptus,lime,0.23853110895748175,0.37734232427208264,0.3079367166147822,0.030467598162163108,0.819541673812654,,0.6621621621621622,0.6168720168720169,91,5,74
2079,eucalyptus,shap,0.5446615998579062,0.7801226150706245,0.6623921074642654,0.21433471318919092,4.420182059384043,,0.6621621621621622,0.6168720168720169,91,5,74
