task_id,dataset_name,method,deletion_drop_auc,insertion_auc,combined_score,runtime_seconds,attr_l1_norm,mean_abs_exactness_residual,test_accuracy,test_balanced_accuracy,n_features_transformed,n_classes,ok
22,mfeat-zernike,aime,0.7255395596997727,0.759680401474798,0.7426099805872853,0.010531252809999714,9.518536302422719,,0.785,0.7849999999999998,47,10,200
22,mfeat-zernike,cos_fpde,0.6896704528571332,0.6789696202615636,0.6843200365593485,0.010902677119998998,0.746010737201694,9.108816131919717e-17,0.785,0.7849999999999998,47,10,200
22,mfeat-zernike,diff_fpde,0.6793845549241168,0.6485024015259708,0.6639434782250438,0.009569678885001452,33.223854620041664,6.107093997176349e-15,0.785,0.7849999999999998,47,10,200
22,mfeat-zernike,hyb_fpde_grid,0.6896704528571332,0.6789696202615636,0.6843200365593485,0.01490749961999974,1.0,7.40857028502795e-17,0.785,0.7849999999999998,47,10,200
22,mfeat-zernike,lime,0.5038804377661578,0.4390168389141862,0.47144863834017203,0.038793444835001197,0.5066037417831676,,0.785,0.7849999999999998,47,10,200
22,mfeat-zernike,shap,0.7655128496764922,0.8410187912831469,0.8032658204798195,0.5788832220350008,7.857005884649802,,0.785,0.7849999999999998,47,10,200
