task_id,dataset_name,method,deletion_drop_auc,insertion_auc,combined_score,runtime_seconds,attr_l1_norm,mean_abs_exactness_residual,test_accuracy,test_balanced_accuracy,n_features_transformed,n_classes,ok
167141,churn,aime,0.13683404388981465,0.7877598848496674,0.462296964369741,0.011275771725000255,7.194965472855435,,0.94,0.8275747508305648,33,2,200
167141,churn,cos_fpde,0.12212185714517246,0.6984185565724943,0.41027020685883336,0.01008044971999979,1.1199099460541342,6.118586540204696e-17,0.94,0.8275747508305648,33,2,200
167141,churn,diff_fpde,0.12622635132246343,0.7039443712459927,0.4150853612842281,0.009758844789999728,4.863474202923097,1.78537740147533e-15,0.94,0.8275747508305648,33,2,200
167141,churn,hyb_fpde_grid,0.12436004186596838,0.7039235369805482,0.41414178942325824,0.015997604219998893,0.9972283766021499,4.6349642873755315e-17,0.94,0.8275747508305648,33,2,200
167141,churn,lime,0.06329822402509584,0.5956235470622682,0.329460885543682,0.01732496428500042,0.5722870082380259,,0.94,0.8275747508305648,33,2,200
167141,churn,shap,0.12017727149571118,0.6985635619103858,0.4093704167030486,0.08285777272000004,3.092598594582359,,0.94,0.8275747508305648,33,2,200
