method,mean_deletion_drop_auc,std_deletion_drop_auc,mean_insertion_auc,std_insertion_auc,mean_combined_score,std_combined_score,mean_runtime_seconds,std_runtime_seconds,completed_instances,completed_tasks,mean_test_accuracy,mean_test_balanced_accuracy
aime,0.07354140661609464,0.13314033303794678,0.8412848766275215,0.13831364670001017,0.4574131416218081,0.0780496651221194,0.005435329495000545,0.00023903028184042507,200,1,0.8672985781990521,0.6651536312849163
cos_fpde,0.07423381205594642,0.13290945444397353,0.8413535593095248,0.1389418183164256,0.4577936856827356,0.07841652089010649,0.004151024864999542,5.9590980444002776e-05,200,1,0.8672985781990521,0.6651536312849163
diff_fpde,0.06564961160265775,0.13517062105537409,0.8366410246871431,0.1407705166844795,0.45114531814490033,0.08073882042434251,0.004111428755001185,0.00014911418886768315,200,1,0.8672985781990521,0.6651536312849163
hyb_fpde_grid,0.07393658566208652,0.1333760428584501,0.8415118134086421,0.13847328066915038,0.45772419953536436,0.07832494407666771,0.006774920150000554,0.0002623978387695453,200,1,0.8672985781990521,0.6651536312849163
lime,0.04000954864620688,0.1453239655325325,0.7741082939152492,0.09883460514299973,0.40705892128072796,0.07184918531682459,0.011476114784999325,0.0003291097416604523,200,1,0.8672985781990521,0.6651536312849163
shap,0.043775613051361247,0.17192400668340058,0.7716975433633759,0.11391262176694969,0.4077365782073686,0.10457236133738217,0.07171905861499951,0.014489390568427976,200,1,0.8672985781990521,0.6651536312849163
