task_id,dataset_name,method,deletion_drop_auc,insertion_auc,combined_score,runtime_seconds,attr_l1_norm,mean_abs_exactness_residual,test_accuracy,test_balanced_accuracy,n_features_transformed,n_classes,ok
3917,kc1,aime,0.07354140661609464,0.8412848766275215,0.4574131416218081,0.005435329495000545,10.093594875044912,,0.8672985781990521,0.6651536312849163,21,2,200
3917,kc1,cos_fpde,0.07423381205594642,0.8413535593095248,0.4577936856827356,0.004151024864999542,1.7844202631671744,1.895011925157064e-16,0.8672985781990521,0.6651536312849163,21,2,200
3917,kc1,diff_fpde,0.06564961160265775,0.8366410246871431,0.45114531814490033,0.004111428755001185,28.489072788178806,4.143352327901084e-15,0.8672985781990521,0.6651536312849163,21,2,200
3917,kc1,hyb_fpde_grid,0.07393658566208652,0.8415118134086421,0.45772419953536436,0.006774920150000554,0.9944064968403403,8.250344851745695e-17,0.8672985781990521,0.6651536312849163,21,2,200
3917,kc1,lime,0.04000954864620688,0.7741082939152492,0.40705892128072796,0.011476114784999325,0.23515333011052783,,0.8672985781990521,0.6651536312849163,21,2,200
3917,kc1,shap,0.043775613051361247,0.7716975433633759,0.4077365782073686,0.07171905861499951,2.9219072766820076,,0.8672985781990521,0.6651536312849163,21,2,200
