task_id,dataset_name,method,deletion_drop_auc,insertion_auc,combined_score,runtime_seconds,attr_l1_norm,mean_abs_exactness_residual,test_accuracy,test_balanced_accuracy,n_features_transformed,n_classes,ok
31,credit-g,aime,0.3391753365854595,0.8832559374588778,0.6112156370221686,0.012790568839999565,9.037527780488038,,0.77,0.7119047619047617,61,2,100
31,credit-g,cos_fpde,0.3320315038598487,0.8826231320091478,0.6073273179344983,0.010016325939999291,1.319711374104057,7.104559995863013e-17,0.77,0.7119047619047617,61,2,100
31,credit-g,diff_fpde,0.3315780685473819,0.8824058830419823,0.606991975794682,0.010058687239999954,4.143497376362075,1.5450141166439834e-15,0.77,0.7119047619047617,61,2,100
31,credit-g,hyb_fpde_grid,0.3322885151794843,0.8829357485418369,0.6076121318606607,0.014255412310000111,0.9994949106176115,6.626643678231404e-17,0.77,0.7119047619047617,61,2,100
31,credit-g,lime,-0.09525745508617094,0.44807689503484094,0.176409719974335,0.020143454800001025,0.42923096203889183,,0.77,0.7119047619047617,61,2,100
31,credit-g,shap,0.22143743232954652,0.7318389523817195,0.47663819235563293,0.07246344934000092,4.621734790694488,,0.77,0.7119047619047617,61,2,100
