task_id,dataset_name,method,deletion_drop_auc,insertion_auc,combined_score,runtime_seconds,attr_l1_norm,mean_abs_exactness_residual,test_accuracy,test_balanced_accuracy,n_features_transformed,n_classes,ok
9976,madelon,aime,0.41131703897841454,0.8154146582843813,0.6133658486313979,0.04804807672499912,32.809489166180214,,0.826923076923077,0.826923076923077,500,2,200
9976,madelon,cos_fpde,0.4145285600884771,0.8183632283139457,0.6164458942012113,0.013656139060000214,1.0602636592188186,1.9083042437917363e-17,0.826923076923077,0.826923076923077,500,2,200
9976,madelon,diff_fpde,0.4145285600884771,0.8183632283139457,0.6164458942012113,0.0251804174600003,35.37675782575802,4.4752118677493513e-14,0.826923076923077,0.826923076923077,500,2,200
9976,madelon,hyb_fpde_grid,0.4145285600884771,0.8183632283139457,0.6164458942012113,0.021851333829999292,1.0,1.713852584156461e-17,0.826923076923077,0.826923076923077,500,2,200
9976,madelon,lime,0.129578921056686,0.5532085389594941,0.34139373000809003,0.20078399280000042,3.0600744025894238,,0.826923076923077,0.826923076923077,500,2,200
9976,madelon,shap,0.205824604107286,0.5649484534093473,0.38538652875831664,0.07291068010499885,5.197760912583704,,0.826923076923077,0.826923076923077,500,2,200
