method,mean_deletion_drop_auc,std_deletion_drop_auc,mean_insertion_auc,std_insertion_auc,mean_combined_score,std_combined_score,mean_runtime_seconds,std_runtime_seconds,completed_instances,completed_tasks,mean_test_accuracy,mean_test_balanced_accuracy
aime,0.41131703897841454,0.1254562255778504,0.8154146582843813,0.09389507667962296,0.6133658486313979,0.10085421236556079,0.04804807672499912,0.010195499822362354,200,1,0.826923076923077,0.826923076923077
cos_fpde,0.4145285600884771,0.1243055493473721,0.8183632283139457,0.09131723656270457,0.6164458942012113,0.09910780995187633,0.013656139060000214,0.0032313825942349977,200,1,0.826923076923077,0.826923076923077
diff_fpde,0.4145285600884771,0.1243055493473721,0.8183632283139457,0.09131723656270457,0.6164458942012113,0.09910780995187633,0.0251804174600003,0.00808049128470447,200,1,0.826923076923077,0.826923076923077
hyb_fpde_grid,0.4145285600884771,0.1243055493473721,0.8183632283139457,0.09131723656270457,0.6164458942012113,0.09910780995187633,0.021851333829999292,0.0005816185609468317,200,1,0.826923076923077,0.826923076923077
lime,0.129578921056686,0.12924396194060517,0.5532085389594941,0.1264455841622149,0.34139373000809003,0.10022328442297711,0.20078399280000042,0.07869842404489057,200,1,0.826923076923077,0.826923076923077
shap,0.205824604107286,0.339499014875505,0.5649484534093473,0.34484032346155974,0.38538652875831664,0.3394719657549911,0.07291068010499885,0.012356393257132633,200,1,0.826923076923077,0.826923076923077
