task_id,dataset_name,method,deletion_drop_auc,insertion_auc,combined_score,runtime_seconds,attr_l1_norm,mean_abs_exactness_residual,test_accuracy,test_balanced_accuracy,n_features_transformed,n_classes,ok
167120,numerai28.6,aime,0.02609645657945717,0.5237239083449209,0.274910182462189,0.005512625845001082,7.5730891725755995,,0.5137043189368771,0.5125806466217837,21,2,200
167120,numerai28.6,cos_fpde,0.027083792001905978,0.524810641852167,0.2759472169270365,0.0042630174449982405,1.5410448293456307,9.689840076154699e-17,0.5137043189368771,0.5125806466217837,21,2,200
167120,numerai28.6,diff_fpde,0.027083792001905978,0.524810641852167,0.2759472169270365,0.004212931065002863,1.171028416286771,2.406477794814066e-15,0.5137043189368771,0.5125806466217837,21,2,200
167120,numerai28.6,hyb_fpde_grid,0.027083792001905978,0.524810641852167,0.2759472169270365,0.031566027345001545,1.0,5.273234106317748e-17,0.5137043189368771,0.5125806466217837,21,2,200
167120,numerai28.6,lime,0.013466747125898772,0.5112552740416282,0.2623610105837635,0.010690532785000073,0.07085462070597023,,0.5137043189368771,0.5125806466217837,21,2,200
167120,numerai28.6,shap,0.015882370441013996,0.5139123580906046,0.26489736426580934,0.06906007842000009,0.28702067930414416,,0.5137043189368771,0.5125806466217837,21,2,200
