method,mean_deletion_drop_auc,std_deletion_drop_auc,mean_insertion_auc,std_insertion_auc,mean_combined_score,std_combined_score,mean_runtime_seconds,std_runtime_seconds,completed_instances,completed_tasks,mean_test_accuracy,mean_test_balanced_accuracy
aime,0.02609645657945717,0.018335985224429457,0.5237239083449209,0.01382852249200624,0.274910182462189,0.014334619944107318,0.005512625845001082,0.00012475727986535637,200,1,0.5137043189368771,0.5125806466217837
cos_fpde,0.027083792001905978,0.01858202324252036,0.524810641852167,0.014026628255763812,0.2759472169270365,0.014557884395352444,0.0042630174449982405,0.00098121259316824,200,1,0.5137043189368771,0.5125806466217837
diff_fpde,0.027083792001905978,0.01858202324252036,0.524810641852167,0.014026628255763812,0.2759472169270365,0.014557884395352444,0.004212931065002863,0.000990450040809291,200,1,0.5137043189368771,0.5125806466217837
hyb_fpde_grid,0.027083792001905978,0.01858202324252036,0.524810641852167,0.014026628255763812,0.2759472169270365,0.014557884395352444,0.031566027345001545,0.002152696603859325,200,1,0.5137043189368771,0.5125806466217837
lime,0.013466747125898772,0.01825702471643535,0.5112552740416282,0.01732982794714431,0.2623610105837635,0.015997713998409543,0.010690532785000073,0.0004179290125286411,200,1,0.5137043189368771,0.5125806466217837
shap,0.015882370441013996,0.024114747809532693,0.5139123580906046,0.031073984647784384,0.26489736426580934,0.026448858514098027,0.06906007842000009,0.014434991816189117,200,1,0.5137043189368771,0.5125806466217837
