task_id,dataset_name,method,deletion_drop_auc,insertion_auc,combined_score,runtime_seconds,attr_l1_norm,mean_abs_exactness_residual,test_accuracy,test_balanced_accuracy,n_features_transformed,n_classes,ok
9971,ilpd,aime,0.08655191243798381,0.8311093269023285,0.4588306196701561,0.004531529949146053,3.9524552721351616,,0.6779661016949152,0.5637254901960784,11,2,59
9971,ilpd,cos_fpde,0.10194423712161596,0.8422596450396256,0.4721019410806208,0.003537605593214336,1.3867744227331977,1.1137512757627364e-16,0.6779661016949152,0.5637254901960784,11,2,59
9971,ilpd,diff_fpde,0.10068139265568278,0.8408044165395173,0.4707429045976001,0.003465925796611804,4.369524974627134,1.6670986625065247e-15,0.6779661016949152,0.5637254901960784,11,2,59
9971,ilpd,hyb_fpde_grid,0.10200415006452365,0.8422682411285533,0.47213619559653847,0.005225408237284852,0.9990870496429612,7.415207807480521e-17,0.6779661016949152,0.5637254901960784,11,2,59
9971,ilpd,lime,-0.041159190220176375,0.7176852160271926,0.3382630129035081,0.008670269118634309,0.2431550515325713,,0.6779661016949152,0.5637254901960784,11,2,59
9971,ilpd,shap,0.011228846556954393,0.7340354629998159,0.3726321547783852,0.03256053476271302,2.898717608623465,,0.6779661016949152,0.5637254901960784,11,2,59
