task_id,dataset_name,method,deletion_drop_auc,insertion_auc,combined_score,runtime_seconds,attr_l1_norm,mean_abs_exactness_residual,test_accuracy,test_balanced_accuracy,n_features_transformed,n_classes,ok
167125,Internet-Advertisements,aime,0.16681884424488827,0.9796658743796199,0.5732423593122541,0.0883999155050023,54.2395160455329,,0.9725609756097561,0.9112704286154796,3113,2,200
167125,Internet-Advertisements,cos_fpde,0.16815686105890418,0.981699990659304,0.5749284258591041,0.046191708555001584,0.6077900275151326,9.215935306561285e-17,0.9725609756097561,0.9112704286154796,3113,2,200
167125,Internet-Advertisements,diff_fpde,0.14695150292665843,0.9788564411398301,0.5629039720332442,0.04618488592000091,9.177225349199698,2.718936187307008e-15,0.9725609756097561,0.9112704286154796,3113,2,200
167125,Internet-Advertisements,hyb_fpde_grid,0.16903172546344758,0.9816221681286634,0.5753269467960554,0.08231673820000139,0.9959708622399576,9.652001420334955e-17,0.9725609756097561,0.9112704286154796,3113,2,200
167125,Internet-Advertisements,lime,0.04326109705758449,0.9175046312720317,0.4803828641648081,0.5829592227199981,3.1223379176072723,,0.9725609756097561,0.9112704286154796,3113,2,200
167125,Internet-Advertisements,shap,0.12034881103849493,0.894032945325369,0.507190878181932,0.11037833392999687,3.7767308115328677,,0.9725609756097561,0.9112704286154796,3113,2,200
