task_id,dataset_name,method,deletion_drop_auc,insertion_auc,combined_score,runtime_seconds,attr_l1_norm,mean_abs_exactness_residual,test_accuracy,test_balanced_accuracy,n_features_transformed,n_classes,ok
11,balance-scale,aime,0.42353932124953486,0.8577942202075914,0.6406667707285632,0.004639832793651341,2.487426906419873,,0.9206349206349206,0.6666666666666666,4,3,63
11,balance-scale,cos_fpde,0.3930760486913226,0.8491867390987542,0.6211313938950385,0.0034945335238090606,1.4003732971127865,7.957699754877734e-17,0.9206349206349206,0.6666666666666666,4,3,63
11,balance-scale,diff_fpde,0.4212075495141628,0.8607082318505904,0.6409578906823767,0.0034686763174603934,4.570244189005287,4.0223556408046346e-16,0.9206349206349206,0.6666666666666666,4,3,63
11,balance-scale,hyb_fpde_grid,0.4222791901650568,0.8606659227349763,0.6414725564500166,0.005278495063491404,0.9928959331370935,4.415284275760016e-17,0.9206349206349206,0.6666666666666666,4,3,63
11,balance-scale,lime,0.0835534434261612,0.567735830087622,0.3256446367568916,0.023658886523809052,0.7877312263811064,,0.9206349206349206,0.6666666666666666,4,3,63
11,balance-scale,shap,0.42497967917026946,0.8621978474660917,0.6435887633181806,0.10427339104761843,4.061256977324688,,0.9206349206349206,0.6666666666666666,4,3,63
