method,mean_deletion_drop_auc,std_deletion_drop_auc,mean_insertion_auc,std_insertion_auc,mean_combined_score,std_combined_score,mean_runtime_seconds,std_runtime_seconds,completed_instances,completed_tasks,mean_test_accuracy,mean_test_balanced_accuracy
aime,0.6382043375910945,0.16722172974563976,0.7139160846499193,0.14232498782498326,0.6760602111205068,0.11426515261079628,0.0139659822900002,0.005815993153539126,200,1,0.9082264484741265,0.7118854498207402
cos_fpde,0.5798446421522643,0.15777713062624737,0.6827662470448627,0.15615983631613703,0.6313054445985634,0.11375654873910906,0.01023406354999949,0.004724422550335896,200,1,0.9082264484741265,0.7118854498207402
diff_fpde,0.5895441702005916,0.15699020211488524,0.6864278776381092,0.1544666135567303,0.6379860239193503,0.11257699698400793,0.009882405394998699,0.004923789838225628,200,1,0.9082264484741265,0.7118854498207402
hyb_fpde_grid,0.5895441702005916,0.15699020211488524,0.6864278776381092,0.1544666135567303,0.6379860239193503,0.11257699698400793,0.030296233730001204,0.005193672388725485,200,1,0.9082264484741265,0.7118854498207402
lime,0.12953047939799978,0.1353069783263255,0.2502281265789956,0.10521741941270746,0.18987930298849773,0.06621267897496064,0.019838653330001108,0.009991126031475171,200,1,0.9082264484741265,0.7118854498207402
shap,0.14751253770190925,0.11303512272997998,0.2684358233451628,0.16884445587172378,0.20797418052353603,0.12347851796959064,0.07164473060000048,0.014939304174089871,200,1,0.9082264484741265,0.7118854498207402
