task_id,dataset_name,method,deletion_drop_auc,insertion_auc,combined_score,runtime_seconds,attr_l1_norm,mean_abs_exactness_residual,test_accuracy,test_balanced_accuracy,n_features_transformed,n_classes,ok
14965,bank-marketing,aime,0.6382043375910945,0.7139160846499193,0.6760602111205068,0.0139659822900002,6.934714412395546,,0.9082264484741265,0.7118854498207402,51,2,200
14965,bank-marketing,cos_fpde,0.5798446421522643,0.6827662470448627,0.6313054445985634,0.01023406354999949,0.9860049160887929,6.248040279599465e-17,0.9082264484741265,0.7118854498207402,51,2,200
14965,bank-marketing,diff_fpde,0.5895441702005916,0.6864278776381092,0.6379860239193503,0.009882405394998699,5.287820237871203,1.5569490141587039e-15,0.9082264484741265,0.7118854498207402,51,2,200
14965,bank-marketing,hyb_fpde_grid,0.5895441702005916,0.6864278776381092,0.6379860239193503,0.030296233730001204,1.0,9.075205864572666e-17,0.9082264484741265,0.7118854498207402,51,2,200
14965,bank-marketing,lime,0.12953047939799978,0.2502281265789956,0.18987930298849773,0.019838653330001108,0.7360206234074134,,0.9082264484741265,0.7118854498207402,51,2,200
14965,bank-marketing,shap,0.14751253770190925,0.2684358233451628,0.20797418052353603,0.07164473060000048,3.2570150948604004,,0.9082264484741265,0.7118854498207402,51,2,200
