task_id,dataset_name,method,deletion_drop_auc,insertion_auc,combined_score,runtime_seconds,attr_l1_norm,mean_abs_exactness_residual,test_accuracy,test_balanced_accuracy,n_features_transformed,n_classes,ok
29,credit-approval,aime,0.45024774113698235,0.9332135524034866,0.6917306467702344,0.014970327782609202,6.711353297639193,,0.8405797101449275,0.8358974358974359,46,2,69
29,credit-approval,cos_fpde,0.4442493930773119,0.9271627968669699,0.6857060949721409,0.011527966608692965,1.3462935701648164,1.3183898417423734e-16,0.8405797101449275,0.8358974358974359,46,2,69
29,credit-approval,diff_fpde,0.441541253813325,0.9245760014471435,0.6830586276302343,0.011819220217391567,6.820544016498365,2.0561249965114084e-15,0.8405797101449275,0.8358974358974359,46,2,69
29,credit-approval,hyb_fpde_grid,0.4442493930773119,0.9271627968669699,0.6857060949721409,0.015526382405798286,1.0,9.442929530099836e-17,0.8405797101449275,0.8358974358974359,46,2,69
29,credit-approval,lime,-0.02805198298062131,0.427606166323681,0.19977709167152985,0.020133776971018025,0.6233875642090609,,0.8405797101449275,0.8358974358974359,46,2,69
29,credit-approval,shap,0.18829576334399473,0.6329920855900306,0.4106439244670127,0.048152710188407145,5.581835582312515,,0.8405797101449275,0.8358974358974359,46,2,69
