method,mean_deletion_drop_auc,std_deletion_drop_auc,mean_insertion_auc,std_insertion_auc,mean_combined_score,std_combined_score,mean_runtime_seconds,std_runtime_seconds,completed_instances,completed_tasks,mean_test_accuracy,mean_test_balanced_accuracy
aime,0.45024774113698235,0.30314146691049865,0.9332135524034866,0.08371328189509483,0.6917306467702344,0.16232829195511655,0.014970327782609202,0.005448639653893124,69,1,0.8405797101449275,0.8358974358974359
cos_fpde,0.4442493930773119,0.29321476383496836,0.9271627968669699,0.08475343970126412,0.6857060949721409,0.15156651354435285,0.011527966608692965,0.005443956331843498,69,1,0.8405797101449275,0.8358974358974359
diff_fpde,0.441541253813325,0.29047990929246054,0.9245760014471435,0.08519029755544737,0.6830586276302343,0.14891718503351628,0.011819220217391567,0.005856811062092153,69,1,0.8405797101449275,0.8358974358974359
hyb_fpde_grid,0.4442493930773119,0.29321476383496836,0.9271627968669699,0.08475343970126412,0.6857060949721409,0.15156651354435285,0.015526382405798286,0.00652304001704732,69,1,0.8405797101449275,0.8358974358974359
lime,-0.02805198298062131,0.13879489044846563,0.427606166323681,0.2857449154817552,0.19977709167152985,0.17317672660011854,0.020133776971018025,0.007788946265569103,69,1,0.8405797101449275,0.8358974358974359
shap,0.18829576334399473,0.21447656170026602,0.6329920855900306,0.3919611712308748,0.4106439244670127,0.28560465485019865,0.048152710188407145,0.021618392410466446,69,1,0.8405797101449275,0.8358974358974359
