method,mean_deletion_drop_auc,std_deletion_drop_auc,mean_insertion_auc,std_insertion_auc,mean_combined_score,std_combined_score,mean_runtime_seconds,std_runtime_seconds,completed_instances,completed_tasks,mean_test_accuracy,mean_test_balanced_accuracy
aime,0.7837373787900301,0.21522632874552308,0.8789555120276649,0.14267203954672342,0.8313464454088475,0.1669087158819859,0.012316023535004206,0.005349505256246755,200,1,0.83,0.83
cos_fpde,0.7583775431053502,0.2289679896158991,0.8318415295650589,0.17708899362199335,0.7951095363352044,0.18454139171692663,0.011760258750003914,0.003886869449485076,200,1,0.83,0.83
diff_fpde,0.7296599557865775,0.2303867024156847,0.7832782641294708,0.1998525511748644,0.7564691099580242,0.190253167778911,0.01058721016499817,0.004257378996092065,200,1,0.83,0.83
hyb_fpde_grid,0.7583775431053502,0.2289679896158991,0.8318415295650589,0.17708899362199335,0.7951095363352044,0.18454139171692663,0.017374866579995114,0.005302550881601978,200,1,0.83,0.83
lime,0.5806559202109657,0.36086561939007195,0.6305690036680719,0.3220987084055055,0.6056124619395188,0.29690772760592954,0.04408888403498281,0.006583439358123944,200,1,0.83,0.83
shap,0.8132061850287102,0.193314799077982,0.930600650076721,0.10082641888275826,0.8719034175527156,0.13621378243627674,0.5596525680699846,0.021971547250339268,200,1,0.83,0.83
