task_id,dataset_name,method,deletion_drop_auc,insertion_auc,combined_score,runtime_seconds,attr_l1_norm,mean_abs_exactness_residual,test_accuracy,test_balanced_accuracy,n_features_transformed,n_classes,ok
10101,blood-transfusion-service-center,aime,0.13074361069133664,0.8336630937561844,0.48220335222376054,0.004792786039997736,2.1920910998455647,,0.7866666666666666,0.631578947368421,4,2,75
10101,blood-transfusion-service-center,cos_fpde,0.1303009195691727,0.8342607858862251,0.4822808527276988,0.0038871285199979866,1.516543410871114,1.2304971856262152e-16,0.7866666666666666,0.631578947368421,4,2,75
10101,blood-transfusion-service-center,diff_fpde,0.13117582824076984,0.8384862886751078,0.4848310584579388,0.0038440189866635896,2.624868764689852,2.1908401019269756e-16,0.7866666666666666,0.631578947368421,4,2,75
10101,blood-transfusion-service-center,hyb_fpde_grid,0.13134863672563057,0.8390056894364629,0.48517716308104675,0.005782299013332401,1.0,6.314393452555578e-17,0.7866666666666666,0.631578947368421,4,2,75
10101,blood-transfusion-service-center,lime,-0.0053263413606597235,0.6971323496983094,0.34590300416882486,0.022771692586666177,0.2159716176301122,,0.7866666666666666,0.631578947368421,4,2,75
10101,blood-transfusion-service-center,shap,0.014698598188468541,0.7134701595805147,0.3640843788844917,0.03632471224000104,1.9009570466738903,,0.7866666666666666,0.631578947368421,4,2,75
