task_id,dataset_name,method,deletion_drop_auc,insertion_auc,combined_score,runtime_seconds,attr_l1_norm,mean_abs_exactness_residual,test_accuracy,test_balanced_accuracy,n_features_transformed,n_classes,ok
3481,isolet,aime,0.8719827892923309,0.879761887237996,0.8758723382651634,0.05781391195499992,63.5176341623993,,0.9448717948717948,0.9448717948717948,617,26,200
3481,isolet,cos_fpde,0.8731945600333846,0.7815606105773308,0.8273775853053578,0.014474881050001755,0.6299577935431647,9.490672137069112e-17,0.9448717948717948,0.9448717948717948,617,26,200
3481,isolet,diff_fpde,0.8005795568265439,0.7127766178446694,0.7566780873356066,0.01730936685000202,404.9673649017345,4.8760995241536874e-14,0.9448717948717948,0.9448717948717948,617,26,200
3481,isolet,hyb_fpde_grid,0.8731945600333846,0.7815606105773308,0.8273775853053578,0.042817973534999394,1.0,4.107825191113079e-17,0.9448717948717948,0.9448717948717948,617,26,200
3481,isolet,lime,0.6859316939917179,0.5818015468317368,0.6338666204117274,0.34628876144500026,1.8482748651265675,,0.9448717948717948,0.9448717948717948,617,26,200
3481,isolet,shap,0.9066813651455031,0.9615001262786715,0.9340907457120874,1.4459702203149976,11.3199239940227,,0.9448717948717948,0.9448717948717948,617,26,200
