method,mean_deletion_drop_auc,std_deletion_drop_auc,mean_insertion_auc,std_insertion_auc,mean_combined_score,std_combined_score,mean_runtime_seconds,std_runtime_seconds,completed_instances,completed_tasks,mean_test_accuracy,mean_test_balanced_accuracy
aime,0.10908730696485418,0.11298387145007546,0.8069913279995337,0.11054683596281459,0.4580393174821939,0.0811668042768677,0.004938586029999925,0.00011556009226400107,200,1,0.815426997245179,0.5687014865754785
cos_fpde,0.10954164129174883,0.11308050402974544,0.8075694948851274,0.10977251380465845,0.45855556808843817,0.08027849037540143,0.003702499020000616,0.0002746897592757125,200,1,0.815426997245179,0.5687014865754785
diff_fpde,0.11452895056834579,0.11794825115153852,0.8131206841826588,0.11258647580122005,0.46382481737550235,0.08461331779505281,0.0036566319349994815,3.3520887185139987e-05,200,1,0.815426997245179,0.5687014865754785
hyb_fpde_grid,0.11452895056834579,0.11794825115153852,0.8131206841826588,0.11258647580122005,0.46382481737550235,0.08461331779505281,0.009184569760000158,0.000473334220962218,200,1,0.815426997245179,0.5687014865754785
lime,0.04787930932066665,0.1193286598031099,0.7394987210604278,0.08486063205846187,0.3936890151905472,0.06037217641362738,0.010583961339999419,0.00010101847986990105,200,1,0.815426997245179,0.5687014865754785
shap,0.011848072195349361,0.1693248784108731,0.6990001303555706,0.08291357102970692,0.35542410127546,0.10292209634567953,0.06670107667000004,0.015721012930558553,200,1,0.815426997245179,0.5687014865754785
