method,mean_deletion_drop_auc,std_deletion_drop_auc,mean_insertion_auc,std_insertion_auc,mean_combined_score,std_combined_score,mean_runtime_seconds,std_runtime_seconds,completed_instances,completed_tasks,mean_test_accuracy,mean_test_balanced_accuracy
aime,0.08763567192473416,0.2543280420565163,0.8193845960987506,0.24453798784693448,0.4535101340117424,0.06457410138848049,0.005072027508474721,0.00010593883131859307,59,1,0.711864406779661,0.6225490196078431
cos_fpde,0.10361129837394005,0.26657923072883516,0.8330937714305922,0.22952999639479013,0.46835253490226614,0.05420035358318092,0.0039313345932207614,4.0286787810329397e-05,59,1,0.711864406779661,0.6225490196078431
diff_fpde,0.10103174171701905,0.26453946186339583,0.8328727843266034,0.22929904200246382,0.46695226302181114,0.05504244314562265,0.003884661881354089,0.00010018332778314108,59,1,0.711864406779661,0.6225490196078431
hyb_fpde_grid,0.10361129837394005,0.26657923072883516,0.8330937714305922,0.22952999639479013,0.46835253490226614,0.05420035358318092,0.005899983779658449,4.976909124717436e-05,59,1,0.711864406779661,0.6225490196078431
lime,-0.00859983007300522,0.19676863238409414,0.7185026298514325,0.3401268837627778,0.3549513998892137,0.1198920625464677,0.009733659576269092,0.00016417333839348502,59,1,0.711864406779661,0.6225490196078431
shap,0.04899125307263349,0.32805366995317065,0.771621021029323,0.19291887907251343,0.41030613705097824,0.12107040493389971,0.03576730400000059,0.024907082122299914,59,1,0.711864406779661,0.6225490196078431
