method,mean_deletion_drop_auc,std_deletion_drop_auc,mean_insertion_auc,std_insertion_auc,mean_combined_score,std_combined_score,mean_runtime_seconds,std_runtime_seconds,completed_instances,completed_tasks,mean_test_accuracy,mean_test_balanced_accuracy
aime,0.26354004267414133,0.19442527502096954,0.8920992240271655,0.16635384386897914,0.5778196333506534,0.11967676091663515,0.017646789755000183,0.004106824855854683,200,1,0.8712384851586489,0.786667553713118
cos_fpde,0.26089042629107195,0.19948704822157115,0.8928588835537035,0.16583445276691255,0.5768746549223878,0.12230047036616128,0.01587370063999998,0.0036705443798369934,200,1,0.8712384851586489,0.786667553713118
diff_fpde,0.2606142683374102,0.1985466956964772,0.8929768576464754,0.1649346182401809,0.5767955629919428,0.1219184188523933,0.015546717079999866,0.004301895230712003,200,1,0.8712384851586489,0.786667553713118
hyb_fpde_grid,0.26089042629107195,0.19948704822157115,0.8928588835537035,0.16583445276691255,0.5768746549223878,0.12230047036616128,0.044832760824998985,0.003924896565733411,200,1,0.8712384851586489,0.786667553713118
lime,0.05959751681373663,0.19998279236996605,0.6793507269364243,0.14973539054143575,0.36947412187508044,0.12247645012526003,0.027933036574999476,0.004650728765417256,200,1,0.8712384851586489,0.786667553713118
shap,0.07101100957178698,0.2846232149505562,0.5716463967725233,0.14082999802567,0.3213287031721551,0.2011256749020838,0.06498763573500028,0.012128870582746396,200,1,0.8712384851586489,0.786667553713118
