task_id,dataset_name,method,deletion_drop_auc,insertion_auc,combined_score,runtime_seconds,attr_l1_norm,mean_abs_exactness_residual,test_accuracy,test_balanced_accuracy,n_features_transformed,n_classes,ok
7592,adult,aime,0.26354004267414133,0.8920992240271655,0.5778196333506534,0.017646789755000183,8.166012520110069,,0.8712384851586489,0.786667553713118,105,2,200
7592,adult,cos_fpde,0.26089042629107195,0.8928588835537035,0.5768746549223878,0.01587370063999998,1.2743033088292142,1.0838985958772085e-16,0.8712384851586489,0.786667553713118,105,2,200
7592,adult,diff_fpde,0.2606142683374102,0.8929768576464754,0.5767955629919428,0.015546717079999866,6.332395797274005,1.2655154701946003e-15,0.8712384851586489,0.786667553713118,105,2,200
7592,adult,hyb_fpde_grid,0.26089042629107195,0.8928588835537035,0.5768746549223878,0.044832760824998985,1.0,8.879615792656281e-17,0.8712384851586489,0.786667553713118,105,2,200
7592,adult,lime,0.05959751681373663,0.6793507269364243,0.36947412187508044,0.027933036574999476,1.0737082104048408,,0.8712384851586489,0.786667553713118,105,2,200
7592,adult,shap,0.07101100957178698,0.5716463967725233,0.3213287031721551,0.06498763573500028,3.7033369097598388,,0.8712384851586489,0.786667553713118,105,2,200
