task_id,dataset_name,method,deletion_drop_auc,insertion_auc,combined_score,runtime_seconds,attr_l1_norm,mean_abs_exactness_residual,test_accuracy,test_balanced_accuracy,n_features_transformed,n_classes,ok
23,cmc,aime,0.314514471269926,0.627225796221295,0.4708701337456105,0.005134560682431914,6.125061129640135,,0.5405405405405406,0.5130718954248366,24,3,148
23,cmc,cos_fpde,0.3337587247584549,0.5987003935189513,0.46622955913870306,0.003913900277026214,1.2124785044228923,7.956285780358491e-17,0.5405405405405406,0.5130718954248366,24,3,148
23,cmc,diff_fpde,0.33429515382862224,0.59489285736552,0.4645940055970711,0.0038842416959460487,2.002954320602252,4.960840297110972e-16,0.5405405405405406,0.5130718954248366,24,3,148
23,cmc,hyb_fpde_grid,0.3347926072300291,0.5971444628986341,0.46596853506433167,0.006179879101352021,0.9998509855487843,4.428819360796193e-17,0.5405405405405406,0.5130718954248366,24,3,148
23,cmc,lime,-0.006884123333810436,0.28746223194165943,0.1402890543039245,0.013285012243244217,0.45330138261430186,,0.5405405405405406,0.5130718954248366,24,3,148
23,cmc,shap,0.3883638488394796,0.6748317135969633,0.5315977812182215,0.1718726939662134,1.8251954609365855,,0.5405405405405406,0.5130718954248366,24,3,148
