method,mean_deletion_drop_auc,std_deletion_drop_auc,mean_insertion_auc,std_insertion_auc,mean_combined_score,std_combined_score,mean_runtime_seconds,std_runtime_seconds,completed_instances,completed_tasks,mean_test_accuracy,mean_test_balanced_accuracy
aime,0.314514471269926,0.19504849689552503,0.627225796221295,0.14652420020716678,0.4708701337456105,0.15597082271547563,0.005134560682431914,0.00038606597661682186,148,1,0.5405405405405406,0.5130718954248366
cos_fpde,0.3337587247584549,0.21209495536185846,0.5987003935189513,0.1647358765722684,0.46622955913870306,0.1714226052128327,0.003913900277026214,4.7108330213079405e-05,148,1,0.5405405405405406,0.5130718954248366
diff_fpde,0.33429515382862224,0.2124722001144016,0.59489285736552,0.1693816919470151,0.4645940055970711,0.1731122425467278,0.0038842416959460487,9.684368950450237e-05,148,1,0.5405405405405406,0.5130718954248366
hyb_fpde_grid,0.3347926072300291,0.21253644139325034,0.5971444628986341,0.16840600739810058,0.46596853506433167,0.17275111456695583,0.006179879101352021,7.350291775929155e-05,148,1,0.5405405405405406,0.5130718954248366
lime,-0.006884123333810436,0.18921681698955717,0.28746223194165943,0.11214191289621189,0.1402890543039245,0.12914469499167297,0.013285012243244217,0.00020887990683111525,148,1,0.5405405405405406,0.5130718954248366
shap,0.3883638488394796,0.20048858057113567,0.6748317135969633,0.1578292209148617,0.5315977812182215,0.16516317135036124,0.1718726939662134,0.013340041533310903,148,1,0.5405405405405406,0.5130718954248366
