task_id,dataset_name,method,deletion_drop_auc,insertion_auc,combined_score,runtime_seconds,attr_l1_norm,mean_abs_exactness_residual,test_accuracy,test_balanced_accuracy,n_features_transformed,n_classes,ok
146819,climate-model-simulation-crashes,aime,0.11553320216756616,0.9696237261101817,0.5425784641388739,0.004845035814815744,3.7437557015507923,,0.9629629629629629,0.865,18,2,54
146819,climate-model-simulation-crashes,cos_fpde,0.11512847565234541,0.9697876181254458,0.5424580468888957,0.003624391870370455,1.1890366534565475,6.617648815763375e-17,0.9629629629629629,0.865,18,2,54
146819,climate-model-simulation-crashes,diff_fpde,0.11021577873111188,0.9588618008165491,0.5345387897738305,0.003597226814815397,10.75359762966433,2.6100520921511782e-15,0.9629629629629629,0.865,18,2,54
146819,climate-model-simulation-crashes,hyb_fpde_grid,0.11512847565234541,0.9697876181254458,0.5424580468888957,0.005415135203703185,1.0,6.392777254062678e-17,0.9629629629629629,0.865,18,2,54
146819,climate-model-simulation-crashes,lime,0.03788205345443973,0.9333005394953529,0.4855912964748963,0.009797492944444899,0.20724710565495494,,0.9629629629629629,0.865,18,2,54
146819,climate-model-simulation-crashes,shap,0.07531145146526912,0.9296385139993403,0.5024749827323047,0.034829889814816356,4.621900870637754,,0.9629629629629629,0.865,18,2,54
