task_id,dataset_name,method,deletion_drop_auc,insertion_auc,combined_score,runtime_seconds,attr_l1_norm,mean_abs_exactness_residual,test_accuracy,test_balanced_accuracy,n_features_transformed,n_classes,ok
9971,ilpd,aime,0.0671433796143611,0.8344644559567822,0.4508039177855716,0.0044907745084753195,4.106077740949618,,0.6610169491525424,0.5343137254901961,11,2,59
9971,ilpd,cos_fpde,0.08750083427861088,0.8496807154806328,0.46859077487962186,0.00347640454237479,1.3090244772460287,8.53836775294347e-17,0.6610169491525424,0.5343137254901961,11,2,59
9971,ilpd,diff_fpde,0.08725188543264992,0.8471381205738465,0.46719500300324823,0.003436444830508306,3.9096389943262895,2.5859728671035954e-15,0.6610169491525424,0.5343137254901961,11,2,59
9971,ilpd,hyb_fpde_grid,0.08750083427861088,0.8496807154806328,0.46859077487962186,0.005192694711864452,1.0,6.268526187767038e-17,0.6610169491525424,0.5343137254901961,11,2,59
9971,ilpd,lime,-0.04067694105307257,0.7437438064196292,0.35153343268327836,0.008836922915253884,0.21747738121653343,,0.6610169491525424,0.5343137254901961,11,2,59
9971,ilpd,shap,-0.00817129602392097,0.7528817153021055,0.3723552096390923,0.03189433147457545,2.882333675255686,,0.6610169491525424,0.5343137254901961,11,2,59
