task_id,dataset_name,method,deletion_drop_auc,insertion_auc,combined_score,runtime_seconds,attr_l1_norm,mean_abs_exactness_residual,test_accuracy,test_balanced_accuracy,n_features_transformed,n_classes,ok
9977,nomao,aime,0.2911449318352246,0.9332116904667793,0.612178311151002,0.02412838043500045,26.66990407497121,,0.964897011894401,0.9568237970747551,174,2,200
9977,nomao,cos_fpde,0.3001188034378602,0.9365984255651998,0.61835861450153,0.020628510824998614,1.3147663179099243,1.1438766600591066e-16,0.964897011894401,0.9568237970747551,174,2,200
9977,nomao,diff_fpde,0.2519480606256159,0.9084713393230248,0.5802096999743204,0.020791562369997223,74.82100743648131,1.3504752871540404e-14,0.964897011894401,0.9568237970747551,174,2,200
9977,nomao,hyb_fpde_grid,0.3001188034378602,0.9365984255651998,0.61835861450153,0.04060114245000193,1.0,5.951619405641929e-17,0.964897011894401,0.9568237970747551,174,2,200
9977,nomao,lime,0.052548387217550264,0.7283567476124034,0.3904525674149768,0.06037213013000226,1.3398804828099786,,0.964897011894401,0.9568237970747551,174,2,200
9977,nomao,shap,0.1492645173345516,0.7453590340530333,0.4473117756937925,0.0692767149049996,5.398688792461737,,0.964897011894401,0.9568237970747551,174,2,200
