method,mean_deletion_drop_auc,std_deletion_drop_auc,mean_insertion_auc,std_insertion_auc,mean_combined_score,std_combined_score,mean_runtime_seconds,std_runtime_seconds,completed_instances,completed_tasks,mean_test_accuracy,mean_test_balanced_accuracy
aime,0.3062610034421404,0.17871803005472645,0.45468694208142046,0.13632845430946433,0.38047397276178047,0.13597253814291513,0.08796481924500085,0.0065008494944169895,200,1,0.5033333333333333,0.5033333333333333
cos_fpde,0.3027416028482108,0.17453442776264735,0.3876270685253988,0.166800652441456,0.3451843356868048,0.14356887345048117,0.04575575934500648,0.0008518959937963498,200,1,0.5033333333333333,0.5033333333333333
diff_fpde,0.2925381491037885,0.17515436781380556,0.37636932115861027,0.15065589382679997,0.3344537351311994,0.14055901857139094,0.04581527826997899,0.002097757246983659,200,1,0.5033333333333333,0.5033333333333333
hyb_fpde_grid,0.3027416028482108,0.17453442776264735,0.3876270685253988,0.166800652441456,0.3451843356868048,0.14356887345048117,1.1001835860150164,0.011479810199922873,200,1,0.5033333333333333,0.5033333333333333
lime,0.18390015633449516,0.18742071063783275,0.23261286984755014,0.11217128382460953,0.20825651309102267,0.12454778545182961,0.6582507373249973,0.07388911411119574,200,1,0.5033333333333333,0.5033333333333333
shap,0.35621800880143034,0.18504767110805675,0.6738125580846911,0.13499714689174236,0.5150152834430607,0.1439728950157559,0.6325256699600027,0.016225470660410465,200,1,0.5033333333333333,0.5033333333333333
