task_id,dataset_name,method,deletion_drop_auc,insertion_auc,combined_score,runtime_seconds,attr_l1_norm,mean_abs_exactness_residual,test_accuracy,test_balanced_accuracy,n_features_transformed,n_classes,ok
3560,analcatdata_dmft,aime,0.1937425487601971,0.27009416211645365,0.23191835543832537,0.005050302650000305,3.9949283194846243,,0.1875,0.19738247863247863,21,6,80
3560,analcatdata_dmft,cos_fpde,0.19853689926324503,0.26293488243199414,0.23073589084761958,0.0038731480374998737,0.9195822481869994,7.303185833862358e-17,0.1875,0.19738247863247863,21,6,80
3560,analcatdata_dmft,diff_fpde,0.19933123833304653,0.25992182260680985,0.22962653046992818,0.003805483837498258,0.6392583808711978,3.090409872452682e-16,0.1875,0.19738247863247863,21,6,80
3560,analcatdata_dmft,hyb_fpde_grid,0.19853689926324503,0.26293488243199414,0.23073589084761958,0.0059486417249988936,1.0,6.507381439257998e-17,0.1875,0.19738247863247863,21,6,80
3560,analcatdata_dmft,lime,0.036679750103917816,0.13632601049551052,0.08650288029971417,0.013713323437500691,0.14786138991907427,,0.1875,0.19738247863247863,21,6,80
3560,analcatdata_dmft,shap,0.2210238333656299,0.2982254074857282,0.259624620425679,0.22430064964999907,1.8356868559163675,,0.1875,0.19738247863247863,21,6,80
