method,mean_deletion_drop_auc,std_deletion_drop_auc,mean_insertion_auc,std_insertion_auc,mean_combined_score,std_combined_score,mean_runtime_seconds,std_runtime_seconds,completed_instances,completed_tasks,mean_test_accuracy,mean_test_balanced_accuracy
aime,0.1937425487601971,0.10676897741727849,0.27009416211645365,0.06439492422116945,0.23191835543832537,0.07434053167233913,0.005050302650000305,0.00012211282614254366,80,1,0.1875,0.19738247863247863
cos_fpde,0.19853689926324503,0.09961632217969182,0.26293488243199414,0.07354607163383513,0.23073589084761958,0.06682613922817496,0.0038731480374998737,0.0003445467914745321,80,1,0.1875,0.19738247863247863
diff_fpde,0.19933123833304653,0.105268513384687,0.25992182260680985,0.07010992188709388,0.22962653046992818,0.06862236247074548,0.003805483837498258,4.116521939543638e-05,80,1,0.1875,0.19738247863247863
hyb_fpde_grid,0.19853689926324503,0.09961632217969182,0.26293488243199414,0.07354607163383513,0.23073589084761958,0.06682613922817496,0.0059486417249988936,3.9692299552960025e-05,80,1,0.1875,0.19738247863247863
lime,0.036679750103917816,0.1221214154608017,0.13632601049551052,0.0428151168442486,0.08650288029971417,0.06950345428316512,0.013713323437500691,0.0002508955517713931,80,1,0.1875,0.19738247863247863
shap,0.2210238333656299,0.09492243335366109,0.2982254074857282,0.06725510193992498,0.259624620425679,0.06028944899888266,0.22430064964999907,0.024266350999602226,80,1,0.1875,0.19738247863247863
