task_id,dataset_name,method,deletion_drop_auc,insertion_auc,combined_score,runtime_seconds,attr_l1_norm,mean_abs_exactness_residual,test_accuracy,test_balanced_accuracy,n_features_transformed,n_classes,ok
14965,bank-marketing,aime,0.5976337495605645,0.7646867552311092,0.6811602523958368,0.011723965704998989,6.995992298701229,,0.9071207430340558,0.7030597496469483,51,2,200
14965,bank-marketing,cos_fpde,0.534656648179342,0.7133402677747478,0.6239984579770449,0.009844011739999985,1.0135357652954025,6.9111383282916e-17,0.9071207430340558,0.7030597496469483,51,2,200
14965,bank-marketing,diff_fpde,0.546219863903247,0.7229670041543191,0.634593434028783,0.009540407434998741,5.34755273575709,2.1291302054748938e-15,0.9071207430340558,0.7030597496469483,51,2,200
14965,bank-marketing,hyb_fpde_grid,0.546219863903247,0.7229670041543191,0.634593434028783,0.03206660854999981,1.0,1.1111120704065946e-16,0.9071207430340558,0.7030597496469483,51,2,200
14965,bank-marketing,lime,0.10058907779997445,0.27875603443313707,0.18967255611655573,0.01851901326000032,0.6846443890644335,,0.9071207430340558,0.7030597496469483,51,2,200
14965,bank-marketing,shap,0.14046715697749806,0.3109433160891536,0.22570523653332583,0.07577644446499904,3.3126384488518426,,0.9071207430340558,0.7030597496469483,51,2,200
