method,mean_deletion_drop_auc,std_deletion_drop_auc,mean_insertion_auc,std_insertion_auc,mean_combined_score,std_combined_score,mean_runtime_seconds,std_runtime_seconds,completed_instances,completed_tasks,mean_test_accuracy,mean_test_balanced_accuracy
aime,0.5976337495605645,0.17502304243320196,0.7646867552311092,0.1190316797707862,0.6811602523958368,0.11429790853883237,0.011723965704998989,0.0052318650465778375,200,1,0.9071207430340558,0.7030597496469483
cos_fpde,0.534656648179342,0.16594586613439574,0.7133402677747478,0.1480078622384136,0.6239984579770449,0.11862970883934104,0.009844011739999985,0.004415844760650864,200,1,0.9071207430340558,0.7030597496469483
diff_fpde,0.546219863903247,0.1691075382327062,0.7229670041543191,0.14483720918363183,0.634593434028783,0.11934161421799423,0.009540407434998741,0.00450764021267101,200,1,0.9071207430340558,0.7030597496469483
hyb_fpde_grid,0.546219863903247,0.1691075382327062,0.7229670041543191,0.14483720918363183,0.634593434028783,0.11934161421799423,0.03206660854999981,0.0048893307320063365,200,1,0.9071207430340558,0.7030597496469483
lime,0.10058907779997445,0.1287183625909711,0.27875603443313707,0.08418645345459079,0.18967255611655573,0.06255007240701534,0.01851901326000032,0.008069322987569563,200,1,0.9071207430340558,0.7030597496469483
shap,0.14046715697749806,0.10287601367871577,0.3109433160891536,0.1645761434598088,0.22570523653332583,0.11211837928891975,0.07577644446499904,0.01633727902479946,200,1,0.9071207430340558,0.7030597496469483
