task_id,dataset_name,method,deletion_drop_auc,insertion_auc,combined_score,runtime_seconds,attr_l1_norm,mean_abs_exactness_residual,test_accuracy,test_balanced_accuracy,n_features_transformed,n_classes,ok
43,spambase,aime,0.5183095256474861,0.9016266357661958,0.7099680807068409,0.012044067550006048,7.106462969265116,,0.9349240780911063,0.9290440742053644,57,2,200
43,spambase,cos_fpde,0.5193438794117804,0.9016144993311818,0.7104791893714811,0.009710864894994984,1.1648267520097197,6.825269516230747e-17,0.9349240780911063,0.9290440742053644,57,2,200
43,spambase,diff_fpde,0.5239919138197439,0.894963794447999,0.7094778541338713,0.010299780315002637,19.059382297523808,1.25027765918162e-14,0.9349240780911063,0.9290440742053644,57,2,200
43,spambase,hyb_fpde_grid,0.524861817654996,0.8997857632288953,0.7123237904419456,0.015819117899999357,0.9997549273487326,5.07189776288719e-17,0.9349240780911063,0.9290440742053644,57,2,200
43,spambase,lime,0.015998730302676442,0.4307974456175481,0.22339808796011226,0.01883389685999987,0.7200686574280719,,0.9349240780911063,0.9290440742053644,57,2,200
43,spambase,shap,0.2835156010523383,0.6476627036322467,0.4655891523422925,0.08283930852999902,6.816855057097467,,0.9349240780911063,0.9290440742053644,57,2,200
