method,mean_deletion_drop_auc,std_deletion_drop_auc,mean_insertion_auc,std_insertion_auc,mean_combined_score,std_combined_score,mean_runtime_seconds,std_runtime_seconds,completed_instances,completed_tasks,mean_test_accuracy,mean_test_balanced_accuracy
aime,0.5183095256474861,0.2732873366644611,0.9016266357661958,0.11719242759063937,0.7099680807068409,0.1121222600400678,0.012044067550006048,0.005913973151917582,200,1,0.9349240780911063,0.9290440742053644
cos_fpde,0.5193438794117804,0.2724402251837776,0.9016144993311818,0.11708608675305342,0.7104791893714811,0.11179178333539648,0.009710864894994984,0.00395644658090409,200,1,0.9349240780911063,0.9290440742053644
diff_fpde,0.5239919138197439,0.27193619330390945,0.894963794447999,0.12436289090495753,0.7094778541338713,0.1116203520338869,0.010299780315002637,0.0035151223503268048,200,1,0.9349240780911063,0.9290440742053644
hyb_fpde_grid,0.524861817654996,0.27315514997777546,0.8997857632288953,0.11909585147625021,0.7123237904419456,0.11304947474891146,0.015819117899999357,0.005530245282633748,200,1,0.9349240780911063,0.9290440742053644
lime,0.015998730302676442,0.13366801943708745,0.4307974456175481,0.29293780703257083,0.22339808796011226,0.1551383403959984,0.01883389685999987,0.00676316045926401,200,1,0.9349240780911063,0.9290440742053644
shap,0.2835156010523383,0.4483522710139416,0.6476627036322467,0.2958520302907665,0.4655891523422925,0.34199438441699426,0.08283930852999902,0.013289214785602394,200,1,0.9349240780911063,0.9290440742053644
