task_id,dataset_name,method,deletion_drop_auc,insertion_auc,combined_score,runtime_seconds,attr_l1_norm,mean_abs_exactness_residual,test_accuracy,test_balanced_accuracy,n_features_transformed,n_classes,ok
167125,Internet-Advertisements,aime,0.23143963181164687,0.9836685858925103,0.6075541088520785,0.08603745664999679,53.41402452242021,,0.9664634146341463,0.9077243293246994,3113,2,200
167125,Internet-Advertisements,cos_fpde,0.23313924059938723,0.9839204111584778,0.6085298258789326,0.045672128424995434,0.5929789074580863,2.1230413260742155e-16,0.9664634146341463,0.9077243293246994,3113,2,200
167125,Internet-Advertisements,diff_fpde,0.21271351515402995,0.9813342449044354,0.5970238800292327,0.04575552637499641,8.794336157718641,2.7067237340361315e-15,0.9664634146341463,0.9077243293246994,3113,2,200
167125,Internet-Advertisements,hyb_fpde_grid,0.23313924059938723,0.9839204111584778,0.6085298258789326,0.08264222447500799,1.0,1.10397802011164e-16,0.9664634146341463,0.9077243293246994,3113,2,200
167125,Internet-Advertisements,lime,0.03696660145567181,0.8861579649084558,0.4615622831820638,0.5748509647349971,2.386027829690923,,0.9664634146341463,0.9077243293246994,3113,2,200
167125,Internet-Advertisements,shap,0.16950093058735102,0.8910392717362486,0.5302701011617998,0.10496705276000114,3.5697663289639636,,0.9664634146341463,0.9077243293246994,3113,2,200
