task_id,dataset_name,method,deletion_drop_auc,insertion_auc,combined_score,runtime_seconds,attr_l1_norm,mean_abs_exactness_residual,test_accuracy,test_balanced_accuracy,n_features_transformed,n_classes,ok
2079,eucalyptus,aime,0.5593108012817853,0.7046869249385183,0.6319988631101517,0.01147259740540626,8.614176349794796,,0.6081081081081081,0.5583971583971584,91,5,74
2079,eucalyptus,cos_fpde,0.49902335605291587,0.6352118144314057,0.5671175852421608,0.011447496878378966,0.667201910372423,9.754010193385131e-17,0.6081081081081081,0.5583971583971584,91,5,74
2079,eucalyptus,diff_fpde,0.5370703269226086,0.6717560993142057,0.6044132131184071,0.010053170405405359,7.156147909695859,2.300899711001021e-15,0.6081081081081081,0.5583971583971584,91,5,74
2079,eucalyptus,hyb_fpde_grid,0.5612450529678271,0.6990169574936884,0.6301310052307577,0.0157784873378373,0.9661273186582015,6.169989444285076e-17,0.6081081081081081,0.5583971583971584,91,5,74
2079,eucalyptus,lime,0.20485143361479705,0.43368056328427,0.3192659984495335,0.03236243885135216,0.7934869209436554,,0.6081081081081081,0.5583971583971584,91,5,74
2079,eucalyptus,shap,0.5800593868831364,0.8058979596040861,0.6929786732436112,0.2360417507432446,4.4194038618645015,,0.6081081081081081,0.5583971583971584,91,5,74
