method,mean_deletion_drop_auc,std_deletion_drop_auc,mean_insertion_auc,std_insertion_auc,mean_combined_score,std_combined_score,mean_runtime_seconds,std_runtime_seconds,completed_instances,completed_tasks,mean_test_accuracy,mean_test_balanced_accuracy
aime,0.7994237947522416,0.22912396082566563,0.8453777810331041,0.11881757237430009,0.8224007878926729,0.11407239747265417,0.033163370910000795,0.009133640332954452,200,1,0.96,0.96
cos_fpde,0.7828305585345745,0.2628329644957528,0.733168757162567,0.20448408424145953,0.7579996578485708,0.13064027033159545,0.017215705954999407,0.0062287971031296605,200,1,0.96,0.96
diff_fpde,0.7422692367763617,0.2702902293655953,0.7099349594443257,0.18609971342411769,0.7261020981103437,0.13527489278337834,0.022736955544999802,0.00567743621846533,200,1,0.96,0.96
hyb_fpde_grid,0.7828305585345745,0.2628329644957528,0.733168757162567,0.20448408424145953,0.7579996578485708,0.13064027033159545,0.0157637762900022,0.004022304579153467,200,1,0.96,0.96
lime,0.4925181709701693,0.321661642263074,0.36468933580958074,0.3036298964976108,0.428603753389875,0.1991883318418883,0.15507688059999977,0.0669835082054502,200,1,0.96,0.96
shap,0.8379300463619153,0.23736657165417938,0.9278663073231347,0.06637155703575202,0.882898176842525,0.11988841920911403,0.5643061995800016,0.021344332580727363,200,1,0.96,0.96
