method,mean_deletion_drop_auc,std_deletion_drop_auc,mean_insertion_auc,std_insertion_auc,mean_combined_score,std_combined_score,mean_runtime_seconds,std_runtime_seconds,completed_instances,completed_tasks,mean_test_accuracy,mean_test_balanced_accuracy
aime,0.6702388602881575,0.23174491491349128,0.6688445822600824,0.17915555674735392,0.6695417212741199,0.1812465465067973,0.06353603522501658,0.008733230553376001,200,1,0.8928571428571429,0.8928571428571427
cos_fpde,0.6889913688880382,0.2199878310014836,0.6103067620628364,0.22595213989651466,0.6496490654754373,0.17470949836527816,0.017209756280009286,0.0002656419380082786,200,1,0.8928571428571429,0.8928571428571427
diff_fpde,0.6752484550811966,0.2252821656725669,0.6022760851687932,0.20808132597214157,0.6387622701249949,0.17538289274355345,0.019650086395017752,0.0037569161148081624,200,1,0.8928571428571429,0.8928571428571427
hyb_fpde_grid,0.6889913688880382,0.2199878310014836,0.6103067620628364,0.22595213989651466,0.6496490654754373,0.17470949836527816,0.3015677421900034,0.005985208300983386,200,1,0.8928571428571429,0.8928571428571427
lime,0.28929362489774774,0.18986657481626174,0.2486483956705341,0.14207372489775708,0.26897101028414094,0.09904091807537721,0.29640247694999516,0.0739331001292817,200,1,0.8928571428571429,0.8928571428571427
shap,0.79396955359516,0.20561272657018978,0.8922135566867421,0.07226637256223581,0.8430915551409509,0.12965286557939387,0.597620896299993,0.01893383179907684,200,1,0.8928571428571429,0.8928571428571427
