task_id,dataset_name,method,deletion_drop_auc,insertion_auc,combined_score,runtime_seconds,attr_l1_norm,mean_abs_exactness_residual,test_accuracy,test_balanced_accuracy,n_features_transformed,n_classes,ok
146825,Fashion-MNIST,aime,0.6702388602881575,0.6688445822600824,0.6695417212741199,0.06353603522501658,106.2692663829892,,0.8928571428571429,0.8928571428571427,784,10,200
146825,Fashion-MNIST,cos_fpde,0.6889913688880382,0.6103067620628364,0.6496490654754373,0.017209756280009286,0.6444961302265756,6.855627177060342e-17,0.8928571428571429,0.8928571428571427,784,10,200
146825,Fashion-MNIST,diff_fpde,0.6752484550811966,0.6022760851687932,0.6387622701249949,0.019650086395017752,471.754407755589,5.285549775635445e-14,0.8928571428571429,0.8928571428571427,784,10,200
146825,Fashion-MNIST,hyb_fpde_grid,0.6889913688880382,0.6103067620628364,0.6496490654754373,0.3015677421900034,1.0,4.4677803123782665e-17,0.8928571428571429,0.8928571428571427,784,10,200
146825,Fashion-MNIST,lime,0.28929362489774774,0.2486483956705341,0.26897101028414094,0.29640247694999516,2.6105211496026413,,0.8928571428571429,0.8928571428571427,784,10,200
146825,Fashion-MNIST,shap,0.79396955359516,0.8922135566867421,0.8430915551409509,0.597620896299993,7.914787534566805,,0.8928571428571429,0.8928571428571427,784,10,200
