task_id,dataset_name,method,deletion_drop_auc,insertion_auc,combined_score,runtime_seconds,attr_l1_norm,mean_abs_exactness_residual,test_accuracy,test_balanced_accuracy,n_features_transformed,n_classes,ok
3021,sick,aime,0.05563267268731931,0.9971190470585182,0.5263758598729188,0.010998046760000477,6.193640353241255,,0.9947089947089947,0.9565217391304348,53,2,200
3021,sick,cos_fpde,0.05621009963652759,0.9970304052243506,0.5266202524304391,0.009540345799999343,1.1840339924588656,9.18709552877317e-17,0.9947089947089947,0.9565217391304348,53,2,200
3021,sick,diff_fpde,0.056578447865139846,0.9970735113450071,0.5268259796050735,0.01019928066000091,7.84635293799099,1.659783421814609e-15,0.9947089947089947,0.9565217391304348,53,2,200
3021,sick,hyb_fpde_grid,0.05621009963652759,0.9970304052243506,0.5266202524304391,0.015234941734999978,1.0,9.177554549655298e-17,0.9947089947089947,0.9565217391304348,53,2,200
3021,sick,lime,0.009237686972243002,0.946280988954356,0.4777593379632995,0.018813528554999265,0.32793452224758474,,0.9947089947089947,0.9565217391304348,53,2,200
3021,sick,shap,0.04608319788543049,0.9700652530038343,0.5080742254446323,0.07080480529000113,2.1785526187792565,,0.9947089947089947,0.9565217391304348,53,2,200
