method,mean_deletion_drop_auc,std_deletion_drop_auc,mean_insertion_auc,std_insertion_auc,mean_combined_score,std_combined_score,mean_runtime_seconds,std_runtime_seconds,completed_instances,completed_tasks,mean_test_accuracy,mean_test_balanced_accuracy
aime,0.046390024806274396,0.16829927419437346,0.9264904462340624,0.15298023681316472,0.48644023552016835,0.05066973524323657,0.010460314522293096,0.0034732475589136593,157,1,0.8535031847133758,0.5305851063829787
cos_fpde,0.046360786969920194,0.16837838679855435,0.9262225311055553,0.15320064465341107,0.48629165903773774,0.05072413352501828,0.00837136159872466,0.003967117887874143,157,1,0.8535031847133758,0.5305851063829787
diff_fpde,0.04413635652213878,0.1685849318320601,0.9209248672045307,0.15697482945298324,0.4825306118633347,0.05475079064038761,0.008168067726114931,0.004138660928756577,157,1,0.8535031847133758,0.5305851063829787
hyb_fpde_grid,0.046360786969920194,0.16837838679855435,0.9262225311055553,0.15320064465341107,0.48629165903773774,0.05072413352501828,0.012924698503184118,0.004914829200816039,157,1,0.8535031847133758,0.5305851063829787
lime,0.06320225624513293,0.17753471277596738,0.8681067677798987,0.14482839179767065,0.46565451201251584,0.07646221342816248,0.01570516531847201,0.0050232799371553415,157,1,0.8535031847133758,0.5305851063829787
shap,0.015099095444292122,0.20495509925130698,0.7990758110373013,0.1661750404827402,0.4070874532407967,0.13688632078765897,0.07621359131210258,0.016897295634004973,157,1,0.8535031847133758,0.5305851063829787
