task_id,dataset_name,method,deletion_drop_auc,insertion_auc,combined_score,runtime_seconds,attr_l1_norm,mean_abs_exactness_residual,test_accuracy,test_balanced_accuracy,n_features_transformed,n_classes,ok
3560,analcatdata_dmft,aime,0.164871050064087,0.2899009348612869,0.22738599246268693,0.005565467162502102,4.518107164923828,,0.275,0.2751831501831502,21,6,80
3560,analcatdata_dmft,cos_fpde,0.1601945414209244,0.2690435121270064,0.21461902677396538,0.004334564587499301,0.9824640560630618,5.551115123125783e-17,0.275,0.2751831501831502,21,6,80
3560,analcatdata_dmft,diff_fpde,0.15546773143201673,0.26982279002216314,0.21264526072708995,0.004286173687500394,0.6481446756609838,4.016752208624297e-16,0.275,0.2751831501831502,21,6,80
3560,analcatdata_dmft,hyb_fpde_grid,0.1601100915824935,0.26904339828944285,0.21457674493596818,0.006728411999998229,1.0,5.169475958410885e-17,0.275,0.2751831501831502,21,6,80
3560,analcatdata_dmft,lime,0.0028597041978845857,0.1346773345853705,0.06876851939162755,0.01634952712499782,0.13940262083144844,,0.275,0.2751831501831502,21,6,80
3560,analcatdata_dmft,shap,0.19117448054800873,0.3079829466674989,0.24957871360775385,0.22307875964999652,1.6160218981658758,,0.275,0.2751831501831502,21,6,80
