method,mean_deletion_drop_auc,std_deletion_drop_auc,mean_insertion_auc,std_insertion_auc,mean_combined_score,std_combined_score,mean_runtime_seconds,std_runtime_seconds,completed_instances,completed_tasks,mean_test_accuracy,mean_test_balanced_accuracy
aime,0.164871050064087,0.0863659185388131,0.2899009348612869,0.051493703475920055,0.22738599246268693,0.06011171873440665,0.005565467162502102,8.280613512511712e-05,80,1,0.275,0.2751831501831502
cos_fpde,0.1601945414209244,0.08756713283710874,0.2690435121270064,0.05512237486657858,0.21461902677396538,0.059045995060870694,0.004334564587499301,7.03772940252931e-05,80,1,0.275,0.2751831501831502
diff_fpde,0.15546773143201673,0.08760102516301799,0.26982279002216314,0.054004351540495564,0.21264526072708995,0.05871766410660519,0.004286173687500394,6.148862019915219e-05,80,1,0.275,0.2751831501831502
hyb_fpde_grid,0.1601100915824935,0.08746662565241851,0.26904339828944285,0.05512212729950029,0.21457674493596818,0.0589657270427009,0.006728411999998229,0.00011563252657698973,80,1,0.275,0.2751831501831502
lime,0.0028597041978845857,0.07505915406142835,0.1346773345853705,0.0365426622152124,0.06876851939162755,0.04966085259542501,0.01634952712499782,0.00033939742180726155,80,1,0.275,0.2751831501831502
shap,0.19117448054800873,0.08499776551289984,0.3079829466674989,0.05587617492437259,0.24957871360775385,0.06402971049435027,0.22307875964999652,0.02276103336052234,80,1,0.275,0.2751831501831502
