task_id,dataset_name,method,deletion_drop_auc,insertion_auc,combined_score,runtime_seconds,attr_l1_norm,mean_abs_exactness_residual,test_accuracy,test_balanced_accuracy,n_features_transformed,n_classes,ok
146824,mfeat-pixel,aime,0.7985014120446563,0.843483490557639,0.8209924513011476,0.03431896698499969,48.82795760883197,,0.955,0.9549999999999998,240,10,200
146824,mfeat-pixel,cos_fpde,0.7860230799754485,0.7406261472282124,0.7633246136018305,0.01959180309500226,1.0085963505302806,5.80785419757035e-17,0.955,0.9549999999999998,240,10,200
146824,mfeat-pixel,diff_fpde,0.7538994303115589,0.7139553384204395,0.7339273843659992,0.02509564263500181,247.78643949879023,1.9499957204516248e-14,0.955,0.9549999999999998,240,10,200
146824,mfeat-pixel,hyb_fpde_grid,0.7860230799754485,0.7406261472282124,0.7633246136018305,0.01689046747500072,1.0,4.750106558093492e-17,0.955,0.9549999999999998,240,10,200
146824,mfeat-pixel,lime,0.4435437931436961,0.3569180409511694,0.4002309170474328,0.1540160431800021,1.0796545690114498,,0.955,0.9549999999999998,240,10,200
146824,mfeat-pixel,shap,0.8373195025725895,0.9180029803130441,0.8776612414428168,0.5911656131550024,9.561829858570523,,0.955,0.9549999999999998,240,10,200
