task_id,dataset_name,method,deletion_drop_auc,insertion_auc,combined_score,runtime_seconds,attr_l1_norm,mean_abs_exactness_residual,test_accuracy,test_balanced_accuracy,n_features_transformed,n_classes,ok
32,pendigits,aime,0.7769322437506694,0.7600319848046715,0.7684821142776704,0.005171464035005329,4.9828775825914615,,0.990909090909091,0.9907376932898282,16,10,200
32,pendigits,cos_fpde,0.7704847232692237,0.6572457837586483,0.7138652535139358,0.004154634430000783,1.0159402766045285,7.851358452271029e-17,0.990909090909091,0.9907376932898282,16,10,200
32,pendigits,diff_fpde,0.687526081102984,0.5498081237925313,0.6186671024477577,0.004080877749995011,18.936153798608956,1.6509016376176077e-15,0.990909090909091,0.9907376932898282,16,10,200
32,pendigits,hyb_fpde_grid,0.7704847232692237,0.6572457837586483,0.7138652535139358,0.011976390505000722,1.0,5.712444406391626e-17,0.990909090909091,0.9907376932898282,16,10,200
32,pendigits,lime,0.4619567370406588,0.47244949257730523,0.467203114808982,0.026031161529998598,0.3641308980001249,,0.990909090909091,0.9907376932898282,16,10,200
32,pendigits,shap,0.8581818204908752,0.8934700281543512,0.8758259243226132,0.5386712276899976,9.540102955740373,,0.990909090909091,0.9907376932898282,16,10,200
