method,mean_deletion_drop_auc,std_deletion_drop_auc,mean_insertion_auc,std_insertion_auc,mean_combined_score,std_combined_score,mean_runtime_seconds,std_runtime_seconds,completed_instances,completed_tasks,mean_test_accuracy,mean_test_balanced_accuracy
aime,0.7769322437506694,0.11838145263006189,0.7600319848046715,0.16623627029458024,0.7684821142776704,0.12124348884836315,0.005171464035005329,9.667213902225626e-05,200,1,0.990909090909091,0.9907376932898282
cos_fpde,0.7704847232692237,0.14382160148073359,0.6572457837586483,0.22448669359078352,0.7138652535139358,0.14776873808321694,0.004154634430000783,0.0009821785801676297,200,1,0.990909090909091,0.9907376932898282
diff_fpde,0.687526081102984,0.19718409620457236,0.5498081237925313,0.23359179141174816,0.6186671024477577,0.16926299840695816,0.004080877749995011,0.0007193066101876783,200,1,0.990909090909091,0.9907376932898282
hyb_fpde_grid,0.7704847232692237,0.14382160148073359,0.6572457837586483,0.22448669359078352,0.7138652535139358,0.14776873808321694,0.011976390505000722,0.0016417463047751959,200,1,0.990909090909091,0.9907376932898282
lime,0.4619567370406588,0.3115467895857872,0.47244949257730523,0.3185891574607783,0.467203114808982,0.2828402463209525,0.026031161529998598,0.0008174920664122154,200,1,0.990909090909091,0.9907376932898282
shap,0.8581818204908752,0.08681041882162932,0.8934700281543512,0.07868961664726573,0.8758259243226132,0.05641492848469752,0.5386712276899976,0.015927435872986524,200,1,0.990909090909091,0.9907376932898282
