task_id,dataset_name,method,deletion_drop_auc,insertion_auc,combined_score,runtime_seconds,attr_l1_norm,mean_abs_exactness_residual,test_accuracy,test_balanced_accuracy,n_features_transformed,n_classes,ok
9981,cnae-9,aime,0.8044284443401426,0.9225493025175729,0.8634888734288578,0.05875304257407468,4.60774474160761,,0.8981481481481481,0.898148148148148,856,9,108
9981,cnae-9,cos_fpde,0.7587591162710583,0.6083407625411309,0.6835499394060945,0.017190123518518244,0.4090976186678812,1.1098616239009947e-16,0.8981481481481481,0.898148148148148,856,9,108
9981,cnae-9,diff_fpde,0.7776628576637101,0.5405063288106207,0.6590845932371653,0.01818676554629714,102.12250907416124,5.781178005450884e-14,0.8981481481481481,0.898148148148148,856,9,108
9981,cnae-9,hyb_fpde_grid,0.7587591162710583,0.6083407625411309,0.6835499394060945,0.026459702120368276,1.0,1.006460861154692e-16,0.8981481481481481,0.898148148148148,856,9,108
9981,cnae-9,lime,0.5555077306462864,0.3820117170564305,0.4687597238513584,0.3118739814351867,5.100828017225173,,0.8981481481481481,0.898148148148148,856,9,108
9981,cnae-9,shap,0.7865909807126438,0.6603557771349331,0.7234733789237885,0.33242587782407423,7.343601470967447,,0.8981481481481481,0.898148148148148,856,9,108
