method,mean_deletion_drop_auc,std_deletion_drop_auc,mean_insertion_auc,std_insertion_auc,mean_combined_score,std_combined_score,mean_runtime_seconds,std_runtime_seconds,completed_instances,completed_tasks,mean_test_accuracy,mean_test_balanced_accuracy
aime,0.5918790219858144,0.25154228054565214,0.7394888534588762,0.18075531542510626,0.6656839377223452,0.1425897390856029,0.010629653274998105,0.002888763385606737,200,1,0.91601866251944,0.8970659345415871
cos_fpde,0.46338712318565733,0.2602507037677598,0.6155275525853536,0.2817642042764818,0.5394573378855054,0.20000927920867942,0.007899913954999676,0.003571947903218434,200,1,0.91601866251944,0.8970659345415871
diff_fpde,0.4635236238164539,0.25580505451032376,0.6425466320323491,0.21199476941402154,0.5530351279244016,0.16072555042166287,0.00772282897999915,0.00360046272070744,200,1,0.91601866251944,0.8970659345415871
hyb_fpde_grid,0.4629484023770556,0.2549149408763142,0.6423085097086653,0.21394020569582498,0.5526284560428605,0.16012175547979413,0.014180955065001229,0.00483173508836126,200,1,0.91601866251944,0.8970659345415871
lime,0.3535404299863469,0.30637861820851736,0.5259339047938051,0.32521918301483826,0.439737167390076,0.2660538152426271,0.024028641694999776,0.005260618457845855,200,1,0.91601866251944,0.8970659345415871
shap,0.652827154782269,0.24133206815525526,0.8585863612618557,0.11711843425946819,0.7557067580220624,0.12316062845105905,0.3592808019900005,0.02181533299190148,200,1,0.91601866251944,0.8970659345415871
