task_id,dataset_name,method,deletion_drop_auc,insertion_auc,combined_score,runtime_seconds,attr_l1_norm,mean_abs_exactness_residual,test_accuracy,test_balanced_accuracy,n_features_transformed,n_classes,ok
2074,satimage,aime,0.5918790219858144,0.7394888534588762,0.6656839377223452,0.010629653274998105,14.195824689340904,,0.91601866251944,0.8970659345415871,36,6,200
2074,satimage,cos_fpde,0.46338712318565733,0.6155275525853536,0.5394573378855054,0.007899913954999676,0.7880743709744658,1.0373646386341306e-16,0.91601866251944,0.8970659345415871,36,6,200
2074,satimage,diff_fpde,0.4635236238164539,0.6425466320323491,0.5530351279244016,0.00772282897999915,38.66831139720803,4.082290061546701e-15,0.91601866251944,0.8970659345415871,36,6,200
2074,satimage,hyb_fpde_grid,0.4629484023770556,0.6423085097086653,0.5526284560428605,0.014180955065001229,0.9828416609698497,9.815932788814763e-17,0.91601866251944,0.8970659345415871,36,6,200
2074,satimage,lime,0.3535404299863469,0.5259339047938051,0.439737167390076,0.024028641694999776,0.6277411204121229,,0.91601866251944,0.8970659345415871,36,6,200
2074,satimage,shap,0.652827154782269,0.8585863612618557,0.7557067580220624,0.3592808019900005,6.6506155083006755,,0.91601866251944,0.8970659345415871,36,6,200
