method,mean_deletion_drop_auc,std_deletion_drop_auc,mean_insertion_auc,std_insertion_auc,mean_combined_score,std_combined_score,mean_runtime_seconds,std_runtime_seconds,completed_instances,completed_tasks,mean_test_accuracy,mean_test_balanced_accuracy
aime,0.8158400777086164,0.20123167167196662,0.803276286219354,0.2037323007873113,0.8095581819639852,0.17636997742259944,0.00606374305050538,6.74629283812632e-05,99,1,0.898989898989899,0.898989898989899
cos_fpde,0.7390113853216986,0.25279750605670365,0.5512516016433483,0.33513276457825336,0.6451314934825234,0.23826083508256865,0.004806901767677927,0.0004479430228865346,99,1,0.898989898989899,0.898989898989899
diff_fpde,0.734049295954436,0.25724048213180833,0.5994953828695899,0.30502186599488196,0.666772339412013,0.23876260966699267,0.004764128555556433,0.0005475845877306143,99,1,0.898989898989899,0.898989898989899
hyb_fpde_grid,0.7614802287752339,0.22740157490731872,0.5679393869353991,0.3308794349070078,0.6647098078553165,0.228307290950609,0.007601521656567194,0.00012484722524604307,99,1,0.898989898989899,0.898989898989899
lime,0.537620689816746,0.31820050248371734,0.3586678518254832,0.29047086985776355,0.44814427082111463,0.24297431911313475,0.03419241402020153,0.0022319152263122442,99,1,0.898989898989899,0.898989898989899
shap,0.8290533756150703,0.21517914501335467,0.8573541060004356,0.13246602445730615,0.843203740807753,0.14085262005099605,0.6032645648282818,0.023315605294411876,99,1,0.898989898989899,0.898989898989899
