method,mean_deletion_drop_auc,std_deletion_drop_auc,mean_insertion_auc,std_insertion_auc,mean_combined_score,std_combined_score,mean_runtime_seconds,std_runtime_seconds,completed_instances,completed_tasks,mean_test_accuracy,mean_test_balanced_accuracy
aime,0.03221708334016573,0.023451558892132907,0.5298918603028258,0.019160991914241747,0.28105447182149573,0.0187397299070337,0.005403435795000604,9.810412987325733e-05,200,1,0.5142234219269103,0.5132952417172618
cos_fpde,0.033246436430222244,0.02407112302460143,0.5306221819105413,0.01943939757633969,0.28193430917038176,0.019162550185760577,0.004213801364999626,0.0009795378949028577,200,1,0.5142234219269103,0.5132952417172618
diff_fpde,0.033253872321426944,0.024059249901311214,0.5306277541272175,0.019441028178905247,0.28194081322432224,0.019156993695456037,0.004172588984999237,0.0009932054214576078,200,1,0.5142234219269103,0.5132952417172618
hyb_fpde_grid,0.033253872321426944,0.024059249901311214,0.5306277541272175,0.019441028178905247,0.28194081322432224,0.019156993695456037,0.030291396539998204,0.002324881609965865,200,1,0.5142234219269103,0.5132952417172618
lime,0.02071991275896685,0.022213174719530417,0.5180259761668325,0.020007396247113104,0.2693729444628997,0.018976791634580173,0.010346174020000234,0.00015830009703445374,200,1,0.5142234219269103,0.5132952417172618
shap,0.016881152641565835,0.027027273320358303,0.5151438021727769,0.03656814775410097,0.2660124774071714,0.030038228413841468,0.06603586747000151,0.013590181405721633,200,1,0.5142234219269103,0.5132952417172618
