task_id,dataset_name,method,deletion_drop_auc,insertion_auc,combined_score,runtime_seconds,attr_l1_norm,mean_abs_exactness_residual,test_accuracy,test_balanced_accuracy,n_features_transformed,n_classes,ok
167120,numerai28.6,aime,0.03221708334016573,0.5298918603028258,0.28105447182149573,0.005403435795000604,7.540745442534432,,0.5142234219269103,0.5132952417172618,21,2,200
167120,numerai28.6,cos_fpde,0.033246436430222244,0.5306221819105413,0.28193430917038176,0.004213801364999626,1.5313208650852113,8.407337326321596e-17,0.5142234219269103,0.5132952417172618,21,2,200
167120,numerai28.6,diff_fpde,0.033253872321426944,0.5306277541272175,0.28194081322432224,0.004172588984999237,1.3082931881606366,2.6329979863071172e-15,0.5142234219269103,0.5132952417172618,21,2,200
167120,numerai28.6,hyb_fpde_grid,0.033253872321426944,0.5306277541272175,0.28194081322432224,0.030291396539998204,1.0,5.871063184226255e-17,0.5142234219269103,0.5132952417172618,21,2,200
167120,numerai28.6,lime,0.02071991275896685,0.5180259761668325,0.2693729444628997,0.010346174020000234,0.07330676940252397,,0.5142234219269103,0.5132952417172618,21,2,200
167120,numerai28.6,shap,0.016881152641565835,0.5151438021727769,0.2660124774071714,0.06603586747000151,0.3163592696258729,,0.5142234219269103,0.5132952417172618,21,2,200
