method,mean_deletion_drop_auc,std_deletion_drop_auc,mean_insertion_auc,std_insertion_auc,mean_combined_score,std_combined_score,mean_runtime_seconds,std_runtime_seconds,completed_instances,completed_tasks,mean_test_accuracy,mean_test_balanced_accuracy
aime,0.5938477819370387,0.2506080097657671,0.7345259283363869,0.186055856292979,0.6641868551367128,0.14688225640903033,0.01059656660499968,0.0038462127423777794,200,1,0.9175738724727839,0.902451933680021
cos_fpde,0.44648497847626883,0.24922684632530287,0.6017477662558508,0.2791579587706042,0.5241163723660598,0.19322237011924942,0.008404640599998743,0.0037417021159223646,200,1,0.9175738724727839,0.902451933680021
diff_fpde,0.4494614050824828,0.2507601012692735,0.6248220026107295,0.21500799118471275,0.5371417038466061,0.156932366997057,0.008290967580000483,0.004038974149895293,200,1,0.9175738724727839,0.902451933680021
hyb_fpde_grid,0.4494614050824828,0.2507601012692735,0.6248220026107295,0.21500799118471275,0.5371417038466061,0.156932366997057,0.014807097615001225,0.005635629965454606,200,1,0.9175738724727839,0.902451933680021
lime,0.3629921530200175,0.3225497301943323,0.5376837521967475,0.3110558201563647,0.45033795260838244,0.26605460927011443,0.02513197506499921,0.005115736652757429,200,1,0.9175738724727839,0.902451933680021
shap,0.6780866843627362,0.23412369725412646,0.8680232448311638,0.1176036793385963,0.7730549645969499,0.11560574983271513,0.3624514099650025,0.0236392662997768,200,1,0.9175738724727839,0.902451933680021
