task_id,dataset_name,method,deletion_drop_auc,insertion_auc,combined_score,runtime_seconds,attr_l1_norm,mean_abs_exactness_residual,test_accuracy,test_balanced_accuracy,n_features_transformed,n_classes,ok
2074,satimage,aime,0.5938477819370387,0.7345259283363869,0.6641868551367128,0.01059656660499968,14.435648732955105,,0.9175738724727839,0.902451933680021,36,6,200
2074,satimage,cos_fpde,0.44648497847626883,0.6017477662558508,0.5241163723660598,0.008404640599998743,0.8153452976567137,1.1006820455072842e-16,0.9175738724727839,0.902451933680021,36,6,200
2074,satimage,diff_fpde,0.4494614050824828,0.6248220026107295,0.5371417038466061,0.008290967580000483,42.058518748625914,4.369837824924616e-15,0.9175738724727839,0.902451933680021,36,6,200
2074,satimage,hyb_fpde_grid,0.4494614050824828,0.6248220026107295,0.5371417038466061,0.014807097615001225,1.0,9.407839091091219e-17,0.9175738724727839,0.902451933680021,36,6,200
2074,satimage,lime,0.3629921530200175,0.5376837521967475,0.45033795260838244,0.02513197506499921,0.6007165799294509,,0.9175738724727839,0.902451933680021,36,6,200
2074,satimage,shap,0.6780866843627362,0.8680232448311638,0.7730549645969499,0.3624514099650025,6.735565782744754,,0.9175738724727839,0.902451933680021,36,6,200
