task_id,dataset_name,method,deletion_drop_auc,insertion_auc,combined_score,runtime_seconds,attr_l1_norm,mean_abs_exactness_residual,test_accuracy,test_balanced_accuracy,n_features_transformed,n_classes,ok
32,pendigits,aime,0.781376253280651,0.7603509728024841,0.7708636130415676,0.005518161720000734,4.985790689939222,,0.990909090909091,0.9908115242988522,16,10,200
32,pendigits,cos_fpde,0.762834989397237,0.6740025104715941,0.7184187499344157,0.004396239250000633,1.042884340597004,8.416878305439469e-17,0.990909090909091,0.9908115242988522,16,10,200
32,pendigits,diff_fpde,0.6634174396270136,0.5646430666193234,0.6140302531231685,0.004335106930000308,19.937537312603375,1.5826229216031607e-15,0.990909090909091,0.9908115242988522,16,10,200
32,pendigits,hyb_fpde_grid,0.762834989397237,0.6740025104715941,0.7184187499344157,0.013559821359998806,1.0,5.545910952697852e-17,0.990909090909091,0.9908115242988522,16,10,200
32,pendigits,lime,0.47222017926761234,0.486671186486814,0.4794456828772132,0.024120863205000377,0.36328192419925787,,0.990909090909091,0.9908115242988522,16,10,200
32,pendigits,shap,0.8545414929654872,0.896861642736549,0.875701567851018,0.5836073673700004,9.54383196524784,,0.990909090909091,0.9908115242988522,16,10,200
