method,mean_deletion_drop_auc,std_deletion_drop_auc,mean_insertion_auc,std_insertion_auc,mean_combined_score,std_combined_score,mean_runtime_seconds,std_runtime_seconds,completed_instances,completed_tasks,mean_test_accuracy,mean_test_balanced_accuracy
aime,0.781376253280651,0.128147716833003,0.7603509728024841,0.17899402220491603,0.7708636130415676,0.1188350537905557,0.005518161720000734,0.00013834190779449297,200,1,0.990909090909091,0.9908115242988522
cos_fpde,0.762834989397237,0.15679710006894101,0.6740025104715941,0.22181209473249006,0.7184187499344157,0.1391345449901384,0.004396239250000633,0.0010030747924737442,200,1,0.990909090909091,0.9908115242988522
diff_fpde,0.6634174396270136,0.20166880918273314,0.5646430666193234,0.2227488592071019,0.6140302531231685,0.15107399320052897,0.004335106930000308,0.0009813154815808442,200,1,0.990909090909091,0.9908115242988522
hyb_fpde_grid,0.762834989397237,0.15679710006894101,0.6740025104715941,0.22181209473249006,0.7184187499344157,0.1391345449901384,0.013559821359998806,0.0016771821957923855,200,1,0.990909090909091,0.9908115242988522
lime,0.47222017926761234,0.34602471303817794,0.486671186486814,0.3241331898877414,0.4794456828772132,0.29120592888978947,0.024120863205000377,0.0006377105655594446,200,1,0.990909090909091,0.9908115242988522
shap,0.8545414929654872,0.10344561781827315,0.896861642736549,0.09577543198128484,0.875701567851018,0.06782750126805163,0.5836073673700004,0.030186495385611196,200,1,0.990909090909091,0.9908115242988522
