task_id,dataset_name,method,deletion_drop_auc,insertion_auc,combined_score,runtime_seconds,attr_l1_norm,mean_abs_exactness_residual,test_accuracy,test_balanced_accuracy,n_features_transformed,n_classes,ok
37,diabetes,aime,0.23346177859534603,0.8386992152104877,0.5360804969029169,0.004409021246753218,3.0581279848504237,,0.7792207792207793,0.7448148148148148,8,2,77
37,diabetes,cos_fpde,0.23285818836513422,0.8383376694155312,0.5355979288903326,0.0034852023636363595,1.5415511767104442,7.876095158460932e-17,0.7792207792207793,0.7448148148148148,8,2,77
37,diabetes,diff_fpde,0.23745905948141197,0.8399715318507169,0.5387152956660645,0.0034439620649351355,5.652508598123683,6.9244754230679405e-16,0.7792207792207793,0.7448148148148148,8,2,77
37,diabetes,hyb_fpde_grid,0.23745905948141197,0.8399715318507169,0.5387152956660645,0.005230636649349884,1.0,5.792174099657625e-17,0.7792207792207793,0.7448148148148148,8,2,77
37,diabetes,lime,0.0795898614762553,0.6770173560140678,0.3783036087451615,0.008554591818182005,0.5173387561219898,,0.7792207792207793,0.7448148148148148,8,2,77
37,diabetes,shap,0.10499140712624515,0.6798227789197046,0.39240709302297483,0.03521317725973978,3.3937782363734827,,0.7792207792207793,0.7448148148148148,8,2,77
