method,mean_deletion_drop_auc,std_deletion_drop_auc,mean_insertion_auc,std_insertion_auc,mean_combined_score,std_combined_score,mean_runtime_seconds,std_runtime_seconds,completed_instances,completed_tasks,mean_test_accuracy,mean_test_balanced_accuracy
aime,0.23346177859534603,0.18882936793054592,0.8386992152104877,0.1478972938215109,0.5360804969029169,0.11474146766160669,0.004409021246753218,0.0006002160712292589,77,1,0.7792207792207793,0.7448148148148148
cos_fpde,0.23285818836513422,0.19225430196904703,0.8383376694155312,0.14797020507775968,0.5355979288903326,0.11656832432940854,0.0034852023636363595,6.656266413903472e-05,77,1,0.7792207792207793,0.7448148148148148
diff_fpde,0.23745905948141197,0.19714835050039622,0.8399715318507169,0.14517588557888123,0.5387152956660645,0.1178614570940128,0.0034439620649351355,4.8205162863751704e-05,77,1,0.7792207792207793,0.7448148148148148
hyb_fpde_grid,0.23745905948141197,0.19714835050039622,0.8399715318507169,0.14517588557888123,0.5387152956660645,0.1178614570940128,0.005230636649349884,4.522793767827754e-05,77,1,0.7792207792207793,0.7448148148148148
lime,0.0795898614762553,0.19414308200367986,0.6770173560140678,0.14882558512448954,0.3783036087451615,0.12799791726142082,0.008554591818182005,0.00015449399214274013,77,1,0.7792207792207793,0.7448148148148148
shap,0.10499140712624515,0.2600732652717769,0.6798227789197046,0.1338910249463491,0.39240709302297483,0.16883610555848216,0.03521317725973978,0.017502771867324303,77,1,0.7792207792207793,0.7448148148148148
