task_id,dataset_name,method,deletion_drop_auc,insertion_auc,combined_score,runtime_seconds,attr_l1_norm,mean_abs_exactness_residual,test_accuracy,test_balanced_accuracy,n_features_transformed,n_classes,ok
167124,CIFAR_10,aime,0.302894092835471,0.45221953290474465,0.3775568128701078,0.08981755062002549,645.8635660230524,,0.5006666666666667,0.5006666666666667,3072,10,200
167124,CIFAR_10,cos_fpde,0.3008346173773024,0.3939199314190526,0.34737727439817745,0.04637907288000406,0.6888295040821582,5.647392276042495e-17,0.5006666666666667,0.5006666666666667,3072,10,200
167124,CIFAR_10,diff_fpde,0.28836915265855056,0.3792847529259486,0.3338269527922496,0.04643224442000701,985.6601994168306,2.4021673539209585e-13,0.5006666666666667,0.5006666666666667,3072,10,200
167124,CIFAR_10,hyb_fpde_grid,0.29858192155595714,0.3923092001633924,0.3454455608596747,0.9998447329000351,0.9806313233553632,3.6175489687151344e-17,0.5006666666666667,0.5006666666666667,3072,10,200
167124,CIFAR_10,lime,0.1759074315485046,0.23157250262835852,0.20373996708843156,0.6641808165749716,1.1214568832841285,,0.5006666666666667,0.5006666666666667,3072,10,200
167124,CIFAR_10,shap,0.3469992849006801,0.661353818455993,0.5041765516783365,0.6565097697800024,4.8494835252902515,,0.5006666666666667,0.5006666666666667,3072,10,200
