method,mean_deletion_drop_auc,std_deletion_drop_auc,mean_insertion_auc,std_insertion_auc,mean_combined_score,std_combined_score,mean_runtime_seconds,std_runtime_seconds,completed_instances,completed_tasks,mean_test_accuracy,mean_test_balanced_accuracy
aime,0.4062840139188271,0.1538080937972359,0.8024140424666006,0.1132146470894938,0.604349028192714,0.10651321792662014,0.04889270865999606,0.010622970857476693,200,1,0.8153846153846154,0.8153846153846154
cos_fpde,0.41745818833166415,0.15324840370628817,0.8114423206987972,0.10996006361726902,0.6144502545152306,0.10678986975607929,0.013605557515001863,0.0032980953637773217,200,1,0.8153846153846154,0.8153846153846154
diff_fpde,0.41745818833166415,0.15324840370628817,0.8114423206987972,0.10996006361726902,0.6144502545152306,0.10678986975607929,0.024662595819998502,0.008414495918554303,200,1,0.8153846153846154,0.8153846153846154
hyb_fpde_grid,0.41745818833166415,0.15324840370628817,0.8114423206987972,0.10996006361726902,0.6144502545152306,0.10678986975607929,0.022732270924998233,0.0007998461044628641,200,1,0.8153846153846154,0.8153846153846154
lime,0.12226101478868609,0.1358002552532945,0.48797921796994204,0.14741577266928663,0.3051201163793141,0.11342151867972464,0.20524783079499953,0.08410914795802081,200,1,0.8153846153846154,0.8153846153846154
shap,0.27461014383006616,0.3824216679519133,0.6120168152176529,0.30856636782481517,0.4433134795238595,0.3419951873482644,0.07395097061500266,0.012949121286768542,200,1,0.8153846153846154,0.8153846153846154
