task_id,dataset_name,method,deletion_drop_auc,insertion_auc,combined_score,runtime_seconds,attr_l1_norm,mean_abs_exactness_residual,test_accuracy,test_balanced_accuracy,n_features_transformed,n_classes,ok
9976,madelon,aime,0.4062840139188271,0.8024140424666006,0.604349028192714,0.04889270865999606,33.89455502845891,,0.8153846153846154,0.8153846153846154,500,2,200
9976,madelon,cos_fpde,0.41745818833166415,0.8114423206987972,0.6144502545152306,0.013605557515001863,1.0780024845630487,2.0885257499131393e-17,0.8153846153846154,0.8153846153846154,500,2,200
9976,madelon,diff_fpde,0.41745818833166415,0.8114423206987972,0.6144502545152306,0.024662595819998502,33.9390882019106,4.390404706455797e-14,0.8153846153846154,0.8153846153846154,500,2,200
9976,madelon,hyb_fpde_grid,0.41745818833166415,0.8114423206987972,0.6144502545152306,0.022732270924998233,1.0,1.7229598824053393e-17,0.8153846153846154,0.8153846153846154,500,2,200
9976,madelon,lime,0.12226101478868609,0.48797921796994204,0.3051201163793141,0.20524783079499953,3.431794712969438,,0.8153846153846154,0.8153846153846154,500,2,200
9976,madelon,shap,0.27461014383006616,0.6120168152176529,0.4433134795238595,0.07395097061500266,5.233854205116284,,0.8153846153846154,0.8153846153846154,500,2,200
