method,mean_deletion_drop_auc,std_deletion_drop_auc,mean_insertion_auc,std_insertion_auc,mean_combined_score,std_combined_score,mean_runtime_seconds,std_runtime_seconds,completed_instances,completed_tasks,mean_test_accuracy,mean_test_balanced_accuracy
aime,0.42488293600866284,0.16661889252007947,0.7957007226140148,0.16800598684784857,0.6102918293113389,0.13420423502255704,0.004890611619999703,8.784259252354124e-05,200,1,0.850736278447122,0.7879568358077271
cos_fpde,0.4229002040787238,0.17144877537052894,0.7790244985862654,0.18482846542657969,0.6009623513324945,0.1440942855561245,0.003975165125001751,0.001493320467610155,200,1,0.850736278447122,0.7879568358077271
diff_fpde,0.4185329149455061,0.17379051333508921,0.7777426527519612,0.18506817864389283,0.5981377838487336,0.1443035349595274,0.003907207469999036,0.0011508566776302783,200,1,0.850736278447122,0.7879568358077271
hyb_fpde_grid,0.4193358307697695,0.17339504624888052,0.7787122096393136,0.1849588634137885,0.5990240202045416,0.14397494117566267,0.018270724650000146,0.0009338520897111652,200,1,0.850736278447122,0.7879568358077271
lime,0.22754504929465838,0.2150456664947334,0.6160868247682125,0.2473882733048558,0.4218159370314355,0.20031076301574377,0.041884061699999364,0.0012744142095013704,200,1,0.850736278447122,0.7879568358077271
shap,0.4486452415023346,0.17727245497097094,0.8120865344685717,0.16250626141754174,0.6303658879854531,0.13606757802375732,0.17984429223000106,0.016175105462855176,200,1,0.850736278447122,0.7879568358077271
