task_id,dataset_name,method,deletion_drop_auc,insertion_auc,combined_score,runtime_seconds,attr_l1_norm,mean_abs_exactness_residual,test_accuracy,test_balanced_accuracy,n_features_transformed,n_classes,ok
167119,jungle_chess_2pcs_raw_endgame_complete,aime,0.42488293600866284,0.7957007226140148,0.6102918293113389,0.004890611619999703,1.9695623986155508,,0.850736278447122,0.7879568358077271,6,3,200
167119,jungle_chess_2pcs_raw_endgame_complete,cos_fpde,0.4229002040787238,0.7790244985862654,0.6009623513324945,0.003975165125001751,1.2120337642465606,7.955008179960643e-17,0.850736278447122,0.7879568358077271,6,3,200
167119,jungle_chess_2pcs_raw_endgame_complete,diff_fpde,0.4185329149455061,0.7777426527519612,0.5981377838487336,0.003907207469999036,3.505118382486881,5.538625114098749e-16,0.850736278447122,0.7879568358077271,6,3,200
167119,jungle_chess_2pcs_raw_endgame_complete,hyb_fpde_grid,0.4193358307697695,0.7787122096393136,0.5990240202045416,0.018270724650000146,0.999529552777914,6.221585746590819e-17,0.850736278447122,0.7879568358077271,6,3,200
167119,jungle_chess_2pcs_raw_endgame_complete,lime,0.22754504929465838,0.6160868247682125,0.4218159370314355,0.041884061699999364,0.5165151927673057,,0.850736278447122,0.7879568358077271,6,3,200
167119,jungle_chess_2pcs_raw_endgame_complete,shap,0.4486452415023346,0.8120865344685717,0.6303658879854531,0.17984429223000106,2.9177786096875455,,0.850736278447122,0.7879568358077271,6,3,200
