method,mean_deletion_drop_auc,std_deletion_drop_auc,mean_insertion_auc,std_insertion_auc,mean_combined_score,std_combined_score,mean_runtime_seconds,std_runtime_seconds,completed_instances,completed_tasks,mean_test_accuracy,mean_test_balanced_accuracy
aime,0.052374388934420174,0.15478203083071365,0.9746918617322393,0.10568895537462257,0.5135331253333297,0.04784316418571781,0.012387730515001038,0.005971604487336259,200,1,0.9409448818897637,0.6769957983193278
cos_fpde,0.052626111423488615,0.15528619011680006,0.974701602699199,0.10568403013592645,0.5136638570613438,0.04828022841566364,0.010888288439999769,0.004800930371695821,200,1,0.9409448818897637,0.6769957983193278
diff_fpde,0.044052808802596426,0.1504565596086808,0.9735431259672676,0.10731213206017606,0.508797967384932,0.042034225254542756,0.011980936970001181,0.004322362434876775,200,1,0.9409448818897637,0.6769957983193278
hyb_fpde_grid,0.05226222915096745,0.15292821836457945,0.9746245251363855,0.10617753386527876,0.5134433771436765,0.0467640939202679,0.01665961336499777,0.006699851347791557,200,1,0.9409448818897637,0.6769957983193278
lime,0.016867315718993813,0.14862600886657434,0.9474547260714856,0.1751877243965653,0.48216102089523966,0.05236312486021778,0.02295395729500214,0.005712184799016499,200,1,0.9409448818897637,0.6769957983193278
shap,0.016337284992704124,0.1776316253609054,0.8544211293988863,0.201242011083526,0.43537920719579526,0.1496796254708206,0.07256481748500036,0.015984937779403123,200,1,0.9409448818897637,0.6769957983193278
