task_id,dataset_name,method,deletion_drop_auc,insertion_auc,combined_score,runtime_seconds,attr_l1_norm,mean_abs_exactness_residual,test_accuracy,test_balanced_accuracy,n_features_transformed,n_classes,ok
9978,ozone-level-8hr,aime,0.052374388934420174,0.9746918617322393,0.5135331253333297,0.012387730515001038,22.610275334993784,,0.9409448818897637,0.6769957983193278,72,2,200
9978,ozone-level-8hr,cos_fpde,0.052626111423488615,0.974701602699199,0.5136638570613438,0.010888288439999769,1.443624471104914,9.33975119465913e-17,0.9409448818897637,0.6769957983193278,72,2,200
9978,ozone-level-8hr,diff_fpde,0.044052808802596426,0.9735431259672676,0.508797967384932,0.011980936970001181,62.86406829431435,6.824540932370837e-15,0.9409448818897637,0.6769957983193278,72,2,200
9978,ozone-level-8hr,hyb_fpde_grid,0.05226222915096745,0.9746245251363855,0.5134433771436765,0.01665961336499777,0.9923760294583606,6.068062718966871e-17,0.9409448818897637,0.6769957983193278,72,2,200
9978,ozone-level-8hr,lime,0.016867315718993813,0.9474547260714856,0.48216102089523966,0.02295395729500214,0.1940137142977737,,0.9409448818897637,0.6769957983193278,72,2,200
9978,ozone-level-8hr,shap,0.016337284992704124,0.8544211293988863,0.43537920719579526,0.07256481748500036,4.789203116079694,,0.9409448818897637,0.6769957983193278,72,2,200
