method,mean_deletion_drop_auc,std_deletion_drop_auc,mean_insertion_auc,std_insertion_auc,mean_combined_score,std_combined_score,mean_runtime_seconds,std_runtime_seconds,completed_instances,completed_tasks,mean_test_accuracy,mean_test_balanced_accuracy
aime,0.052524925846032064,0.14145949236985259,0.9272973702674383,0.15265724929714017,0.4899111480567352,0.06476964541972922,0.010958990305730179,0.004199389180281115,157,1,0.8789808917197452,0.5724734042553192
cos_fpde,0.05219062742051985,0.1423353258036687,0.9271908040741543,0.15255057894566496,0.48969071574733714,0.06528809748941485,0.008826180203820743,0.004257305952215749,157,1,0.8789808917197452,0.5724734042553192
diff_fpde,0.054749987031259925,0.14104562466292936,0.92921764120922,0.1449822169668237,0.4919838141202399,0.06197862981193596,0.008628868089172978,0.004526203233794201,157,1,0.8789808917197452,0.5724734042553192
hyb_fpde_grid,0.05601164096618025,0.14112667876591917,0.9291081802959218,0.1464237047843173,0.49255991063105103,0.06235036112271186,0.013033320108279636,0.0050078356844709,157,1,0.8789808917197452,0.5724734042553192
lime,0.05385779796170155,0.16162417578845134,0.8544555861098103,0.12142363930371484,0.45415669203575604,0.07832581930106383,0.016702950968154835,0.0057425680054024155,157,1,0.8789808917197452,0.5724734042553192
shap,0.00039229703460257173,0.18536166381260696,0.7267991924149478,0.1556018225899205,0.36359574472477524,0.1310299150330356,0.07463838717197599,0.017777424448856837,157,1,0.8789808917197452,0.5724734042553192
