task_id,dataset_name,method,deletion_drop_auc,insertion_auc,combined_score,runtime_seconds,attr_l1_norm,mean_abs_exactness_residual,test_accuracy,test_balanced_accuracy,n_features_transformed,n_classes,ok
3903,pc3,aime,0.052524925846032064,0.9272973702674383,0.4899111480567352,0.010958990305730179,7.234539087340787,,0.8789808917197452,0.5724734042553192,37,2,157
3903,pc3,cos_fpde,0.05219062742051985,0.9271908040741543,0.48969071574733714,0.008826180203820743,1.4453647422390588,1.0526567232886014e-16,0.8789808917197452,0.5724734042553192,37,2,157
3903,pc3,diff_fpde,0.054749987031259925,0.92921764120922,0.4919838141202399,0.008628868089172978,18.137623110675896,3.918839774978638e-15,0.8789808917197452,0.5724734042553192,37,2,157
3903,pc3,hyb_fpde_grid,0.05601164096618025,0.9291081802959218,0.49255991063105103,0.013033320108279636,0.9937017485304596,8.733283028102347e-17,0.8789808917197452,0.5724734042553192,37,2,157
3903,pc3,lime,0.05385779796170155,0.8544555861098103,0.45415669203575604,0.016702950968154835,0.3296444267825599,,0.8789808917197452,0.5724734042553192,37,2,157
3903,pc3,shap,0.00039229703460257173,0.7267991924149478,0.36359574472477524,0.07463838717197599,4.5033827453882,,0.8789808917197452,0.5724734042553192,37,2,157
