task_id,dataset_name,method,deletion_drop_auc,insertion_auc,combined_score,runtime_seconds,attr_l1_norm,mean_abs_exactness_residual,test_accuracy,test_balanced_accuracy,n_features_transformed,n_classes,ok
3549,analcatdata_authorship,aime,0.5343136844142,0.929579418089138,0.7319465512516691,0.014213880964704164,11.470076261786017,,0.9764705882352941,0.9833333333333334,70,4,85
3549,analcatdata_authorship,cos_fpde,0.5376495908685538,0.9107765834573534,0.7242130871629535,0.014115733670586023,1.1567833094609503,1.0422626813898299e-16,0.9764705882352941,0.9833333333333334,70,4,85
3549,analcatdata_authorship,diff_fpde,0.5209742620297149,0.8793604148560226,0.7001673384428687,0.012903376705880607,74.52454870999217,1.0266297615945565e-14,0.9764705882352941,0.9833333333333334,70,4,85
3549,analcatdata_authorship,hyb_fpde_grid,0.5376495908685538,0.9107765834573534,0.7242130871629535,0.018511516917642974,1.0,8.217487148259545e-17,0.9764705882352941,0.9833333333333334,70,4,85
3549,analcatdata_authorship,lime,0.12222401315575779,0.48728602946583244,0.3047550213107951,0.030171980423533033,1.04285273779036,,0.9764705882352941,0.9833333333333334,70,4,85
3549,analcatdata_authorship,shap,0.5422340609974551,0.9410167585260037,0.7416254097617294,0.2076183587882403,5.923390291280247,,0.9764705882352941,0.9833333333333334,70,4,85
