task_id,dataset_name,method,deletion_drop_auc,insertion_auc,combined_score,runtime_seconds,attr_l1_norm,mean_abs_exactness_residual,test_accuracy,test_balanced_accuracy,n_features_transformed,n_classes,ok
125920,dresses-sales,aime,0.43496536058875995,0.8103708580447092,0.6226681093167347,0.024138858719998667,8.070016922809696,,0.56,0.541871921182266,146,2,50
125920,dresses-sales,cos_fpde,0.4327457466552018,0.8020452732131678,0.6173955099341848,0.01867181554000098,1.23454340175316,4.597558465391834e-17,0.56,0.541871921182266,146,2,50
125920,dresses-sales,diff_fpde,0.43277502397990064,0.8019974679955781,0.6173862459877394,0.019199518540000043,1.5177330796849404,8.734679646238419e-16,0.56,0.541871921182266,146,2,50
125920,dresses-sales,hyb_fpde_grid,0.43277502397990064,0.8019974679955781,0.6173862459877394,0.01761568848000053,1.0,3.7712888367735784e-17,0.56,0.541871921182266,146,2,50
125920,dresses-sales,lime,-0.036708609139270994,0.3742564922154606,0.1687739415380948,0.06736239189999964,0.6252387039082342,,0.56,0.541871921182266,146,2,50
125920,dresses-sales,shap,0.06159040014078599,0.46992908297703095,0.26575974155890847,0.03374916092000063,2.8773684232121806,,0.56,0.541871921182266,146,2,50
