method,mean_deletion_drop_auc,std_deletion_drop_auc,mean_insertion_auc,std_insertion_auc,mean_combined_score,std_combined_score,mean_runtime_seconds,std_runtime_seconds,completed_instances,completed_tasks,mean_test_accuracy,mean_test_balanced_accuracy
aime,0.43496536058875995,0.22973432172883015,0.8103708580447092,0.07397100524866095,0.6226681093167347,0.11930346690402051,0.024138858719998667,0.007118429897571691,50,1,0.56,0.541871921182266
cos_fpde,0.4327457466552018,0.23731042531217,0.8020452732131678,0.08054560461917482,0.6173955099341848,0.11992460616811491,0.01867181554000098,0.005253769590481198,50,1,0.56,0.541871921182266
diff_fpde,0.43277502397990064,0.2373009441033778,0.8019974679955781,0.08055870402962981,0.6173862459877394,0.11991663547318773,0.019199518540000043,0.005191959930873476,50,1,0.56,0.541871921182266
hyb_fpde_grid,0.43277502397990064,0.2373009441033778,0.8019974679955781,0.08055870402962981,0.6173862459877394,0.11991663547318773,0.01761568848000053,0.0064490733966736545,50,1,0.56,0.541871921182266
lime,-0.036708609139270994,0.12443750540415001,0.3742564922154606,0.1610961671263817,0.1687739415380948,0.09564023797248773,0.06736239189999964,0.03663677490761652,50,1,0.56,0.541871921182266
shap,0.06159040014078599,0.14457226476238627,0.46992908297703095,0.2793671669289254,0.26575974155890847,0.19840197994616982,0.03374916092000063,0.027886136893403142,50,1,0.56,0.541871921182266
