task_id,dataset_name,method,deletion_drop_auc,insertion_auc,combined_score,runtime_seconds,attr_l1_norm,mean_abs_exactness_residual,test_accuracy,test_balanced_accuracy,n_features_transformed,n_classes,ok
15,breast-w,aime,0.2909151891192346,0.9035827829930154,0.597248986056125,0.005017740085712928,5.0147673289859735,,0.9714285714285714,0.9682971014492754,9,2,70
15,breast-w,cos_fpde,0.29347994763754354,0.9034347962270489,0.5984573719322963,0.003972661199998535,1.8036970016011844,1.1746556108757236e-16,0.9714285714285714,0.9682971014492754,9,2,70
15,breast-w,diff_fpde,0.29596386682786174,0.904013798974504,0.5999888329011829,0.003887594557141532,23.082359864136897,1.81442162881597e-15,0.9714285714285714,0.9682971014492754,9,2,70
15,breast-w,hyb_fpde_grid,0.29596386682786174,0.904013798974504,0.5999888329011829,0.005951311671426701,0.997911160580129,6.012055932456763e-17,0.9714285714285714,0.9682971014492754,9,2,70
15,breast-w,lime,0.13445927199382973,0.7547589031312224,0.44460908756252604,0.009347291799997898,0.6735543031705286,,0.9714285714285714,0.9682971014492754,9,2,70
15,breast-w,shap,0.14974823532906967,0.7287881297249541,0.4392681825270119,0.03893011697142786,5.158097066158739,,0.9714285714285714,0.9682971014492754,9,2,70
