task_id,dataset_name,method,deletion_drop_auc,insertion_auc,combined_score,runtime_seconds,attr_l1_norm,mean_abs_exactness_residual,test_accuracy,test_balanced_accuracy,n_features_transformed,n_classes,ok
146800,MiceProtein,aime,0.7654505394082086,0.8308106473843948,0.7981305933963017,0.012734047842592923,13.508843922667179,,0.9537037037037037,0.956547619047619,77,8,108
146800,MiceProtein,cos_fpde,0.757196155337379,0.7286326060836623,0.7429143807105207,0.011546524129628808,0.6830842133196688,8.945872592085951e-17,0.9537037037037037,0.956547619047619,77,8,108
146800,MiceProtein,diff_fpde,0.6748594166657086,0.6511560781595059,0.6630077474126074,0.010944793009260914,41.55445828002768,1.1131013806149254e-14,0.9537037037037037,0.956547619047619,77,8,108
146800,MiceProtein,hyb_fpde_grid,0.757196155337379,0.7286326060836623,0.7429143807105207,0.017376409592592443,1.0,5.331363405017378e-17,0.9537037037037037,0.956547619047619,77,8,108
146800,MiceProtein,lime,0.39775449898715776,0.3964936363677567,0.39712406767745717,0.04052741980555468,0.7254095848305577,,0.9537037037037037,0.956547619047619,77,8,108
146800,MiceProtein,shap,0.8168751181488733,0.9112203525964793,0.8640477353726763,0.47646580081481305,8.248025846129913,,0.9537037037037037,0.956547619047619,77,8,108
