method,mean_deletion_drop_auc,std_deletion_drop_auc,mean_insertion_auc,std_insertion_auc,mean_combined_score,std_combined_score,mean_runtime_seconds,std_runtime_seconds,completed_instances,completed_tasks,mean_test_accuracy,mean_test_balanced_accuracy
aime,0.7654505394082086,0.2846839234994669,0.8308106473843948,0.14528630219634478,0.7981305933963017,0.14666473550970172,0.012734047842592923,0.005928861788398407,108,1,0.9537037037037037,0.956547619047619
cos_fpde,0.757196155337379,0.2468691105930481,0.7286326060836623,0.23666374153454794,0.7429143807105207,0.15424044338274304,0.011546524129628808,0.003613847496463409,108,1,0.9537037037037037,0.956547619047619
diff_fpde,0.6748594166657086,0.2602664425983714,0.6511560781595059,0.2186573257701151,0.6630077474126074,0.15972944948309775,0.010944793009260914,0.0043927727930932565,108,1,0.9537037037037037,0.956547619047619
hyb_fpde_grid,0.757196155337379,0.2468691105930481,0.7286326060836623,0.23666374153454794,0.7429143807105207,0.15424044338274304,0.017376409592592443,0.005845475481218541,108,1,0.9537037037037037,0.956547619047619
lime,0.39775449898715776,0.3285526690512953,0.3964936363677567,0.3393919749889443,0.39712406767745717,0.2710187069612761,0.04052741980555468,0.006275695706092825,108,1,0.9537037037037037,0.956547619047619
shap,0.8168751181488733,0.2779443104807907,0.9112203525964793,0.09702329148373781,0.8640477353726763,0.13735440605079977,0.47646580081481305,0.021142761941393813,108,1,0.9537037037037037,0.956547619047619
