method,mean_deletion_drop_auc,std_deletion_drop_auc,mean_insertion_auc,std_insertion_auc,mean_combined_score,std_combined_score,mean_runtime_seconds,std_runtime_seconds,completed_instances,completed_tasks,mean_test_accuracy,mean_test_balanced_accuracy
aime,0.4233105285173408,0.21558714968777679,0.8551247146132982,0.07170885386001431,0.6392176215653195,0.10927165663091057,0.06071716534500041,0.008027841409832297,200,1,0.8111702127659575,0.8095645234838122
cos_fpde,0.4344464826508891,0.21032102826108948,0.8596639700388691,0.07148565928610637,0.6470552263448791,0.10643584906445475,0.027393733550000833,0.0017265838220710196,200,1,0.8111702127659575,0.8095645234838122
diff_fpde,0.43392034229375837,0.2107260697762097,0.859554322649307,0.07142749312226752,0.6467373324715326,0.10654500486739289,0.02742062606499786,0.001412413119202315,200,1,0.8111702127659575,0.8095645234838122
hyb_fpde_grid,0.4345059019445975,0.2103229525685559,0.8596858814030292,0.0714804862617873,0.6470958916738134,0.106456090831653,0.06392944487500102,0.0018198316928097259,200,1,0.8111702127659575,0.8095645234838122
lime,0.05894895941266566,0.11207098350337671,0.5567100479017681,0.2271958124543078,0.3078295036572169,0.11495959832247046,0.44054978802999867,0.05675601881433426,200,1,0.8111702127659575,0.8095645234838122
shap,0.24433783158997852,0.2922901462490766,0.5806514975537006,0.387991054752169,0.4124946645718396,0.33590568462164755,0.09068827878500371,0.013312927817828646,200,1,0.8111702127659575,0.8095645234838122
