task_id,dataset_name,method,deletion_drop_auc,insertion_auc,combined_score,runtime_seconds,attr_l1_norm,mean_abs_exactness_residual,test_accuracy,test_balanced_accuracy,n_features_transformed,n_classes,ok
9910,Bioresponse,aime,0.4233105285173408,0.8551247146132982,0.6392176215653195,0.06071716534500041,72.13745084352497,,0.8111702127659575,0.8095645234838122,1776,2,200
9910,Bioresponse,cos_fpde,0.4344464826508891,0.8596639700388691,0.6470552263448791,0.027393733550000833,1.0726566627638365,2.5977484052752686e-17,0.8111702127659575,0.8095645234838122,1776,2,200
9910,Bioresponse,diff_fpde,0.43392034229375837,0.859554322649307,0.6467373324715326,0.02742062606499786,168.57754132102534,3.4176883545455895e-13,0.8111702127659575,0.8095645234838122,1776,2,200
9910,Bioresponse,hyb_fpde_grid,0.4345059019445975,0.8596858814030292,0.6470958916738134,0.06392944487500102,0.9999990237891851,3.1082992082986926e-17,0.8111702127659575,0.8095645234838122,1776,2,200
9910,Bioresponse,lime,0.05894895941266566,0.5567100479017681,0.3078295036572169,0.44054978802999867,5.6494571486907175,,0.8111702127659575,0.8095645234838122,1776,2,200
9910,Bioresponse,shap,0.24433783158997852,0.5806514975537006,0.4124946645718396,0.09068827878500371,5.122423147260336,,0.8111702127659575,0.8095645234838122,1776,2,200
