method,mean_deletion_drop_auc,std_deletion_drop_auc,mean_insertion_auc,std_insertion_auc,mean_combined_score,std_combined_score,mean_runtime_seconds,std_runtime_seconds,completed_instances,completed_tasks,mean_test_accuracy,mean_test_balanced_accuracy
aime,0.8128247620998934,0.23502982691085522,0.8596238938193342,0.12210326650857736,0.8362243279596139,0.12371456159641563,0.02461716236000079,0.007425474376210252,200,1,0.96,0.9600000000000002
cos_fpde,0.8018210735367252,0.23751352824102528,0.7722695626889533,0.18077523031397533,0.7870453181128393,0.12850146539555912,0.01769645755500065,0.004556362997657073,200,1,0.96,0.9600000000000002
diff_fpde,0.7674510773314681,0.24742893100701294,0.7341059033257676,0.19165892662202158,0.7507784903286178,0.13939319102951112,0.020561808969998124,0.005258727794726288,200,1,0.96,0.9600000000000002
hyb_fpde_grid,0.8018210735367252,0.23751352824102528,0.7722695626889533,0.18077523031397533,0.7870453181128393,0.12850146539555912,0.019833794690000985,0.007683903548949385,200,1,0.96,0.9600000000000002
lime,0.4358896082176342,0.3224507043680635,0.36961308132309706,0.2817566554159156,0.4027513447703656,0.22598193818713977,0.1054449089300006,0.059788588458224844,200,1,0.96,0.9600000000000002
shap,0.8438097716376505,0.25779751287605784,0.9377063515699718,0.07287892084553486,0.8907580616038112,0.1346350313318751,0.44052298329499956,0.020413211975680846,200,1,0.96,0.9600000000000002
