task_id,dataset_name,method,deletion_drop_auc,insertion_auc,combined_score,runtime_seconds,attr_l1_norm,mean_abs_exactness_residual,test_accuracy,test_balanced_accuracy,n_features_transformed,n_classes,ok
219,electricity,aime,0.3415559565169435,0.6950030079397803,0.518279482228362,0.004655393949999791,2.8136080819430402,,0.8598852603706972,0.8552219781130824,14,2,200
219,electricity,cos_fpde,0.33417412756041714,0.6819095860915836,0.5080418568260003,0.0036347849100006615,1.2000286309103059,1.4828633113084245e-16,0.8598852603706972,0.8552219781130824,14,2,200
219,electricity,diff_fpde,0.3281331748469334,0.6793981199819831,0.5037656474144583,0.003599011209998508,3.8012829852995695,1.1111424280674242e-15,0.8598852603706972,0.8552219781130824,14,2,200
219,electricity,hyb_fpde_grid,0.33417412756041714,0.6819095860915836,0.5080418568260003,0.018365032909999426,1.0,1.0873897268726119e-16,0.8598852603706972,0.8552219781130824,14,2,200
219,electricity,lime,0.07129279117047414,0.4637278325519687,0.26751031186122143,0.008901216429999437,0.5114044582433561,,0.8598852603706972,0.8552219781130824,14,2,200
219,electricity,shap,0.17681615854891183,0.49147077921807214,0.334143468883492,0.061712322810001156,3.2297268717395404,,0.8598852603706972,0.8552219781130824,14,2,200
