task_id,dataset_name,method,deletion_drop_auc,insertion_auc,combined_score,runtime_seconds,attr_l1_norm,mean_abs_exactness_residual,test_accuracy,test_balanced_accuracy,n_features_transformed,n_classes,ok
43,spambase,aime,0.5783229479668431,0.9014832745017952,0.7399031112343192,0.005963434089999993,7.1984333544913435,,0.9392624728850325,0.9326283035960455,57,2,200
43,spambase,cos_fpde,0.5830091519627514,0.9014892863460876,0.7422492191544195,0.004376464704999919,1.2095513523126984,8.024830799868709e-17,0.9392624728850325,0.9326283035960455,57,2,200
43,spambase,diff_fpde,0.5806102907180515,0.8975673207285664,0.7390888057233088,0.004361220159999846,18.359860397476172,1.3697654122069025e-14,0.9392624728850325,0.9326283035960455,57,2,200
43,spambase,hyb_fpde_grid,0.5830091519627514,0.9014892863460876,0.7422492191544195,0.008523773590000658,1.0,6.261050705669291e-17,0.9392624728850325,0.9326283035960455,57,2,200
43,spambase,lime,0.018797900816601116,0.39490496952871224,0.2068514351726567,0.01398552969499967,0.7677140556229405,,0.9392624728850325,0.9326283035960455,57,2,200
43,spambase,shap,0.28789976633091063,0.5910546794175595,0.4394772228742351,0.06398322232000048,6.752480048464072,,0.9392624728850325,0.9326283035960455,57,2,200
