task_id,dataset_name,method,deletion_drop_auc,insertion_auc,combined_score,runtime_seconds,attr_l1_norm,mean_abs_exactness_residual,test_accuracy,test_balanced_accuracy,n_features_transformed,n_classes,ok
28,optdigits,aime,0.8443036899622026,0.9271917990988697,0.8857477445305362,0.010667160379998819,10.108986270193963,,0.9857651245551602,0.9859314233860512,64,10,200
28,optdigits,cos_fpde,0.843140418641822,0.8652404952519447,0.8541904569468833,0.011412543189999411,1.0012291434915115,6.581540867856006e-17,0.9857651245551602,0.9859314233860512,64,10,200
28,optdigits,diff_fpde,0.8063751952572192,0.8295538314961908,0.8179645133767051,0.009661440765000364,49.56197805290783,5.091482790930968e-15,0.9857651245551602,0.9859314233860512,64,10,200
28,optdigits,hyb_fpde_grid,0.843140418641822,0.8652404952519447,0.8541904569468833,0.019350117250000878,1.0,4.987546833867817e-17,0.9857651245551602,0.9859314233860512,64,10,200
28,optdigits,lime,0.3354662109198675,0.3930147410443358,0.36424047598210163,0.035811873554999846,0.5915370181597611,,0.9857651245551602,0.9859314233860512,64,10,200
28,optdigits,shap,0.8609901303336822,0.9481936824232693,0.9045919063784759,0.5936925497549996,9.372622324216252,,0.9857651245551602,0.9859314233860512,64,10,200
