method,mean_deletion_drop_auc,std_deletion_drop_auc,mean_insertion_auc,std_insertion_auc,mean_combined_score,std_combined_score,mean_runtime_seconds,std_runtime_seconds,completed_instances,completed_tasks,mean_test_accuracy,mean_test_balanced_accuracy
aime,0.09948479127452765,0.09250301929809214,0.8028960354733503,0.1009873523249609,0.451190413373939,0.07895796971660594,0.004925169165001364,0.00010601796134159345,200,1,0.8126721763085399,0.5669930583294649
cos_fpde,0.10278028213928608,0.09444245987955845,0.8035185992844903,0.1007231095230918,0.4531494407118883,0.07932105103215331,0.003779051715000037,0.00012314149311208115,200,1,0.8126721763085399,0.5669930583294649
diff_fpde,0.11046593594718968,0.09739507784062679,0.8120689713768614,0.10378473043405084,0.46126745366202554,0.08254416141157843,0.0037387219600012143,6.41085224979348e-05,200,1,0.8126721763085399,0.5669930583294649
hyb_fpde_grid,0.11046593594718968,0.09739507784062679,0.8120689713768614,0.10378473043405084,0.46126745366202554,0.08254416141157843,0.009448993075000942,0.0002788072041565792,200,1,0.8126721763085399,0.5669930583294649
lime,0.03866973196554574,0.094779384314676,0.7422057586313371,0.05914804644729154,0.39043774529844144,0.05200101424653176,0.010669574319999526,0.0003162720461218638,200,1,0.8126721763085399,0.5669930583294649
shap,-0.002355883425511732,0.13809779558585897,0.6862198891339376,0.07455774351542874,0.341932002854213,0.09226389948249497,0.06322868805499894,0.012035462491414274,200,1,0.8126721763085399,0.5669930583294649
