task_id,dataset_name,method,deletion_drop_auc,insertion_auc,combined_score,runtime_seconds,attr_l1_norm,mean_abs_exactness_residual,test_accuracy,test_balanced_accuracy,n_features_transformed,n_classes,ok
3904,jm1,aime,0.09948479127452765,0.8028960354733503,0.451190413373939,0.004925169165001364,8.32087331669129,,0.8126721763085399,0.5669930583294649,21,2,200
3904,jm1,cos_fpde,0.10278028213928608,0.8035185992844903,0.4531494407118883,0.003779051715000037,1.6563857848418915,1.2803614505424443e-16,0.8126721763085399,0.5669930583294649,21,2,200
3904,jm1,diff_fpde,0.11046593594718968,0.8120689713768614,0.46126745366202554,0.0037387219600012143,10.712067335499706,2.928490783205007e-15,0.8126721763085399,0.5669930583294649,21,2,200
3904,jm1,hyb_fpde_grid,0.11046593594718968,0.8120689713768614,0.46126745366202554,0.009448993075000942,1.0,8.900866155236998e-17,0.8126721763085399,0.5669930583294649,21,2,200
3904,jm1,lime,0.03866973196554574,0.7422057586313371,0.39043774529844144,0.010669574319999526,0.37771551818213717,,0.8126721763085399,0.5669930583294649,21,2,200
3904,jm1,shap,-0.002355883425511732,0.6862198891339376,0.341932002854213,0.06322868805499894,1.668120809574296,,0.8126721763085399,0.5669930583294649,21,2,200
