task_id,dataset_name,method,deletion_drop_auc,insertion_auc,combined_score,runtime_seconds,attr_l1_norm,mean_abs_exactness_residual,test_accuracy,test_balanced_accuracy,n_features_transformed,n_classes,ok
29,credit-approval,aime,0.4578526897301577,0.9516970833833138,0.7047748865567358,0.013919429173914116,6.791351853564492,,0.8840579710144928,0.882051282051282,46,2,69
29,credit-approval,cos_fpde,0.4423270559529588,0.9415703845726631,0.691948720262811,0.01022013278260926,1.3490064413817797,1.203747246808254e-16,0.8840579710144928,0.882051282051282,46,2,69
29,credit-approval,diff_fpde,0.4405405383909244,0.9393345884330234,0.6899375634119739,0.01089582201449238,6.956023014394526,1.8246274056883008e-15,0.8840579710144928,0.882051282051282,46,2,69
29,credit-approval,hyb_fpde_grid,0.4418096161484165,0.9406813184765008,0.6912454673124587,0.014409313289854626,0.9999712992088844,6.798104752233749e-17,0.8840579710144928,0.882051282051282,46,2,69
29,credit-approval,lime,-0.020239325522548514,0.4580242993718151,0.2188924869246333,0.01937125582608804,0.585281926223138,,0.8840579710144928,0.882051282051282,46,2,69
29,credit-approval,shap,0.15983983189820947,0.6204307007928698,0.3901352663455396,0.051216676101449865,5.349877127172482,,0.8840579710144928,0.882051282051282,46,2,69
