method,mean_deletion_drop_auc,std_deletion_drop_auc,mean_insertion_auc,std_insertion_auc,mean_combined_score,std_combined_score,mean_runtime_seconds,std_runtime_seconds,completed_instances,completed_tasks,mean_test_accuracy,mean_test_balanced_accuracy
aime,0.4578526897301577,0.32089423784004106,0.9516970833833138,0.03026002946040714,0.7047748865567358,0.15415624766406857,0.013919429173914116,0.0062924783606276595,69,1,0.8840579710144928,0.882051282051282
cos_fpde,0.4423270559529588,0.317529852993938,0.9415703845726631,0.04198396354757882,0.691948720262811,0.14631880955322135,0.01022013278260926,0.004987668595722333,69,1,0.8840579710144928,0.882051282051282
diff_fpde,0.4405405383909244,0.31535989295632255,0.9393345884330234,0.044170827910701975,0.6899375634119739,0.14401726682826269,0.01089582201449238,0.005840697530901757,69,1,0.8840579710144928,0.882051282051282
hyb_fpde_grid,0.4418096161484165,0.3161176519838232,0.9406813184765008,0.04345407805246387,0.6912454673124587,0.14521456328364785,0.014409313289854626,0.00589192506460654,69,1,0.8840579710144928,0.882051282051282
lime,-0.020239325522548514,0.12981411383962443,0.4580242993718151,0.3169179710707662,0.2188924869246333,0.17550427458260004,0.01937125582608804,0.008475900503164373,69,1,0.8840579710144928,0.882051282051282
shap,0.15983983189820947,0.18367727412770757,0.6204307007928698,0.4067275348311968,0.3901352663455396,0.27441040689207447,0.051216676101449865,0.02327193231579529,69,1,0.8840579710144928,0.882051282051282
