task_id,dataset_name,method,deletion_drop_auc,insertion_auc,combined_score,runtime_seconds,attr_l1_norm,mean_abs_exactness_residual,test_accuracy,test_balanced_accuracy,n_features_transformed,n_classes,ok
12,mfeat-factors,aime,0.8341516387463259,0.944990265709024,0.8895709522276749,0.030397301370000063,36.68551591600671,,0.97,0.97,216,10,200
12,mfeat-factors,cos_fpde,0.8314439019875483,0.9132322478516685,0.8723380749196084,0.017482282344998906,0.8866467001857956,1.0203643485695579e-16,0.97,0.97,216,10,200
12,mfeat-factors,diff_fpde,0.7118204996394966,0.819649098227202,0.7657347989333492,0.021754400030000055,213.59094293248444,1.5856205237696485e-14,0.97,0.97,216,10,200
12,mfeat-factors,hyb_fpde_grid,0.8314439019875483,0.9132322478516685,0.8723380749196084,0.01618024002499894,1.0,4.682886023399391e-17,0.97,0.97,216,10,200
12,mfeat-factors,lime,0.4253337183336324,0.5662064053162175,0.49577006182492495,0.1547414328549975,1.2092936785735822,,0.97,0.97,216,10,200
12,mfeat-factors,shap,0.8722232772573167,0.9656701270302069,0.9189467021437617,0.5589832958799971,9.332275922315109,,0.97,0.97,216,10,200
