method,mean_deletion_drop_auc,std_deletion_drop_auc,mean_insertion_auc,std_insertion_auc,mean_combined_score,std_combined_score,mean_runtime_seconds,std_runtime_seconds,completed_instances,completed_tasks,mean_test_accuracy,mean_test_balanced_accuracy
aime,0.8308846036918294,0.1420768147821495,0.9223477916625437,0.08166632913055098,0.8766161976771866,0.09819808304347481,0.0116883894050045,0.006227490110176935,200,1,0.94,0.94
cos_fpde,0.8122237393238474,0.14721064792594638,0.8493353874948464,0.15566231584595072,0.8307795634093469,0.1228328973827923,0.01176087609000234,0.0032992007558224623,200,1,0.94,0.94
diff_fpde,0.7491083550206024,0.17745461205738988,0.7804811465680814,0.1881386062984164,0.764794750794342,0.1533009775668426,0.010217715364999833,0.0038964091790043127,200,1,0.94,0.94
hyb_fpde_grid,0.8122237393238474,0.14721064792594638,0.8493353874948464,0.15566231584595072,0.8307795634093469,0.1228328973827923,0.016405885384998556,0.004927527499441293,200,1,0.94,0.94
lime,0.36144031850002206,0.30257098339849636,0.47885902962871574,0.3227430670908876,0.4201496740643689,0.29077181668871255,0.04213455525499853,0.006368140475083879,200,1,0.94,0.94
shap,0.8440957727553172,0.14620997469560473,0.9495883061382976,0.06422427915027541,0.8968420394468075,0.0952082950971235,0.5882592915249998,0.022014378617875748,200,1,0.94,0.94
