task_id,dataset_name,method,deletion_drop_auc,insertion_auc,combined_score,runtime_seconds,attr_l1_norm,mean_abs_exactness_residual,test_accuracy,test_balanced_accuracy,n_features_transformed,n_classes,ok
16,mfeat-karhunen,aime,0.8308846036918294,0.9223477916625437,0.8766161976771866,0.0116883894050045,9.65571025347556,,0.94,0.94,64,10,200
16,mfeat-karhunen,cos_fpde,0.8122237393238474,0.8493353874948464,0.8307795634093469,0.01176087609000234,0.9026334063193638,5.4106025215716615e-17,0.94,0.94,64,10,200
16,mfeat-karhunen,diff_fpde,0.7491083550206024,0.7804811465680814,0.764794750794342,0.010217715364999833,51.37983100001224,5.941913627793838e-15,0.94,0.94,64,10,200
16,mfeat-karhunen,hyb_fpde_grid,0.8122237393238474,0.8493353874948464,0.8307795634093469,0.016405885384998556,1.0,4.857876254038551e-17,0.94,0.94,64,10,200
16,mfeat-karhunen,lime,0.36144031850002206,0.47885902962871574,0.4201496740643689,0.04213455525499853,0.6234862348578962,,0.94,0.94,64,10,200
16,mfeat-karhunen,shap,0.8440957727553172,0.9495883061382976,0.8968420394468075,0.5882592915249998,8.762775180353358,,0.94,0.94,64,10,200
