task_id,dataset_name,method,deletion_drop_auc,insertion_auc,combined_score,runtime_seconds,attr_l1_norm,mean_abs_exactness_residual,test_accuracy,test_balanced_accuracy,n_features_transformed,n_classes,ok
9960,wall-robot-navigation,aime,0.5834002584305048,0.785537593557573,0.684468925994039,0.0054528284300008065,5.258640755267263,,0.9963369963369964,0.9977375565610859,24,4,200
9960,wall-robot-navigation,cos_fpde,0.5673461755725999,0.7381971035756059,0.6527716395741028,0.004213117424997392,1.1606114550560571,6.793177131925176e-17,0.9963369963369964,0.9977375565610859,24,4,200
9960,wall-robot-navigation,diff_fpde,0.5609072569542023,0.7273599093972852,0.6441335831757438,0.004183811625001255,12.033574950570662,2.2171153801764375e-15,0.9963369963369964,0.9977375565610859,24,4,200
9960,wall-robot-navigation,hyb_fpde_grid,0.5676335352064659,0.7352512861415392,0.6514424106740025,0.008374919015000159,0.9962504796831568,4.3270508703896484e-17,0.9963369963369964,0.9977375565610859,24,4,200
9960,wall-robot-navigation,lime,0.30421597314660465,0.5051979688759706,0.4047069710112876,0.015917218409999094,0.596705952644102,,0.9963369963369964,0.9977375565610859,24,4,200
9960,wall-robot-navigation,shap,0.7920053284934093,0.9539218097319189,0.872963569112664,0.23969408798999992,6.06686939853623,,0.9963369963369964,0.9977375565610859,24,4,200
