task_id,dataset_name,method,deletion_drop_auc,insertion_auc,combined_score,runtime_seconds,attr_l1_norm,mean_abs_exactness_residual,test_accuracy,test_balanced_accuracy,n_features_transformed,n_classes,ok
146824,mfeat-pixel,aime,0.8038889445523436,0.8639518810976985,0.833920412825021,0.03254964156999947,48.65378911183051,,0.955,0.955,240,10,200
146824,mfeat-pixel,cos_fpde,0.7743263889453713,0.7610234152522437,0.7676749020988075,0.018778339715000526,0.9870998958088212,5.230191280070073e-17,0.955,0.955,240,10,200
146824,mfeat-pixel,diff_fpde,0.7289933505297577,0.7156259452477854,0.7223096478887716,0.023008550524999408,240.78848280267434,1.9872992140790302e-14,0.955,0.955,240,10,200
146824,mfeat-pixel,hyb_fpde_grid,0.7743263889453713,0.7610234152522437,0.7676749020988075,0.01778430096999898,1.0,4.977789014315448e-17,0.955,0.955,240,10,200
146824,mfeat-pixel,lime,0.4266676400289294,0.3430632453368903,0.38486544268290984,0.1477510028750001,1.144578353474763,,0.955,0.955,240,10,200
146824,mfeat-pixel,shap,0.8389272404837764,0.9389880089202316,0.8889576247020039,0.5681687865550005,9.606919581082884,,0.955,0.955,240,10,200
