method,mean_deletion_drop_auc,std_deletion_drop_auc,mean_insertion_auc,std_insertion_auc,mean_combined_score,std_combined_score,mean_runtime_seconds,std_runtime_seconds,completed_instances,completed_tasks,mean_test_accuracy,mean_test_balanced_accuracy
aime,0.8038889445523436,0.2293669864348654,0.8639518810976985,0.11384641696934117,0.833920412825021,0.11641526774148837,0.03254964156999947,0.008904113353262235,200,1,0.955,0.955
cos_fpde,0.7743263889453713,0.2431475215027435,0.7610234152522437,0.16579381038299798,0.7676749020988075,0.12840039037902382,0.018778339715000526,0.006353708640985561,200,1,0.955,0.955
diff_fpde,0.7289933505297577,0.2636622664331021,0.7156259452477854,0.1830598854104488,0.7223096478887716,0.14891939501940052,0.023008550524999408,0.005710029352339706,200,1,0.955,0.955
hyb_fpde_grid,0.7743263889453713,0.2431475215027435,0.7610234152522437,0.16579381038299798,0.7676749020988075,0.12840039037902382,0.01778430096999898,0.005331794646612856,200,1,0.955,0.955
lime,0.4266676400289294,0.3110787242631007,0.3430632453368903,0.29289511019561004,0.38486544268290984,0.20646877850342452,0.1477510028750001,0.06763623163024854,200,1,0.955,0.955
shap,0.8389272404837764,0.23060099020781558,0.9389880089202316,0.06570592881672353,0.8889576247020039,0.12160793069045939,0.5681687865550005,0.020719503100456265,200,1,0.955,0.955
