task_id,dataset_name,method,deletion_drop_auc,insertion_auc,combined_score,runtime_seconds,attr_l1_norm,mean_abs_exactness_residual,test_accuracy,test_balanced_accuracy,n_features_transformed,n_classes,ok
14969,GesturePhaseSegmentationProcessed,aime,0.3091485247913635,0.57428166443261,0.44171509461198677,0.0106615396950005,4.966906172395033,,0.6295546558704453,0.5642675109435544,32,5,200
14969,GesturePhaseSegmentationProcessed,cos_fpde,0.30531763860868727,0.5734966201807399,0.43940712939471355,0.007927971480001048,0.7914478881833541,5.667341596016229e-17,0.6295546558704453,0.5642675109435544,32,5,200
14969,GesturePhaseSegmentationProcessed,diff_fpde,0.29946898367829056,0.5584014168739619,0.42893520027612625,0.007751195055000437,5.994517781330631,2.527943132601962e-15,0.6295546558704453,0.5642675109435544,32,5,200
14969,GesturePhaseSegmentationProcessed,hyb_fpde_grid,0.30531763860868727,0.5734966201807399,0.43940712939471355,0.015932302280000813,1.0,5.01725397339392e-17,0.6295546558704453,0.5642675109435544,32,5,200
14969,GesturePhaseSegmentationProcessed,lime,0.13570525436248362,0.41331833684815256,0.2745117956053181,0.022202348124999247,0.360324562772452,,0.6295546558704453,0.5642675109435544,32,5,200
14969,GesturePhaseSegmentationProcessed,shap,0.3430792344259379,0.6424037514840103,0.4927414929549741,0.3025859073900006,2.404286894888861,,0.6295546558704453,0.5642675109435544,32,5,200
