method,mean_deletion_drop_auc,std_deletion_drop_auc,mean_insertion_auc,std_insertion_auc,mean_combined_score,std_combined_score,mean_runtime_seconds,std_runtime_seconds,completed_instances,completed_tasks,mean_test_accuracy,mean_test_balanced_accuracy
aime,0.3091485247913635,0.18128382984961844,0.57428166443261,0.16568883146373956,0.44171509461198677,0.15468128331032938,0.0106615396950005,0.0031727301861877687,200,1,0.6295546558704453,0.5642675109435544
cos_fpde,0.30531763860868727,0.17267050332474843,0.5734966201807399,0.1670278589314694,0.43940712939471355,0.1516881975275575,0.007927971480001048,0.003612407098762622,200,1,0.6295546558704453,0.5642675109435544
diff_fpde,0.29946898367829056,0.1725985109370973,0.5584014168739619,0.18367238347609632,0.42893520027612625,0.15719108597810355,0.007751195055000437,0.003829589911202498,200,1,0.6295546558704453,0.5642675109435544
hyb_fpde_grid,0.30531763860868727,0.17267050332474843,0.5734966201807399,0.1670278589314694,0.43940712939471355,0.1516881975275575,0.015932302280000813,0.0048303647576409476,200,1,0.6295546558704453,0.5642675109435544
lime,0.13570525436248362,0.1588053280616708,0.41331833684815256,0.15309737935292506,0.2745117956053181,0.13766095036020065,0.022202348124999247,0.004525630824913304,200,1,0.6295546558704453,0.5642675109435544
shap,0.3430792344259379,0.16028215232937423,0.6424037514840103,0.15570488969467638,0.4927414929549741,0.14364417432799,0.3025859073900006,0.02075758727765468,200,1,0.6295546558704453,0.5642675109435544
