method,mean_deletion_drop_auc,std_deletion_drop_auc,mean_insertion_auc,std_insertion_auc,mean_combined_score,std_combined_score,mean_runtime_seconds,std_runtime_seconds,completed_instances,completed_tasks,mean_test_accuracy,mean_test_balanced_accuracy
aime,0.7781382888109589,0.12080198900652546,0.7396552067924502,0.1746923056482523,0.7588967478017046,0.11230991934523035,0.005837229960000059,0.00042706112066085567,200,1,0.990909090909091,0.9908115242988522
cos_fpde,0.7642306386772887,0.1415187309788955,0.6523885614269801,0.22261668929221667,0.7083096000521344,0.13203476323471466,0.004510593130000586,0.0010309616968007282,200,1,0.990909090909091,0.9908115242988522
diff_fpde,0.6859213844825949,0.18863195426924123,0.5319224134825354,0.2374837819952489,0.6089218989825652,0.16171360322639328,0.004460929535001412,0.0010354220397526086,200,1,0.990909090909091,0.9908115242988522
hyb_fpde_grid,0.7642306386772887,0.1415187309788955,0.6523885614269801,0.22261668929221667,0.7083096000521344,0.13203476323471466,0.014120244164999463,0.001366116370141821,200,1,0.990909090909091,0.9908115242988522
lime,0.49855095711827174,0.32764594835519195,0.5222221643485941,0.3240160969617597,0.510386560733433,0.29059891464149307,0.024439071989997386,0.001123350101698601,200,1,0.990909090909091,0.9908115242988522
shap,0.8538540012146665,0.09305446370221161,0.8998982266605973,0.08277749871724115,0.8768761139376319,0.06244225733798607,0.5951022009349998,0.02108600048774324,200,1,0.990909090909091,0.9908115242988522
