task_id,dataset_name,method,deletion_drop_auc,insertion_auc,combined_score,runtime_seconds,attr_l1_norm,mean_abs_exactness_residual,test_accuracy,test_balanced_accuracy,n_features_transformed,n_classes,ok
32,pendigits,aime,0.7781382888109589,0.7396552067924502,0.7588967478017046,0.005837229960000059,4.92617514617454,,0.990909090909091,0.9908115242988522,16,10,200
32,pendigits,cos_fpde,0.7642306386772887,0.6523885614269801,0.7083096000521344,0.004510593130000586,0.984288251590715,8.017891905964802e-17,0.990909090909091,0.9908115242988522,16,10,200
32,pendigits,diff_fpde,0.6859213844825949,0.5319224134825354,0.6089218989825652,0.004460929535001412,18.430335961710675,1.5029644195863056e-15,0.990909090909091,0.9908115242988522,16,10,200
32,pendigits,hyb_fpde_grid,0.7642306386772887,0.6523885614269801,0.7083096000521344,0.014120244164999463,1.0,5.4561390128160526e-17,0.990909090909091,0.9908115242988522,16,10,200
32,pendigits,lime,0.49855095711827174,0.5222221643485941,0.510386560733433,0.024439071989997386,0.36476337681231863,,0.990909090909091,0.9908115242988522,16,10,200
32,pendigits,shap,0.8538540012146665,0.8998982266605973,0.8768761139376319,0.5951022009349998,9.496602096648983,,0.990909090909091,0.9908115242988522,16,10,200
