method,mean_deletion_drop_auc,std_deletion_drop_auc,mean_insertion_auc,std_insertion_auc,mean_combined_score,std_combined_score,mean_runtime_seconds,std_runtime_seconds,completed_instances,completed_tasks,mean_test_accuracy,mean_test_balanced_accuracy
aime,0.06087333979227434,0.10425509811304297,0.9738417331610524,0.12706864805687657,0.5173575364766634,0.049895021351612494,0.005461667459460305,9.357816174458054e-05,111,1,0.9459459459459459,0.6380494505494505
cos_fpde,0.06156839277574698,0.1061318327847784,0.9738370806694174,0.1270554146165825,0.5177027367225822,0.05095831588265113,0.004203677819821541,6.340846571194447e-05,111,1,0.9459459459459459,0.6380494505494505
diff_fpde,0.06596766061181408,0.11154194909644241,0.9747705747886463,0.11964821943454322,0.5203691177002301,0.05562646418798887,0.004151753342342147,6.337513215833539e-05,111,1,0.9459459459459459,0.6380494505494505
hyb_fpde_grid,0.06596766061181408,0.11154194909644241,0.9747705747886463,0.11964821943454322,0.5203691177002301,0.05562646418798887,0.006496418171172427,0.00038445738444846817,111,1,0.9459459459459459,0.6380494505494505
lime,0.01333312336906947,0.06647782688708136,0.8144417597509145,0.26093551027056944,0.413887441559992,0.13087399352352497,0.011100325153154091,0.00013779695434752332,111,1,0.9459459459459459,0.6380494505494505
shap,0.004996470308543383,0.12688815993799737,0.7761960241671924,0.2310644400473211,0.39059624723786784,0.13319623193407776,0.06663660177477558,0.017567710154070507,111,1,0.9459459459459459,0.6380494505494505
