method,mean_deletion_drop_auc,std_deletion_drop_auc,mean_insertion_auc,std_insertion_auc,mean_combined_score,std_combined_score,mean_runtime_seconds,std_runtime_seconds,completed_instances,completed_tasks,mean_test_accuracy,mean_test_balanced_accuracy
aime,0.6207063678574114,0.21930729975033064,0.767494848933536,0.16441910670621604,0.6941006083954736,0.16847631268241298,0.011642547432433663,0.004617682382287459,74,1,0.6621621621621622,0.6240537240537242
cos_fpde,0.5974861082072832,0.25128187107769295,0.7495571848253679,0.1759177066159076,0.6735216465163255,0.1912603318809018,0.011515367743241595,0.0034192900781512604,74,1,0.6621621621621622,0.6240537240537242
diff_fpde,0.5785264072473745,0.2729341999934992,0.7407159201580379,0.20171929503753655,0.6596211637027062,0.20789644437394858,0.010111837905404363,0.00429048016590356,74,1,0.6621621621621622,0.6240537240537242
hyb_fpde_grid,0.5974861082072832,0.25128187107769295,0.7495571848253679,0.1759177066159076,0.6735216465163255,0.1912603318809018,0.015980739689187406,0.005011147710617722,74,1,0.6621621621621622,0.6240537240537242
lime,0.23299137377703855,0.32317270981501006,0.4249417168203756,0.27998218652624723,0.3289665452987071,0.2669976559341864,0.03167712044594697,0.004894851790221002,74,1,0.6621621621621622,0.6240537240537242
shap,0.6407418485127234,0.2166223639747849,0.8428078086214801,0.13183293783841785,0.7417748285671019,0.1489308384087484,0.23532092459459217,0.02374749806395957,74,1,0.6621621621621622,0.6240537240537242
