task_id,dataset_name,method,deletion_drop_auc,insertion_auc,combined_score,runtime_seconds,attr_l1_norm,mean_abs_exactness_residual,test_accuracy,test_balanced_accuracy,n_features_transformed,n_classes,ok
2079,eucalyptus,aime,0.6207063678574114,0.767494848933536,0.6941006083954736,0.011642547432433663,8.0886518369194,,0.6621621621621622,0.6240537240537242,91,5,74
2079,eucalyptus,cos_fpde,0.5974861082072832,0.7495571848253679,0.6735216465163255,0.011515367743241595,0.7294574652486772,9.388604758496098e-17,0.6621621621621622,0.6240537240537242,91,5,74
2079,eucalyptus,diff_fpde,0.5785264072473745,0.7407159201580379,0.6596211637027062,0.010111837905404363,7.622422267112339,1.8268513578766565e-15,0.6621621621621622,0.6240537240537242,91,5,74
2079,eucalyptus,hyb_fpde_grid,0.5974861082072832,0.7495571848253679,0.6735216465163255,0.015980739689187406,1.0,8.425129963054925e-17,0.6621621621621622,0.6240537240537242,91,5,74
2079,eucalyptus,lime,0.23299137377703855,0.4249417168203756,0.3289665452987071,0.03167712044594697,0.7757200830137789,,0.6621621621621622,0.6240537240537242,91,5,74
2079,eucalyptus,shap,0.6407418485127234,0.8428078086214801,0.7417748285671019,0.23532092459459217,4.4271105567335365,,0.6621621621621622,0.6240537240537242,91,5,74
