method,mean_deletion_drop_auc,std_deletion_drop_auc,mean_insertion_auc,std_insertion_auc,mean_combined_score,std_combined_score,mean_runtime_seconds,std_runtime_seconds,completed_instances,completed_tasks,mean_test_accuracy,mean_test_balanced_accuracy
aime,0.278838490605506,0.3601799747200752,0.816327602684585,0.2831049822139755,0.5475830466450454,0.07909663167589859,0.004968356242775595,6.997184373924214e-05,173,1,0.9942196531791907,0.9979338842975208
cos_fpde,0.2810754280897979,0.36595181266154503,0.7911885920962057,0.32610667534707893,0.5361320100930018,0.08602043024330296,0.0037467322023112923,9.334322980467982e-05,173,1,0.9942196531791907,0.9979338842975208
diff_fpde,0.2629681820769075,0.3495142693505856,0.7992383856102581,0.3100370988950158,0.5311032838435827,0.08112973647853718,0.0037298172485535266,0.0002182164287662428,173,1,0.9942196531791907,0.9979338842975208
hyb_fpde_grid,0.2810754280897979,0.36595181266154503,0.7911885920962057,0.32610667534707893,0.5361320100930018,0.08602043024330296,0.006165155658958173,0.0002901176831205011,173,1,0.9942196531791907,0.9979338842975208
lime,0.0806441423400013,0.1617164404595849,0.7045507685118544,0.3951367170969462,0.3925974554259279,0.14640844357244295,0.01223526281502784,0.00019906194816816835,173,1,0.9942196531791907,0.9979338842975208
shap,0.3072926207570759,0.38194869353042027,0.8519947522981003,0.23740662750010413,0.5796436865275881,0.12036874631140239,0.22664236709826485,0.021699076389177903,173,1,0.9942196531791907,0.9979338842975208
