task_id,dataset_name,method,deletion_drop_auc,insertion_auc,combined_score,runtime_seconds,attr_l1_norm,mean_abs_exactness_residual,test_accuracy,test_balanced_accuracy,n_features_transformed,n_classes,ok
146821,car,aime,0.278838490605506,0.816327602684585,0.5475830466450454,0.004968356242775595,5.224962740593809,,0.9942196531791907,0.9979338842975208,21,4,173
146821,car,cos_fpde,0.2810754280897979,0.7911885920962057,0.5361320100930018,0.0037467322023112923,1.2277202577467743,7.02913963387134e-17,0.9942196531791907,0.9979338842975208,21,4,173
146821,car,diff_fpde,0.2629681820769075,0.7992383856102581,0.5311032838435827,0.0037298172485535266,2.389544290977899,5.379447690127385e-16,0.9942196531791907,0.9979338842975208,21,4,173
146821,car,hyb_fpde_grid,0.2810754280897979,0.7911885920962057,0.5361320100930018,0.006165155658958173,1.0,5.107908315968702e-17,0.9942196531791907,0.9979338842975208,21,4,173
146821,car,lime,0.0806441423400013,0.7045507685118544,0.3925974554259279,0.01223526281502784,0.09530811978287047,,0.9942196531791907,0.9979338842975208,21,4,173
146821,car,shap,0.3072926207570759,0.8519947522981003,0.5796436865275881,0.22664236709826485,5.112119971267977,,0.9942196531791907,0.9979338842975208,21,4,173
