task_id,dataset_name,method,deletion_drop_auc,insertion_auc,combined_score,runtime_seconds,attr_l1_norm,mean_abs_exactness_residual,test_accuracy,test_balanced_accuracy,n_features_transformed,n_classes,ok
9985,first-order-theorem-proving,aime,0.26789159592229467,0.4232368314936242,0.3455642137079595,0.011520236110000753,8.184856687420716,,0.5996732026143791,0.464917444773495,51,6,200
9985,first-order-theorem-proving,cos_fpde,0.25772187090950616,0.4135895955868298,0.33565573324816794,0.01145440067500047,1.0222912693325952,8.378280708098984e-17,0.5996732026143791,0.464917444773495,51,6,200
9985,first-order-theorem-proving,diff_fpde,0.2462079218907043,0.4106557390979981,0.3284318304943512,0.010449384584999279,10.227682200677059,4.803796249674974e-15,0.5996732026143791,0.464917444773495,51,6,200
9985,first-order-theorem-proving,hyb_fpde_grid,0.25772187090950616,0.4135895955868298,0.33565573324816794,0.017989014129999106,1.0,6.592965648248572e-17,0.5996732026143791,0.464917444773495,51,6,200
9985,first-order-theorem-proving,lime,0.19969860631212824,0.35017215930728646,0.27493538280970736,0.031210794915000263,0.5084171967553595,,0.5996732026143791,0.464917444773495,51,6,200
9985,first-order-theorem-proving,shap,0.36704449753274077,0.5445825294206709,0.45581351347670584,0.38482569620000034,2.62344715511246,,0.5996732026143791,0.464917444773495,51,6,200
