task_id,dataset_name,method,deletion_drop_auc,insertion_auc,combined_score,runtime_seconds,attr_l1_norm,mean_abs_exactness_residual,test_accuracy,test_balanced_accuracy,n_features_transformed,n_classes,ok
9960,wall-robot-navigation,aime,0.5730784592203512,0.7415271969725028,0.657302828096427,0.005641691160000732,5.3362409345075354,,0.9908424908424908,0.9905087738660192,24,4,200
9960,wall-robot-navigation,cos_fpde,0.5499710371493682,0.6997379542278391,0.6248544956886036,0.0043938881950001014,1.1667754437408988,6.260617024800297e-17,0.9908424908424908,0.9905087738660192,24,4,200
9960,wall-robot-navigation,diff_fpde,0.5540830209103099,0.6967230270114642,0.6254030239608871,0.004343522835001465,11.842179756191895,2.247368957597473e-15,0.9908424908424908,0.9905087738660192,24,4,200
9960,wall-robot-navigation,hyb_fpde_grid,0.5499710371493682,0.6997379542278391,0.6248544956886036,0.008692404850000912,1.0,4.5250261870855015e-17,0.9908424908424908,0.9905087738660192,24,4,200
9960,wall-robot-navigation,lime,0.3759505177076797,0.4871557669857203,0.4315531423467,0.01672243165000225,0.5865871213369996,,0.9908424908424908,0.9905087738660192,24,4,200
9960,wall-robot-navigation,shap,0.8379477106806895,0.9483387645984017,0.8931432376395456,0.24014834087000225,5.993065770550077,,0.9908424908424908,0.9905087738660192,24,4,200
