method,mean_deletion_drop_auc,std_deletion_drop_auc,mean_insertion_auc,std_insertion_auc,mean_combined_score,std_combined_score,mean_runtime_seconds,std_runtime_seconds,completed_instances,completed_tasks,mean_test_accuracy,mean_test_balanced_accuracy
aime,0.24506019920246794,0.1872812762213074,0.9179424119717887,0.0689796767600201,0.5815013055871283,0.07909964428215416,0.0044718641142852435,0.00012429513473325603,70,1,0.9714285714285714,0.9682971014492754
cos_fpde,0.24458613590301032,0.18442735385946077,0.9175290308826017,0.07007386507209157,0.5810575833928061,0.07786591274612209,0.003499238400000796,0.00017933560717472437,70,1,0.9714285714285714,0.9682971014492754
diff_fpde,0.25015189085695894,0.18604568467338872,0.9184537560300026,0.06995188593225085,0.5843028234434807,0.0786489412372322,0.0034482026714280373,9.719018598760968e-05,70,1,0.9714285714285714,0.9682971014492754
hyb_fpde_grid,0.24654804142997996,0.18756731036746635,0.9177851751123234,0.06935902692061618,0.5821666082711517,0.07953635937608478,0.005237076585714208,3.863241686088985e-05,70,1,0.9714285714285714,0.9682971014492754
lime,0.1691858062037977,0.21532793630326366,0.859474544095993,0.060465010166829855,0.5143301751498953,0.11225941578624807,0.00836390295714336,0.00023852600395858018,70,1,0.9714285714285714,0.9682971014492754
shap,0.18959910892655052,0.24460840798789055,0.8560030143435851,0.07515670480730377,0.5228010616350678,0.13676519637697043,0.03625368147142873,0.02270749333018941,70,1,0.9714285714285714,0.9682971014492754
