task_id,dataset_name,method,deletion_drop_auc,insertion_auc,combined_score,runtime_seconds,attr_l1_norm,mean_abs_exactness_residual,test_accuracy,test_balanced_accuracy,n_features_transformed,n_classes,ok
15,breast-w,aime,0.24506019920246794,0.9179424119717887,0.5815013055871283,0.0044718641142852435,5.0370509394914755,,0.9714285714285714,0.9682971014492754,9,2,70
15,breast-w,cos_fpde,0.24458613590301032,0.9175290308826017,0.5810575833928061,0.003499238400000796,1.806816591285585,1.3600232051658169e-16,0.9714285714285714,0.9682971014492754,9,2,70
15,breast-w,diff_fpde,0.25015189085695894,0.9184537560300026,0.5843028234434807,0.0034482026714280373,22.927188736483476,1.454392162258955e-15,0.9714285714285714,0.9682971014492754,9,2,70
15,breast-w,hyb_fpde_grid,0.24654804142997996,0.9177851751123234,0.5821666082711517,0.005237076585714208,0.997507685651495,4.004733053112172e-17,0.9714285714285714,0.9682971014492754,9,2,70
15,breast-w,lime,0.1691858062037977,0.859474544095993,0.5143301751498953,0.00836390295714336,0.6333739435310106,,0.9714285714285714,0.9682971014492754,9,2,70
15,breast-w,shap,0.18959910892655052,0.8560030143435851,0.5228010616350678,0.03625368147142873,5.06361103102578,,0.9714285714285714,0.9682971014492754,9,2,70
