method,mean_deletion_drop_auc,std_deletion_drop_auc,mean_insertion_auc,std_insertion_auc,mean_combined_score,std_combined_score,mean_runtime_seconds,std_runtime_seconds,completed_instances,completed_tasks,mean_test_accuracy,mean_test_balanced_accuracy
aime,0.7353039256399324,0.23175090585030098,0.6655108906451883,0.1577287751478218,0.7004074081425604,0.16889891423723719,0.05767481234499428,0.00842564724594387,200,1,0.8908695652173914,0.8908695652173914
cos_fpde,0.7240726435250769,0.2310556270498877,0.45696890787317374,0.21802861188515887,0.5905207756991253,0.17966568043784573,0.022179051900006925,0.001378891660328577,200,1,0.8908695652173914,0.8908695652173914
diff_fpde,0.7124755067450405,0.22774633822591303,0.47805736317302744,0.20112514431741738,0.595266434959034,0.17837483894615316,0.023063113145040007,0.0027271427758556004,200,1,0.8908695652173914,0.8908695652173914
hyb_fpde_grid,0.7124755067450405,0.22774633822591303,0.47805736317302744,0.20112514431741738,0.595266434959034,0.17837483894615316,0.7965664004849987,0.025340654078552377,200,1,0.8908695652173914,0.8908695652173914
lime,0.5170596814100681,0.2145643591852914,0.200353238651422,0.13740907833052388,0.358706460030745,0.1295209570805769,0.46062660979499925,0.07517183687313628,200,1,0.8908695652173914,0.8908695652173914
shap,0.768698606935216,0.2406450093864258,0.8562565643623337,0.11146452583145013,0.8124775856487748,0.1673681932108549,2.631111882415005,0.06537670546007504,200,1,0.8908695652173914,0.8908695652173914
