task_id,dataset_name,method,deletion_drop_auc,insertion_auc,combined_score,runtime_seconds,attr_l1_norm,mean_abs_exactness_residual,test_accuracy,test_balanced_accuracy,n_features_transformed,n_classes,ok
167121,Devnagari-Script,aime,0.7353039256399324,0.6655108906451883,0.7004074081425604,0.05767481234499428,113.80039405485819,,0.8908695652173914,0.8908695652173914,1024,46,200
167121,Devnagari-Script,cos_fpde,0.7240726435250769,0.45696890787317374,0.5905207756991253,0.022179051900006925,0.7776004766040998,4.3905851176972985e-17,0.8908695652173914,0.8908695652173914,1024,46,200
167121,Devnagari-Script,diff_fpde,0.7124755067450405,0.47805736317302744,0.595266434959034,0.023063113145040007,401.0600637796163,6.138201058547565e-14,0.8908695652173914,0.8908695652173914,1024,46,200
167121,Devnagari-Script,hyb_fpde_grid,0.7124755067450405,0.47805736317302744,0.595266434959034,0.7965664004849987,1.0,2.93645316395974e-17,0.8908695652173914,0.8908695652173914,1024,46,200
167121,Devnagari-Script,lime,0.5170596814100681,0.200353238651422,0.358706460030745,0.46062660979499925,2.5009618801192817,,0.8908695652173914,0.8908695652173914,1024,46,200
167121,Devnagari-Script,shap,0.768698606935216,0.8562565643623337,0.8124775856487748,2.631111882415005,10.249433107765967,,0.8908695652173914,0.8908695652173914,1024,46,200
