method,mean_deletion_drop_auc,std_deletion_drop_auc,mean_insertion_auc,std_insertion_auc,mean_combined_score,std_combined_score,mean_runtime_seconds,std_runtime_seconds,completed_instances,completed_tasks,mean_test_accuracy,mean_test_balanced_accuracy
aime,0.14094019048077158,0.20251036649482393,0.8093842934067714,0.22102298574475596,0.4751622419437715,0.09869358431558518,0.0038412680566029356,7.633495174241167e-05,53,1,0.7924528301886793,0.6677489177489178
cos_fpde,0.14191972590126561,0.20006534824794056,0.8082760093061182,0.2234794378147729,0.47509786760369194,0.0995494713308032,0.0028315059622643904,1.8795613999707027e-05,53,1,0.7924528301886793,0.6677489177489178
diff_fpde,0.15238511433304064,0.19203132571366535,0.8158826559409411,0.22425527027536327,0.4841338851369909,0.10172506925204651,0.002817366773584508,4.4670121959574876e-05,53,1,0.7924528301886793,0.6677489177489178
hyb_fpde_grid,0.15238511433304064,0.19203132571366535,0.8158826559409411,0.22425527027536327,0.4841338851369909,0.10172506925204651,0.004236882226413955,0.00010093169309591376,53,1,0.7924528301886793,0.6677489177489178
lime,0.09699135408721497,0.23371976093947316,0.7434196104630555,0.13041565372102737,0.4202054822751352,0.1026161681827139,0.007630727679245486,0.00033856047144994545,53,1,0.7924528301886793,0.6677489177489178
shap,0.05950479918879758,0.2857315564704986,0.6704253613392654,0.13006067619950307,0.3649650802640315,0.1507586863003625,0.022974445283018015,0.009767926713748484,53,1,0.7924528301886793,0.6677489177489178
