task_id,dataset_name,method,deletion_drop_auc,insertion_auc,combined_score,runtime_seconds,attr_l1_norm,mean_abs_exactness_residual,test_accuracy,test_balanced_accuracy,n_features_transformed,n_classes,ok
3913,kc2,aime,0.14094019048077158,0.8093842934067714,0.4751622419437715,0.0038412680566029356,8.695275006841477,,0.7924528301886793,0.6677489177489178,21,2,53
3913,kc2,cos_fpde,0.14191972590126561,0.8082760093061182,0.47509786760369194,0.0028315059622643904,1.721411817275343,1.6758083390568402e-16,0.7924528301886793,0.6677489177489178,21,2,53
3913,kc2,diff_fpde,0.15238511433304064,0.8158826559409411,0.4841338851369909,0.002817366773584508,28.179943346942395,4.541440598844037e-15,0.7924528301886793,0.6677489177489178,21,2,53
3913,kc2,hyb_fpde_grid,0.15238511433304064,0.8158826559409411,0.4841338851369909,0.004236882226413955,1.0,9.622805696927948e-17,0.7924528301886793,0.6677489177489178,21,2,53
3913,kc2,lime,0.09699135408721497,0.7434196104630555,0.4202054822751352,0.007630727679245486,0.4019763918100249,,0.7924528301886793,0.6677489177489178,21,2,53
3913,kc2,shap,0.05950479918879758,0.6704253613392654,0.3649650802640315,0.022974445283018015,4.227758400208381,,0.7924528301886793,0.6677489177489178,21,2,53
