method,mean_deletion_drop_auc,std_deletion_drop_auc,mean_insertion_auc,std_insertion_auc,mean_combined_score,std_combined_score,mean_runtime_seconds,std_runtime_seconds,completed_instances,completed_tasks,mean_test_accuracy,mean_test_balanced_accuracy
aime,0.7533675250417687,0.2204192208443155,0.6946079581246473,0.14523874285013538,0.7239877415832079,0.1545477179584885,0.05948967300999129,0.007934233704267492,200,1,0.8889130434782608,0.8889130434782608
cos_fpde,0.7426930362421938,0.2212433534397765,0.4957194333559012,0.22062492718202364,0.6192062347990476,0.1745632566310002,0.0223555574250031,0.0007262446518125092,200,1,0.8889130434782608,0.8889130434782608
diff_fpde,0.7288953998172244,0.21760023778060722,0.506312096964636,0.18551758179897154,0.6176037483909301,0.16778142850864836,0.023025986299992383,0.0024023950128515513,200,1,0.8889130434782608,0.8889130434782608
hyb_fpde_grid,0.7288953998172244,0.21760023778060722,0.506312096964636,0.18551758179897154,0.6176037483909301,0.16778142850864836,0.8026880107550027,0.02103723152647008,200,1,0.8889130434782608,0.8889130434782608
lime,0.5117319816333779,0.21227337764176266,0.21052367334493607,0.1391786245444107,0.361127827489157,0.13341308272428476,0.4873446625750125,0.07171113884214596,200,1,0.8889130434782608,0.8889130434782608
shap,0.7903539895033207,0.23128948849771702,0.8818849365279494,0.08653692553660053,0.8361194630156351,0.15256059064595937,2.6242522157299915,0.06231437966205357,200,1,0.8889130434782608,0.8889130434782608
