task_id,dataset_name,method,deletion_drop_auc,insertion_auc,combined_score,runtime_seconds,attr_l1_norm,mean_abs_exactness_residual,test_accuracy,test_balanced_accuracy,n_features_transformed,n_classes,ok
167121,Devnagari-Script,aime,0.7533675250417687,0.6946079581246473,0.7239877415832079,0.05948967300999129,115.36080144285701,,0.8889130434782608,0.8889130434782608,1024,46,200
167121,Devnagari-Script,cos_fpde,0.7426930362421938,0.4957194333559012,0.6192062347990476,0.0223555574250031,0.7977704468005515,4.964778588245622e-17,0.8889130434782608,0.8889130434782608,1024,46,200
167121,Devnagari-Script,diff_fpde,0.7288953998172244,0.506312096964636,0.6176037483909301,0.023025986299992383,418.54910593425694,5.758504784125761e-14,0.8889130434782608,0.8889130434782608,1024,46,200
167121,Devnagari-Script,hyb_fpde_grid,0.7288953998172244,0.506312096964636,0.6176037483909301,0.8026880107550027,1.0,3.1682555884371414e-17,0.8889130434782608,0.8889130434782608,1024,46,200
167121,Devnagari-Script,lime,0.5117319816333779,0.21052367334493607,0.361127827489157,0.4873446625750125,2.609347625309368,,0.8889130434782608,0.8889130434782608,1024,46,200
167121,Devnagari-Script,shap,0.7903539895033207,0.8818849365279494,0.8361194630156351,2.6242522157299915,10.380887074072561,,0.8889130434782608,0.8889130434782608,1024,46,200
