task_id,dataset_name,method,deletion_drop_auc,insertion_auc,combined_score,runtime_seconds,attr_l1_norm,mean_abs_exactness_residual,test_accuracy,test_balanced_accuracy,n_features_transformed,n_classes,ok
49,tic-tac-toe,aime,0.4025136247256793,0.6937241507898011,0.5481188877577402,0.005303981968753035,6.997517127258601,,0.9791666666666666,0.9696969696969697,27,2,96
49,tic-tac-toe,cos_fpde,0.4128148808585841,0.7144055224296552,0.5636102016441197,0.004098191208336506,1.5141822967567364,5.746271514173174e-17,0.9791666666666666,0.9696969696969697,27,2,96
49,tic-tac-toe,diff_fpde,0.4107204397555641,0.7158508225021776,0.5632856311288709,0.004043291531251232,2.3963546295936076,8.965629165006799e-16,0.9791666666666666,0.9696969696969697,27,2,96
49,tic-tac-toe,hyb_fpde_grid,0.4128148808585841,0.7144055224296552,0.5636102016441197,0.006382351187503706,1.0,3.8669877485316327e-17,0.9791666666666666,0.9696969696969697,27,2,96
49,tic-tac-toe,lime,0.06549408855597577,0.26440112070315047,0.16494760462956312,0.010474484708333046,0.6654753214056378,,0.9791666666666666,0.9696969696969697,27,2,96
49,tic-tac-toe,shap,0.4366904200958061,0.7437255747314278,0.5902079974136168,0.0415963214166671,7.398702135714124,,0.9791666666666666,0.9696969696969697,27,2,96
