method,mean_deletion_drop_auc,std_deletion_drop_auc,mean_insertion_auc,std_insertion_auc,mean_combined_score,std_combined_score,mean_runtime_seconds,std_runtime_seconds,completed_instances,completed_tasks,mean_test_accuracy,mean_test_balanced_accuracy
aime,0.4025136247256793,0.24392045324072192,0.6937241507898011,0.12971645684571598,0.5481188877577402,0.16159261420208643,0.005303981968753035,8.273285292896634e-05,96,1,0.9791666666666666,0.9696969696969697
cos_fpde,0.4128148808585841,0.24335244602775838,0.7144055224296552,0.13374788768967683,0.5636102016441197,0.16357593301920909,0.004098191208336506,7.124649420432711e-05,96,1,0.9791666666666666,0.9696969696969697
diff_fpde,0.4107204397555641,0.24407067489933934,0.7158508225021776,0.140351551626543,0.5632856311288709,0.16709728214210637,0.004043291531251232,7.938105342563814e-05,96,1,0.9791666666666666,0.9696969696969697
hyb_fpde_grid,0.4128148808585841,0.24335244602775838,0.7144055224296552,0.13374788768967683,0.5636102016441197,0.16357593301920909,0.006382351187503706,0.001349824567448187,96,1,0.9791666666666666,0.9696969696969697
lime,0.06549408855597577,0.10076291392386746,0.26440112070315047,0.1623559546776898,0.16494760462956312,0.07714200778817547,0.010474484708333046,0.0008198764346130745,96,1,0.9791666666666666,0.9696969696969697
shap,0.4366904200958061,0.3042698995752154,0.7437255747314278,0.297377755389066,0.5902079974136168,0.28157703642528736,0.0415963214166671,0.0183404817661759,96,1,0.9791666666666666,0.9696969696969697
