reference,compared,mean_diff,wins,losses,ties,p_raw,p_holm
Hyb-FPDE,AIME,-0.01962041474843641,302,416,2,1.8154473773272147e-25,5.446342131981644e-25
Hyb-FPDE,SHAP,0.019281935712178355,335,385,0,0.03917279774490272,0.03917279774490272
Hyb-FPDE,LIME,0.2515281501693363,706,14,0,1.9788857809216539e-118,9.89442890460827e-118
AIME,SHAP,0.03890235046061477,353,367,0,6.058290093365304e-08,1.2116580186730608e-07
AIME,LIME,0.27114856491777267,711,9,0,2.5668189891346034e-119,1.540091393480762e-118
SHAP,LIME,0.23224621445715787,603,117,0,1.0205746785066566e-94,4.0822987140266264e-94
