task_id,dataset_name,method,deletion_drop_auc,insertion_auc,combined_score,runtime_seconds,attr_l1_norm,mean_abs_exactness_residual,test_accuracy,test_balanced_accuracy,n_features_transformed,n_classes,ok
32,pendigits,aime,0.7686782580044184,0.7537287041347968,0.7612034810696074,0.005009844969999904,4.970440830180202,,0.99,0.9899329743554951,16,10,200
32,pendigits,cos_fpde,0.7462862442354798,0.6651051913525311,0.7056957177940055,0.003944503110005258,1.0141348423255845,7.452372052796363e-17,0.99,0.9899329743554951,16,10,200
32,pendigits,diff_fpde,0.6630041648409517,0.5591274602110263,0.611065812525989,0.0038925672849933336,19.091818196919586,1.8007817459420038e-15,0.99,0.9899329743554951,16,10,200
32,pendigits,hyb_fpde_grid,0.7462862442354798,0.6651051913525311,0.7056957177940055,0.012597094314996867,1.0,5.651945925166934e-17,0.99,0.9899329743554951,16,10,200
32,pendigits,lime,0.46282066793573023,0.4822496631287577,0.47253516553224395,0.024070806590006554,0.367180460102666,,0.99,0.9899329743554951,16,10,200
32,pendigits,shap,0.8507507969407747,0.9079353425674924,0.8793430697541337,0.5472677452449983,9.627505278111599,,0.99,0.9899329743554951,16,10,200
