task_id,dataset_name,method,deletion_drop_auc,insertion_auc,combined_score,runtime_seconds,attr_l1_norm,mean_abs_exactness_residual,test_accuracy,test_balanced_accuracy,n_features_transformed,n_classes,ok
3918,pc1,aime,0.05650257433172052,0.9619251391737637,0.5092138567527421,0.005227905045044763,8.509904756635171,,0.954954954954955,0.709478021978022,21,2,111
3918,pc1,cos_fpde,0.05323344905839584,0.9612459273569502,0.507239688207673,0.0040400226576564734,1.5928920844336378,1.253376781741801e-16,0.954954954954955,0.709478021978022,21,2,111
3918,pc1,diff_fpde,0.05254096843734554,0.962067577120076,0.5073042727787108,0.0040010132882882625,24.53430533527227,5.1230291280450915e-15,0.954954954954955,0.709478021978022,21,2,111
3918,pc1,hyb_fpde_grid,0.05678003272833516,0.9619874799915771,0.5093837563599561,0.00620803195495627,0.9857444600649049,7.07017027506223e-17,0.954954954954955,0.709478021978022,21,2,111
3918,pc1,lime,0.04078210786298053,0.9058908348785737,0.47333647137077706,0.010805815144145406,0.18318870506256185,,0.954954954954955,0.709478021978022,21,2,111
3918,pc1,shap,0.01960088984593805,0.7905346297519057,0.4050677597989219,0.06436000711711655,4.168415894642534,,0.954954954954955,0.709478021978022,21,2,111
