method,mean_deletion_drop_auc,std_deletion_drop_auc,mean_insertion_auc,std_insertion_auc,mean_combined_score,std_combined_score,mean_runtime_seconds,std_runtime_seconds,completed_instances,completed_tasks,mean_test_accuracy,mean_test_balanced_accuracy
aime,0.05650257433172052,0.1049849715668051,0.9619251391737637,0.1267569185028497,0.5092138567527421,0.030228282331677885,0.005227905045044763,8.397247097984235e-05,111,1,0.954954954954955,0.709478021978022
cos_fpde,0.05323344905839584,0.10559845428250117,0.9612459273569502,0.12745954370341897,0.507239688207673,0.030477353394956684,0.0040400226576564734,5.007203726513523e-05,111,1,0.954954954954955,0.709478021978022
diff_fpde,0.05254096843734554,0.10075997682174181,0.962067577120076,0.12717842082665662,0.5073042727787108,0.0373578042214849,0.0040010132882882625,9.346748589891785e-05,111,1,0.954954954954955,0.709478021978022
hyb_fpde_grid,0.05678003272833516,0.10615428080996724,0.9619874799915771,0.12365026622713902,0.5093837563599561,0.029541062997603312,0.00620803195495627,6.401903075623034e-05,111,1,0.954954954954955,0.709478021978022
lime,0.04078210786298053,0.10413754803750218,0.9058908348785737,0.1372760860484571,0.47333647137077706,0.05476922343896968,0.010805815144145406,0.00018399159043078195,111,1,0.954954954954955,0.709478021978022
shap,0.01960088984593805,0.1261680155732766,0.7905346297519057,0.12192407439459228,0.4050677597989219,0.07899046966410678,0.06436000711711655,0.016627934790078583,111,1,0.954954954954955,0.709478021978022
