method,mean_deletion_drop_auc,std_deletion_drop_auc,mean_insertion_auc,std_insertion_auc,mean_combined_score,std_combined_score,mean_runtime_seconds,std_runtime_seconds,completed_instances,completed_tasks,mean_test_accuracy,mean_test_balanced_accuracy
aime,0.7965261793926073,0.20815425435175802,0.9088622938014097,0.10149931192465758,0.8526942365970085,0.13623754694993884,0.0606388272037032,0.01070124985473448,108,1,0.8703703703703703,0.8703703703703705
cos_fpde,0.722057792596059,0.24590738658388633,0.5207663518793798,0.2939111470566943,0.6214120722377193,0.1955224477918562,0.018554754740739924,0.0010849670617593173,108,1,0.8703703703703703,0.8703703703703705
diff_fpde,0.7444322407557539,0.24627600450008452,0.47722112144182005,0.21334337992467883,0.610826681098787,0.15588939154816556,0.02093180977777583,0.004766426759423779,108,1,0.8703703703703703,0.8703703703703705
hyb_fpde_grid,0.7444322407557539,0.24627600450008452,0.47722112144182005,0.21334337992467883,0.610826681098787,0.15588939154816556,0.027615901240740155,0.0009492380699931519,108,1,0.8703703703703703,0.8703703703703705
lime,0.42076278460140426,0.3361680268263503,0.2562998422583372,0.1791326002662025,0.3385313134298707,0.20185192837354038,0.3045264496759267,0.06940576234137412,108,1,0.8703703703703703,0.8703703703703705
shap,0.792939960816939,0.20310236901206125,0.6953415943945506,0.17425823154266373,0.7441407776057447,0.13071036643866224,0.3392343743888891,0.019745914232883535,108,1,0.8703703703703703,0.8703703703703705
