task_id,dataset_name,method,deletion_drop_auc,insertion_auc,combined_score,runtime_seconds,attr_l1_norm,mean_abs_exactness_residual,test_accuracy,test_balanced_accuracy,n_features_transformed,n_classes,ok
6,letter,aime,0.849726367759221,0.7191011758002737,0.7844137717797472,0.0060672704249998335,3.0686504643921815,,0.968,0.9677543579319896,16,26,200
6,letter,cos_fpde,0.8419977981258718,0.5953099667319002,0.718653882428886,0.004967836295000722,0.673173288140411,6.106226635438361e-17,0.968,0.9677543579319896,16,26,200
6,letter,diff_fpde,0.7976314641637141,0.5432553063720305,0.6704433852678723,0.004923262505002981,8.807534801001196,9.403589018575077e-16,0.968,0.9677543579319896,16,26,200
6,letter,hyb_fpde_grid,0.8419977981258718,0.5953099667319002,0.718653882428886,0.02649124957499822,1.0,5.252200584171529e-17,0.968,0.9677543579319896,16,26,200
6,letter,lime,0.673748695636322,0.3566913881737417,0.5152200419050319,0.052264800004997766,0.21138214480618203,,0.968,0.9677543579319896,16,26,200
6,letter,shap,0.8766988275890526,0.7937646099459751,0.8352317187675139,1.5172488335600025,9.601832641344968,,0.968,0.9677543579319896,16,26,200
