method,mean_deletion_drop_auc,std_deletion_drop_auc,mean_insertion_auc,std_insertion_auc,mean_combined_score,std_combined_score,mean_runtime_seconds,std_runtime_seconds,completed_instances,completed_tasks,mean_test_accuracy,mean_test_balanced_accuracy
aime,0.849726367759221,0.17208325670309885,0.7191011758002737,0.2162079417913197,0.7844137717797472,0.16093332248453487,0.0060672704249998335,9.569266796300861e-05,200,1,0.968,0.9677543579319896
cos_fpde,0.8419977981258718,0.17388353986243252,0.5953099667319002,0.28034419414643735,0.718653882428886,0.18413287490265995,0.004967836295000722,0.0002529036663217409,200,1,0.968,0.9677543579319896
diff_fpde,0.7976314641637141,0.1827857789608018,0.5432553063720305,0.26156426777189373,0.6704433852678723,0.17706944899267907,0.004923262505002981,0.000430920582652016,200,1,0.968,0.9677543579319896
hyb_fpde_grid,0.8419977981258718,0.17388353986243252,0.5953099667319002,0.28034419414643735,0.718653882428886,0.18413287490265995,0.02649124957499822,0.0007306716863960847,200,1,0.968,0.9677543579319896
lime,0.673748695636322,0.3160976278860357,0.3566913881737417,0.2413413940472962,0.5152200419050319,0.2268895671583899,0.052264800004997766,0.0015887269802157783,200,1,0.968,0.9677543579319896
shap,0.8766988275890526,0.14001436408810286,0.7937646099459751,0.12378927925425749,0.8352317187675139,0.11251119459871832,1.5172488335600025,0.04271820581780231,200,1,0.968,0.9677543579319896
