task_id,dataset_name,method,deletion_drop_auc,insertion_auc,combined_score,runtime_seconds,attr_l1_norm,mean_abs_exactness_residual,test_accuracy,test_balanced_accuracy,n_features_transformed,n_classes,ok
10101,blood-transfusion-service-center,aime,0.16425033865723696,0.8224120460982682,0.49333119237775264,0.004345808573334201,2.373871745906198,,0.7733333333333333,0.6228070175438596,4,2,75
10101,blood-transfusion-service-center,cos_fpde,0.12682147694883325,0.8067061307205919,0.4667638038347126,0.0034201444400006648,1.6094232540780866,7.369105325949476e-17,0.7733333333333333,0.6228070175438596,4,2,75
10101,blood-transfusion-service-center,diff_fpde,0.14533143885806646,0.8112687342008646,0.4783000865294656,0.0033935718400001256,2.575920548951156,3.608224830031759e-16,0.7733333333333333,0.6228070175438596,4,2,75
10101,blood-transfusion-service-center,hyb_fpde_grid,0.1480680136501476,0.8125438036081176,0.48030590862913264,0.00509679775999795,0.9939032758479899,5.98132654516803e-17,0.7733333333333333,0.6228070175438596,4,2,75
10101,blood-transfusion-service-center,lime,0.011687638150069497,0.6555546724547162,0.33362115530239284,0.019693634266664428,0.27408659430109705,,0.7733333333333333,0.6228070175438596,4,2,75
10101,blood-transfusion-service-center,shap,0.036460183590078375,0.6935817218650607,0.36502095272756957,0.03512572139999861,1.9269540667505176,,0.7733333333333333,0.6228070175438596,4,2,75
