method,mean_deletion_drop_auc,std_deletion_drop_auc,mean_insertion_auc,std_insertion_auc,mean_combined_score,std_combined_score,mean_runtime_seconds,std_runtime_seconds,completed_instances,completed_tasks,mean_test_accuracy,mean_test_balanced_accuracy
aime,0.16425033865723696,0.16884544077013972,0.8224120460982682,0.16043441303115255,0.49333119237775264,0.09445979399082793,0.004345808573334201,0.00015232728059237982,75,1,0.7733333333333333,0.6228070175438596
cos_fpde,0.12682147694883325,0.15302178001313843,0.8067061307205919,0.1624219971284406,0.4667638038347126,0.07665999612618728,0.0034201444400006648,0.00041547783183757124,75,1,0.7733333333333333,0.6228070175438596
diff_fpde,0.14533143885806646,0.15464315616400293,0.8112687342008646,0.17015778062198475,0.4783000865294656,0.0722660561644405,0.0033935718400001256,0.0003622929369795574,75,1,0.7733333333333333,0.6228070175438596
hyb_fpde_grid,0.1480680136501476,0.15665961114983945,0.8125438036081176,0.17040793374939991,0.48030590862913264,0.08515222659697394,0.00509679775999795,3.1382715908213264e-05,75,1,0.7733333333333333,0.6228070175438596
lime,0.011687638150069497,0.1490188114531582,0.6555546724547162,0.22261725226363224,0.33362115530239284,0.0920729630563289,0.019693634266664428,0.000498736135921411,75,1,0.7733333333333333,0.6228070175438596
shap,0.036460183590078375,0.18045394567150727,0.6935817218650607,0.155785271173399,0.36502095272756957,0.09729321756764793,0.03512572139999861,0.02039989887591475,75,1,0.7733333333333333,0.6228070175438596
