task_id,dataset_name,method,deletion_drop_auc,insertion_auc,combined_score,runtime_seconds,attr_l1_norm,mean_abs_exactness_residual,test_accuracy,test_balanced_accuracy,n_features_transformed,n_classes,ok
3917,kc1,aime,0.11033908642495949,0.7796148157166016,0.4449769510707805,0.005173323764999225,10.070220151239907,,0.8862559241706162,0.6763268156424581,21,2,200
3917,kc1,cos_fpde,0.11075363435042675,0.7813502702351737,0.4460519522928002,0.003991852830001221,1.790233817377104,1.7139067942650854e-16,0.8862559241706162,0.6763268156424581,21,2,200
3917,kc1,diff_fpde,0.11191985950660856,0.7772811050366788,0.4446004822716436,0.003945022465001387,28.188954758509702,3.642641743795139e-15,0.8862559241706162,0.6763268156424581,21,2,200
3917,kc1,hyb_fpde_grid,0.1158268794122081,0.7805948391073231,0.4482108592597656,0.006468098689999522,0.9878424430569784,7.691763892481163e-17,0.8862559241706162,0.6763268156424581,21,2,200
3917,kc1,lime,0.10885670833058539,0.7011282735125522,0.4049924909215688,0.01081477090999897,0.35553867136376377,,0.8862559241706162,0.6763268156424581,21,2,200
3917,kc1,shap,0.048684776526455836,0.6041766720093124,0.32643072426788405,0.0686928458349982,3.35172094618037,,0.8862559241706162,0.6763268156424581,21,2,200
