task_id,dataset_name,method,deletion_drop_auc,insertion_auc,combined_score,runtime_seconds,attr_l1_norm,mean_abs_exactness_residual,test_accuracy,test_balanced_accuracy,n_features_transformed,n_classes,ok
9985,first-order-theorem-proving,aime,0.31868210023690563,0.4400518108125982,0.3793669555247519,0.011524962814998076,8.657297891405872,,0.5980392156862745,0.46130148444881913,51,6,200
9985,first-order-theorem-proving,cos_fpde,0.3116105814210174,0.4281603815579848,0.36988548148950107,0.010179048129999303,1.018870840626427,7.283236513888624e-17,0.5980392156862745,0.46130148444881913,51,6,200
9985,first-order-theorem-proving,diff_fpde,0.3034682626709057,0.42132546709712027,0.36239686488401296,0.010532040595000467,11.266031745606838,6.9012850989480515e-15,0.5980392156862745,0.46130148444881913,51,6,200
9985,first-order-theorem-proving,hyb_fpde_grid,0.3116105814210174,0.4281603815579848,0.36988548148950107,0.016738349650000116,1.0,6.005829514266204e-17,0.5980392156862745,0.46130148444881913,51,6,200
9985,first-order-theorem-proving,lime,0.22706111630950468,0.36270288668402256,0.29488200149676363,0.030905886864999274,0.4778223207179769,,0.5980392156862745,0.46130148444881913,51,6,200
9985,first-order-theorem-proving,shap,0.4067033670922962,0.5593836344647242,0.4830435007785102,0.36527622796499926,2.8020284152917805,,0.5980392156862745,0.46130148444881913,51,6,200
