task_id,dataset_name,method,deletion_drop_auc,insertion_auc,combined_score,runtime_seconds,attr_l1_norm,mean_abs_exactness_residual,test_accuracy,test_balanced_accuracy,n_features_transformed,n_classes,ok
3481,isolet,aime,0.8842078589516505,0.8894312036100942,0.8868195312808723,0.060353222285007176,65.38454044482457,,0.9435897435897435,0.9435897435897435,617,26,200
3481,isolet,cos_fpde,0.8885941296054782,0.788463878802262,0.8385290042038701,0.016091043545003174,0.6011922191630671,9.789044574937122e-17,0.9435897435897435,0.9435897435897435,617,26,200
3481,isolet,diff_fpde,0.8267948216829011,0.7311360410143088,0.778965431348605,0.019234219715000337,365.55837603184625,3.7128078389514487e-14,0.9435897435897435,0.9435897435897435,617,26,200
3481,isolet,hyb_fpde_grid,0.8885941296054782,0.788463878802262,0.8385290042038701,0.0462033571100028,1.0,4.0056933464649445e-17,0.9435897435897435,0.9435897435897435,617,26,200
3481,isolet,lime,0.7114141225480023,0.6205602301323871,0.6659871763401947,0.3483796699649963,1.8713889872500673,,0.9435897435897435,0.9435897435897435,617,26,200
3481,isolet,shap,0.9237614337778516,0.9682176426901491,0.9459895382340003,1.518669914024998,11.340543340295055,,0.9435897435897435,0.9435897435897435,617,26,200
