method,mean_deletion_drop_auc,std_deletion_drop_auc,mean_insertion_auc,std_insertion_auc,mean_combined_score,std_combined_score,mean_runtime_seconds,std_runtime_seconds,completed_instances,completed_tasks,mean_test_accuracy,mean_test_balanced_accuracy
aime,0.4878775685693261,0.132083927560334,0.8129949092523571,0.09491343562904098,0.6504362389108416,0.09229464759650831,0.015285145349998856,0.005969851443147605,200,1,0.8072824156305507,0.5669478767627076
cos_fpde,0.5141054062625822,0.12729033915480062,0.8451168011487185,0.07474449589485953,0.6796111037056504,0.08561850386630761,0.012804718909998201,0.004624157717351051,200,1,0.8072824156305507,0.5669478767627076
diff_fpde,0.5136097066513415,0.12777584431215488,0.8450998445897029,0.07397529051977272,0.6793547756205223,0.08521647358776174,0.012438673729997162,0.0050959126225184025,200,1,0.8072824156305507,0.5669478767627076
hyb_fpde_grid,0.5142145604846146,0.12754081250622973,0.8449275379656491,0.07413810742616629,0.6795710492251318,0.08508629877874625,0.057280392565000685,0.0052613688227901205,200,1,0.8072824156305507,0.5669478767627076
lime,-0.1308189948025106,0.15368820141044925,0.20926911243125082,0.056689792475125365,0.039225058814370106,0.09744434306293763,0.032223154489998365,0.008294328899004966,200,1,0.8072824156305507,0.5669478767627076
shap,0.5773904696425258,0.1439759735672044,0.8856972139190727,0.053547371361255494,0.7315438417807993,0.09095943582927901,0.18333611057500093,0.016271633743354434,200,1,0.8072824156305507,0.5669478767627076
