task_id,dataset_name,method,deletion_drop_auc,insertion_auc,combined_score,runtime_seconds,attr_l1_norm,mean_abs_exactness_residual,test_accuracy,test_balanced_accuracy,n_features_transformed,n_classes,ok
146195,connect-4,aime,0.4878775685693261,0.8129949092523571,0.6504362389108416,0.015285145349998856,10.498711457827149,,0.8072824156305507,0.5669478767627076,126,3,200
146195,connect-4,cos_fpde,0.5141054062625822,0.8451168011487185,0.6796111037056504,0.012804718909998201,1.1732515101312246,6.38898656202258e-17,0.8072824156305507,0.5669478767627076,126,3,200
146195,connect-4,diff_fpde,0.5136097066513415,0.8450998445897029,0.6793547756205223,0.012438673729997162,2.0999587511908104,1.3020877778768813e-15,0.8072824156305507,0.5669478767627076,126,3,200
146195,connect-4,hyb_fpde_grid,0.5142145604846146,0.8449275379656491,0.6795710492251318,0.057280392565000685,0.9998224927156845,5.228321031322536e-17,0.8072824156305507,0.5669478767627076,126,3,200
146195,connect-4,lime,-0.1308189948025106,0.20926911243125082,0.039225058814370106,0.032223154489998365,0.8013656506173171,,0.8072824156305507,0.5669478767627076,126,3,200
146195,connect-4,shap,0.5773904696425258,0.8856972139190727,0.7315438417807993,0.18333611057500093,2.9167079524839608,,0.8072824156305507,0.5669478767627076,126,3,200
