task_id,dataset_name,method,deletion_drop_auc,insertion_auc,combined_score,runtime_seconds,attr_l1_norm,mean_abs_exactness_residual,test_accuracy,test_balanced_accuracy,n_features_transformed,n_classes,ok
146824,mfeat-pixel,aime,0.8151851270651254,0.8728643636275021,0.8440247453463138,0.031598696430001925,48.67257234153418,,0.96,0.96,240,10,200
146824,mfeat-pixel,cos_fpde,0.7911554725836969,0.7708826311484767,0.7810190518660868,0.019600566195002216,0.9934117933468961,6.232861449184668e-17,0.96,0.96,240,10,200
146824,mfeat-pixel,diff_fpde,0.7442116482885542,0.726501314703135,0.7353564814958446,0.02354803636999847,248.39953455014563,2.192468429029759e-14,0.96,0.96,240,10,200
146824,mfeat-pixel,hyb_fpde_grid,0.7911554725836969,0.7708826311484767,0.7810190518660868,0.018632933830002685,1.0,3.547943189241565e-17,0.96,0.96,240,10,200
146824,mfeat-pixel,lime,0.41388911999861333,0.39421470119539576,0.40405191059700457,0.14893277561499998,1.1218190551492926,,0.96,0.96,240,10,200
146824,mfeat-pixel,shap,0.8384878673022246,0.9338116777069326,0.8861497725045787,0.579391204310002,9.553896627006187,,0.96,0.96,240,10,200
