task_id,dataset_name,method,deletion_drop_auc,insertion_auc,combined_score,runtime_seconds,attr_l1_norm,mean_abs_exactness_residual,test_accuracy,test_balanced_accuracy,n_features_transformed,n_classes,ok
43,spambase,aime,0.574461413281525,0.8957182227460053,0.7350898180137652,0.010369580455000147,6.769094873421956,,0.9414316702819957,0.9353755563432984,57,2,200
43,spambase,cos_fpde,0.5734052078432261,0.8958131423103136,0.7346091750767698,0.009546861385001507,1.1890287170418699,6.613633252161577e-17,0.9414316702819957,0.9353755563432984,57,2,200
43,spambase,diff_fpde,0.5785130514787841,0.8965930295408677,0.7375530405098258,0.010022661674996982,18.781602304271527,1.6225909504896663e-14,0.9414316702819957,0.9353755563432984,57,2,200
43,spambase,hyb_fpde_grid,0.5785130514787841,0.8965930295408677,0.7375530405098258,0.015653691779999975,1.0,5.309121198227018e-17,0.9414316702819957,0.9353755563432984,57,2,200
43,spambase,lime,0.026093105930473145,0.42917435133433457,0.22763372863240383,0.01943445392000001,0.7901651765614468,,0.9414316702819957,0.9353755563432984,57,2,200
43,spambase,shap,0.3089033117778354,0.6120826623190715,0.4604929870484535,0.0840486600400007,6.797044737543035,,0.9414316702819957,0.9353755563432984,57,2,200
