method,mean_deletion_drop_auc,std_deletion_drop_auc,mean_insertion_auc,std_insertion_auc,mean_combined_score,std_combined_score,mean_runtime_seconds,std_runtime_seconds,completed_instances,completed_tasks,mean_test_accuracy,mean_test_balanced_accuracy
aime,0.574461413281525,0.2122225746841246,0.8957182227460053,0.11711324535056793,0.7350898180137652,0.08757042415106231,0.010369580455000147,0.005716038047622807,200,1,0.9414316702819957,0.9353755563432984
cos_fpde,0.5734052078432261,0.21282891633438486,0.8958131423103136,0.11711482248039617,0.7346091750767698,0.08801580654691389,0.009546861385001507,0.004042283782765387,200,1,0.9414316702819957,0.9353755563432984
diff_fpde,0.5785130514787841,0.2142061422291614,0.8965930295408677,0.11702862697485322,0.7375530405098258,0.08971555012509008,0.010022661674996982,0.0038365151902165695,200,1,0.9414316702819957,0.9353755563432984
hyb_fpde_grid,0.5785130514787841,0.2142061422291614,0.8965930295408677,0.11702862697485322,0.7375530405098258,0.08971555012509008,0.015653691779999975,0.005522646975899126,200,1,0.9414316702819957,0.9353755563432984
lime,0.026093105930473145,0.11360506068944527,0.42917435133433457,0.2570779643809369,0.22763372863240383,0.1384989836877609,0.01943445392000001,0.0056285888984630465,200,1,0.9414316702819957,0.9353755563432984
shap,0.3089033117778354,0.4347593992584608,0.6120826623190715,0.29266216732868083,0.4604929870484535,0.3472465793247452,0.0840486600400007,0.012825903382993371,200,1,0.9414316702819957,0.9353755563432984
