task_id,dataset_name,method,deletion_drop_auc,insertion_auc,combined_score,runtime_seconds,attr_l1_norm,mean_abs_exactness_residual,test_accuracy,test_balanced_accuracy,n_features_transformed,n_classes,ok
11,balance-scale,aime,0.4029053969025816,0.8467021101075448,0.6248037535050632,0.004466205682541207,2.452634925962219,,0.9206349206349206,0.6666666666666666,4,3,63
11,balance-scale,cos_fpde,0.36082200351485755,0.8271959264202142,0.5940089649675359,0.0034397581587315004,1.3737061536665933,7.14265507410133e-17,0.9206349206349206,0.6666666666666666,4,3,63
11,balance-scale,diff_fpde,0.40042043288589874,0.8473114302538244,0.6238659315698615,0.003416412841269609,4.47250463945479,3.8769692923418165e-16,0.9206349206349206,0.6666666666666666,4,3,63
11,balance-scale,hyb_fpde_grid,0.40042043288589874,0.8473114302538244,0.6238659315698615,0.005207207333331861,1.0,4.5102810375396984e-17,0.9206349206349206,0.6666666666666666,4,3,63
11,balance-scale,lime,0.1461539451799424,0.6364757139387849,0.39131482955936364,0.023414091142855555,0.7841499770420023,,0.9206349206349206,0.6666666666666666,4,3,63
11,balance-scale,shap,0.41413446806474846,0.8537910227389612,0.6339627454018548,0.10360472252380785,3.955920105564011,,0.9206349206349206,0.6666666666666666,4,3,63
