method,mean_deletion_drop_auc,std_deletion_drop_auc,mean_insertion_auc,std_insertion_auc,mean_combined_score,std_combined_score,mean_runtime_seconds,std_runtime_seconds,completed_instances,completed_tasks,mean_test_accuracy,mean_test_balanced_accuracy
aime,0.8302626435533733,0.19697625007788494,0.8447174460584658,0.08345104987130152,0.8374900448059195,0.09081484430540962,0.06352688987999613,0.0064295235298136855,200,1,0.9698571428571428,0.9696916273508087
cos_fpde,0.8481369593546636,0.17457823086559535,0.6959037088549057,0.2424985079126819,0.7720203341047847,0.1229102092218162,0.016798740464997762,0.0006546523665989988,200,1,0.9698571428571428,0.9696916273508087
diff_fpde,0.8447452049901194,0.16540301557487735,0.6971585582756304,0.20377651713878364,0.7709518816328749,0.11373565559370966,0.017500961129992446,0.0018507229695115485,200,1,0.9698571428571428,0.9696916273508087
hyb_fpde_grid,0.8447452049901194,0.16540301557487735,0.6971585582756304,0.20377651713878364,0.7709518816328749,0.11373565559370966,0.34110501972500856,0.006816775337035542,200,1,0.9698571428571428,0.9696916273508087
lime,0.3927498553030941,0.24429618353950466,0.2629754254705677,0.21190260675363698,0.3278626403868309,0.10678282345772944,0.2875458678050063,0.06801652050903068,200,1,0.9698571428571428,0.9696916273508087
shap,0.8747804386800113,0.1641679391567144,0.9182170814498951,0.05632318696802523,0.8964987600649532,0.08346747590524822,0.5874441099450075,0.020357282727904904,200,1,0.9698571428571428,0.9696916273508087
