task_id,dataset_name,method,deletion_drop_auc,insertion_auc,combined_score,runtime_seconds,attr_l1_norm,mean_abs_exactness_residual,test_accuracy,test_balanced_accuracy,n_features_transformed,n_classes,ok
3573,mnist_784,aime,0.8302626435533733,0.8447174460584658,0.8374900448059195,0.06352688987999613,46.51518511842895,,0.9698571428571428,0.9696916273508087,784,10,200
3573,mnist_784,cos_fpde,0.8481369593546636,0.6959037088549057,0.7720203341047847,0.016798740464997762,0.8160281619392998,4.435687928072696e-17,0.9698571428571428,0.9696916273508087,784,10,200
3573,mnist_784,diff_fpde,0.8447452049901194,0.6971585582756304,0.7709518816328749,0.017500961129992446,302.39651886886475,7.033484905605292e-14,0.9698571428571428,0.9696916273508087,784,10,200
3573,mnist_784,hyb_fpde_grid,0.8447452049901194,0.6971585582756304,0.7709518816328749,0.34110501972500856,1.0,3.118165448068311e-17,0.9698571428571428,0.9696916273508087,784,10,200
3573,mnist_784,lime,0.3927498553030941,0.2629754254705677,0.3278626403868309,0.2875458678050063,2.614689816693036,,0.9698571428571428,0.9696916273508087,784,10,200
3573,mnist_784,shap,0.8747804386800113,0.9182170814498951,0.8964987600649532,0.5874441099450075,8.315989868256864,,0.9698571428571428,0.9696916273508087,784,10,200
