task_id,dataset_name,method,deletion_drop_auc,insertion_auc,combined_score,runtime_seconds,attr_l1_norm,mean_abs_exactness_residual,test_accuracy,test_balanced_accuracy,n_features_transformed,n_classes,ok
9985,first-order-theorem-proving,aime,0.33660112378369467,0.46555619600795756,0.40107865989582614,0.010586333084996227,7.805546898917526,,0.5866013071895425,0.4469568882394423,51,6,200
9985,first-order-theorem-proving,cos_fpde,0.3220514375638187,0.44931286881565896,0.38568215318973886,0.009540050394999753,1.0225870655191407,6.751110087632738e-17,0.5866013071895425,0.4469568882394423,51,6,200
9985,first-order-theorem-proving,diff_fpde,0.31564804147265396,0.45311808196644265,0.38438306171954834,0.010356596444999012,11.0596734899641,5.59618323903166e-15,0.5866013071895425,0.4469568882394423,51,6,200
9985,first-order-theorem-proving,hyb_fpde_grid,0.3220514375638187,0.44931286881565896,0.38568215318973886,0.016038174294999694,1.0,6.906801519601657e-17,0.5866013071895425,0.4469568882394423,51,6,200
9985,first-order-theorem-proving,lime,0.19405626609121351,0.3634006395208173,0.27872845280601544,0.029895825470001965,0.5053041045659473,,0.5866013071895425,0.4469568882394423,51,6,200
9985,first-order-theorem-proving,shap,0.4173718829779197,0.5775931975324432,0.4974825402551815,0.37149809710000026,2.777470887414862,,0.5866013071895425,0.4469568882394423,51,6,200
