task_id,dataset_name,method,deletion_drop_auc,insertion_auc,combined_score,runtime_seconds,attr_l1_norm,mean_abs_exactness_residual,test_accuracy,test_balanced_accuracy,n_features_transformed,n_classes,ok
14,mfeat-fourier,aime,0.7850374859267246,0.873760245613197,0.8293988657699607,0.011511454680000383,12.044742538325869,,0.87,0.8699999999999999,76,10,200
14,mfeat-fourier,cos_fpde,0.7485655387765726,0.8164571222170003,0.7825113304967865,0.011775123114999246,0.734686206230879,7.663140955127545e-17,0.87,0.8699999999999999,76,10,200
14,mfeat-fourier,diff_fpde,0.7313380967582218,0.7775276317260479,0.7544328642421348,0.010118897080000765,42.77368622241122,9.190530281255604e-15,0.87,0.8699999999999999,76,10,200
14,mfeat-fourier,hyb_fpde_grid,0.7480062871711752,0.8138366971914361,0.7809214921813056,0.018002127899999536,0.9926455431911306,5.7742439302233e-17,0.87,0.8699999999999999,76,10,200
14,mfeat-fourier,lime,0.6113619257605626,0.6121926426986358,0.6117772842295992,0.04494917513500013,0.6290853437264579,,0.87,0.8699999999999999,76,10,200
14,mfeat-fourier,shap,0.820055371232194,0.9330785505677117,0.8765669608999528,0.5649687679450001,8.406046740777569,,0.87,0.8699999999999999,76,10,200
