task_id,dataset_name,method,deletion_drop_auc,insertion_auc,combined_score,runtime_seconds,attr_l1_norm,mean_abs_exactness_residual,test_accuracy,test_balanced_accuracy,n_features_transformed,n_classes,ok
18,mfeat-morphological,aime,0.595000377332996,0.506612686916689,0.5508065321248425,0.005067341105004743,2.9813007741184574,,0.64,0.6399999999999999,6,10,200
18,mfeat-morphological,cos_fpde,0.5060181544267877,0.4422505652945518,0.4741343598606697,0.004118172525001569,0.41084800990642056,8.826273045769995e-17,0.64,0.6399999999999999,6,10,200
18,mfeat-morphological,diff_fpde,0.5287564443286322,0.470550914306629,0.4996536793176306,0.004077651804998368,2.875088264796494,3.237362634911367e-16,0.64,0.6399999999999999,6,10,200
18,mfeat-morphological,hyb_fpde_grid,0.5287564443286322,0.470550914306629,0.4996536793176306,0.007260745029997792,1.0,6.027730398150411e-17,0.64,0.6399999999999999,6,10,200
18,mfeat-morphological,lime,0.5886975788088621,0.5103452640103836,0.5495214214096228,0.053771163004996084,0.3097141833947779,,0.64,0.6399999999999999,6,10,200
18,mfeat-morphological,shap,0.6810616804367627,0.5978877275744648,0.6394747040056139,0.5581491626699983,6.943069618625745,,0.64,0.6399999999999999,6,10,200
