method,mean_deletion_drop_auc,std_deletion_drop_auc,mean_insertion_auc,std_insertion_auc,mean_combined_score,std_combined_score,mean_runtime_seconds,std_runtime_seconds,completed_instances,completed_tasks,mean_test_accuracy,mean_test_balanced_accuracy
aime,0.595000377332996,0.2517227561550523,0.506612686916689,0.23264345915704618,0.5508065321248425,0.2055339990600399,0.005067341105004743,0.00021251814513099332,200,1,0.64,0.6399999999999999
cos_fpde,0.5060181544267877,0.2614076123642933,0.4422505652945518,0.252723387485431,0.4741343598606697,0.225495867975389,0.004118172525001569,0.0009843751032640776,200,1,0.64,0.6399999999999999
diff_fpde,0.5287564443286322,0.26706407225441675,0.470550914306629,0.26249615470476056,0.4996536793176306,0.23620508929572234,0.004077651804998368,0.0010048745137920003,200,1,0.64,0.6399999999999999
hyb_fpde_grid,0.5287564443286322,0.26706407225441675,0.470550914306629,0.26249615470476056,0.4996536793176306,0.23620508929572234,0.007260745029997792,0.0011909743867042368,200,1,0.64,0.6399999999999999
lime,0.5886975788088621,0.2823455003898666,0.5103452640103836,0.2564057134377986,0.5495214214096228,0.23285136746205196,0.053771163004996084,0.0018490594524012988,200,1,0.64,0.6399999999999999
shap,0.6810616804367627,0.21435692478259033,0.5978877275744648,0.2306866907409992,0.6394747040056139,0.18946936451546262,0.5581491626699983,0.01929747386490563,200,1,0.64,0.6399999999999999
