task_id,dataset_name,method,deletion_drop_auc,insertion_auc,combined_score,runtime_seconds,attr_l1_norm,mean_abs_exactness_residual,test_accuracy,test_balanced_accuracy,n_features_transformed,n_classes,ok
9964,semeion,aime,0.7630343557120066,0.8138510316794452,0.788442693695726,0.0356528565749981,46.9821998389383,,0.90625,0.90625,256,10,160
9964,semeion,cos_fpde,0.7844794966386311,0.7648845739771317,0.7746820353078815,0.014985795674998314,1.0182452735232732,4.978656376053436e-17,0.90625,0.90625,256,10,160
9964,semeion,diff_fpde,0.7649376607820946,0.7103467914611745,0.7376422261216345,0.021196163287501336,206.1834398153597,2.0469737016526324e-14,0.90625,0.90625,256,10,160
9964,semeion,hyb_fpde_grid,0.7844794966386311,0.7648845739771317,0.7746820353078815,0.014591301875000084,1.0,3.8701274173227885e-17,0.90625,0.90625,256,10,160
9964,semeion,lime,0.3506838372774951,0.3464282137040966,0.34855602549079584,0.1883698450562507,1.1944315888170873,,0.90625,0.90625,256,10,160
9964,semeion,shap,0.8432942333948474,0.9349423739448227,0.8891183036698351,0.5539756871812503,9.377361021877203,,0.90625,0.90625,256,10,160
