method,mean_deletion_drop_auc,std_deletion_drop_auc,mean_insertion_auc,std_insertion_auc,mean_combined_score,std_combined_score,mean_runtime_seconds,std_runtime_seconds,completed_instances,completed_tasks,mean_test_accuracy,mean_test_balanced_accuracy
aime,0.36297987055281694,0.23324732641779428,0.8114797132119053,0.18261894185824354,0.5872297918823611,0.13406942716829107,0.00453021849499919,6.159575801927189e-05,200,1,0.8482820169567158,0.7935434498805668
cos_fpde,0.3648853539648424,0.23068604222205738,0.7951425063123345,0.19811088947362238,0.5800139301385885,0.139258827632339,0.003517554219999539,0.0005430016653942256,200,1,0.8482820169567158,0.7935434498805668
diff_fpde,0.3636281402225927,0.2272514973529188,0.7986426304135512,0.191951392327037,0.581135385318072,0.13372191612911655,0.0034782162249992156,0.0004494262212729892,200,1,0.8482820169567158,0.7935434498805668
hyb_fpde_grid,0.3677298939567609,0.22914881398193299,0.7985195044035578,0.1940037952310921,0.5831246991801593,0.1357826207192492,0.019190355920000714,0.0011320060108614327,200,1,0.8482820169567158,0.7935434498805668
lime,0.15241046049415233,0.23327899992924786,0.6278896448647192,0.27094399957504073,0.3901500526794358,0.17682771789710278,0.03605039600500064,0.0014908930683458965,200,1,0.8482820169567158,0.7935434498805668
shap,0.4079830775992937,0.21988248374753488,0.838503817466699,0.1671532999216653,0.6232434475329963,0.1283876702875638,0.18256676638499938,0.01929262071739952,200,1,0.8482820169567158,0.7935434498805668
