task_id,dataset_name,method,deletion_drop_auc,insertion_auc,combined_score,runtime_seconds,attr_l1_norm,mean_abs_exactness_residual,test_accuracy,test_balanced_accuracy,n_features_transformed,n_classes,ok
167119,jungle_chess_2pcs_raw_endgame_complete,aime,0.36297987055281694,0.8114797132119053,0.5872297918823611,0.00453021849499919,1.9644302120473283,,0.8482820169567158,0.7935434498805668,6,3,200
167119,jungle_chess_2pcs_raw_endgame_complete,cos_fpde,0.3648853539648424,0.7951425063123345,0.5800139301385885,0.003517554219999539,1.1646210283549163,7.317063621670172e-17,0.8482820169567158,0.7935434498805668,6,3,200
167119,jungle_chess_2pcs_raw_endgame_complete,diff_fpde,0.3636281402225927,0.7986426304135512,0.581135385318072,0.0034782162249992156,3.3824055921189125,5.687117443642364e-16,0.8482820169567158,0.7935434498805668,6,3,200
167119,jungle_chess_2pcs_raw_endgame_complete,hyb_fpde_grid,0.3677298939567609,0.7985195044035578,0.5831246991801593,0.019190355920000714,0.9993055634283511,5.3594281790303454e-17,0.8482820169567158,0.7935434498805668,6,3,200
167119,jungle_chess_2pcs_raw_endgame_complete,lime,0.15241046049415233,0.6278896448647192,0.3901500526794358,0.03605039600500064,0.5164490089135506,,0.8482820169567158,0.7935434498805668,6,3,200
167119,jungle_chess_2pcs_raw_endgame_complete,shap,0.4079830775992937,0.838503817466699,0.6232434475329963,0.18256676638499938,2.7959902866878066,,0.8482820169567158,0.7935434498805668,6,3,200
