method,mean_deletion_drop_auc,std_deletion_drop_auc,mean_insertion_auc,std_insertion_auc,mean_combined_score,std_combined_score,mean_runtime_seconds,std_runtime_seconds,completed_instances,completed_tasks,mean_test_accuracy,mean_test_balanced_accuracy
aime,0.3459050412187013,0.16740162460527883,0.6425270021498967,0.11662097584738267,0.49421602168429896,0.1337600629951066,0.005089670702702165,8.659040585787802e-05,148,1,0.5675675675675675,0.5367258014316838
cos_fpde,0.3393115770966503,0.18807348091702905,0.6085112193720608,0.14857611966925857,0.4739113982343556,0.15505637138083794,0.0038254147567576987,0.00011545456947731041,148,1,0.5675675675675675,0.5367258014316838
diff_fpde,0.34501166079088824,0.18535691940153476,0.6102465954856678,0.14825277348618854,0.47762912813827807,0.15382179690870473,0.003791142837838942,8.002782684234806e-05,148,1,0.5675675675675675,0.5367258014316838
hyb_fpde_grid,0.3450753321057656,0.18517333012143605,0.6111042915708247,0.1476093406823436,0.47808981183829513,0.15350576772570465,0.006080881013514042,0.00019188859404715994,148,1,0.5675675675675675,0.5367258014316838
lime,-0.021671359615217545,0.17251662983015295,0.24902760905606616,0.08540314326857314,0.11367812472042431,0.11869359734671085,0.012901427047298386,0.0003485454363158744,148,1,0.5675675675675675,0.5367258014316838
shap,0.4016464668574469,0.17512523996078547,0.6854138322435278,0.12618271233524647,0.5435301495504874,0.13882655991160414,0.18873109187162002,0.017601115412842892,148,1,0.5675675675675675,0.5367258014316838
