task_id,dataset_name,method,deletion_drop_auc,insertion_auc,combined_score,runtime_seconds,attr_l1_norm,mean_abs_exactness_residual,test_accuracy,test_balanced_accuracy,n_features_transformed,n_classes,ok
23,cmc,aime,0.3459050412187013,0.6425270021498967,0.49421602168429896,0.005089670702702165,5.916527913496721,,0.5675675675675675,0.5367258014316838,24,3,148
23,cmc,cos_fpde,0.3393115770966503,0.6085112193720608,0.4739113982343556,0.0038254147567576987,1.1815768630050292,9.92074290585655e-17,0.5675675675675675,0.5367258014316838,24,3,148
23,cmc,diff_fpde,0.34501166079088824,0.6102465954856678,0.47762912813827807,0.003791142837838942,1.904597959072108,4.606862939175164e-16,0.5675675675675675,0.5367258014316838,24,3,148
23,cmc,hyb_fpde_grid,0.3450753321057656,0.6111042915708247,0.47808981183829513,0.006080881013514042,0.999895086068889,5.902601746341016e-17,0.5675675675675675,0.5367258014316838,24,3,148
23,cmc,lime,-0.021671359615217545,0.24902760905606616,0.11367812472042431,0.012901427047298386,0.4891550237840933,,0.5675675675675675,0.5367258014316838,24,3,148
23,cmc,shap,0.4016464668574469,0.6854138322435278,0.5435301495504874,0.18873109187162002,1.7491138804010846,,0.5675675675675675,0.5367258014316838,24,3,148
