task_id,dataset_name,method,deletion_drop_auc,insertion_auc,combined_score,runtime_seconds,attr_l1_norm,mean_abs_exactness_residual,test_accuracy,test_balanced_accuracy,n_features_transformed,n_classes,ok
49,tic-tac-toe,aime,0.4234836963611334,0.673455831611609,0.5484697639863713,0.005516053562497329,7.65435684739881,,0.96875,0.9545454545454546,27,2,96
49,tic-tac-toe,cos_fpde,0.4396167035080436,0.6871417917796196,0.5633792476438316,0.00423548495833496,1.558128425327886,5.770976641801424e-17,0.96875,0.9545454545454546,27,2,96
49,tic-tac-toe,diff_fpde,0.43952689047036464,0.6933558511025227,0.5664413707864436,0.004178191052081577,2.5600841452478003,8.04622572273909e-16,0.96875,0.9545454545454546,27,2,96
49,tic-tac-toe,hyb_fpde_grid,0.43952689047036464,0.6933558511025227,0.5664413707864436,0.006437775854160795,1.0,3.5525691185108364e-17,0.96875,0.9545454545454546,27,2,96
49,tic-tac-toe,lime,0.10116093869824244,0.26014007537789785,0.18065050703807015,0.010464455541659609,0.5861211891038927,,0.96875,0.9545454545454546,27,2,96
49,tic-tac-toe,shap,0.48707259049062884,0.7869458607511547,0.6370092256208918,0.04239265655208513,7.44330180174137,,0.96875,0.9545454545454546,27,2,96
