method,mean_deletion_drop_auc,std_deletion_drop_auc,mean_insertion_auc,std_insertion_auc,mean_combined_score,std_combined_score,mean_runtime_seconds,std_runtime_seconds,completed_instances,completed_tasks,mean_test_accuracy,mean_test_balanced_accuracy
aime,0.4234836963611334,0.18403803977699887,0.673455831611609,0.14262570638374872,0.5484697639863713,0.13297541144687927,0.005516053562497329,0.0006019714332056575,96,1,0.96875,0.9545454545454546
cos_fpde,0.4396167035080436,0.18314355380690295,0.6871417917796196,0.14257303612731803,0.5633792476438316,0.13187523381337826,0.00423548495833496,3.8935490903370436e-05,96,1,0.96875,0.9545454545454546
diff_fpde,0.43952689047036464,0.18426282238059852,0.6933558511025227,0.14623811111829355,0.5664413707864436,0.13486420313666272,0.004178191052081577,3.2859301009747244e-05,96,1,0.96875,0.9545454545454546
hyb_fpde_grid,0.43952689047036464,0.18426282238059852,0.6933558511025227,0.14623811111829355,0.5664413707864436,0.13486420313666272,0.006437775854160795,4.3070644541674345e-05,96,1,0.96875,0.9545454545454546
lime,0.10116093869824244,0.12028408691802925,0.26014007537789785,0.08307379607353865,0.18065050703807015,0.06689091739654844,0.010464455541659609,0.0005023048562503729,96,1,0.96875,0.9545454545454546
shap,0.48707259049062884,0.2860694594420916,0.7869458607511547,0.22436163319602606,0.6370092256208918,0.24483068353071283,0.04239265655208513,0.01862832832989587,96,1,0.96875,0.9545454545454546
