task_id,dataset_name,method,deletion_drop_auc,insertion_auc,combined_score,runtime_seconds,attr_l1_norm,mean_abs_exactness_residual,test_accuracy,test_balanced_accuracy,n_features_transformed,n_classes,ok
6,letter,aime,0.8338792078704196,0.7121139470525626,0.7729965774614911,0.0057238430199991796,3.1369619582666446,,0.9615,0.9610794491019035,16,26,200
6,letter,cos_fpde,0.816705757429575,0.6229592653241562,0.7198325113768655,0.0047076053150017574,0.6960723568562903,6.338679581219253e-17,0.9615,0.9610794491019035,16,26,200
6,letter,diff_fpde,0.7710786705661645,0.5480473170857878,0.6595629938259762,0.004688429874997837,9.384740813349286,1.1965428647897624e-15,0.9615,0.9610794491019035,16,26,200
6,letter,hyb_fpde_grid,0.816705757429575,0.6229592653241562,0.7198325113768655,0.026893116000000675,1.0,4.82502492821224e-17,0.9615,0.9610794491019035,16,26,200
6,letter,lime,0.6932979137899674,0.40581800792605205,0.5495579608580098,0.05606920322499903,0.2117746940809001,,0.9615,0.9610794491019035,16,26,200
6,letter,shap,0.8623214633063999,0.789697125082669,0.8260092941945344,1.4475895755750008,9.381624895500362,,0.9615,0.9610794491019035,16,26,200
