task_id,dataset_name,method,deletion_drop_auc,insertion_auc,combined_score,runtime_seconds,attr_l1_norm,mean_abs_exactness_residual,test_accuracy,test_balanced_accuracy,n_features_transformed,n_classes,ok
10101,blood-transfusion-service-center,aime,0.09433380923320069,0.8293126631362997,0.4618232361847502,0.004839499933333021,2.319154329380829,,0.7733333333333333,0.6038011695906433,4,2,75
10101,blood-transfusion-service-center,cos_fpde,0.08904903901038155,0.826669965281615,0.45785950214599824,0.00397942043999933,1.599054876487742,8.909539772616881e-17,0.7733333333333333,0.6038011695906433,4,2,75
10101,blood-transfusion-service-center,diff_fpde,0.09201584644082862,0.8291781041969307,0.4605969753188796,0.00383613895999891,2.3462457990141288,2.423986937098258e-16,0.7733333333333333,0.6038011695906433,4,2,75
10101,blood-transfusion-service-center,hyb_fpde_grid,0.09157744093056412,0.828520081506383,0.4600487612184736,0.005854595906665736,0.9971148579412289,3.8025138593411614e-17,0.7733333333333333,0.6038011695906433,4,2,75
10101,blood-transfusion-service-center,lime,-0.038499237864822754,0.6764892664956084,0.31899501431539284,0.022870170039999492,0.21712416505979953,,0.7733333333333333,0.6038011695906433,4,2,75
10101,blood-transfusion-service-center,shap,-0.0077095371310006156,0.69917451843359,0.34573249065129474,0.03720289226666371,1.8022623021830126,,0.7733333333333333,0.6038011695906433,4,2,75
