method,mean_deletion_drop_auc,std_deletion_drop_auc,mean_insertion_auc,std_insertion_auc,mean_combined_score,std_combined_score,mean_runtime_seconds,std_runtime_seconds,completed_instances,completed_tasks,mean_test_accuracy,mean_test_balanced_accuracy
aime,0.09433380923320069,0.178181048768127,0.8293126631362997,0.1522892259566149,0.4618232361847502,0.08631905272690601,0.004839499933333021,9.0177407116788e-05,75,1,0.7733333333333333,0.6038011695906433
cos_fpde,0.08904903901038155,0.17580515664880764,0.826669965281615,0.16001642699645974,0.45785950214599824,0.08737345221121581,0.00397942043999933,0.0010210522019569043,75,1,0.7733333333333333,0.6038011695906433
diff_fpde,0.09201584644082862,0.17389591199142243,0.8291781041969307,0.1587120442923738,0.4605969753188796,0.08420674364170583,0.00383613895999891,0.00035067906563375983,75,1,0.7733333333333333,0.6038011695906433
hyb_fpde_grid,0.09157744093056412,0.1744376371405276,0.828520081506383,0.15884643096111004,0.4600487612184736,0.08500903159717937,0.005854595906665736,0.0002857008267449285,75,1,0.7733333333333333,0.6038011695906433
lime,-0.038499237864822754,0.14129991559010233,0.6764892664956084,0.22960005178246268,0.31899501431539284,0.11201116842820322,0.022870170039999492,0.0003323989319820268,75,1,0.7733333333333333,0.6038011695906433
shap,-0.0077095371310006156,0.20245956130534126,0.69917451843359,0.17388971463183453,0.34573249065129474,0.12038416731734958,0.03720289226666371,0.020177794391556786,75,1,0.7733333333333333,0.6038011695906433
