task_id,dataset_name,method,deletion_drop_auc,insertion_auc,combined_score,runtime_seconds,attr_l1_norm,mean_abs_exactness_residual,test_accuracy,test_balanced_accuracy,n_features_transformed,n_classes,ok
167141,churn,aime,0.14212777956001368,0.8201988307189195,0.48116330513946665,0.011667545554999492,6.733013467491332,,0.9419999999999998,0.8287375415282392,33,2,200
167141,churn,cos_fpde,0.12446759073454283,0.7757059620678498,0.4500867764011964,0.009194619615003034,1.1728315721983784,6.38681815767761e-17,0.9419999999999998,0.8287375415282392,33,2,200
167141,churn,diff_fpde,0.12464167622522987,0.7728675004683345,0.4487545883467822,0.00923741385000426,5.450008103323013,1.6651263701206176e-15,0.9419999999999998,0.8287375415282392,33,2,200
167141,churn,hyb_fpde_grid,0.12495335666310728,0.7742344951724032,0.4495939259177552,0.014857288765003317,0.9959691267466727,5.4730525667068265e-17,0.9419999999999998,0.8287375415282392,33,2,200
167141,churn,lime,0.025320808654615196,0.6078862758173955,0.3166035422360054,0.016973601720002306,0.5313131237846942,,0.9419999999999998,0.8287375415282392,33,2,200
167141,churn,shap,0.12117505758092656,0.8027526681426461,0.4619638628617863,0.0835678932899981,3.3607519815382885,,0.9419999999999998,0.8287375415282392,33,2,200
