method,mean_deletion_drop_auc,std_deletion_drop_auc,mean_insertion_auc,std_insertion_auc,mean_combined_score,std_combined_score,mean_runtime_seconds,std_runtime_seconds,completed_instances,completed_tasks,mean_test_accuracy,mean_test_balanced_accuracy
aime,0.14212777956001368,0.25554274712447994,0.8201988307189195,0.16128183522433845,0.48116330513946665,0.14147843399534582,0.011667545554999492,0.0041895119604917945,200,1,0.9419999999999998,0.8287375415282392
cos_fpde,0.12446759073454283,0.24412473484721395,0.7757059620678498,0.167416090620883,0.4500867764011964,0.14867829677057812,0.009194619615003034,0.004431242919400339,200,1,0.9419999999999998,0.8287375415282392
diff_fpde,0.12464167622522987,0.24258599498443,0.7728675004683345,0.17331552989441548,0.4487545883467822,0.14782151900533388,0.00923741385000426,0.004612691478605626,200,1,0.9419999999999998,0.8287375415282392
hyb_fpde_grid,0.12495335666310728,0.244666238282688,0.7742344951724032,0.17010040085709272,0.4495939259177552,0.14879012038057934,0.014857288765003317,0.006542779791256485,200,1,0.9419999999999998,0.8287375415282392
lime,0.025320808654615196,0.10386605651049514,0.6078862758173955,0.3042959058125184,0.3166035422360054,0.14422763288812238,0.016973601720002306,0.007154128079372297,200,1,0.9419999999999998,0.8287375415282392
shap,0.12117505758092656,0.2716565077651589,0.8027526681426461,0.18363731995856905,0.4619638628617863,0.1727979626785386,0.0835678932899981,0.013624958680795655,200,1,0.9419999999999998,0.8287375415282392
