task_id,dataset_name,method,deletion_drop_auc,insertion_auc,combined_score,runtime_seconds,attr_l1_norm,mean_abs_exactness_residual,test_accuracy,test_balanced_accuracy,n_features_transformed,n_classes,ok
167125,Internet-Advertisements,aime,0.16857607342204972,0.9784977592940736,0.5735369163580617,0.08570325285000394,53.71231518912348,,0.9664634146341463,0.9077243293246994,3113,2,200
167125,Internet-Advertisements,cos_fpde,0.18584586391900576,0.9810714241643747,0.5834586440416902,0.04513389956499822,0.5918858906074588,2.600177018141636e-16,0.9664634146341463,0.9077243293246994,3113,2,200
167125,Internet-Advertisements,diff_fpde,0.1860285645305283,0.9784111356680097,0.582219850099269,0.04523057288999951,8.751739494718006,2.85493850782359e-15,0.9664634146341463,0.9077243293246994,3113,2,200
167125,Internet-Advertisements,hyb_fpde_grid,0.1848860816214979,0.9792396281810134,0.5820628549012556,0.07947697163000157,0.9892936358583961,7.74727504371242e-17,0.9664634146341463,0.9077243293246994,3113,2,200
167125,Internet-Advertisements,lime,0.035103749972684894,0.8677803350491198,0.4514420425109023,0.5644423645949979,2.261771309710646,,0.9664634146341463,0.9077243293246994,3113,2,200
167125,Internet-Advertisements,shap,0.19377669651344495,0.8883588771819236,0.5410677868476843,0.10461934197499914,3.8794517981269165,,0.9664634146341463,0.9077243293246994,3113,2,200
