task_id,dataset_name,method,deletion_drop_auc,insertion_auc,combined_score,runtime_seconds,attr_l1_norm,mean_abs_exactness_residual,test_accuracy,test_balanced_accuracy,n_features_transformed,n_classes,ok
3902,pc4,aime,0.16132329872468107,0.9319325108089931,0.546627904766837,0.011107942061643174,8.09080904747357,,0.910958904109589,0.7821180555555556,37,2,146
3902,pc4,cos_fpde,0.16236419692109902,0.9329549604159434,0.5476595786685211,0.009331029931506233,1.4492594365825282,9.78098880427471e-17,0.910958904109589,0.7821180555555556,37,2,146
3902,pc4,diff_fpde,0.163951347763449,0.9318278068178707,0.5478895772906599,0.009913276664382362,20.177105670238618,2.7987505768033485e-15,0.910958904109589,0.7821180555555556,37,2,146
3902,pc4,hyb_fpde_grid,0.163951347763449,0.9318278068178707,0.5478895772906599,0.013213776246574913,1.0,9.182152755033401e-17,0.910958904109589,0.7821180555555556,37,2,146
3902,pc4,lime,0.033867534246890096,0.724577129901698,0.37922233207429407,0.016231663616439244,0.4039357379077404,,0.910958904109589,0.7821180555555556,37,2,146
3902,pc4,shap,0.058428965536461194,0.6487751532882479,0.3536020594123545,0.07573888490411032,4.67585932302025,,0.910958904109589,0.7821180555555556,37,2,146
