method,mean_deletion_drop_auc,std_deletion_drop_auc,mean_insertion_auc,std_insertion_auc,mean_combined_score,std_combined_score,mean_runtime_seconds,std_runtime_seconds,completed_instances,completed_tasks,mean_test_accuracy,mean_test_balanced_accuracy
aime,0.16132329872468107,0.1877911146566059,0.9319325108089931,0.15575366428782234,0.546627904766837,0.09158225426008493,0.011107942061643174,0.0036130078329895134,146,1,0.910958904109589,0.7821180555555556
cos_fpde,0.16236419692109902,0.1871184670948405,0.9329549604159434,0.15321930955326651,0.5476595786685211,0.08970401500964244,0.009331029931506233,0.0037000239893648294,146,1,0.910958904109589,0.7821180555555556
diff_fpde,0.163951347763449,0.1866786631463957,0.9318278068178707,0.15397049853151584,0.5478895772906599,0.09028700792125723,0.009913276664382362,0.0037380874364702776,146,1,0.910958904109589,0.7821180555555556
hyb_fpde_grid,0.163951347763449,0.1866786631463957,0.9318278068178707,0.15397049853151584,0.5478895772906599,0.09028700792125723,0.013213776246574913,0.004837963501874974,146,1,0.910958904109589,0.7821180555555556
lime,0.033867534246890096,0.154346553521176,0.724577129901698,0.22648627398732604,0.37922233207429407,0.12699220066936526,0.016231663616439244,0.004912924723466661,146,1,0.910958904109589,0.7821180555555556
shap,0.058428965536461194,0.22895327993773862,0.6487751532882479,0.19193687763332076,0.3536020594123545,0.16356405509613525,0.07573888490411032,0.015567847947992233,146,1,0.910958904109589,0.7821180555555556
