task_id,dataset_name,method,deletion_drop_auc,insertion_auc,combined_score,runtime_seconds,attr_l1_norm,mean_abs_exactness_residual,test_accuracy,test_balanced_accuracy,n_features_transformed,n_classes,ok
23,cmc,aime,0.3271937660934759,0.6228820027567408,0.47503788442510836,0.005004658837836703,5.905240254773581,,0.5878378378378378,0.5485527544351073,24,3,148
23,cmc,cos_fpde,0.35049376361759704,0.6118819106923445,0.48118783715497077,0.003778237763511341,1.1794551449105124,7.691388817135006e-17,0.5878378378378378,0.5485527544351073,24,3,148
23,cmc,diff_fpde,0.3505757667919091,0.5811377097628916,0.4658567382774004,0.0037382528918891004,1.9487133093418159,6.275948229574471e-16,0.5878378378378378,0.5485527544351073,24,3,148
23,cmc,hyb_fpde_grid,0.35049376361759704,0.6118819106923445,0.48118783715497077,0.005984225648650811,1.0,4.843160407254167e-17,0.5878378378378378,0.5485527544351073,24,3,148
23,cmc,lime,0.024060538541999302,0.29102547264310424,0.15754300559255177,0.012785934844594744,0.4314832381850115,,0.5878378378378378,0.5485527544351073,24,3,148
23,cmc,shap,0.3986239599491695,0.6750059661265244,0.536814963037847,0.17837292722973153,1.789640641851791,,0.5878378378378378,0.5485527544351073,24,3,148
