method,mean_deletion_drop_auc,std_deletion_drop_auc,mean_insertion_auc,std_insertion_auc,mean_combined_score,std_combined_score,mean_runtime_seconds,std_runtime_seconds,completed_instances,completed_tasks,mean_test_accuracy,mean_test_balanced_accuracy
aime,0.3271937660934759,0.19424150867524026,0.6228820027567408,0.14351328043903547,0.47503788442510836,0.1583582225544872,0.005004658837836703,8.222488164482836e-05,148,1,0.5878378378378378,0.5485527544351073
cos_fpde,0.35049376361759704,0.2022972020660085,0.6118819106923445,0.17152353010445606,0.48118783715497077,0.1720243868285871,0.003778237763511341,0.00012011426020958672,148,1,0.5878378378378378,0.5485527544351073
diff_fpde,0.3505757667919091,0.20674065576031544,0.5811377097628916,0.17904318404398564,0.4658567382774004,0.17747712554407952,0.0037382528918891004,7.195637357201749e-05,148,1,0.5878378378378378,0.5485527544351073
hyb_fpde_grid,0.35049376361759704,0.2022972020660085,0.6118819106923445,0.17152353010445606,0.48118783715497077,0.1720243868285871,0.005984225648650811,0.00010142733967038586,148,1,0.5878378378378378,0.5485527544351073
lime,0.024060538541999302,0.1715474959580029,0.29102547264310424,0.09870902246324854,0.15754300559255177,0.11792222028771365,0.012785934844594744,0.00029656730371592304,148,1,0.5878378378378378,0.5485527544351073
shap,0.3986239599491695,0.1983075318067387,0.6750059661265244,0.1387909911192938,0.536814963037847,0.15891077615496924,0.17837292722973153,0.018112472804708433,148,1,0.5878378378378378,0.5485527544351073
