method,mean_deletion_drop_auc,std_deletion_drop_auc,mean_insertion_auc,std_insertion_auc,mean_combined_score,std_combined_score,mean_runtime_seconds,std_runtime_seconds,completed_instances,completed_tasks,mean_test_accuracy,mean_test_balanced_accuracy
aime,0.11996714649975954,0.09719087091720775,0.783175402777,0.1139828523345413,0.4515712746383798,0.08474437227576183,0.0052579748699987765,8.511343584842259e-05,200,1,0.8099173553719008,0.5634844379190103
cos_fpde,0.12161705622882063,0.09752307630512065,0.7839731098475834,0.1143215286497428,0.452795083038202,0.08521807505047257,0.0041074245750004935,2.4835590912774233e-05,200,1,0.8099173553719008,0.5634844379190103
diff_fpde,0.12778750467720867,0.09928299997472509,0.789715720994803,0.11658457240419696,0.45875161283600585,0.08742533897542444,0.004054558545000475,2.6110328283007863e-05,200,1,0.8099173553719008,0.5634844379190103
hyb_fpde_grid,0.12778750467720867,0.09928299997472509,0.789715720994803,0.11658457240419696,0.45875161283600585,0.08742533897542444,0.009586784134999747,0.0001253979136722169,200,1,0.8099173553719008,0.5634844379190103
lime,0.06850197736652579,0.11029052749671792,0.7201349871828278,0.07502744489679285,0.39431848227467675,0.06604121116270902,0.010885313644999001,0.0003532011357585404,200,1,0.8099173553719008,0.5634844379190103
shap,0.023415865155873673,0.1353915989898653,0.6580768672092283,0.07022991536966341,0.340746366182551,0.08502448946966612,0.06731140600000053,0.012419136455875137,200,1,0.8099173553719008,0.5634844379190103
