task_id,dataset_name,method,deletion_drop_auc,insertion_auc,combined_score,runtime_seconds,attr_l1_norm,mean_abs_exactness_residual,test_accuracy,test_balanced_accuracy,n_features_transformed,n_classes,ok
3904,jm1,aime,0.11996714649975954,0.783175402777,0.4515712746383798,0.0052579748699987765,8.344824868758955,,0.8099173553719008,0.5634844379190103,21,2,200
3904,jm1,cos_fpde,0.12161705622882063,0.7839731098475834,0.452795083038202,0.0041074245750004935,1.649222423877796,1.4151874117018792e-16,0.8099173553719008,0.5634844379190103,21,2,200
3904,jm1,diff_fpde,0.12778750467720867,0.789715720994803,0.45875161283600585,0.004054558545000475,11.99299692374421,1.1351891648914148e-14,0.8099173553719008,0.5634844379190103,21,2,200
3904,jm1,hyb_fpde_grid,0.12778750467720867,0.789715720994803,0.45875161283600585,0.009586784134999747,1.0,9.910475218255499e-17,0.8099173553719008,0.5634844379190103,21,2,200
3904,jm1,lime,0.06850197736652579,0.7201349871828278,0.39431848227467675,0.010885313644999001,0.3511952011838748,,0.8099173553719008,0.5634844379190103,21,2,200
3904,jm1,shap,0.023415865155873673,0.6580768672092283,0.340746366182551,0.06731140600000053,1.7176991102672017,,0.8099173553719008,0.5634844379190103,21,2,200
