task_id,dataset_name,method,deletion_drop_auc,insertion_auc,combined_score,runtime_seconds,attr_l1_norm,mean_abs_exactness_residual,test_accuracy,test_balanced_accuracy,n_features_transformed,n_classes,ok
125922,texture,aime,0.7731939536966534,0.7782527193400065,0.77572333651833,0.012110904980000186,13.223779416758582,,0.9836363636363636,0.9836363636363636,40,11,200
125922,texture,cos_fpde,0.8014866075060318,0.7479447914683446,0.7747156994871882,0.011471378765000182,0.7230449030738909,1.3079815008865126e-16,0.9836363636363636,0.9836363636363636,40,11,200
125922,texture,diff_fpde,0.6868763750886842,0.6576883064354249,0.6722823407620545,0.009785389425001583,28.875862104902406,2.153138778382413e-15,0.9836363636363636,0.9836363636363636,40,11,200
125922,texture,hyb_fpde_grid,0.8014866075060318,0.7479447914683446,0.7747156994871882,0.017806487999997744,1.0,3.8488635022149165e-17,0.9836363636363636,0.9836363636363636,40,11,200
125922,texture,lime,0.49931975595687894,0.5372213075162784,0.5182705317365787,0.03221414870999979,0.46739349471348307,,0.9836363636363636,0.9836363636363636,40,11,200
125922,texture,shap,0.8753946100787968,0.913142032554807,0.8942683213168019,0.6456945504050011,9.650619725601041,,0.9836363636363636,0.9836363636363636,40,11,200
