task_id,dataset_name,method,deletion_drop_auc,insertion_auc,combined_score,runtime_seconds,attr_l1_norm,mean_abs_exactness_residual,test_accuracy,test_balanced_accuracy,n_features_transformed,n_classes,ok
29,credit-approval,aime,0.41144331415971525,0.9237083311547017,0.6675758226572085,0.014087211072452204,6.4292166424532615,,0.8695652173913043,0.8653846153846154,46,2,69
29,credit-approval,cos_fpde,0.41145915394493177,0.9205313298276128,0.6659952418862722,0.010907878217392574,1.3455058099527868,1.3576096768514142e-16,0.8695652173913043,0.8653846153846154,46,2,69
29,credit-approval,diff_fpde,0.41133612465465424,0.9203103281343544,0.6658232263945044,0.011254095043481344,6.729044521982191,1.6323496499742337e-15,0.8695652173913043,0.8653846153846154,46,2,69
29,credit-approval,hyb_fpde_grid,0.4114612774652103,0.9204492790805793,0.6659552782728947,0.015741828956516078,0.9999929032287339,9.024961736069193e-17,0.8695652173913043,0.8653846153846154,46,2,69
29,credit-approval,lime,-0.014224371768884412,0.4831574058390671,0.2344665170350913,0.019209622391298108,0.637531131627194,,0.8695652173913043,0.8653846153846154,46,2,69
29,credit-approval,shap,0.18190930158603835,0.6333854424305064,0.4076473720082724,0.049953863695650136,5.009844917366795,,0.8695652173913043,0.8653846153846154,46,2,69
