method,mean_deletion_drop_auc,std_deletion_drop_auc,mean_insertion_auc,std_insertion_auc,mean_combined_score,std_combined_score,mean_runtime_seconds,std_runtime_seconds,completed_instances,completed_tasks,mean_test_accuracy,mean_test_balanced_accuracy
aime,0.19801296322813527,0.21460677084260318,0.9559192450121621,0.15448056919732878,0.5769661041201487,0.12275350631724077,0.004955822340000182,5.820849221641428e-05,200,1,0.9793388429752067,0.8621095062143097
cos_fpde,0.19826718344712554,0.21460562401324842,0.9559202208069603,0.15448080443247647,0.5770937021270428,0.12277235691452239,0.003903453800000918,0.00018847222679371764,200,1,0.9793388429752067,0.8621095062143097
diff_fpde,0.18068198326395277,0.21897505882162632,0.950416169798828,0.1469161071525883,0.5655490765313904,0.12356690211696272,0.0038722164799995084,0.0003313105104670498,200,1,0.9793388429752067,0.8621095062143097
hyb_fpde_grid,0.1982698532264758,0.21689213051300077,0.9575885681699416,0.15001012880108697,0.5779292106982088,0.12213242373774044,0.00713593641499898,0.00023281129110424705,200,1,0.9793388429752067,0.8621095062143097
lime,0.06943729536343372,0.1890151952656627,0.639984003715924,0.3245894739284747,0.3547106495396789,0.21321520241080133,0.030166653344999617,0.00032930923091470203,200,1,0.9793388429752067,0.8621095062143097
shap,0.06715315252101402,0.18437592888064794,0.6976215055543871,0.3000684034842664,0.3823873290377005,0.1902679131048603,0.06846089495000036,0.014326903825809539,200,1,0.9793388429752067,0.8621095062143097
