task_id,dataset_name,method,deletion_drop_auc,insertion_auc,combined_score,runtime_seconds,attr_l1_norm,mean_abs_exactness_residual,test_accuracy,test_balanced_accuracy,n_features_transformed,n_classes,ok
146820,wilt,aime,0.19801296322813527,0.9559192450121621,0.5769661041201487,0.004955822340000182,1.7828327114342155,,0.9793388429752067,0.8621095062143097,5,2,200
146820,wilt,cos_fpde,0.19826718344712554,0.9559202208069603,0.5770937021270428,0.003903453800000918,1.4061060340015619,8.507083926190262e-17,0.9793388429752067,0.8621095062143097,5,2,200
146820,wilt,diff_fpde,0.18068198326395277,0.950416169798828,0.5655490765313904,0.0038722164799995084,1.9756747091233995,3.5797753650257394e-16,0.9793388429752067,0.8621095062143097,5,2,200
146820,wilt,hyb_fpde_grid,0.1982698532264758,0.9575885681699416,0.5779292106982088,0.00713593641499898,0.9899462396890921,6.813993813636898e-17,0.9793388429752067,0.8621095062143097,5,2,200
146820,wilt,lime,0.06943729536343372,0.639984003715924,0.3547106495396789,0.030166653344999617,0.5593226495799017,,0.9793388429752067,0.8621095062143097,5,2,200
146820,wilt,shap,0.06715315252101402,0.6976215055543871,0.3823873290377005,0.06846089495000036,3.9830403452529857,,0.9793388429752067,0.8621095062143097,5,2,200
