task_id,dataset_name,method,deletion_drop_auc,insertion_auc,combined_score,runtime_seconds,attr_l1_norm,mean_abs_exactness_residual,test_accuracy,test_balanced_accuracy,n_features_transformed,n_classes,ok
9946,wdbc,aime,0.404387226197429,0.9084929411879528,0.6564400836926909,0.005159787052630655,11.214527236911772,,0.9824561403508771,0.9861111111111112,30,2,57
9946,wdbc,cos_fpde,0.4047938383619899,0.9097591082541794,0.6572764733080846,0.003845298035086767,1.491604707330937,1.3780399823198215e-16,0.9824561403508771,0.9861111111111112,30,2,57
9946,wdbc,diff_fpde,0.4159876274866356,0.9149093890397626,0.6654485082631991,0.0037801773508761016,47.8848658223134,7.880635715146287e-15,0.9824561403508771,0.9861111111111112,30,2,57
9946,wdbc,hyb_fpde_grid,0.4159876274866356,0.9149093890397626,0.6654485082631991,0.005657188403505954,1.0,1.014965402172395e-16,0.9824561403508771,0.9861111111111112,30,2,57
9946,wdbc,lime,0.09259366826679245,0.5054741926607105,0.2990339304637515,0.010143669333331716,0.8507162683357787,,0.9824561403508771,0.9861111111111112,30,2,57
9946,wdbc,shap,0.15412971448680315,0.5131447636754466,0.33363723908112486,0.0356976314736857,5.804420278939243,,0.9824561403508771,0.9861111111111112,30,2,57
