task_id,dataset_name,method,deletion_drop_auc,insertion_auc,combined_score,runtime_seconds,attr_l1_norm,mean_abs_exactness_residual,test_accuracy,test_balanced_accuracy,n_features_transformed,n_classes,ok
146817,steel-plates-fault,aime,0.40629937128585353,0.6334082544622669,0.5198538128740602,0.005759053210258659,7.036445917772404,,0.8256410256410256,0.7458398453359464,27,7,195
146817,steel-plates-fault,cos_fpde,0.4692780664317713,0.6975658611753669,0.583421963803569,0.004522358994871085,0.9293614718505141,8.783928000920509e-17,0.8256410256410256,0.7458398453359464,27,7,195
146817,steel-plates-fault,diff_fpde,0.42724248539973536,0.6553352565018411,0.5412888709507883,0.004464400476920306,17.12254631085632,2.632011417930267e-15,0.8256410256410256,0.7458398453359464,27,7,195
146817,steel-plates-fault,hyb_fpde_grid,0.47715170100739873,0.6989830488257015,0.5880673749165501,0.007576267035898354,0.9827000882467599,6.185401194085507e-17,0.8256410256410256,0.7458398453359464,27,7,195
146817,steel-plates-fault,lime,0.16819564654935415,0.4247509401255743,0.2964732933374642,0.024014595405132247,0.4252335057215143,,0.8256410256410256,0.7458398453359464,27,7,195
146817,steel-plates-fault,shap,0.6157118191591905,0.8577977680576685,0.7367547936084294,0.3956471145282032,5.140966668644117,,0.8256410256410256,0.7458398453359464,27,7,195
