method,mean_deletion_drop_auc,std_deletion_drop_auc,mean_insertion_auc,std_insertion_auc,mean_combined_score,std_combined_score,mean_runtime_seconds,std_runtime_seconds,completed_instances,completed_tasks,mean_test_accuracy,mean_test_balanced_accuracy
aime,0.808822262329189,0.17350628649629965,0.8667474234056983,0.1117702418122273,0.8377848428674436,0.09302060515118468,0.033272118729999536,0.008253516891809958,200,1,0.97,0.97
cos_fpde,0.7858658259130838,0.20046979248050245,0.7609777230943578,0.18142627102117226,0.773421774503721,0.11373124909645749,0.018263886720000358,0.006256026061080599,200,1,0.97,0.97
diff_fpde,0.7391077932518242,0.2228182436266648,0.7144847169321789,0.18393639821240362,0.7267962550920015,0.130694315610988,0.023973308675000738,0.005740299758779434,200,1,0.97,0.97
hyb_fpde_grid,0.7858658259130838,0.20046979248050245,0.7609777230943578,0.18142627102117226,0.773421774503721,0.11373124909645749,0.017475239500001436,0.004820004737753233,200,1,0.97,0.97
lime,0.40458941557974853,0.2915429142462232,0.39498189746754675,0.2666733732838771,0.39978565652364767,0.18617580468214626,0.15246647704000083,0.06937509654945723,200,1,0.97,0.97
shap,0.8402576639238148,0.18139854978500808,0.9438195417184352,0.051432187983310784,0.892038602821125,0.09359202241486951,0.5725624561149992,0.019139148792694276,200,1,0.97,0.97
