task_id,dataset_name,method,deletion_drop_auc,insertion_auc,combined_score,runtime_seconds,attr_l1_norm,mean_abs_exactness_residual,test_accuracy,test_balanced_accuracy,n_features_transformed,n_classes,ok
146824,mfeat-pixel,aime,0.808822262329189,0.8667474234056983,0.8377848428674436,0.033272118729999536,48.918104322843185,,0.97,0.97,240,10,200
146824,mfeat-pixel,cos_fpde,0.7858658259130838,0.7609777230943578,0.773421774503721,0.018263886720000358,1.010050757917013,5.733261088103347e-17,0.97,0.97,240,10,200
146824,mfeat-pixel,diff_fpde,0.7391077932518242,0.7144847169321789,0.7267962550920015,0.023973308675000738,256.07349335050907,2.246647312631467e-14,0.97,0.97,240,10,200
146824,mfeat-pixel,hyb_fpde_grid,0.7858658259130838,0.7609777230943578,0.773421774503721,0.017475239500001436,1.0,4.337676051680006e-17,0.97,0.97,240,10,200
146824,mfeat-pixel,lime,0.40458941557974853,0.39498189746754675,0.39978565652364767,0.15246647704000083,1.1188503567402386,,0.97,0.97,240,10,200
146824,mfeat-pixel,shap,0.8402576639238148,0.9438195417184352,0.892038602821125,0.5725624561149992,9.51381669764181,,0.97,0.97,240,10,200
