method,mean_deletion_drop_auc,std_deletion_drop_auc,mean_insertion_auc,std_insertion_auc,mean_combined_score,std_combined_score,mean_runtime_seconds,std_runtime_seconds,completed_instances,completed_tasks,mean_test_accuracy,mean_test_balanced_accuracy
aime,0.11969091655102014,0.17589000802930477,0.9729474649724899,0.09176824952913128,0.546319190761755,0.06489701110200438,0.00501180622222503,0.00011491200888188808,54,1,0.9814814814814815,0.875
cos_fpde,0.11972085345621475,0.17707871175636475,0.9729555760014831,0.09177014440111551,0.5463382147288489,0.06567608354304033,0.003935100351851715,5.099940712966666e-05,54,1,0.9814814814814815,0.875
diff_fpde,0.10874265800587173,0.1790763011316809,0.9663120431812379,0.1225985280272707,0.5375273505935548,0.06524175764562705,0.003883952074073915,3.850641546792204e-05,54,1,0.9814814814814815,0.875
hyb_fpde_grid,0.11972085345621475,0.17707871175636475,0.9729555760014831,0.09177014440111551,0.5463382147288489,0.06567608354304033,0.005872616425928935,7.59160122699128e-05,54,1,0.9814814814814815,0.875
lime,0.02339936589004801,0.14514757410657209,0.9400605480000412,0.19378351933768598,0.48172995694504467,0.03902579999967031,0.00983272440740595,0.00027207633706649353,54,1,0.9814814814814815,0.875
shap,0.0996456565463409,0.13807612803772143,0.945132070939136,0.20746534028244412,0.5223888637427384,0.13401620595667516,0.0340236364999995,0.0233492058992353,54,1,0.9814814814814815,0.875
