task_id,dataset_name,method,deletion_drop_auc,insertion_auc,combined_score,runtime_seconds,attr_l1_norm,mean_abs_exactness_residual,test_accuracy,test_balanced_accuracy,n_features_transformed,n_classes,ok
146819,climate-model-simulation-crashes,aime,0.11969091655102014,0.9729474649724899,0.546319190761755,0.00501180622222503,3.734422447088145,,0.9814814814814815,0.875,18,2,54
146819,climate-model-simulation-crashes,cos_fpde,0.11972085345621475,0.9729555760014831,0.5463382147288489,0.003935100351851715,1.2060697094423427,6.418476861114186e-17,0.9814814814814815,0.875,18,2,54
146819,climate-model-simulation-crashes,diff_fpde,0.10874265800587173,0.9663120431812379,0.5375273505935548,0.003883952074073915,10.666823232775132,2.502627734675874e-15,0.9814814814814815,0.875,18,2,54
146819,climate-model-simulation-crashes,hyb_fpde_grid,0.11972085345621475,0.9729555760014831,0.5463382147288489,0.005872616425928935,1.0,4.384995453163596e-17,0.9814814814814815,0.875,18,2,54
146819,climate-model-simulation-crashes,lime,0.02339936589004801,0.9400605480000412,0.48172995694504467,0.00983272440740595,0.21262347398440895,,0.9814814814814815,0.875,18,2,54
146819,climate-model-simulation-crashes,shap,0.0996456565463409,0.945132070939136,0.5223888637427384,0.0340236364999995,4.609701629249655,,0.9814814814814815,0.875,18,2,54
