method,mean_deletion_drop_auc,std_deletion_drop_auc,mean_insertion_auc,std_insertion_auc,mean_combined_score,std_combined_score,mean_runtime_seconds,std_runtime_seconds,completed_instances,completed_tasks,mean_test_accuracy,mean_test_balanced_accuracy
aime,0.10686765375135902,0.09328701094551356,0.7870445402391312,0.11931607116436552,0.4469560969952451,0.07665812271686667,0.0048355570499998635,0.0001736494644694618,200,1,0.8625592417061612,0.6495286312849163
cos_fpde,0.10732035108605131,0.09305085532616016,0.7892954498385442,0.11986829048451546,0.44830790046229774,0.07670877568855591,0.0036725616049977814,3.534625488329799e-05,200,1,0.8625592417061612,0.6495286312849163
diff_fpde,0.10255272775358126,0.09477640880955664,0.789638715783858,0.12557675530813905,0.4460957217687197,0.08141013953690408,0.003643573454998261,9.506622476893459e-05,200,1,0.8625592417061612,0.6495286312849163
hyb_fpde_grid,0.10559536841460364,0.09414817986192094,0.7924043921425166,0.1262387029785325,0.44899988027856014,0.0812591952013993,0.0059671094800003745,6.3727119160494e-05,200,1,0.8625592417061612,0.6495286312849163
lime,0.06804846477564587,0.11454374726137108,0.613994229957691,0.11091878023437418,0.3410213473666684,0.09747621566680358,0.010350687804999837,0.00016270629202016823,200,1,0.8625592417061612,0.6495286312849163
shap,0.05236322824494486,0.14529949580244245,0.6095744430445174,0.11178530586503187,0.3309688356447311,0.11444257988688507,0.06563836230999982,0.013064864796169268,200,1,0.8625592417061612,0.6495286312849163
