task_id,dataset_name,method,deletion_drop_auc,insertion_auc,combined_score,runtime_seconds,attr_l1_norm,mean_abs_exactness_residual,test_accuracy,test_balanced_accuracy,n_features_transformed,n_classes,ok
3917,kc1,aime,0.10686765375135902,0.7870445402391312,0.4469560969952451,0.0048355570499998635,10.126284217571152,,0.8625592417061612,0.6495286312849163,21,2,200
3917,kc1,cos_fpde,0.10732035108605131,0.7892954498385442,0.44830790046229774,0.0036725616049977814,1.7927286844032335,1.5574347367319774e-16,0.8625592417061612,0.6495286312849163,21,2,200
3917,kc1,diff_fpde,0.10255272775358126,0.789638715783858,0.4460957217687197,0.003643573454998261,28.80876005742188,3.305133944309091e-15,0.8625592417061612,0.6495286312849163,21,2,200
3917,kc1,hyb_fpde_grid,0.10559536841460364,0.7924043921425166,0.44899988027856014,0.0059671094800003745,0.9909383635712069,8.153200337090993e-17,0.8625592417061612,0.6495286312849163,21,2,200
3917,kc1,lime,0.06804846477564587,0.613994229957691,0.3410213473666684,0.010350687804999837,0.40265708371255143,,0.8625592417061612,0.6495286312849163,21,2,200
3917,kc1,shap,0.05236322824494486,0.6095744430445174,0.3309688356447311,0.06563836230999982,3.118198738463837,,0.8625592417061612,0.6495286312849163,21,2,200
