method,mean_deletion_drop_auc,std_deletion_drop_auc,mean_insertion_auc,std_insertion_auc,mean_combined_score,std_combined_score,mean_runtime_seconds,std_runtime_seconds,completed_instances,completed_tasks,mean_test_accuracy,mean_test_balanced_accuracy
aime,0.21589043408596711,0.2054156749172348,0.9761488902957476,0.10586135261894648,0.5960196621908573,0.1086405779144567,0.004449213120001616,0.00044080446577770405,200,1,0.9772727272727273,0.8610178031575412
cos_fpde,0.21905065821611175,0.20800363873494718,0.9761498342923067,0.10586156049190791,0.5976002462542093,0.11003262441968586,0.0035218622700014636,0.0008025643647137919,200,1,0.9772727272727273,0.8610178031575412
diff_fpde,0.18804272893454918,0.21107926530492344,0.9660845121675574,0.11487765012725398,0.5770636205510533,0.11404476579469952,0.003508137555000701,0.0007692803025999735,200,1,0.9772727272727273,0.8610178031575412
hyb_fpde_grid,0.21874137278095515,0.20767480525115498,0.9761514580696445,0.10586190454320608,0.5974464154252997,0.10985997460845466,0.0064389527750014965,0.000741248036502088,200,1,0.9772727272727273,0.8610178031575412
lime,0.07560051781882114,0.1860166904018124,0.6377671707066547,0.32185920491014913,0.3566838442627379,0.21621954514519992,0.025444417259998034,0.0011691767263042518,200,1,0.9772727272727273,0.8610178031575412
shap,0.04662542166703125,0.1616448533841657,0.6725951991790413,0.28220192962920526,0.3596103104230363,0.17643424596036142,0.06440739277499916,0.014448125828606715,200,1,0.9772727272727273,0.8610178031575412
