task_id,dataset_name,method,deletion_drop_auc,insertion_auc,combined_score,runtime_seconds,attr_l1_norm,mean_abs_exactness_residual,test_accuracy,test_balanced_accuracy,n_features_transformed,n_classes,ok
146820,wilt,aime,0.21589043408596711,0.9761488902957476,0.5960196621908573,0.004449213120001616,1.7706583221228507,,0.9772727272727273,0.8610178031575412,5,2,200
146820,wilt,cos_fpde,0.21905065821611175,0.9761498342923067,0.5976002462542093,0.0035218622700014636,1.391331885119568,7.447167882368433e-17,0.9772727272727273,0.8610178031575412,5,2,200
146820,wilt,diff_fpde,0.18804272893454918,0.9660845121675574,0.5770636205510533,0.003508137555000701,2.11270142552301,5.56776846849516e-16,0.9772727272727273,0.8610178031575412,5,2,200
146820,wilt,hyb_fpde_grid,0.21874137278095515,0.9761514580696445,0.5974464154252997,0.0064389527750014965,0.9934591756642905,6.043776590303197e-17,0.9772727272727273,0.8610178031575412,5,2,200
146820,wilt,lime,0.07560051781882114,0.6377671707066547,0.3566838442627379,0.025444417259998034,0.5029348376963338,,0.9772727272727273,0.8610178031575412,5,2,200
146820,wilt,shap,0.04662542166703125,0.6725951991790413,0.3596103104230363,0.06440739277499916,3.412354580483012,,0.9772727272727273,0.8610178031575412,5,2,200
