task_id,dataset_name,method,deletion_drop_auc,insertion_auc,combined_score,runtime_seconds,attr_l1_norm,mean_abs_exactness_residual,test_accuracy,test_balanced_accuracy,n_features_transformed,n_classes,ok
125920,dresses-sales,aime,0.3863011456171745,0.7792072200925669,0.5827541828548707,0.017293155520001165,8.393378820016995,,0.66,0.641215106732348,137,2,50
125920,dresses-sales,cos_fpde,0.38644439344313547,0.7791992342296973,0.5828218138364164,0.012028786799999693,1.3139735772246082,4.603956105242446e-17,0.66,0.641215106732348,137,2,50
125920,dresses-sales,diff_fpde,0.386380841767388,0.7800749761775607,0.5832279089724743,0.012809744899998919,1.7211501523410444,8.652800698172314e-16,0.66,0.641215106732348,137,2,50
125920,dresses-sales,hyb_fpde_grid,0.38630257178302857,0.7801408465937745,0.5832217091884014,0.014844084020000991,1.0,4.7774284528401266e-17,0.66,0.641215106732348,137,2,50
125920,dresses-sales,lime,-0.055228161169572125,0.33905400258018004,0.14191292070530398,0.029608019559999546,0.5837188737821066,,0.66,0.641215106732348,137,2,50
125920,dresses-sales,shap,0.061678132752112313,0.47706697087725275,0.2693725518146825,0.03711729795999759,3.0814198359876745,,0.66,0.641215106732348,137,2,50
