method,mean_deletion_drop_auc,std_deletion_drop_auc,mean_insertion_auc,std_insertion_auc,mean_combined_score,std_combined_score,mean_runtime_seconds,std_runtime_seconds,completed_instances,completed_tasks,mean_test_accuracy,mean_test_balanced_accuracy
aime,0.8265856623029457,0.13272439193523614,0.9213962397244579,0.08959930644450778,0.8739909510137019,0.10495148720956837,0.010263394594999227,0.005699904195667211,200,1,0.955,0.9549999999999998
cos_fpde,0.8150399362185696,0.13111313762743287,0.8590493029607871,0.13794294395477202,0.8370446195896782,0.1186110823684058,0.011202203010000744,0.002896199782557748,200,1,0.955,0.9549999999999998
diff_fpde,0.7503914565824873,0.148606397818811,0.7814707560238344,0.19140043581445193,0.7659311063031609,0.15049130945075068,0.009812520200000278,0.004452381028620359,200,1,0.955,0.9549999999999998
hyb_fpde_grid,0.8150399362185696,0.13111313762743287,0.8590493029607871,0.13794294395477202,0.8370446195896782,0.1186110823684058,0.015437079580002263,0.004433004568673551,200,1,0.955,0.9549999999999998
lime,0.37016237750470815,0.2918215887653437,0.4552167283698192,0.312249741744436,0.4126895529372637,0.2818009772758228,0.04039901749000165,0.00515218719163639,200,1,0.955,0.9549999999999998
shap,0.8385703047851513,0.1311859706924208,0.9452799173651577,0.07637195596480943,0.8919251110751545,0.09810796589771248,0.5669419100550013,0.020149538334949542,200,1,0.955,0.9549999999999998
