task_id,dataset_name,method,deletion_drop_auc,insertion_auc,combined_score,runtime_seconds,attr_l1_norm,mean_abs_exactness_residual,test_accuracy,test_balanced_accuracy,n_features_transformed,n_classes,ok
16,mfeat-karhunen,aime,0.8265856623029457,0.9213962397244579,0.8739909510137019,0.010263394594999227,9.605537418488721,,0.955,0.9549999999999998,64,10,200
16,mfeat-karhunen,cos_fpde,0.8150399362185696,0.8590493029607871,0.8370446195896782,0.011202203010000744,0.9058362518676039,4.8953896492065494e-17,0.955,0.9549999999999998,64,10,200
16,mfeat-karhunen,diff_fpde,0.7503914565824873,0.7814707560238344,0.7659311063031609,0.009812520200000278,51.66636441491129,6.141753772226366e-15,0.955,0.9549999999999998,64,10,200
16,mfeat-karhunen,hyb_fpde_grid,0.8150399362185696,0.8590493029607871,0.8370446195896782,0.015437079580002263,1.0,4.261239798519778e-17,0.955,0.9549999999999998,64,10,200
16,mfeat-karhunen,lime,0.37016237750470815,0.4552167283698192,0.4126895529372637,0.04039901749000165,0.6159926564812362,,0.955,0.9549999999999998,64,10,200
16,mfeat-karhunen,shap,0.8385703047851513,0.9452799173651577,0.8919251110751545,0.5669419100550013,8.69851830553624,,0.955,0.9549999999999998,64,10,200
