task_id,dataset_name,method,deletion_drop_auc,insertion_auc,combined_score,runtime_seconds,attr_l1_norm,mean_abs_exactness_residual,test_accuracy,test_balanced_accuracy,n_features_transformed,n_classes,ok
9957,qsar-biodeg,aime,0.389214009055241,0.891983654215132,0.6405988316351866,0.004735564566037212,8.550984961617555,,0.8490566037735849,0.8384920634920634,41,2,106
9957,qsar-biodeg,cos_fpde,0.3923619961980416,0.8922505077115295,0.6423062519547855,0.003407851981132261,1.3310317974789623,7.259654093804826e-17,0.8490566037735849,0.8384920634920634,41,2,106
9957,qsar-biodeg,diff_fpde,0.384976868030863,0.8889794991297298,0.6369781835802966,0.0033875006698103104,20.3228279765085,3.4196963918878642e-15,0.8490566037735849,0.8384920634920634,41,2,106
9957,qsar-biodeg,hyb_fpde_grid,0.3923619961980416,0.8922505077115295,0.6423062519547855,0.005239936641510802,1.0,5.202943029244589e-17,0.8490566037735849,0.8384920634920634,41,2,106
9957,qsar-biodeg,lime,0.09482755697492463,0.6705156389193634,0.38267159794714406,0.011169774273586007,0.6791935897645586,,0.8490566037735849,0.8384920634920634,41,2,106
9957,qsar-biodeg,shap,0.22539454649162183,0.6699299200472579,0.4476622332694398,0.05654896118868019,5.86649574216509,,0.8490566037735849,0.8384920634920634,41,2,106
