task_id,dataset_name,method,deletion_drop_auc,insertion_auc,combined_score,runtime_seconds,attr_l1_norm,mean_abs_exactness_residual,test_accuracy,test_balanced_accuracy,n_features_transformed,n_classes,ok
3917,kc1,aime,0.15667724754482268,0.815788365196695,0.4862328063707588,0.0054238628350002215,10.319770190680725,,0.8720379146919431,0.6936103351955307,21,2,200
3917,kc1,cos_fpde,0.15455692517816927,0.8156358965178991,0.4850964108480342,0.00418868681999939,1.7911304296204127,1.909757074702867e-16,0.8720379146919431,0.6936103351955307,21,2,200
3917,kc1,diff_fpde,0.16310989463144598,0.8215853181710097,0.49234760640122777,0.00417160504999913,31.892200046303078,5.118683255034284e-15,0.8720379146919431,0.6936103351955307,21,2,200
3917,kc1,hyb_fpde_grid,0.16310989463144598,0.8215853181710097,0.49234760640122777,0.006763261865000771,1.0,7.511352650979574e-17,0.8720379146919431,0.6936103351955307,21,2,200
3917,kc1,lime,0.11669326066460232,0.7791182878763259,0.4479057742704641,0.010846488269999953,0.34730382144206096,,0.8720379146919431,0.6936103351955307,21,2,200
3917,kc1,shap,0.07272591470052236,0.6557707639323515,0.3642483393164369,0.06752672760000095,3.35778942849646,,0.8720379146919431,0.6936103351955307,21,2,200
