method,mean_deletion_drop_auc,std_deletion_drop_auc,mean_insertion_auc,std_insertion_auc,mean_combined_score,std_combined_score,mean_runtime_seconds,std_runtime_seconds,completed_instances,completed_tasks,mean_test_accuracy,mean_test_balanced_accuracy
aime,0.15667724754482268,0.10648951323142504,0.815788365196695,0.1385377762299243,0.4862328063707588,0.09562030204619139,0.0054238628350002215,0.00024001331435284082,200,1,0.8720379146919431,0.6936103351955307
cos_fpde,0.15455692517816927,0.10634787631532654,0.8156358965178991,0.138798244888402,0.4850964108480342,0.0955995639683808,0.00418868681999939,0.00014575700818547454,200,1,0.8720379146919431,0.6936103351955307
diff_fpde,0.16310989463144598,0.10173902380203884,0.8215853181710097,0.1403706080872891,0.49234760640122777,0.09368164618780411,0.00417160504999913,0.00028419560086456063,200,1,0.8720379146919431,0.6936103351955307
hyb_fpde_grid,0.16310989463144598,0.10173902380203884,0.8215853181710097,0.1403706080872891,0.49234760640122777,0.09368164618780411,0.006763261865000771,0.00018205418759778045,200,1,0.8720379146919431,0.6936103351955307
lime,0.11669326066460232,0.12462614747213663,0.7791182878763259,0.09568433030475,0.4479057742704641,0.07090787429810261,0.010846488269999953,0.00031909659066663994,200,1,0.8720379146919431,0.6936103351955307
shap,0.07272591470052236,0.19249735043387195,0.6557707639323515,0.14714919476227703,0.3642483393164369,0.14937871278314455,0.06752672760000095,0.013806532663069186,200,1,0.8720379146919431,0.6936103351955307
