task_id,dataset_name,method,deletion_drop_auc,insertion_auc,combined_score,runtime_seconds,attr_l1_norm,mean_abs_exactness_residual,test_accuracy,test_balanced_accuracy,n_features_transformed,n_classes,ok
146817,steel-plates-fault,aime,0.4673136693094109,0.6417790616235917,0.5545463654665013,0.005652294753845885,7.093949889252152,,0.8307692307692308,0.8341374687172974,27,7,195
146817,steel-plates-fault,cos_fpde,0.49065034980985983,0.6810770317488235,0.5858636907793416,0.004192708251284289,0.9450790051713893,9.84789173285295e-17,0.8307692307692308,0.8341374687172974,27,7,195
146817,steel-plates-fault,diff_fpde,0.45444061299978816,0.6671374282391614,0.5607890206194748,0.004155538712821757,17.773937389427914,2.7980466946258113e-15,0.8307692307692308,0.8341374687172974,27,7,195
146817,steel-plates-fault,hyb_fpde_grid,0.4901375785175104,0.6817645309704111,0.5859510547439608,0.00711430172820367,0.9921504398270008,7.866748563109182e-17,0.8307692307692308,0.8341374687172974,27,7,195
146817,steel-plates-fault,lime,0.329543364717755,0.4660649373627069,0.3978041510402309,0.025030702605127502,0.42354095976930234,,0.8307692307692308,0.8341374687172974,27,7,195
146817,steel-plates-fault,shap,0.6283431497451002,0.8418690410697166,0.7351060954074083,0.4002063049282048,5.548874755555208,,0.8307692307692308,0.8341374687172974,27,7,195
