task_id,dataset_name,method,deletion_drop_auc,insertion_auc,combined_score,runtime_seconds,attr_l1_norm,mean_abs_exactness_residual,test_accuracy,test_balanced_accuracy,n_features_transformed,n_classes,ok
3481,isolet,aime,0.8643958583592515,0.8841412057496763,0.8742685320544639,0.05856855730999854,66.34490091121961,,0.941025641025641,0.941025641025641,617,26,200
3481,isolet,cos_fpde,0.869178101196232,0.7901726646519613,0.8296753829240966,0.014890784765001257,0.6055245918136997,1.0997279475954969e-16,0.941025641025641,0.941025641025641,617,26,200
3481,isolet,diff_fpde,0.8100497906756352,0.7230221059246463,0.7665359483001408,0.017560128154996447,374.384888630834,4.4351189387725755e-14,0.941025641025641,0.941025641025641,617,26,200
3481,isolet,hyb_fpde_grid,0.869178101196232,0.7901726646519613,0.8296753829240966,0.04799456363000274,1.0,3.988996633008668e-17,0.941025641025641,0.941025641025641,617,26,200
3481,isolet,lime,0.6614211947397071,0.5731633735481497,0.6172922841439284,0.34489429069499633,1.8341700037440893,,0.941025641025641,0.941025641025641,617,26,200
3481,isolet,shap,0.8996663119840013,0.9632808482010233,0.9314735800925122,1.4739415945749994,11.30121544716173,,0.941025641025641,0.941025641025641,617,26,200
