task_id,dataset_name,method,deletion_drop_auc,insertion_auc,combined_score,runtime_seconds,attr_l1_norm,mean_abs_exactness_residual,test_accuracy,test_balanced_accuracy,n_features_transformed,n_classes,ok
146825,Fashion-MNIST,aime,0.6889666874293439,0.6972998132397313,0.6931332503345377,0.053872514294989744,108.46273506375826,,0.8932857142857142,0.8932857142857141,784,10,200
146825,Fashion-MNIST,cos_fpde,0.7175036440104634,0.6327152471030066,0.675109445556735,0.012472772294992183,0.6179553904439495,5.2735593669694933e-17,0.8932857142857142,0.8932857142857141,784,10,200
146825,Fashion-MNIST,diff_fpde,0.7034939274034224,0.624794346253834,0.6641441368286283,0.019275648710000724,454.39951030802155,5.508482558980177e-14,0.8932857142857142,0.8932857142857141,784,10,200
146825,Fashion-MNIST,hyb_fpde_grid,0.7191301093652076,0.6329984382451589,0.6760642738051833,0.3103363610650035,0.9909640584172935,4.423544863740858e-17,0.8932857142857142,0.8932857142857141,784,10,200
146825,Fashion-MNIST,lime,0.2967599465134191,0.25776103868012545,0.27726049259677227,0.24555005803500762,2.6727091809702115,,0.8932857142857142,0.8932857142857141,784,10,200
146825,Fashion-MNIST,shap,0.8210053696344299,0.9047271672968232,0.8628662684656265,0.4570063988850097,7.9576697944593935,,0.8932857142857142,0.8932857142857141,784,10,200
