task_id,dataset_name,method,deletion_drop_auc,insertion_auc,combined_score,runtime_seconds,attr_l1_norm,mean_abs_exactness_residual,test_accuracy,test_balanced_accuracy,n_features_transformed,n_classes,ok
167140,dna,aime,0.5062280244469985,0.973859028074491,0.7400435262607448,0.03760027743000009,34.8516692586745,,0.9498432601880877,0.9420559888220003,360,3,200
167140,dna,cos_fpde,0.5048713725842257,0.9525814490370941,0.7287264108106599,0.013701582684999778,0.9606401047164325,4.926614671774132e-17,0.9498432601880877,0.9420559888220003,360,3,200
167140,dna,diff_fpde,0.49737001993342667,0.9482178407491884,0.7227939303413075,0.022925750574998602,20.722676255155147,7.11819492238419e-15,0.9498432601880877,0.9420559888220003,360,3,200
167140,dna,hyb_fpde_grid,0.5048713725842257,0.9525814490370941,0.7287264108106599,0.019238564090001516,1.0,3.2651832626573454e-17,0.9498432601880877,0.9420559888220003,360,3,200
167140,dna,lime,0.05471490167928022,0.5408307502445309,0.2977728259619055,0.18561471882500016,1.7823458172604227,,0.9498432601880877,0.9420559888220003,360,3,200
167140,dna,shap,0.5106390284039807,0.9731238753572399,0.7418814518806103,0.18114545508000035,5.813430149256456,,0.9498432601880877,0.9420559888220003,360,3,200
