method,mean_deletion_drop_auc,std_deletion_drop_auc,mean_insertion_auc,std_insertion_auc,mean_combined_score,std_combined_score,mean_runtime_seconds,std_runtime_seconds,completed_instances,completed_tasks,mean_test_accuracy,mean_test_balanced_accuracy
aime,0.5062280244469985,0.4215725686486562,0.973859028074491,0.0329116964720213,0.7400435262607448,0.20199305922593702,0.03760027743000009,0.010060141563927521,200,1,0.9498432601880877,0.9420559888220003
cos_fpde,0.5048713725842257,0.4236598364296954,0.9525814490370941,0.09437535339664886,0.7287264108106599,0.19733891837260914,0.013701582684999778,0.005526674623173952,200,1,0.9498432601880877,0.9420559888220003
diff_fpde,0.49737001993342667,0.42723827922676133,0.9482178407491884,0.10468753911260298,0.7227939303413075,0.19928291247414134,0.022925750574998602,0.006945144988204873,200,1,0.9498432601880877,0.9420559888220003
hyb_fpde_grid,0.5048713725842257,0.4236598364296954,0.9525814490370941,0.09437535339664886,0.7287264108106599,0.19733891837260914,0.019238564090001516,0.003143247969778514,200,1,0.9498432601880877,0.9420559888220003
lime,0.05471490167928022,0.12328138882966681,0.5408307502445309,0.41118222150041256,0.2977728259619055,0.18209461527713586,0.18561471882500016,0.0669657678930133,200,1,0.9498432601880877,0.9420559888220003
shap,0.5106390284039807,0.41855800498680784,0.9731238753572399,0.030091060101871518,0.7418814518806103,0.1997135676368713,0.18114545508000035,0.018307721333004068,200,1,0.9498432601880877,0.9420559888220003
