task_id,dataset_name,method,deletion_drop_auc,insertion_auc,combined_score,runtime_seconds,attr_l1_norm,mean_abs_exactness_residual,test_accuracy,test_balanced_accuracy,n_features_transformed,n_classes,ok
9946,wdbc,aime,0.3627390482619141,0.9277857960313399,0.645262422146627,0.005044458947371535,10.966539220279873,,0.9649122807017544,0.9722222222222222,30,2,57
9946,wdbc,cos_fpde,0.3646504778583116,0.9278076726068074,0.6462290752325595,0.004010755666669004,1.496701319627277,1.2636091003957373e-16,0.9649122807017544,0.9722222222222222,30,2,57
9946,wdbc,diff_fpde,0.37055712287589143,0.9305308250715025,0.650543973973697,0.0037485477543864284,46.31893781063053,7.553412086835714e-15,0.9649122807017544,0.9722222222222222,30,2,57
9946,wdbc,hyb_fpde_grid,0.36524914238269424,0.9306693889381535,0.6479592656604239,0.005869493473686529,0.9967693906202162,9.267075411139259e-17,0.9649122807017544,0.9722222222222222,30,2,57
9946,wdbc,lime,0.153059533826946,0.6526324005201474,0.40284596717354665,0.009968917754395477,0.8542147416400854,,0.9649122807017544,0.9722222222222222,30,2,57
9946,wdbc,shap,0.20210997861537655,0.6007893198036448,0.4014496492095107,0.03611740863157477,5.781584143066809,,0.9649122807017544,0.9722222222222222,30,2,57
