method,mean_deletion_drop_auc,std_deletion_drop_auc,mean_insertion_auc,std_insertion_auc,mean_combined_score,std_combined_score,mean_runtime_seconds,std_runtime_seconds,completed_instances,completed_tasks,mean_test_accuracy,mean_test_balanced_accuracy
aime,0.04597790583828795,0.09634708827852821,0.977651556027668,0.09450387027751345,0.5118147309329779,0.03426094264066094,0.004933093792795626,0.0004965311572549914,111,1,0.9369369369369369,0.5666208791208791
cos_fpde,0.04614522409397823,0.09623932114566196,0.9778450381419429,0.09448921685149772,0.5119951311179606,0.034147297017496754,0.003667315135138316,5.7200964416045214e-05,111,1,0.9369369369369369,0.5666208791208791
diff_fpde,0.03729022515373035,0.08956532338154427,0.9794199445838819,0.09442071819488454,0.5083550848688061,0.030285293023793375,0.00365973278377857,0.0002383975174104376,111,1,0.9369369369369369,0.5666208791208791
hyb_fpde_grid,0.04584493786796759,0.09546881481378976,0.9781521207302735,0.09445081218170512,0.5119985292991205,0.03336912831780373,0.005638855603604453,5.576121564264878e-05,111,1,0.9369369369369369,0.5666208791208791
lime,0.008853139122580561,0.0459313590637005,0.7729177060733976,0.22511940910824801,0.39088542259798903,0.11267635047956354,0.01042789720720664,0.0009325782259071686,111,1,0.9369369369369369,0.5666208791208791
shap,0.0021082379544441294,0.11614065714797413,0.7514714811249061,0.1867602287728611,0.3767898595396752,0.10872100131818496,0.06292248486486822,0.01950203998990622,111,1,0.9369369369369369,0.5666208791208791
