task_id,dataset_name,method,deletion_drop_auc,insertion_auc,combined_score,runtime_seconds,attr_l1_norm,mean_abs_exactness_residual,test_accuracy,test_balanced_accuracy,n_features_transformed,n_classes,ok
3918,pc1,aime,0.04597790583828795,0.977651556027668,0.5118147309329779,0.004933093792795626,8.459783180603223,,0.9369369369369369,0.5666208791208791,21,2,111
3918,pc1,cos_fpde,0.04614522409397823,0.9778450381419429,0.5119951311179606,0.003667315135138316,1.5895324732667742,1.3590230042427311e-16,0.9369369369369369,0.5666208791208791,21,2,111
3918,pc1,diff_fpde,0.03729022515373035,0.9794199445838819,0.5083550848688061,0.00365973278377857,21.548472956124172,6.978401840369115e-15,0.9369369369369369,0.5666208791208791,21,2,111
3918,pc1,hyb_fpde_grid,0.04584493786796759,0.9781521207302735,0.5119985292991205,0.005638855603604453,0.9927341291381204,9.448773095275473e-17,0.9369369369369369,0.5666208791208791,21,2,111
3918,pc1,lime,0.008853139122580561,0.7729177060733976,0.39088542259798903,0.01042789720720664,0.22976278969384428,,0.9369369369369369,0.5666208791208791,21,2,111
3918,pc1,shap,0.0021082379544441294,0.7514714811249061,0.3767898595396752,0.06292248486486822,4.352841263433677,,0.9369369369369369,0.5666208791208791,21,2,111
