task_id,dataset_name,method,deletion_drop_auc,insertion_auc,combined_score,runtime_seconds,attr_l1_norm,mean_abs_exactness_residual,test_accuracy,test_balanced_accuracy,n_features_transformed,n_classes,ok
3,kr-vs-kp,aime,0.727218700122557,0.969519929426624,0.8483693147745904,0.01141527617999948,11.334726624115625,,0.99375,0.993738014167743,73,2,200
3,kr-vs-kp,cos_fpde,0.7210248051783102,0.9686643739853134,0.8448445895818117,0.01127113240499959,1.3418491384012448,6.804452834519026e-17,0.99375,0.993738014167743,73,2,200
3,kr-vs-kp,diff_fpde,0.7229088472056633,0.9682805021893891,0.8455946746975261,0.009677951365000154,4.468273915257199,9.28805643507502e-16,0.99375,0.993738014167743,73,2,200
3,kr-vs-kp,hyb_fpde_grid,0.7229088472056633,0.9682805021893891,0.8455946746975261,0.01722861556499957,0.9999999999999999,4.0374062600101456e-17,0.99375,0.993738014167743,73,2,200
3,kr-vs-kp,lime,0.06372666284252042,0.2758131390170788,0.16976990092979963,0.02160923491500057,1.0526555056530003,,0.99375,0.993738014167743,73,2,200
3,kr-vs-kp,shap,0.3975498456379658,0.58829136901396,0.4929206073259629,0.08300574097000059,9.108140739070116,,0.99375,0.993738014167743,73,2,200
