method,mean_deletion_drop_auc,std_deletion_drop_auc,mean_insertion_auc,std_insertion_auc,mean_combined_score,std_combined_score,mean_runtime_seconds,std_runtime_seconds,completed_instances,completed_tasks,mean_test_accuracy,mean_test_balanced_accuracy
aime,0.6115979936914924,0.36724514737310066,0.9213307806123345,0.07021292887922413,0.7664643871519136,0.16398464427798495,0.010478704595001033,0.005350044895767408,200,1,0.949367088607595,0.9472402597402598
cos_fpde,0.6128526587173263,0.3666476498595539,0.9179664247000973,0.07235323950784284,0.7654095417087118,0.16234320151747356,0.011402279634999814,0.002941954296941069,200,1,0.949367088607595,0.9472402597402598
diff_fpde,0.6146882282118958,0.3680644114468605,0.9201923435285824,0.07357060028684212,0.767440285870239,0.16447270151089588,0.009673814720001417,0.003971263849157779,200,1,0.949367088607595,0.9472402597402598
hyb_fpde_grid,0.6146882282118958,0.3680644114468605,0.9201923435285824,0.07357060028684212,0.767440285870239,0.16447270151089588,0.018431807859999337,0.005014859242056885,200,1,0.949367088607595,0.9472402597402598
lime,0.05424832342181704,0.13639548211585834,0.3870689813859892,0.3520919612850105,0.22065865240390312,0.16720970113878317,0.01864875802000128,0.004927979176603709,200,1,0.949367088607595,0.9472402597402598
shap,0.497535024735841,0.4844987823639829,0.8179732885112734,0.2641926110666419,0.6577541566235571,0.33644805825705987,0.07551100954499844,0.015167115842691556,200,1,0.949367088607595,0.9472402597402598
