task_id,dataset_name,method,deletion_drop_auc,insertion_auc,combined_score,runtime_seconds,attr_l1_norm,mean_abs_exactness_residual,test_accuracy,test_balanced_accuracy,n_features_transformed,n_classes,ok
14952,PhishingWebsites,aime,0.6115979936914924,0.9213307806123345,0.7664643871519136,0.010478704595001033,9.743159573306711,,0.949367088607595,0.9472402597402598,68,2,200
14952,PhishingWebsites,cos_fpde,0.6128526587173263,0.9179664247000973,0.7654095417087118,0.011402279634999814,1.3147773775823839,7.949153488229221e-17,0.949367088607595,0.9472402597402598,68,2,200
14952,PhishingWebsites,diff_fpde,0.6146882282118958,0.9201923435285824,0.767440285870239,0.009673814720001417,6.718102307926883,1.5124013152956196e-15,0.949367088607595,0.9472402597402598,68,2,200
14952,PhishingWebsites,hyb_fpde_grid,0.6146882282118958,0.9201923435285824,0.767440285870239,0.018431807859999337,1.0000000000000002,5.582340145693365e-17,0.949367088607595,0.9472402597402598,68,2,200
14952,PhishingWebsites,lime,0.05424832342181704,0.3870689813859892,0.22065865240390312,0.01864875802000128,0.6920851084272474,,0.949367088607595,0.9472402597402598,68,2,200
14952,PhishingWebsites,shap,0.497535024735841,0.8179732885112734,0.6577541566235571,0.07551100954499844,7.335184129902051,,0.949367088607595,0.9472402597402598,68,2,200
