task_id,dataset_name,method,deletion_drop_auc,insertion_auc,combined_score,runtime_seconds,attr_l1_norm,mean_abs_exactness_residual,test_accuracy,test_balanced_accuracy,n_features_transformed,n_classes,ok
14965,bank-marketing,aime,0.6234782375330696,0.7158742871510184,0.669676262342044,0.01163076476499839,6.994962726768822,,0.9060150375939849,0.704073574880805,51,2,200
14965,bank-marketing,cos_fpde,0.558268785923914,0.6656687360973467,0.6119687610106304,0.009683206364997546,1.000757720650835,7.306221599945317e-17,0.9060150375939849,0.704073574880805,51,2,200
14965,bank-marketing,diff_fpde,0.5724165706557672,0.6800550938342927,0.62623583224503,0.010472503359997916,5.115507547189854,1.4742373988241298e-15,0.9060150375939849,0.704073574880805,51,2,200
14965,bank-marketing,hyb_fpde_grid,0.5724165706557672,0.6800550938342927,0.62623583224503,0.030202696575001936,1.0000000000000002,8.66581112424214e-17,0.9060150375939849,0.704073574880805,51,2,200
14965,bank-marketing,lime,0.11698077472217928,0.2640028931332501,0.19049183392771468,0.017078416264998283,0.7028255745158706,,0.9060150375939849,0.704073574880805,51,2,200
14965,bank-marketing,shap,0.1637049993025758,0.2990389830400952,0.23137199117133553,0.07643556822999557,3.2478589927873873,,0.9060150375939849,0.704073574880805,51,2,200
