method,mean_deletion_drop_auc,std_deletion_drop_auc,mean_insertion_auc,std_insertion_auc,mean_combined_score,std_combined_score,mean_runtime_seconds,std_runtime_seconds,completed_instances,completed_tasks,mean_test_accuracy,mean_test_balanced_accuracy
aime,0.6234782375330696,0.17566622663216191,0.7158742871510184,0.12449889849808878,0.669676262342044,0.10646201437742052,0.01163076476499839,0.005189289739831369,200,1,0.9060150375939849,0.704073574880805
cos_fpde,0.558268785923914,0.1732096903728237,0.6656687360973467,0.1422362683169302,0.6119687610106304,0.10798186565488156,0.009683206364997546,0.0038820841344172903,200,1,0.9060150375939849,0.704073574880805
diff_fpde,0.5724165706557672,0.16447275467873285,0.6800550938342927,0.13541099671129972,0.62623583224503,0.10427070631360692,0.010472503359997916,0.0037036373299073055,200,1,0.9060150375939849,0.704073574880805
hyb_fpde_grid,0.5724165706557672,0.16447275467873285,0.6800550938342927,0.13541099671129972,0.62623583224503,0.10427070631360692,0.030202696575001936,0.005136943972247129,200,1,0.9060150375939849,0.704073574880805
lime,0.11698077472217928,0.11745767167609102,0.2640028931332501,0.09960262438526492,0.19049183392771468,0.05463597759059612,0.017078416264998283,0.006669441461420645,200,1,0.9060150375939849,0.704073574880805
shap,0.1637049993025758,0.0929049192240213,0.2990389830400952,0.18219603065203197,0.23137199117133553,0.10492404809515858,0.07643556822999557,0.012966369931140023,200,1,0.9060150375939849,0.704073574880805
