task_id,dataset_name,method,deletion_drop_auc,insertion_auc,combined_score,runtime_seconds,attr_l1_norm,mean_abs_exactness_residual,test_accuracy,test_balanced_accuracy,n_features_transformed,n_classes,ok
49,tic-tac-toe,aime,0.388202053237149,0.6796198197248202,0.5339109364809845,0.005335210614581716,6.932833294746526,,0.9791666666666666,0.9696969696969697,27,2,96
49,tic-tac-toe,cos_fpde,0.396690582897431,0.6902866333345196,0.5434886081159753,0.004025304520832644,1.5185050521661416,6.385047294129216e-17,0.9791666666666666,0.9696969696969697,27,2,96
49,tic-tac-toe,diff_fpde,0.397348015745445,0.6971814680101288,0.5472647418777868,0.003965744249999996,2.408986057512163,4.595571608441892e-16,0.9791666666666666,0.9696969696969697,27,2,96
49,tic-tac-toe,hyb_fpde_grid,0.397348015745445,0.6971814680101288,0.5472647418777868,0.006127838802079566,1.0,4.743384504624082e-17,0.9791666666666666,0.9696969696969697,27,2,96
49,tic-tac-toe,lime,0.05561249893436021,0.28632774212961865,0.17097012053198943,0.010380253895835523,0.6383936109688416,,0.9791666666666666,0.9696969696969697,27,2,96
49,tic-tac-toe,shap,0.40772116179005297,0.7478382030768623,0.5777796824334577,0.041234935937502236,7.463201924403447,,0.9791666666666666,0.9696969696969697,27,2,96
