task_id,dataset_name,method,deletion_drop_auc,insertion_auc,combined_score,runtime_seconds,attr_l1_norm,mean_abs_exactness_residual,test_accuracy,test_balanced_accuracy,n_features_transformed,n_classes,ok
3904,jm1,aime,0.12102096773765196,0.800487514163213,0.46075424095043244,0.0038542770049995313,8.521638713290535,,0.8108356290174473,0.5748550669876604,21,2,200
3904,jm1,cos_fpde,0.12370800849250382,0.80228366857202,0.46299583853226195,0.002820594184999905,1.6716319891381815,1.2424089534945893e-16,0.8108356290174473,0.5748550669876604,21,2,200
3904,jm1,diff_fpde,0.12594477301096807,0.8072041923622584,0.4665744826866133,0.002803354639999611,12.230010327080128,8.451295219202848e-15,0.8108356290174473,0.5748550669876604,21,2,200
3904,jm1,hyb_fpde_grid,0.12594477301096807,0.8072041923622584,0.4665744826866133,0.0070962645199996646,1.0,9.065664885454794e-17,0.8108356290174473,0.5748550669876604,21,2,200
3904,jm1,lime,0.05111993135611167,0.6461253994196418,0.34862266538787673,0.008193732780000075,0.3376869586124716,,0.8108356290174473,0.5748550669876604,21,2,200
3904,jm1,shap,0.026084516523073926,0.6557821112409583,0.34093331388201614,0.05291695958499929,1.674012620580927,,0.8108356290174473,0.5748550669876604,21,2,200
