method,mean_deletion_drop_auc,std_deletion_drop_auc,mean_insertion_auc,std_insertion_auc,mean_combined_score,std_combined_score,mean_runtime_seconds,std_runtime_seconds,completed_instances,completed_tasks,mean_test_accuracy,mean_test_balanced_accuracy
aime,0.12102096773765196,0.09518087277219171,0.800487514163213,0.10444683016040743,0.46075424095043244,0.07593729289324438,0.0038542770049995313,0.00033961540738684727,200,1,0.8108356290174473,0.5748550669876604
cos_fpde,0.12370800849250382,0.09459170602313542,0.80228366857202,0.10382801709585981,0.46299583853226195,0.07577730975138376,0.002820594184999905,2.5509297672214005e-05,200,1,0.8108356290174473,0.5748550669876604
diff_fpde,0.12594477301096807,0.09674072370564751,0.8072041923622584,0.10688075783002096,0.4665744826866133,0.07881447058367232,0.002803354639999611,4.892082393872157e-05,200,1,0.8108356290174473,0.5748550669876604
hyb_fpde_grid,0.12594477301096807,0.09674072370564751,0.8072041923622584,0.10688075783002096,0.4665744826866133,0.07881447058367232,0.0070962645199996646,0.000290768184514653,200,1,0.8108356290174473,0.5748550669876604
lime,0.05111993135611167,0.10749215728445438,0.6461253994196418,0.08333890068123433,0.34862266538787673,0.06595501577460353,0.008193732780000075,0.00010187039314083858,200,1,0.8108356290174473,0.5748550669876604
shap,0.026084516523073926,0.14047825451786058,0.6557821112409583,0.07303621500962346,0.34093331388201614,0.08551699463999868,0.05291695958499929,0.013909745208636576,200,1,0.8108356290174473,0.5748550669876604
