method,mean_deletion_drop_auc,std_deletion_drop_auc,mean_insertion_auc,std_insertion_auc,mean_combined_score,std_combined_score,mean_runtime_seconds,std_runtime_seconds,completed_instances,completed_tasks,mean_test_accuracy,mean_test_balanced_accuracy
aime,0.31594127227965474,0.1867067716696425,0.46614879668615006,0.15729316492913342,0.3910450344829024,0.15205785354139367,0.0882623428949978,0.013242500312032134,200,1,0.5048333333333334,0.5048333333333334
cos_fpde,0.30492229554516026,0.17943699809494676,0.3913990836636772,0.1822543013562723,0.34816068960441876,0.15185135031859143,0.04484499088498751,0.0006762145744194939,200,1,0.5048333333333334,0.5048333333333334
diff_fpde,0.297022504603562,0.17725674179525913,0.3755746990978856,0.16382800681913617,0.3362986018507238,0.1467121441626281,0.044943279984981925,0.0025121733234932816,200,1,0.5048333333333334,0.5048333333333334
hyb_fpde_grid,0.30492229554516026,0.17943699809494676,0.3913990836636772,0.1822543013562723,0.34816068960441876,0.15185135031859143,1.0138073312700022,0.015564474321496158,200,1,0.5048333333333334,0.5048333333333334
lime,0.18061844374512467,0.17903982582613956,0.2262339484739079,0.11320386739248496,0.2034261961095163,0.12175992084813857,0.6694119847549996,0.07627965402938865,200,1,0.5048333333333334,0.5048333333333334
shap,0.3635980427047709,0.18701347603769464,0.6782880879317275,0.1538286204498833,0.5209430653182491,0.1565450801699506,0.6486483712499966,0.010244467980046242,200,1,0.5048333333333334,0.5048333333333334
