task_id,dataset_name,method,deletion_drop_auc,insertion_auc,combined_score,runtime_seconds,attr_l1_norm,mean_abs_exactness_residual,test_accuracy,test_balanced_accuracy,n_features_transformed,n_classes,ok
167124,CIFAR_10,aime,0.31594127227965474,0.46614879668615006,0.3910450344829024,0.0882623428949978,655.1197727251199,,0.5048333333333334,0.5048333333333334,3072,10,200
167124,CIFAR_10,cos_fpde,0.30492229554516026,0.3913990836636772,0.34816068960441876,0.04484499088498751,0.6890927466947926,6.00301058861774e-17,0.5048333333333334,0.5048333333333334,3072,10,200
167124,CIFAR_10,diff_fpde,0.297022504603562,0.3755746990978856,0.3362986018507238,0.044943279984981925,994.2710983874927,2.6707525080382765e-13,0.5048333333333334,0.5048333333333334,3072,10,200
167124,CIFAR_10,hyb_fpde_grid,0.30492229554516026,0.3913990836636772,0.34816068960441876,1.0138073312700022,1.0,3.709922993810899e-17,0.5048333333333334,0.5048333333333334,3072,10,200
167124,CIFAR_10,lime,0.18061844374512467,0.2262339484739079,0.2034261961095163,0.6694119847549996,1.192627975180603,,0.5048333333333334,0.5048333333333334,3072,10,200
167124,CIFAR_10,shap,0.3635980427047709,0.6782880879317275,0.5209430653182491,0.6486483712499966,4.961694454941745,,0.5048333333333334,0.5048333333333334,3072,10,200
