task_id,dataset_name,method,deletion_drop_auc,insertion_auc,combined_score,runtime_seconds,attr_l1_norm,mean_abs_exactness_residual,test_accuracy,test_balanced_accuracy,n_features_transformed,n_classes,ok
9946,wdbc,aime,0.35402338192047883,0.938799473115508,0.6464114275179935,0.005706283122803693,11.050647928189516,,0.9649122807017544,0.9623015873015873,30,2,57
9946,wdbc,cos_fpde,0.3527183858219399,0.9391387806542572,0.6459285832380985,0.00441808531578814,1.4970316434310735,9.945747928933694e-17,0.9649122807017544,0.9623015873015873,30,2,57
9946,wdbc,diff_fpde,0.36243978138461136,0.9420226505181736,0.6522312159513924,0.0043234684912303424,47.97525805956169,5.1381900683529176e-15,0.9649122807017544,0.9623015873015873,30,2,57
9946,wdbc,hyb_fpde_grid,0.36243978138461136,0.9420226505181736,0.6522312159513924,0.006443848842102876,1.0,1.0931801273173142e-16,0.9649122807017544,0.9623015873015873,30,2,57
9946,wdbc,lime,0.17089901233527194,0.6922417593016955,0.4315703858184837,0.011082984385967021,0.8144534412495761,,0.9649122807017544,0.9623015873015873,30,2,57
9946,wdbc,shap,0.2061749952620116,0.6125155216258827,0.40934525844394726,0.03916798771929938,5.621842877507394,,0.9649122807017544,0.9623015873015873,30,2,57
