method,mean_deletion_drop_auc,std_deletion_drop_auc,mean_insertion_auc,std_insertion_auc,mean_combined_score,std_combined_score,mean_runtime_seconds,std_runtime_seconds,completed_instances,completed_tasks,mean_test_accuracy,mean_test_balanced_accuracy
aime,0.35402338192047883,0.13308002699555188,0.938799473115508,0.037284047169626765,0.6464114275179935,0.0658925441216244,0.005706283122803693,0.00019967126002790563,57,1,0.9649122807017544,0.9623015873015873
cos_fpde,0.3527183858219399,0.13508205845622326,0.9391387806542572,0.03727646539020906,0.6459285832380985,0.06729330209537972,0.00441808531578814,0.0007333841040066012,57,1,0.9649122807017544,0.9623015873015873
diff_fpde,0.36243978138461136,0.13559441413895681,0.9420226505181736,0.03545304633482406,0.6522312159513924,0.06689719632981869,0.0043234684912303424,0.00034817810028505157,57,1,0.9649122807017544,0.9623015873015873
hyb_fpde_grid,0.36243978138461136,0.13559441413895681,0.9420226505181736,0.03545304633482406,0.6522312159513924,0.06689719632981869,0.006443848842102876,7.975958970905052e-05,57,1,0.9649122807017544,0.9623015873015873
lime,0.17089901233527194,0.12708540666693874,0.6922417593016955,0.2110100598165172,0.4315703858184837,0.16724068175628148,0.011082984385967021,0.00024696673699960907,57,1,0.9649122807017544,0.9623015873015873
shap,0.2061749952620116,0.22503722638573595,0.6125155216258827,0.2978478006073849,0.40934525844394726,0.2524904324015384,0.03916798771929938,0.023167337924532266,57,1,0.9649122807017544,0.9623015873015873
