task_id,dataset_name,method,deletion_drop_auc,insertion_auc,combined_score,runtime_seconds,attr_l1_norm,mean_abs_exactness_residual,test_accuracy,test_balanced_accuracy,n_features_transformed,n_classes,ok
10093,banknote-authentication,aime,0.3630676136177974,0.8467135179923156,0.6048905658050565,0.004421332318839093,1.7704627002239783,,0.9927536231884058,0.9935064935064934,4,2,138
10093,banknote-authentication,cos_fpde,0.36658882434831813,0.8494704872652015,0.6080296558067597,0.0034000341014481378,1.3233051408679057,8.982850695166857e-17,0.9927536231884058,0.9935064935064934,4,2,138
10093,banknote-authentication,diff_fpde,0.3719137458866055,0.8487750948364206,0.610344420361513,0.0033669544347818387,4.624047024743302,4.782808609707649e-16,0.9927536231884058,0.9935064935064934,4,2,138
10093,banknote-authentication,hyb_fpde_grid,0.3719137458866055,0.8487750948364206,0.610344420361513,0.005356649528986661,1.0,6.154497201726411e-17,0.9927536231884058,0.9935064935064934,4,2,138
10093,banknote-authentication,lime,0.20617731048161686,0.7084799223330565,0.45732861640733663,0.020213909891304494,0.6672022770391313,,0.9927536231884058,0.9935064935064934,4,2,138
10093,banknote-authentication,shap,0.32145281842709544,0.7173035615025528,0.5193781899648241,0.06331143541304367,6.38053881161182,,0.9927536231884058,0.9935064935064934,4,2,138
