method,mean_deletion_drop_auc,std_deletion_drop_auc,mean_insertion_auc,std_insertion_auc,mean_combined_score,std_combined_score,mean_runtime_seconds,std_runtime_seconds,completed_instances,completed_tasks,mean_test_accuracy,mean_test_balanced_accuracy
aime,0.3630676136177974,0.283826043105596,0.8467135179923156,0.2140460211748312,0.6048905658050565,0.17034819353866343,0.004421332318839093,0.00010019214461383793,138,1,0.9927536231884058,0.9935064935064934
cos_fpde,0.36658882434831813,0.2825975148058196,0.8494704872652015,0.20740411288825808,0.6080296558067597,0.16477561502857782,0.0034000341014481378,3.959260466376846e-05,138,1,0.9927536231884058,0.9935064935064934
diff_fpde,0.3719137458866055,0.27941975635939764,0.8487750948364206,0.20264744691054978,0.610344420361513,0.1569952353205026,0.0033669544347818387,2.5226576328811262e-05,138,1,0.9927536231884058,0.9935064935064934
hyb_fpde_grid,0.3719137458866055,0.27941975635939764,0.8487750948364206,0.20264744691054978,0.610344420361513,0.1569952353205026,0.005356649528986661,3.915353716756647e-05,138,1,0.9927536231884058,0.9935064935064934
lime,0.20617731048161686,0.13813922793876504,0.7084799223330565,0.2948362546150149,0.45732861640733663,0.1504385093676143,0.020213909891304494,0.00015200198597937277,138,1,0.9927536231884058,0.9935064935064934
shap,0.32145281842709544,0.37387667854463524,0.7173035615025528,0.20247552805817026,0.5193781899648241,0.25568549289109116,0.06331143541304367,0.01806836501023106,138,1,0.9927536231884058,0.9935064935064934
