task_id,dataset_name,method,deletion_drop_auc,insertion_auc,combined_score,runtime_seconds,attr_l1_norm,mean_abs_exactness_residual,test_accuracy,test_balanced_accuracy,n_features_transformed,n_classes,ok
146817,steel-plates-fault,aime,0.4402136278745043,0.6654205843566064,0.5528171061155553,0.00540903234359109,7.134363712068274,,0.8256410256410256,0.8253317585919658,27,7,195
146817,steel-plates-fault,cos_fpde,0.4964824226899159,0.6981025835272044,0.5972925031085601,0.004124176343587712,0.9478608906317116,9.343487522145848e-17,0.8256410256410256,0.8253317585919658,27,7,195
146817,steel-plates-fault,diff_fpde,0.46354398567809324,0.6808856051302895,0.5722147954041914,0.004076108266667105,17.742455946465682,3.054145255786941e-15,0.8256410256410256,0.8253317585919658,27,7,195
146817,steel-plates-fault,hyb_fpde_grid,0.4982968868672755,0.6976615382135695,0.5979792125404225,0.007009628512820252,0.9795337493612125,7.247140921561569e-17,0.8256410256410256,0.8253317585919658,27,7,195
146817,steel-plates-fault,lime,0.2830885084589358,0.48954963564846177,0.3863190720536988,0.024724363348717852,0.46189596385204745,,0.8256410256410256,0.8253317585919658,27,7,195
146817,steel-plates-fault,shap,0.6288134352137789,0.8446817938344634,0.7367476145241212,0.39119273668205196,5.375800330416111,,0.8256410256410256,0.8253317585919658,27,7,195
