method,mean_deletion_drop_auc,std_deletion_drop_auc,mean_insertion_auc,std_insertion_auc,mean_combined_score,std_combined_score,mean_runtime_seconds,std_runtime_seconds,completed_instances,completed_tasks,mean_test_accuracy,mean_test_balanced_accuracy
aime,0.4402136278745043,0.2672594729233307,0.6654205843566064,0.17823217621627466,0.5528171061155553,0.16161370363425243,0.00540903234359109,0.00018646777628858347,195,1,0.8256410256410256,0.8253317585919658
cos_fpde,0.4964824226899159,0.2495798600097965,0.6981025835272044,0.20405042174904467,0.5972925031085601,0.15411233477751934,0.004124176343587712,0.00023516111390383835,195,1,0.8256410256410256,0.8253317585919658
diff_fpde,0.46354398567809324,0.2623655335619555,0.6808856051302895,0.1906384971400008,0.5722147954041914,0.16225453947077723,0.004076108266667105,0.00025812619090460887,195,1,0.8256410256410256,0.8253317585919658
hyb_fpde_grid,0.4982968868672755,0.24867966917435022,0.6976615382135695,0.20271255580524072,0.5979792125404225,0.1539523952232757,0.007009628512820252,0.0009276228974760179,195,1,0.8256410256410256,0.8253317585919658
lime,0.2830885084589358,0.23180020260277878,0.48954963564846177,0.28770212306615317,0.3863190720536988,0.1777272410106758,0.024724363348717852,0.000903155694582192,195,1,0.8256410256410256,0.8253317585919658
shap,0.6288134352137789,0.26705152455864667,0.8446817938344634,0.12212405278294183,0.7367476145241212,0.16052789560262767,0.39119273668205196,0.019878125091534006,195,1,0.8256410256410256,0.8253317585919658
