task_id,dataset_name,method,deletion_drop_auc,insertion_auc,combined_score,runtime_seconds,attr_l1_norm,mean_abs_exactness_residual,test_accuracy,test_balanced_accuracy,n_features_transformed,n_classes,ok
53,vehicle,aime,0.552186861753928,0.7316260941199173,0.6419064779369226,0.004936171858822919,6.402244100541429,,0.788235294117647,0.789448051948052,18,4,85
53,vehicle,cos_fpde,0.5660738765434778,0.7132599084763305,0.6396668925099042,0.003749381376471373,0.8657018816236812,9.559346778206312e-17,0.788235294117647,0.789448051948052,18,4,85
53,vehicle,diff_fpde,0.5255568163318513,0.6948550096195435,0.6102059129756974,0.0037099696352938466,9.52874273163558,2.1184034918399128e-15,0.788235294117647,0.789448051948052,18,4,85
53,vehicle,hyb_fpde_grid,0.5660738765434778,0.7132599084763305,0.6396668925099042,0.0057400217882358825,1.0,6.189901532514889e-17,0.788235294117647,0.789448051948052,18,4,85
53,vehicle,lime,0.36176592858496803,0.5447543200557818,0.453260124320375,0.015932307294117636,0.5957602637787679,,0.788235294117647,0.789448051948052,18,4,85
53,vehicle,shap,0.6510139475128264,0.8290202763895085,0.7400171119511674,0.19537803072941262,4.997332632215691,,0.788235294117647,0.789448051948052,18,4,85
