method,mean_deletion_drop_auc,std_deletion_drop_auc,mean_insertion_auc,std_insertion_auc,mean_combined_score,std_combined_score,mean_runtime_seconds,std_runtime_seconds,completed_instances,completed_tasks,mean_test_accuracy,mean_test_balanced_accuracy
aime,0.552186861753928,0.2366036259669972,0.7316260941199173,0.1548935831187484,0.6419064779369226,0.17105094213716535,0.004936171858822919,0.00021072146400032767,85,1,0.788235294117647,0.789448051948052
cos_fpde,0.5660738765434778,0.22222266556858214,0.7132599084763305,0.18464668246167054,0.6396668925099042,0.1745952314784935,0.003749381376471373,4.3635746816531324e-05,85,1,0.788235294117647,0.789448051948052
diff_fpde,0.5255568163318513,0.23786747714691747,0.6948550096195435,0.18316418395283315,0.6102059129756974,0.17803330210358198,0.0037099696352938466,4.355665337542917e-05,85,1,0.788235294117647,0.789448051948052
hyb_fpde_grid,0.5660738765434778,0.22222266556858214,0.7132599084763305,0.18464668246167054,0.6396668925099042,0.1745952314784935,0.0057400217882358825,5.6436116477542936e-05,85,1,0.788235294117647,0.789448051948052
lime,0.36176592858496803,0.27966046417617335,0.5447543200557818,0.27244061459141944,0.453260124320375,0.24301134077516676,0.015932307294117636,0.0005974788170439057,85,1,0.788235294117647,0.789448051948052
shap,0.6510139475128264,0.21338902747725766,0.8290202763895085,0.10199274113587596,0.7400171119511674,0.14025246048913054,0.19537803072941262,0.022933251177869197,85,1,0.788235294117647,0.789448051948052
