task_id,dataset_name,method,deletion_drop_auc,insertion_auc,combined_score,runtime_seconds,attr_l1_norm,mean_abs_exactness_residual,test_accuracy,test_balanced_accuracy,n_features_transformed,n_classes,ok
9957,qsar-biodeg,aime,0.3907506545272604,0.8770898534218756,0.6339202539745681,0.012525886264151395,8.671973401930904,,0.8867924528301887,0.8738095238095238,41,2,106
9957,qsar-biodeg,cos_fpde,0.39349298100111535,0.8782233973032372,0.6358581891521763,0.009880580122642358,1.3310787408130813,8.532875663908559e-17,0.8867924528301887,0.8738095238095238,41,2,106
9957,qsar-biodeg,diff_fpde,0.3862014374356588,0.8757333309712086,0.6309673842034338,0.00981612145282989,19.946604180407412,3.8177008724138634e-15,0.8867924528301887,0.8738095238095238,41,2,106
9957,qsar-biodeg,hyb_fpde_grid,0.39349298100111535,0.8782233973032372,0.6358581891521763,0.013435832292453813,1.0,5.4987461125302565e-17,0.8867924528301887,0.8738095238095238,41,2,106
9957,qsar-biodeg,lime,0.03711490922408876,0.6194058165084092,0.328260362866249,0.019564152792452768,0.6525190024409501,,0.8867924528301887,0.8738095238095238,41,2,106
9957,qsar-biodeg,shap,0.22134844600754167,0.6417265751195914,0.43153751056356654,0.07653507075471606,5.70811918837261,,0.8867924528301887,0.8738095238095238,41,2,106
