method,mean_deletion_drop_auc,std_deletion_drop_auc,mean_insertion_auc,std_insertion_auc,mean_combined_score,std_combined_score,mean_runtime_seconds,std_runtime_seconds,completed_instances,completed_tasks,mean_test_accuracy,mean_test_balanced_accuracy
aime,0.591392054971589,0.24052253767531118,0.730918523658124,0.20182253247819895,0.6611552893148566,0.14170463251553325,0.01162773654499972,0.005209896917065318,200,1,0.91601866251944,0.9001782905951196
cos_fpde,0.4790751468314929,0.259599435108768,0.6185673655398877,0.274148155094726,0.5488212561856902,0.19759811101130978,0.008988338554999942,0.003633380524673751,200,1,0.91601866251944,0.9001782905951196
diff_fpde,0.4753956395041947,0.25862772471751516,0.6394073720982922,0.2232829286617627,0.5574015058012435,0.15599561390410888,0.010367806800001133,0.0041254455882490364,200,1,0.91601866251944,0.9001782905951196
hyb_fpde_grid,0.4753956395041947,0.25862772471751516,0.6394073720982922,0.2232829286617627,0.5574015058012435,0.15599561390410888,0.014826816899999287,0.00500837992011276,200,1,0.91601866251944,0.9001782905951196
lime,0.3495377727566392,0.31226394853537054,0.5047019230496904,0.3126765762393896,0.42711984790316476,0.2498844850026522,0.02555977072999987,0.005752724205396791,200,1,0.91601866251944,0.9001782905951196
shap,0.6741662855017506,0.23486072496341293,0.8534138333943411,0.13673994075935625,0.7637900594480459,0.11726702700145761,0.3708095548400007,0.018961705933404256,200,1,0.91601866251944,0.9001782905951196
