task_id,dataset_name,method,deletion_drop_auc,insertion_auc,combined_score,runtime_seconds,attr_l1_norm,mean_abs_exactness_residual,test_accuracy,test_balanced_accuracy,n_features_transformed,n_classes,ok
2074,satimage,aime,0.591392054971589,0.730918523658124,0.6611552893148566,0.01162773654499972,14.192861375896122,,0.91601866251944,0.9001782905951196,36,6,200
2074,satimage,cos_fpde,0.4790751468314929,0.6185673655398877,0.5488212561856902,0.008988338554999942,0.7723440202262508,1.0885823492623458e-16,0.91601866251944,0.9001782905951196,36,6,200
2074,satimage,diff_fpde,0.4753956395041947,0.6394073720982922,0.5574015058012435,0.010367806800001133,35.844853839185014,4.0428771441725074e-15,0.91601866251944,0.9001782905951196,36,6,200
2074,satimage,hyb_fpde_grid,0.4753956395041947,0.6394073720982922,0.5574015058012435,0.014826816899999287,1.0,7.771561172376095e-17,0.91601866251944,0.9001782905951196,36,6,200
2074,satimage,lime,0.3495377727566392,0.5047019230496904,0.42711984790316476,0.02555977072999987,0.6286623639989094,,0.91601866251944,0.9001782905951196,36,6,200
2074,satimage,shap,0.6741662855017506,0.8534138333943411,0.7637900594480459,0.3708095548400007,6.644513909186104,,0.91601866251944,0.9001782905951196,36,6,200
