task_id,dataset_name,method,deletion_drop_auc,insertion_auc,combined_score,runtime_seconds,attr_l1_norm,mean_abs_exactness_residual,test_accuracy,test_balanced_accuracy,n_features_transformed,n_classes,ok
9977,nomao,aime,0.3585087909381788,0.9455728927207696,0.6520408418294743,0.02549646195500003,26.260064800757892,,0.9637365825355382,0.9550964023647545,174,2,200
9977,nomao,cos_fpde,0.3665552989116456,0.9479043071314637,0.6572298030215546,0.01839653162500241,1.3060634649500042,1.6806001035263306e-16,0.9637365825355382,0.9550964023647545,174,2,200
9977,nomao,diff_fpde,0.3603765791915452,0.9463369861474469,0.6533567826694962,0.02049320493499948,75.73768182282764,1.2778667013435551e-14,0.9637365825355382,0.9550964023647545,174,2,200
9977,nomao,hyb_fpde_grid,0.3665552989116456,0.9479043071314637,0.6572298030215546,0.039722052945001564,1.0,5.932754287840681e-17,0.9637365825355382,0.9550964023647545,174,2,200
9977,nomao,lime,0.23091010732017936,0.8068572079261734,0.5188836576231765,0.06636900408500054,1.3658045072373337,,0.9637365825355382,0.9550964023647545,174,2,200
9977,nomao,shap,0.38995760516787364,0.7809647139584128,0.5854611595631432,0.06898885444000058,5.368958793417659,,0.9637365825355382,0.9550964023647545,174,2,200
