method,mean_deletion_drop_auc,std_deletion_drop_auc,mean_insertion_auc,std_insertion_auc,mean_combined_score,std_combined_score,mean_runtime_seconds,std_runtime_seconds,completed_instances,completed_tasks,mean_test_accuracy,mean_test_balanced_accuracy
aime,0.6943542860053502,0.2097705683737483,0.6917339751550254,0.16214464218632682,0.6930441305801878,0.1574412042797933,0.06285535626999775,0.008608759431698735,200,1,0.8917142857142857,0.8917142857142858
cos_fpde,0.7173962024398793,0.19444894571397991,0.6355035602102193,0.21361886302193045,0.6764498813250492,0.15717533926417648,0.01726060266999184,0.0005436740023945773,200,1,0.8917142857142857,0.8917142857142858
diff_fpde,0.6915509227571657,0.21490761409032944,0.6175559863595766,0.21269491698351148,0.6545534545583712,0.16842330051652035,0.019732777059998624,0.004081859400306284,200,1,0.8917142857142857,0.8917142857142858
hyb_fpde_grid,0.7173962024398793,0.19444894571397991,0.6355035602102193,0.21361886302193045,0.6764498813250492,0.15717533926417648,0.2988591956900052,0.025214798958540532,200,1,0.8917142857142857,0.8917142857142858
lime,0.29379282392086276,0.1721691390205263,0.2687564165935804,0.134746262921109,0.2812746202572216,0.08964618473689184,0.29081298997000204,0.0728517303056756,200,1,0.8917142857142857,0.8917142857142858
shap,0.8404198252563303,0.1640205032531047,0.912298331315064,0.05589741878941271,0.8763590782856971,0.10041445465744389,0.5937147436450022,0.021844324333123583,200,1,0.8917142857142857,0.8917142857142858
