task_id,dataset_name,method,deletion_drop_auc,insertion_auc,combined_score,runtime_seconds,attr_l1_norm,mean_abs_exactness_residual,test_accuracy,test_balanced_accuracy,n_features_transformed,n_classes,ok
146825,Fashion-MNIST,aime,0.6943542860053502,0.6917339751550254,0.6930441305801878,0.06285535626999775,104.83961774075021,,0.8917142857142857,0.8917142857142858,784,10,200
146825,Fashion-MNIST,cos_fpde,0.7173962024398793,0.6355035602102193,0.6764498813250492,0.01726060266999184,0.6602219530215199,6.553785292240377e-17,0.8917142857142857,0.8917142857142858,784,10,200
146825,Fashion-MNIST,diff_fpde,0.6915509227571657,0.6175559863595766,0.6545534545583712,0.019732777059998624,490.84815651071636,5.720757201288506e-14,0.8917142857142857,0.8917142857142858,784,10,200
146825,Fashion-MNIST,hyb_fpde_grid,0.7173962024398793,0.6355035602102193,0.6764498813250492,0.2988591956900052,1.0,4.211041237933699e-17,0.8917142857142857,0.8917142857142858,784,10,200
146825,Fashion-MNIST,lime,0.29379282392086276,0.2687564165935804,0.2812746202572216,0.29081298997000204,2.722674505520577,,0.8917142857142857,0.8917142857142858,784,10,200
146825,Fashion-MNIST,shap,0.8404198252563303,0.912298331315064,0.8763590782856971,0.5937147436450022,7.962562277528417,,0.8917142857142857,0.8917142857142858,784,10,200
