task_id,dataset_name,method,deletion_drop_auc,insertion_auc,combined_score,runtime_seconds,attr_l1_norm,mean_abs_exactness_residual,test_accuracy,test_balanced_accuracy,n_features_transformed,n_classes,ok
14969,GesturePhaseSegmentationProcessed,aime,0.2956158052618928,0.5723061043840288,0.4339609548229608,0.010508334745000241,5.120805355603117,,0.6396761133603239,0.5729186169031466,32,5,200
14969,GesturePhaseSegmentationProcessed,cos_fpde,0.29945071266273265,0.5624729258340428,0.4309618192483877,0.00827050252000099,0.7967360925623155,6.347353198599138e-17,0.6396761133603239,0.5729186169031466,32,5,200
14969,GesturePhaseSegmentationProcessed,diff_fpde,0.2906245989509951,0.5498523997727399,0.4202384993618676,0.009634220330000715,6.130271014815014,2.4319261882066458e-15,0.6396761133603239,0.5729186169031466,32,5,200
14969,GesturePhaseSegmentationProcessed,hyb_fpde_grid,0.29945071266273265,0.5624729258340428,0.4309618192483877,0.016396094845001555,1.0,4.671947439918549e-17,0.6396761133603239,0.5729186169031466,32,5,200
14969,GesturePhaseSegmentationProcessed,lime,0.12252193085960428,0.4032469488282502,0.26288443984392723,0.023671912200000592,0.38454062628568814,,0.6396761133603239,0.5729186169031466,32,5,200
14969,GesturePhaseSegmentationProcessed,shap,0.3395373271011306,0.631094765997463,0.4853160465492967,0.31827595155000055,2.3732043139543184,,0.6396761133603239,0.5729186169031466,32,5,200
