task_id,dataset_name,method,deletion_drop_auc,insertion_auc,combined_score,runtime_seconds,attr_l1_norm,mean_abs_exactness_residual,test_accuracy,test_balanced_accuracy,n_features_transformed,n_classes,ok
3481,isolet,aime,0.880520236294803,0.8885452688265678,0.8845327525606854,0.060635243225002855,66.56016763192953,,0.9487179487179486,0.9487179487179488,617,26,200
3481,isolet,cos_fpde,0.8743989308674344,0.7813397124410387,0.8278693216542365,0.016433585660001315,0.6275296262399956,1.1362005086779093e-16,0.9487179487179486,0.9487179487179488,617,26,200
3481,isolet,diff_fpde,0.8175893201669173,0.7171292555722245,0.7673592878695709,0.019463799150000512,393.6977494295277,4.0336622930681187e-14,0.9487179487179486,0.9487179487179488,617,26,200
3481,isolet,hyb_fpde_grid,0.8743989308674344,0.7813397124410387,0.8278693216542365,0.044422711234997504,1.0,3.8772153890254126e-17,0.9487179487179486,0.9487179487179488,617,26,200
3481,isolet,lime,0.6764254710703227,0.5689189065522036,0.6226721888112632,0.35542452564500254,1.8820926330673982,,0.9487179487179486,0.9487179487179488,617,26,200
3481,isolet,shap,0.9093732970712548,0.9594338264051142,0.9344035617381846,1.5326674770350015,11.312940785592803,,0.9487179487179486,0.9487179487179488,617,26,200
