task_id,dataset_name,method,deletion_drop_auc,insertion_auc,combined_score,runtime_seconds,attr_l1_norm,mean_abs_exactness_residual,test_accuracy,test_balanced_accuracy,n_features_transformed,n_classes,ok
18,mfeat-morphological,aime,0.5881553086653579,0.5331177921829032,0.5606365504241306,0.005073174669998508,2.991878537796575,,0.65,0.65,6,10,200
18,mfeat-morphological,cos_fpde,0.5209830285953353,0.44649030650394145,0.48373666754963834,0.0039000596049987733,0.4232931797957086,9.668481293356734e-17,0.65,0.65,6,10,200
18,mfeat-morphological,diff_fpde,0.5181282509053259,0.4736112921919821,0.495869771548654,0.0038528393700010353,3.3257052839669217,4.2368452496388544e-16,0.65,0.65,6,10,200
18,mfeat-morphological,hyb_fpde_grid,0.5292670176865194,0.47673957773391895,0.5030032977102192,0.006812687080000402,0.9556719357971402,7.539108226595204e-17,0.65,0.65,6,10,200
18,mfeat-morphological,lime,0.559843129010186,0.4475172471423624,0.5036801880762741,0.05094409660499998,0.31073274252807204,,0.65,0.65,6,10,200
18,mfeat-morphological,shap,0.686923110122208,0.6190287657406878,0.6529759379314478,0.5613057494000007,6.872296301327044,,0.65,0.65,6,10,200
