task_id,dataset_name,method,deletion_drop_auc,insertion_auc,combined_score,runtime_seconds,attr_l1_norm,mean_abs_exactness_residual,test_accuracy,test_balanced_accuracy,n_features_transformed,n_classes,ok
16,mfeat-karhunen,aime,0.828690615732584,0.922974019200185,0.8758323174663845,0.011154881099999443,9.656733849361853,,0.94,0.9399999999999998,64,10,200
16,mfeat-karhunen,cos_fpde,0.8183575078922452,0.85684603865958,0.8376017732759125,0.011424716944996902,0.8948125885312345,5.2952434104192034e-17,0.94,0.9399999999999998,64,10,200
16,mfeat-karhunen,diff_fpde,0.7536781146686979,0.7889681206979428,0.7713231176833203,0.010240111364999081,50.223179738842965,5.609956943430916e-15,0.94,0.9399999999999998,64,10,200
16,mfeat-karhunen,hyb_fpde_grid,0.8183575078922452,0.85684603865958,0.8376017732759125,0.015875603824999942,1.0,4.932638770095005e-17,0.94,0.9399999999999998,64,10,200
16,mfeat-karhunen,lime,0.3741482249780726,0.48218600643732257,0.4281671157076976,0.04437596287000162,0.6195427084895915,,0.94,0.9399999999999998,64,10,200
16,mfeat-karhunen,shap,0.8411504783107188,0.9473443069940024,0.8942473926523605,0.5759628891350012,8.68400217460577,,0.94,0.9399999999999998,64,10,200
