task_id,dataset_name,method,deletion_drop_auc,insertion_auc,combined_score,runtime_seconds,attr_l1_norm,mean_abs_exactness_residual,test_accuracy,test_balanced_accuracy,n_features_transformed,n_classes,ok
23,cmc,aime,0.29907235033845436,0.6027629705895012,0.45091766046397785,0.005269297790540861,5.8910702074107535,,0.5608108108108109,0.5191409897292251,24,3,148
23,cmc,cos_fpde,0.33707137901529177,0.5738956525972261,0.45548351580625895,0.004100736087838512,1.1829338849122049,7.660913945259737e-17,0.5608108108108109,0.5191409897292251,24,3,148
23,cmc,diff_fpde,0.33869005314367956,0.5724209138886899,0.45555548351618474,0.004072033722973985,2.046239459095208,6.451295953902936e-16,0.5608108108108109,0.5191409897292251,24,3,148
23,cmc,hyb_fpde_grid,0.33869005314367956,0.5724209138886899,0.45555548351618474,0.006439135168919198,1.0,5.262775950767476e-17,0.5608108108108109,0.5191409897292251,24,3,148
23,cmc,lime,0.04348095601926666,0.3010779983267051,0.1722794771729859,0.012927980898649076,0.431524029218744,,0.5608108108108109,0.5191409897292251,24,3,148
23,cmc,shap,0.3786428020433975,0.6502676370994014,0.5144552195713995,0.17442625662162148,1.6349662813483328,,0.5608108108108109,0.5191409897292251,24,3,148
