task_id,dataset_name,method,deletion_drop_auc,insertion_auc,combined_score,runtime_seconds,attr_l1_norm,mean_abs_exactness_residual,test_accuracy,test_balanced_accuracy,n_features_transformed,n_classes,ok
28,optdigits,aime,0.8469935376928623,0.9318802657438199,0.8894369017183412,0.010743828080000881,10.106626664229877,,0.9733096085409252,0.9734593929965982,64,10,200
28,optdigits,cos_fpde,0.8398705854391442,0.8665205762024689,0.8531955808208066,0.011379354580000296,1.0022538719548957,6.640521466039218e-17,0.9733096085409252,0.9734593929965982,64,10,200
28,optdigits,diff_fpde,0.7952725045027177,0.8265138215306055,0.8108931630166616,0.010172943239999626,50.97635298311779,5.181410855925606e-15,0.9733096085409252,0.9734593929965982,64,10,200
28,optdigits,hyb_fpde_grid,0.8398705854391442,0.8665205762024689,0.8531955808208066,0.017550819379999964,1.0,4.939191416974964e-17,0.9733096085409252,0.9734593929965982,64,10,200
28,optdigits,lime,0.38685892145444273,0.4144638061541777,0.40066136380431017,0.03490440902999886,0.5901108780806925,,0.9733096085409252,0.9734593929965982,64,10,200
28,optdigits,shap,0.8684276799025996,0.956199030740955,0.9123133553217774,0.57504578651,9.475771718402177,,0.9733096085409252,0.9734593929965982,64,10,200
