method,mean_deletion_drop_auc,std_deletion_drop_auc,mean_insertion_auc,std_insertion_auc,mean_combined_score,std_combined_score,mean_runtime_seconds,std_runtime_seconds,completed_instances,completed_tasks,mean_test_accuracy,mean_test_balanced_accuracy
aime,0.8469935376928623,0.15044369998777737,0.9318802657438199,0.05790154437853613,0.8894369017183412,0.08169747598920044,0.010743828080000881,0.006311481270819372,200,1,0.9733096085409252,0.9734593929965982
cos_fpde,0.8398705854391442,0.15347329720235386,0.8665205762024689,0.147594985566867,0.8531955808208066,0.10176459572212451,0.011379354580000296,0.0031412973034370874,200,1,0.9733096085409252,0.9734593929965982
diff_fpde,0.7952725045027177,0.1767344410583774,0.8265138215306055,0.13496162608015924,0.8108931630166616,0.11273562339933242,0.010172943239999626,0.004855976152360871,200,1,0.9733096085409252,0.9734593929965982
hyb_fpde_grid,0.8398705854391442,0.15347329720235386,0.8665205762024689,0.147594985566867,0.8531955808208066,0.10176459572212451,0.017550819379999964,0.005311555929981785,200,1,0.9733096085409252,0.9734593929965982
lime,0.38685892145444273,0.32881326274063855,0.4144638061541777,0.299228606347343,0.40066136380431017,0.2442539070840918,0.03490440902999886,0.005674642319108619,200,1,0.9733096085409252,0.9734593929965982
shap,0.8684276799025996,0.14968180165378928,0.956199030740955,0.042987003157010165,0.9123133553217774,0.0792291999297847,0.57504578651,0.02078282661180384,200,1,0.9733096085409252,0.9734593929965982
