task_id,dataset_name,method,deletion_drop_auc,insertion_auc,combined_score,runtime_seconds,attr_l1_norm,mean_abs_exactness_residual,test_accuracy,test_balanced_accuracy,n_features_transformed,n_classes,ok
146819,climate-model-simulation-crashes,aime,0.12574659712401323,0.9760895451940745,0.5509180711590439,0.004676308351850754,3.748053860039628,,0.9629629629629629,0.865,18,2,54
146819,climate-model-simulation-crashes,cos_fpde,0.12480957818162669,0.9760602608774624,0.5504349195295446,0.003582626777778928,1.2051881359055878,5.695675412790517e-17,0.9629629629629629,0.865,18,2,54
146819,climate-model-simulation-crashes,diff_fpde,0.1188349426864633,0.961826833655875,0.5403308881711691,0.0035503419444445944,10.475932234955119,2.5725306658559763e-15,0.9629629629629629,0.865,18,2,54
146819,climate-model-simulation-crashes,hyb_fpde_grid,0.12524750749398902,0.9751291790964132,0.550188343295201,0.0053299923703712514,0.9921469248522156,5.1720459191160357e-17,0.9629629629629629,0.865,18,2,54
146819,climate-model-simulation-crashes,lime,0.05362190480039562,0.9347868089272938,0.49420435686384473,0.009325312462963696,0.21300478770609127,,0.9629629629629629,0.865,18,2,54
146819,climate-model-simulation-crashes,shap,0.0799153950292603,0.9312434199896467,0.5055794075094535,0.03256174779629783,4.638161748266099,,0.9629629629629629,0.865,18,2,54
