task_id,dataset_name,method,deletion_drop_auc,insertion_auc,combined_score,runtime_seconds,attr_l1_norm,mean_abs_exactness_residual,test_accuracy,test_balanced_accuracy,n_features_transformed,n_classes,ok
3481,isolet,aime,0.8793894100535903,0.8916891503205838,0.885539280187087,0.06264820198000223,63.832281745277314,,0.9474358974358974,0.9474358974358972,617,26,200
3481,isolet,cos_fpde,0.8753148376283919,0.7735374883627795,0.8244261629955857,0.01692817744999786,0.5988493958816705,9.888357493936794e-17,0.9474358974358974,0.9474358974358972,617,26,200
3481,isolet,diff_fpde,0.8190022183097315,0.7131315302721157,0.7660668742909236,0.019051613429997758,369.8586056937417,4.5274894944213885e-14,0.9474358974358974,0.9474358974358972,617,26,200
3481,isolet,hyb_fpde_grid,0.8753148376283919,0.7735374883627795,0.8244261629955857,0.0469619408950058,1.0,4.240531537025305e-17,0.9474358974358974,0.9474358974358972,617,26,200
3481,isolet,lime,0.7008986708311766,0.5702241723488626,0.6355614215900196,0.35425829579500545,1.837760267355697,,0.9474358974358974,0.9474358974358972,617,26,200
3481,isolet,shap,0.9181237223722944,0.9617549868445474,0.9399393546084209,1.5504754497950024,11.259346579880765,,0.9474358974358974,0.9474358974358972,617,26,200
