task_id,dataset_name,method,deletion_drop_auc,insertion_auc,combined_score,runtime_seconds,attr_l1_norm,mean_abs_exactness_residual,test_accuracy,test_balanced_accuracy,n_features_transformed,n_classes,ok
10093,banknote-authentication,aime,0.37465671451524524,0.8515041675542727,0.613080441034759,0.004405509130434876,1.7863444505133004,,0.9927536231884058,0.9935064935064934,4,2,138
10093,banknote-authentication,cos_fpde,0.3746621411372552,0.8515062383485712,0.6130841897429131,0.0033849185000007806,1.3226482076032773,9.04923843688789e-17,0.9927536231884058,0.9935064935064934,4,2,138
10093,banknote-authentication,diff_fpde,0.37654179978510066,0.8489543921282418,0.6127480959566712,0.0033540485289853122,4.554785865133584,4.407580379577883e-16,0.9927536231884058,0.9935064935064934,4,2,138
10093,banknote-authentication,hyb_fpde_grid,0.3752907107925477,0.8503997824350247,0.6128452466137863,0.0053249593478266475,0.9995810895465224,6.14066969575848e-17,0.9927536231884058,0.9935064935064934,4,2,138
10093,banknote-authentication,lime,0.22593506992169893,0.7201282518562792,0.47303166088898907,0.020068878152174632,0.664833928249453,,0.9927536231884058,0.9935064935064934,4,2,138
10093,banknote-authentication,shap,0.3199047002018119,0.7029354748470162,0.5114200875244141,0.06263539244927484,6.446179670925144,,0.9927536231884058,0.9935064935064934,4,2,138
