method,mean_deletion_drop_auc,std_deletion_drop_auc,mean_insertion_auc,std_insertion_auc,mean_combined_score,std_combined_score,mean_runtime_seconds,std_runtime_seconds,completed_instances,completed_tasks,mean_test_accuracy,mean_test_balanced_accuracy
aime,0.37465671451524524,0.27520873103828747,0.8515041675542727,0.20166836658201318,0.613080441034759,0.1619467885002708,0.004405509130434876,5.4610325127947284e-05,138,1,0.9927536231884058,0.9935064935064934
cos_fpde,0.3746621411372552,0.27520138838505503,0.8515062383485712,0.2016698099532999,0.6130841897429131,0.16194410555358554,0.0033849185000007806,3.4414228251358894e-05,138,1,0.9927536231884058,0.9935064935064934
diff_fpde,0.37654179978510066,0.2741798286304204,0.8489543921282418,0.20095671899495934,0.6127480959566712,0.15855079877408287,0.0033540485289853122,3.1698225737047395e-05,138,1,0.9927536231884058,0.9935064935064934
hyb_fpde_grid,0.3752907107925477,0.2744381949929936,0.8503997824350247,0.20023288031447994,0.6128452466137863,0.15914549814478973,0.0053249593478266475,5.049647434126365e-05,138,1,0.9927536231884058,0.9935064935064934
lime,0.22593506992169893,0.1355722175800485,0.7201282518562792,0.28342874578162464,0.47303166088898907,0.14607414645456993,0.020068878152174632,0.0003595052726901378,138,1,0.9927536231884058,0.9935064935064934
shap,0.3199047002018119,0.36895672224608056,0.7029354748470162,0.1966030934190099,0.5114200875244141,0.25522908520668025,0.06263539244927484,0.017643250979527996,138,1,0.9927536231884058,0.9935064935064934
