method,mean_deletion_drop_auc,std_deletion_drop_auc,mean_insertion_auc,std_insertion_auc,mean_combined_score,std_combined_score,mean_runtime_seconds,std_runtime_seconds,completed_instances,completed_tasks,mean_test_accuracy,mean_test_balanced_accuracy
aime,0.8514385162968006,0.1430323079585022,0.7141498654828989,0.21169043901051188,0.7827941908898498,0.16109057331846258,0.006133648044998949,0.00022554789203105266,200,1,0.9605,0.9601103250068654
cos_fpde,0.83220659333711,0.1519435818669461,0.5733148895563532,0.2601644339077134,0.7027607414467316,0.175997493435724,0.005073776939998566,0.0009404843963223453,200,1,0.9605,0.9601103250068654
diff_fpde,0.7854415107056069,0.17799988693136154,0.5357138568702932,0.25225716198703174,0.66057768378795,0.18511520415933008,0.0051128758250001734,0.0020155601911831023,200,1,0.9605,0.9601103250068654
hyb_fpde_grid,0.83220659333711,0.1519435818669461,0.5733148895563532,0.2601644339077134,0.7027607414467316,0.175997493435724,0.025697584130000877,0.001757499549677069,200,1,0.9605,0.9601103250068654
lime,0.654997530059653,0.2948378198427917,0.3760413367874974,0.24386228576178903,0.5155194334235752,0.23518427506269754,0.052683494685002615,0.002832298658397858,200,1,0.9605,0.9601103250068654
shap,0.874444367673612,0.12605025598699401,0.796354700891156,0.14487377217396977,0.8353995342823839,0.12232744421450936,1.497069045709999,0.03832398826978659,200,1,0.9605,0.9601103250068654
