task_id,dataset_name,method,deletion_drop_auc,insertion_auc,combined_score,runtime_seconds,attr_l1_norm,mean_abs_exactness_residual,test_accuracy,test_balanced_accuracy,n_features_transformed,n_classes,ok
9978,ozone-level-8hr,aime,0.05505696915051735,0.9685074065715991,0.5117821878610582,0.013345736009999882,22.917823348481328,,0.9330708661417323,0.6727941176470589,72,2,200
9978,ozone-level-8hr,cos_fpde,0.05540965272318459,0.9690338343119571,0.5122217435175709,0.011102597139999518,1.4626492644282876,9.978996795556583e-17,0.9330708661417323,0.6727941176470589,72,2,200
9978,ozone-level-8hr,diff_fpde,0.04950945379180619,0.9683404339686872,0.5089249438802468,0.012276419290000007,67.11831764029462,7.372991106535664e-15,0.9330708661417323,0.6727941176470589,72,2,200
9978,ozone-level-8hr,hyb_fpde_grid,0.05540965272318459,0.9690338343119571,0.5122217435175709,0.016732804870000707,1.0,6.126175955412094e-17,0.9330708661417323,0.6727941176470589,72,2,200
9978,ozone-level-8hr,lime,0.022120027960845907,0.9455203345463294,0.48382018125358767,0.02345772541499997,0.14523193380094693,,0.9330708661417323,0.6727941176470589,72,2,200
9978,ozone-level-8hr,shap,0.03012897600963563,0.8855090893715456,0.4578190326905906,0.0735001064399998,4.563329351028498,,0.9330708661417323,0.6727941176470589,72,2,200
