method,mean_deletion_drop_auc,std_deletion_drop_auc,mean_insertion_auc,std_insertion_auc,mean_combined_score,std_combined_score,mean_runtime_seconds,std_runtime_seconds,completed_instances,completed_tasks,mean_test_accuracy,mean_test_balanced_accuracy
aime,0.05505696915051735,0.17556056932531047,0.9685074065715991,0.12138940748688636,0.5117821878610582,0.04068983672909484,0.013345736009999882,0.006515372461596761,200,1,0.9330708661417323,0.6727941176470589
cos_fpde,0.05540965272318459,0.1760279829998769,0.9690338343119571,0.11941233528154951,0.5122217435175709,0.04182782686105726,0.011102597139999518,0.004670386638582413,200,1,0.9330708661417323,0.6727941176470589
diff_fpde,0.04950945379180619,0.1721898334355153,0.9683404339686872,0.12113319640439149,0.5089249438802468,0.0386004797275589,0.012276419290000007,0.004266818026913748,200,1,0.9330708661417323,0.6727941176470589
hyb_fpde_grid,0.05540965272318459,0.1760279829998769,0.9690338343119571,0.11941233528154951,0.5122217435175709,0.04182782686105726,0.016732804870000707,0.006223701036611743,200,1,0.9330708661417323,0.6727941176470589
lime,0.022120027960845907,0.1440468603953942,0.9455203345463294,0.19038118168043466,0.48382018125358767,0.048894770602641614,0.02345772541499997,0.006045055072908489,200,1,0.9330708661417323,0.6727941176470589
shap,0.03012897600963563,0.19321002571285567,0.8855090893715456,0.17072292800665956,0.4578190326905906,0.1303378032366663,0.0735001064399998,0.015935930015452546,200,1,0.9330708661417323,0.6727941176470589
