method,mean_deletion_drop_auc,std_deletion_drop_auc,mean_insertion_auc,std_insertion_auc,mean_combined_score,std_combined_score,mean_runtime_seconds,std_runtime_seconds,completed_instances,completed_tasks,mean_test_accuracy,mean_test_balanced_accuracy
aime,0.3926503950447419,0.16508128242338901,0.9383410954578886,0.03483800843322044,0.6654957452513153,0.08253657162440103,0.00508719666667028,7.723058839056041e-05,57,1,0.9649122807017544,0.9623015873015873
cos_fpde,0.3928154942171186,0.1655370432316274,0.9383707176048541,0.034872841439127694,0.6655931059109863,0.0828357452319132,0.003861629894735168,4.458620568687772e-05,57,1,0.9649122807017544,0.9623015873015873
diff_fpde,0.40262639759916097,0.16291876896723045,0.9400343825132306,0.035531004684655296,0.6713303900561958,0.08211270190273362,0.003838061122808125,3.932923279174431e-05,57,1,0.9649122807017544,0.9623015873015873
hyb_fpde_grid,0.40262639759916097,0.16291876896723045,0.9400343825132306,0.035531004684655296,0.6713303900561958,0.08211270190273362,0.005769568052631202,8.77433665138908e-05,57,1,0.9649122807017544,0.9623015873015873
lime,0.15619260969197837,0.10457081387092407,0.6463904110276472,0.2427074301531105,0.40129151035981275,0.17169996445163035,0.010491729052633122,0.0002486443935230493,57,1,0.9649122807017544,0.9623015873015873
shap,0.2004173399308769,0.20756028452840158,0.5643598663079451,0.3308139067470913,0.382388603119411,0.25854859732513535,0.033864020631578264,0.02100720182008965,57,1,0.9649122807017544,0.9623015873015873
