task_id,dataset_name,method,deletion_drop_auc,insertion_auc,combined_score,runtime_seconds,attr_l1_norm,mean_abs_exactness_residual,test_accuracy,test_balanced_accuracy,n_features_transformed,n_classes,ok
12,mfeat-factors,aime,0.8428280624099052,0.9499627728340672,0.8963954176219862,0.03348255790000138,36.72565387629437,,0.945,0.945,216,10,200
12,mfeat-factors,cos_fpde,0.8341666539935139,0.9075636656296346,0.8708651598115742,0.01398574282500121,0.8846376310581738,1.0207980294385521e-16,0.945,0.945,216,10,200
12,mfeat-factors,diff_fpde,0.7249524031292299,0.8239146483657833,0.7744335257475066,0.02296134747999858,205.95963600482392,1.9038104426272183e-14,0.945,0.945,216,10,200
12,mfeat-factors,hyb_fpde_grid,0.8341666539935139,0.9075636656296346,0.8708651598115742,0.015141293250000132,1.0,4.2023676205538154e-17,0.945,0.945,216,10,200
12,mfeat-factors,lime,0.3824516445123116,0.5678554059861071,0.47515352524920934,0.10817959130999853,1.2108291349660127,,0.945,0.945,216,10,200
12,mfeat-factors,shap,0.8789081290131895,0.9679200166457417,0.9234140728294656,0.5455321023749972,9.276173391868424,,0.945,0.945,216,10,200
