task_id,dataset_name,method,deletion_drop_auc,insertion_auc,combined_score,runtime_seconds,attr_l1_norm,mean_abs_exactness_residual,test_accuracy,test_balanced_accuracy,n_features_transformed,n_classes,ok
9960,wall-robot-navigation,aime,0.5722644127450852,0.7474292473913315,0.6598468300682084,0.005109455409999058,5.297925977183797,,0.9981684981684981,0.996951219512195,24,4,200
9960,wall-robot-navigation,cos_fpde,0.5432612450721512,0.702405251916343,0.622833248494247,0.0038394411150001416,1.1870510915706758,5.872472647050486e-17,0.9981684981684981,0.996951219512195,24,4,200
9960,wall-robot-navigation,diff_fpde,0.5422251728492918,0.6909229021860931,0.6165740375176925,0.0038306639649990613,11.718529590918562,2.3407664695440642e-15,0.9981684981684981,0.996951219512195,24,4,200
9960,wall-robot-navigation,hyb_fpde_grid,0.5438528752681369,0.6988706153028447,0.6213617452854908,0.007815045675000363,0.995927109038854,4.942552443709669e-17,0.9981684981684981,0.996951219512195,24,4,200
9960,wall-robot-navigation,lime,0.3683263163018606,0.5055914197818354,0.436958868041848,0.014110195270000432,0.5903601616488465,,0.9981684981684981,0.996951219512195,24,4,200
9960,wall-robot-navigation,shap,0.8316956506723915,0.9524788237042954,0.8920872371883434,0.22784587054499816,6.069123297535879,,0.9981684981684981,0.996951219512195,24,4,200
