method,mean_deletion_drop_auc,std_deletion_drop_auc,mean_insertion_auc,std_insertion_auc,mean_combined_score,std_combined_score,mean_runtime_seconds,std_runtime_seconds,completed_instances,completed_tasks,mean_test_accuracy,mean_test_balanced_accuracy
aime,0.5722644127450852,0.32571946230916404,0.7474292473913315,0.23808024980821288,0.6598468300682084,0.25845852508891487,0.005109455409999058,0.00020014773345786106,200,1,0.9981684981684981,0.996951219512195
cos_fpde,0.5432612450721512,0.3388716894296185,0.702405251916343,0.2820388561103887,0.622833248494247,0.2827283609756259,0.0038394411150001416,0.0001658340108343359,200,1,0.9981684981684981,0.996951219512195
diff_fpde,0.5422251728492918,0.3268786872030661,0.6909229021860931,0.27394687320751565,0.6165740375176925,0.27545570317675006,0.0038306639649990613,0.00031856110687275904,200,1,0.9981684981684981,0.996951219512195
hyb_fpde_grid,0.5438528752681369,0.3328990024712588,0.6988706153028447,0.2745830078336858,0.6213617452854908,0.2778994107139575,0.007815045675000363,0.00032296391476810995,200,1,0.9981684981684981,0.996951219512195
lime,0.3683263163018606,0.2881882865362061,0.5055914197818354,0.3838253325866802,0.436958868041848,0.3168129019145958,0.014110195270000432,0.00033377174722622785,200,1,0.9981684981684981,0.996951219512195
shap,0.8316956506723915,0.22014315278145755,0.9524788237042954,0.03218149970537302,0.8920872371883434,0.10853246960891873,0.22784587054499816,0.020192871909193402,200,1,0.9981684981684981,0.996951219512195
