method,mean_deletion_drop_auc,std_deletion_drop_auc,mean_insertion_auc,std_insertion_auc,mean_combined_score,std_combined_score,mean_runtime_seconds,std_runtime_seconds,completed_instances,completed_tasks,mean_test_accuracy,mean_test_balanced_accuracy
aime,0.10155499387753382,0.10874125527091082,0.795365368897102,0.1297821897798134,0.44846018138731786,0.0857047882207778,0.004892849120001017,7.980293318324755e-05,200,1,0.8530805687203792,0.6439420391061452
cos_fpde,0.10127906549483147,0.10800630668755205,0.7960415304644622,0.13087673037069325,0.44866029797964685,0.08633321479738815,0.0037703332350008624,4.7502280839233935e-05,200,1,0.8530805687203792,0.6439420391061452
diff_fpde,0.10337318582433469,0.10892140847778732,0.7917615906797252,0.1285375900767683,0.44756738825202996,0.08800037680822584,0.0037340951949998667,7.937829296444114e-05,200,1,0.8530805687203792,0.6439420391061452
hyb_fpde_grid,0.10500527212563114,0.10830995713663737,0.7933077790028026,0.12761417526406285,0.4491565255642168,0.08702662779519661,0.006083328444999836,5.723322244536201e-05,200,1,0.8530805687203792,0.6439420391061452
lime,0.06551331392067898,0.10012932219763322,0.7031786698163939,0.10330907355025584,0.3843459918685364,0.05891028934024186,0.010291136334999465,0.00022606427489522786,200,1,0.8530805687203792,0.6439420391061452
shap,0.06354108521527489,0.166943463545309,0.7015764263592484,0.12700993394716825,0.3825587557872617,0.12126966115219062,0.062003764895000445,0.011098596490874453,200,1,0.8530805687203792,0.6439420391061452
