task_id,dataset_name,method,deletion_drop_auc,insertion_auc,combined_score,runtime_seconds,attr_l1_norm,mean_abs_exactness_residual,test_accuracy,test_balanced_accuracy,n_features_transformed,n_classes,ok
3917,kc1,aime,0.10155499387753382,0.795365368897102,0.44846018138731786,0.004892849120001017,9.749997635616966,,0.8530805687203792,0.6439420391061452,21,2,200
3917,kc1,cos_fpde,0.10127906549483147,0.7960415304644622,0.44866029797964685,0.0037703332350008624,1.7783318722060222,1.4798058611820154e-16,0.8530805687203792,0.6439420391061452,21,2,200
3917,kc1,diff_fpde,0.10337318582433469,0.7917615906797252,0.44756738825202996,0.0037340951949998667,29.26914779585254,6.044054146059352e-15,0.8530805687203792,0.6439420391061452,21,2,200
3917,kc1,hyb_fpde_grid,0.10500527212563114,0.7933077790028026,0.4491565255642168,0.006083328444999836,0.9897245499544384,9.089951014118469e-17,0.8530805687203792,0.6439420391061452,21,2,200
3917,kc1,lime,0.06551331392067898,0.7031786698163939,0.3843459918685364,0.010291136334999465,0.30028579352275003,,0.8530805687203792,0.6439420391061452,21,2,200
3917,kc1,shap,0.06354108521527489,0.7015764263592484,0.3825587557872617,0.062003764895000445,3.1095398682910034,,0.8530805687203792,0.6439420391061452,21,2,200
