task_id,dataset_name,method,deletion_drop_auc,insertion_auc,combined_score,runtime_seconds,attr_l1_norm,mean_abs_exactness_residual,test_accuracy,test_balanced_accuracy,n_features_transformed,n_classes,ok
15,breast-w,aime,0.30828594502027784,0.9114050251336628,0.6098454850769703,0.004479150228569649,5.051915552515078,,0.9571428571428572,0.9574275362318839,9,2,70
15,breast-w,cos_fpde,0.30828594502027784,0.9114050251336628,0.6098454850769703,0.0034619469428548654,1.8060813581412,1.3580406640504148e-16,0.9571428571428572,0.9574275362318839,9,2,70
15,breast-w,diff_fpde,0.316122284780568,0.9122559411864021,0.614189112983485,0.0034486419999999337,23.24227491968177,2.2680270360199625e-15,0.9571428571428572,0.9574275362318839,9,2,70
15,breast-w,hyb_fpde_grid,0.316122284780568,0.9122559411864021,0.614189112983485,0.005293903814286085,1.0,6.363956980440629e-17,0.9571428571428572,0.9574275362318839,9,2,70
15,breast-w,lime,0.1579379100727959,0.7877543728859522,0.472846141479374,0.008529689371427805,0.6391368549192634,,0.9571428571428572,0.9574275362318839,9,2,70
15,breast-w,shap,0.18846159814208777,0.7590788067120334,0.4737702024270606,0.039218439671428684,5.105099294686803,,0.9571428571428572,0.9574275362318839,9,2,70
