method,mean_deletion_drop_auc,std_deletion_drop_auc,mean_insertion_auc,std_insertion_auc,mean_combined_score,std_combined_score,mean_runtime_seconds,std_runtime_seconds,completed_instances,completed_tasks,mean_test_accuracy,mean_test_balanced_accuracy
aime,0.30828594502027784,0.14761206544627242,0.9114050251336628,0.044336564326219366,0.6098454850769703,0.07991412057201885,0.004479150228569649,8.489577852080162e-05,70,1,0.9571428571428572,0.9574275362318839
cos_fpde,0.30828594502027784,0.14761206544627242,0.9114050251336628,0.044336564326219366,0.6098454850769703,0.07991412057201885,0.0034619469428548654,2.4378382764444603e-05,70,1,0.9571428571428572,0.9574275362318839
diff_fpde,0.316122284780568,0.1451515750042794,0.9122559411864021,0.04462801843691011,0.614189112983485,0.07970061461193421,0.0034486419999999337,0.0001418246268802817,70,1,0.9571428571428572,0.9574275362318839
hyb_fpde_grid,0.316122284780568,0.1451515750042794,0.9122559411864021,0.04462801843691011,0.614189112983485,0.07970061461193421,0.005293903814286085,0.0003549714421315029,70,1,0.9571428571428572,0.9574275362318839
lime,0.1579379100727959,0.15321099041167452,0.7877543728859522,0.10013083208299277,0.472846141479374,0.11542603802259903,0.008529689371427805,0.00013243153315708334,70,1,0.9571428571428572,0.9574275362318839
shap,0.18846159814208777,0.2015774589623721,0.7590788067120334,0.12556497072046272,0.4737702024270606,0.15445578128087123,0.039218439671428684,0.02153790202356022,70,1,0.9571428571428572,0.9574275362318839
