method,mean_deletion_drop_auc,std_deletion_drop_auc,mean_insertion_auc,std_insertion_auc,mean_combined_score,std_combined_score,mean_runtime_seconds,std_runtime_seconds,completed_instances,completed_tasks,mean_test_accuracy,mean_test_balanced_accuracy
aime,0.5169851548934247,0.26979277772775306,0.893342282573538,0.1313975911918738,0.7051637187334814,0.11064328470550482,0.004610129174999997,6.540162713230876e-05,200,1,0.9370932754880694,0.9298810508487928
cos_fpde,0.5176444005197954,0.26963258641009596,0.8930746282400668,0.13160138650106498,0.7053595143799312,0.11071994461387176,0.003302905885001337,3.7125589040681135e-05,200,1,0.9370932754880694,0.9298810508487928
diff_fpde,0.5181198320400607,0.26937323857160683,0.8910698750014653,0.13421890305668216,0.704594853520763,0.11097206462134133,0.0032811586450000618,7.48979996329112e-05,200,1,0.9370932754880694,0.9298810508487928
hyb_fpde_grid,0.5180391270771711,0.2700255108427901,0.8937779411609003,0.13088068852540846,0.7059085341190358,0.11100080051719757,0.006182843134999558,0.00018384566598862175,200,1,0.9370932754880694,0.9298810508487928
lime,0.0207922173105465,0.11522457394971633,0.4151645733485131,0.3034180350092384,0.2179783953295298,0.15222238012214132,0.010510777844999382,0.0002170559210919198,200,1,0.9370932754880694,0.9298810508487928
shap,0.30546766378891715,0.44850104600683777,0.6530483108282129,0.29815445977174954,0.47925798730856506,0.3381442962372583,0.05199339705500023,0.013702127489445423,200,1,0.9370932754880694,0.9298810508487928
