task_id,dataset_name,method,deletion_drop_auc,insertion_auc,combined_score,runtime_seconds,attr_l1_norm,mean_abs_exactness_residual,test_accuracy,test_balanced_accuracy,n_features_transformed,n_classes,ok
43,spambase,aime,0.5169851548934247,0.893342282573538,0.7051637187334814,0.004610129174999997,7.506947430608147,,0.9370932754880694,0.9298810508487928,57,2,200
43,spambase,cos_fpde,0.5176444005197954,0.8930746282400668,0.7053595143799312,0.003302905885001337,1.2182574870912386,6.746339598073803e-17,0.9370932754880694,0.9298810508487928,57,2,200
43,spambase,diff_fpde,0.5181198320400607,0.8910698750014653,0.704594853520763,0.0032811586450000618,18.22878733518258,8.269079865286244e-15,0.9370932754880694,0.9298810508487928,57,2,200
43,spambase,hyb_fpde_grid,0.5180391270771711,0.8937779411609003,0.7059085341190358,0.006182843134999558,0.9997685458681563,5.611830444784971e-17,0.9370932754880694,0.9298810508487928,57,2,200
43,spambase,lime,0.0207922173105465,0.4151645733485131,0.2179783953295298,0.010510777844999382,0.6927081081815145,,0.9370932754880694,0.9298810508487928,57,2,200
43,spambase,shap,0.30546766378891715,0.6530483108282129,0.47925798730856506,0.05199339705500023,6.644607504546746,,0.9370932754880694,0.9298810508487928,57,2,200
