task_id,dataset_name,method,deletion_drop_auc,insertion_auc,combined_score,runtime_seconds,attr_l1_norm,mean_abs_exactness_residual,test_accuracy,test_balanced_accuracy,n_features_transformed,n_classes,ok
10093,banknote-authentication,aime,0.361996367814828,0.846503720690296,0.604250044252562,0.004735589079710617,1.773210505891144,,0.9927536231884058,0.9935064935064934,4,2,138
10093,banknote-authentication,cos_fpde,0.361996367814828,0.846503720690296,0.604250044252562,0.0037442037681175598,1.3250065559364672,1.002871296474128e-16,0.9927536231884058,0.9935064935064934,4,2,138
10093,banknote-authentication,diff_fpde,0.37043833595814807,0.8484657960115234,0.6094520659848357,0.003701022478263321,4.607454772854011,4.1904885358813652e-16,0.9927536231884058,0.9935064935064934,4,2,138
10093,banknote-authentication,hyb_fpde_grid,0.37043833595814807,0.8484657960115234,0.6094520659848357,0.0058809793043446525,1.0,5.870404806385282e-17,0.9927536231884058,0.9935064935064934,4,2,138
10093,banknote-authentication,lime,0.2172867555625472,0.7264138678333478,0.47185031169794756,0.02249662451449233,0.6673749444877759,,0.9927536231884058,0.9935064935064934,4,2,138
10093,banknote-authentication,shap,0.30872613552806794,0.701479570861121,0.5051028531945945,0.06455331353622222,6.385251681569724,,0.9927536231884058,0.9935064935064934,4,2,138
