method,mean_deletion_drop_auc,std_deletion_drop_auc,mean_insertion_auc,std_insertion_auc,mean_combined_score,std_combined_score,mean_runtime_seconds,std_runtime_seconds,completed_instances,completed_tasks,mean_test_accuracy,mean_test_balanced_accuracy
aime,0.361996367814828,0.2703375605126901,0.846503720690296,0.2078395894251517,0.604250044252562,0.16594789771735063,0.004735589079710617,7.984637029121351e-05,138,1,0.9927536231884058,0.9935064935064934
cos_fpde,0.361996367814828,0.2703375605126901,0.846503720690296,0.2078395894251517,0.604250044252562,0.16594789771735063,0.0037442037681175598,7.343360727226341e-05,138,1,0.9927536231884058,0.9935064935064934
diff_fpde,0.37043833595814807,0.2660185356102237,0.8484657960115234,0.19681186072809465,0.6094520659848357,0.15258072551923207,0.003701022478263321,6.38935154380305e-05,138,1,0.9927536231884058,0.9935064935064934
hyb_fpde_grid,0.37043833595814807,0.2660185356102237,0.8484657960115234,0.19681186072809465,0.6094520659848357,0.15258072551923207,0.0058809793043446525,0.00011346314716482103,138,1,0.9927536231884058,0.9935064935064934
lime,0.2172867555625472,0.13691665532377983,0.7264138678333478,0.27731093119495503,0.47185031169794756,0.14593527331367323,0.02249662451449233,0.0004532444187729273,138,1,0.9927536231884058,0.9935064935064934
shap,0.30872613552806794,0.3623664537467617,0.701479570861121,0.193628309903685,0.5051028531945945,0.250963093829306,0.06455331353622222,0.015110741518682101,138,1,0.9927536231884058,0.9935064935064934
