method,mean_deletion_drop_auc,std_deletion_drop_auc,mean_insertion_auc,std_insertion_auc,mean_combined_score,std_combined_score,mean_runtime_seconds,std_runtime_seconds,completed_instances,completed_tasks,mean_test_accuracy,mean_test_balanced_accuracy
aime,0.49935670898900564,0.4304730154706603,0.9746132592632614,0.03715580405859822,0.7369849841261334,0.2070971139272004,0.038233118029999104,0.01002500385899145,200,1,0.9467084639498434,0.9376700239097194
cos_fpde,0.4937979272761113,0.43208229835066114,0.9573506943101938,0.07272137811769049,0.7255743107931525,0.20129161254095645,0.013236712609999727,0.005376531863808734,200,1,0.9467084639498434,0.9376700239097194
diff_fpde,0.484136075720957,0.43670009883370825,0.9487725412804358,0.09714034279793472,0.7164543085006965,0.20285932706008142,0.022407481729999717,0.006739917091545572,200,1,0.9467084639498434,0.9376700239097194
hyb_fpde_grid,0.4932091562568391,0.4322934785157232,0.9586072287664077,0.07043660947498748,0.7259081925116234,0.2020356388137988,0.02003164522500086,0.0022721130575309592,200,1,0.9467084639498434,0.9376700239097194
lime,0.059509785994520385,0.1112964838704605,0.5511863222589443,0.4117930119260896,0.30534805412673227,0.17729850116460397,0.18323417009499976,0.06994513946410037,200,1,0.9467084639498434,0.9376700239097194
shap,0.5013606058942814,0.42951240656082124,0.9725281768637122,0.041937870935629736,0.7369443913789968,0.20607773483508507,0.17788729855000013,0.019247062713301726,200,1,0.9467084639498434,0.9376700239097194
