task_id,dataset_name,method,deletion_drop_auc,insertion_auc,combined_score,runtime_seconds,attr_l1_norm,mean_abs_exactness_residual,test_accuracy,test_balanced_accuracy,n_features_transformed,n_classes,ok
167140,dna,aime,0.49935670898900564,0.9746132592632614,0.7369849841261334,0.038233118029999104,35.932610347753894,,0.9467084639498434,0.9376700239097194,360,3,200
167140,dna,cos_fpde,0.4937979272761113,0.9573506943101938,0.7255743107931525,0.013236712609999727,0.9778252892342307,3.43908929112402e-17,0.9467084639498434,0.9376700239097194,360,3,200
167140,dna,diff_fpde,0.484136075720957,0.9487725412804358,0.7164543085006965,0.022407481729999717,21.49058712487305,7.77350406266919e-15,0.9467084639498434,0.9376700239097194,360,3,200
167140,dna,hyb_fpde_grid,0.4932091562568391,0.9586072287664077,0.7259081925116234,0.02003164522500086,0.9972561464882963,3.0097452308197606e-17,0.9467084639498434,0.9376700239097194,360,3,200
167140,dna,lime,0.059509785994520385,0.5511863222589443,0.30534805412673227,0.18323417009499976,1.7140260668900806,,0.9467084639498434,0.9376700239097194,360,3,200
167140,dna,shap,0.5013606058942814,0.9725281768637122,0.7369443913789968,0.17788729855000013,5.744593121466951,,0.9467084639498434,0.9376700239097194,360,3,200
