task_id,dataset_name,method,deletion_drop_auc,insertion_auc,combined_score,runtime_seconds,attr_l1_norm,mean_abs_exactness_residual,test_accuracy,test_balanced_accuracy,n_features_transformed,n_classes,ok
11,balance-scale,aime,0.5094015564225542,0.8351222394793965,0.6722618979509754,0.004412677206350025,2.483866008676913,,0.9365079365079365,0.7333333333333334,4,3,63
11,balance-scale,cos_fpde,0.46410369497631954,0.8146016845949581,0.6393526897856389,0.003440168904769543,1.435648195316058,9.298668537101075e-17,0.9365079365079365,0.7333333333333334,4,3,63
11,balance-scale,diff_fpde,0.49736993818494224,0.8270402949713249,0.6622051165781336,0.0034094353333301345,4.930519632297536,2.687444623100577e-16,0.9365079365079365,0.7333333333333334,4,3,63
11,balance-scale,hyb_fpde_grid,0.4947551350740102,0.8258548532784181,0.6603049941762142,0.005180519079366215,0.9775510643458131,5.859510407743882e-17,0.9365079365079365,0.7333333333333334,4,3,63
11,balance-scale,lime,0.26178342628924567,0.6447714021067796,0.45327741419801265,0.023112215238094386,0.7839134543232193,,0.9365079365079365,0.7333333333333334,4,3,63
11,balance-scale,shap,0.5087518936931003,0.834596472929529,0.6716741833113147,0.10021982436507952,4.086888322908759,,0.9365079365079365,0.7333333333333334,4,3,63
