method,mean_deletion_drop_auc,std_deletion_drop_auc,mean_insertion_auc,std_insertion_auc,mean_combined_score,std_combined_score,mean_runtime_seconds,std_runtime_seconds,completed_instances,completed_tasks,mean_test_accuracy,mean_test_balanced_accuracy
aime,0.5094015564225542,0.14989159944756367,0.8351222394793965,0.07784138796806386,0.6722618979509754,0.09156581783551224,0.004412677206350025,7.098085631650898e-05,63,1,0.9365079365079365,0.7333333333333334
cos_fpde,0.46410369497631954,0.17507416356327724,0.8146016845949581,0.11157051043045751,0.6393526897856389,0.11514955320308745,0.003440168904769543,5.891102763127888e-05,63,1,0.9365079365079365,0.7333333333333334
diff_fpde,0.49736993818494224,0.15605215949393977,0.8270402949713249,0.09160616178049831,0.6622051165781336,0.09621867944265677,0.0034094353333301345,5.8206713415201546e-05,63,1,0.9365079365079365,0.7333333333333334
hyb_fpde_grid,0.4947551350740102,0.1566316129308,0.8258548532784181,0.09279360941500399,0.6603049941762142,0.0973870255682075,0.005180519079366215,4.096506357525851e-05,63,1,0.9365079365079365,0.7333333333333334
lime,0.26178342628924567,0.18750233901835783,0.6447714021067796,0.2062923618650269,0.45327741419801265,0.17795383117701752,0.023112215238094386,0.0013291139342032998,63,1,0.9365079365079365,0.7333333333333334
shap,0.5087518936931003,0.14917564285545898,0.834596472929529,0.07178368730180977,0.6716741833113147,0.0903869116995128,0.10021982436507952,0.02325314446047054,63,1,0.9365079365079365,0.7333333333333334
