method,mean_deletion_drop_auc,std_deletion_drop_auc,mean_insertion_auc,std_insertion_auc,mean_combined_score,std_combined_score,mean_runtime_seconds,std_runtime_seconds,completed_instances,completed_tasks,mean_test_accuracy,mean_test_balanced_accuracy
aime,0.06063283568404408,0.16758089835988196,0.9716959120293908,0.11059552240952579,0.5161643738567174,0.05323134462292884,0.013132416664994935,0.005663481583451189,200,1,0.9330708661417323,0.6727941176470589
cos_fpde,0.060623971276448946,0.16755084476951845,0.9718761316610744,0.10971941134515542,0.5162500514687616,0.053128015065010026,0.011489513879993182,0.004988265902276226,200,1,0.9330708661417323,0.6727941176470589
diff_fpde,0.04986152327603946,0.15953373273628424,0.9696057898731952,0.11859125084479026,0.5097336565746173,0.04594144980352219,0.012256833090003739,0.004366723111540975,200,1,0.9330708661417323,0.6727941176470589
hyb_fpde_grid,0.060623971276448946,0.16755084476951845,0.9718761316610744,0.10971941134515542,0.5162500514687616,0.053128015065010026,0.01757735597500073,0.007174582071134783,200,1,0.9330708661417323,0.6727941176470589
lime,0.023123985968956377,0.13529420408864185,0.9434812782348733,0.19574444364588323,0.4833026321019149,0.05005169187932696,0.023558246774998678,0.00550742622033523,200,1,0.9330708661417323,0.6727941176470589
shap,0.025799834489014347,0.17841421634260102,0.8736651950742171,0.18289582619047884,0.4497325147816158,0.1304493988697829,0.07331011510499877,0.016488225459025917,200,1,0.9330708661417323,0.6727941176470589
