task_id,dataset_name,method,deletion_drop_auc,insertion_auc,combined_score,runtime_seconds,attr_l1_norm,mean_abs_exactness_residual,test_accuracy,test_balanced_accuracy,n_features_transformed,n_classes,ok
9960,wall-robot-navigation,aime,0.5893773053903548,0.7570950834873597,0.6732361944388572,0.005569653485001993,5.459048114611372,,0.9926739926739927,0.9935575543538241,24,4,200
9960,wall-robot-navigation,cos_fpde,0.576157086338178,0.7256748810372309,0.6509159836877045,0.0043065938600008735,1.191670294327808,6.731594448528e-17,0.9926739926739927,0.9935575543538241,24,4,200
9960,wall-robot-navigation,diff_fpde,0.5727430290096828,0.7127548858520827,0.6427489574308827,0.004269521645003067,12.472658616215574,2.1765922397776194e-15,0.9926739926739927,0.9935575543538241,24,4,200
9960,wall-robot-navigation,hyb_fpde_grid,0.576157086338178,0.7256748810372309,0.6509159836877045,0.008508100630001821,1.0,5.396291052894853e-17,0.9926739926739927,0.9935575543538241,24,4,200
9960,wall-robot-navigation,lime,0.34216124428685823,0.5009388881700724,0.4215500662284653,0.016225879589997872,0.5997747003397825,,0.9926739926739927,0.9935575543538241,24,4,200
9960,wall-robot-navigation,shap,0.8242760937555174,0.9490566548245539,0.8866663742900356,0.23181557973000197,6.015656797216867,,0.9926739926739927,0.9935575543538241,24,4,200
