method,mean_deletion_drop_auc,std_deletion_drop_auc,mean_insertion_auc,std_insertion_auc,mean_combined_score,std_combined_score,mean_runtime_seconds,std_runtime_seconds,completed_instances,completed_tasks,mean_test_accuracy,mean_test_balanced_accuracy
aime,0.5893773053903548,0.3198886447408811,0.7570950834873597,0.225775090959407,0.6732361944388572,0.24976342634215384,0.005569653485001993,6.377648169847553e-05,200,1,0.9926739926739927,0.9935575543538241
cos_fpde,0.576157086338178,0.3223528760801818,0.7256748810372309,0.26109956453727634,0.6509159836877045,0.2668595012852941,0.0043065938600008735,0.00012446161772178805,200,1,0.9926739926739927,0.9935575543538241
diff_fpde,0.5727430290096828,0.31602029953462446,0.7127548858520827,0.25580029578114666,0.6427489574308827,0.2616845270421518,0.004269521645003067,0.00023612640187317983,200,1,0.9926739926739927,0.9935575543538241
hyb_fpde_grid,0.576157086338178,0.3223528760801818,0.7256748810372309,0.26109956453727634,0.6509159836877045,0.2668595012852941,0.008508100630001821,0.0002633248504871028,200,1,0.9926739926739927,0.9935575543538241
lime,0.34216124428685823,0.26087681765473525,0.5009388881700724,0.3776747166009513,0.4215500662284653,0.29817999182693217,0.016225879589997872,0.0007871835211038181,200,1,0.9926739926739927,0.9935575543538241
shap,0.8242760937555174,0.22027041331961136,0.9490566548245539,0.0430345780313457,0.8866663742900356,0.10884904284166547,0.23181557973000197,0.01660900788858042,200,1,0.9926739926739927,0.9935575543538241
