task_id,dataset_name,method,deletion_drop_auc,insertion_auc,combined_score,runtime_seconds,attr_l1_norm,mean_abs_exactness_residual,test_accuracy,test_balanced_accuracy,n_features_transformed,n_classes,ok
3481,isolet,aime,0.8584194392877549,0.8856706258813196,0.8720450325845372,0.05892506314499997,65.76606167771445,,0.95,0.95,617,26,200
3481,isolet,cos_fpde,0.8589487658549938,0.7921146962148723,0.825531731034933,0.014610269945000027,0.598039560623398,9.880984919163893e-17,0.95,0.95,617,26,200
3481,isolet,diff_fpde,0.8112171781522634,0.7321456137580463,0.7716813959551548,0.017174979824996228,377.3755349243353,4.1304737408154326e-14,0.95,0.95,617,26,200
3481,isolet,hyb_fpde_grid,0.8589487658549938,0.7921146962148723,0.825531731034933,0.044635224599996665,1.0,4.101862079164409e-17,0.95,0.95,617,26,200
3481,isolet,lime,0.6516313496481432,0.5481972386170991,0.5999142941326212,0.3385684763200027,1.8812923015236245,,0.95,0.95,617,26,200
3481,isolet,shap,0.8975380993749001,0.9581719038615545,0.9278550016182272,1.4518335775750015,11.147687842667553,,0.95,0.95,617,26,200
