task_id,dataset_name,method,deletion_drop_auc,insertion_auc,combined_score,runtime_seconds,attr_l1_norm,mean_abs_exactness_residual,test_accuracy,test_balanced_accuracy,n_features_transformed,n_classes,ok
167141,churn,aime,0.08044752128285629,0.7938690651288121,0.43715829320583416,0.01117044809999868,7.583872042393739,,0.936,0.8132890365448504,32,2,200
167141,churn,cos_fpde,0.07389346080803098,0.7293602012659685,0.4016268310369997,0.009337241840003117,1.116047864253591,4.8860655105231746e-17,0.936,0.8132890365448504,32,2,200
167141,churn,diff_fpde,0.07450118231302989,0.7264055684852094,0.4004533753991197,0.008899217679998515,5.211282609750364,1.7005841179695836e-15,0.936,0.8132890365448504,32,2,200
167141,churn,hyb_fpde_grid,0.07389346080803098,0.7293602012659685,0.4016268310369997,0.013753850720000571,1.0,5.236262812235992e-17,0.936,0.8132890365448504,32,2,200
167141,churn,lime,0.01785191641087919,0.5854928114162119,0.30167236391354557,0.016053729309998346,0.5614635727522869,,0.936,0.8132890365448504,32,2,200
167141,churn,shap,0.09234455694625568,0.8658060628348054,0.4790753098905306,0.08048117929500194,3.007617152884614,,0.936,0.8132890365448504,32,2,200
