method,mean_deletion_drop_auc,std_deletion_drop_auc,mean_insertion_auc,std_insertion_auc,mean_combined_score,std_combined_score,mean_runtime_seconds,std_runtime_seconds,completed_instances,completed_tasks,mean_test_accuracy,mean_test_balanced_accuracy
aime,0.08044752128285629,0.2137657522591026,0.7938690651288121,0.15369228944026891,0.43715829320583416,0.12107068819644506,0.01117044809999868,0.004391728720750871,200,1,0.936,0.8132890365448504
cos_fpde,0.07389346080803098,0.2020068614655117,0.7293602012659685,0.180698699188335,0.4016268310369997,0.13405656503474078,0.009337241840003117,0.0038321953706196834,200,1,0.936,0.8132890365448504
diff_fpde,0.07450118231302989,0.20007240634513515,0.7264055684852094,0.17827609243990258,0.4004533753991197,0.13231236563204063,0.008899217679998515,0.004480816875185108,200,1,0.936,0.8132890365448504
hyb_fpde_grid,0.07389346080803098,0.2020068614655117,0.7293602012659685,0.180698699188335,0.4016268310369997,0.13405656503474078,0.013753850720000571,0.00568687376138227,200,1,0.936,0.8132890365448504
lime,0.01785191641087919,0.10911204897883148,0.5854928114162119,0.29891808395366404,0.30167236391354557,0.1457033503192036,0.016053729309998346,0.005149920619989186,200,1,0.936,0.8132890365448504
shap,0.09234455694625568,0.21217182115241898,0.8658060628348054,0.16578605999249937,0.4790753098905306,0.12689940591369286,0.08048117929500194,0.014270458686296634,200,1,0.936,0.8132890365448504
