method,mean_deletion_drop_auc,std_deletion_drop_auc,mean_insertion_auc,std_insertion_auc,mean_combined_score,std_combined_score,mean_runtime_seconds,std_runtime_seconds,completed_instances,completed_tasks,mean_test_accuracy,mean_test_balanced_accuracy
aime,0.32086951665453545,0.1408020083455064,0.9077468542891977,0.05094163576370039,0.6143081854718665,0.08392124672276155,0.005014244728571222,0.00017637331299103778,70,1,0.9571428571428572,0.9574275362318839
cos_fpde,0.32087668788962215,0.14083455281220073,0.9070508728732026,0.05104914408262747,0.6139637803814124,0.0840840219771751,0.0038773006857159738,7.68809071091397e-05,70,1,0.9571428571428572,0.9574275362318839
diff_fpde,0.3270946021449919,0.13858426448036934,0.907488883599575,0.05085853904676248,0.6172917428722834,0.0830324565668094,0.0038341189000005572,8.130483171806568e-05,70,1,0.9571428571428572,0.9574275362318839
hyb_fpde_grid,0.3270946021449919,0.13858426448036934,0.907488883599575,0.05085853904676248,0.6172917428722834,0.0830324565668094,0.0058991770999987075,0.00014677559514996,70,1,0.9571428571428572,0.9574275362318839
lime,0.13220365075991697,0.10131105646174615,0.745772492223753,0.13878104307179012,0.43898807149183494,0.11123150927791116,0.009630079271425578,0.0004908908259178859,70,1,0.9571428571428572,0.9574275362318839
shap,0.16869988823388365,0.14560875860663888,0.7050298208955232,0.16639369422207323,0.4368648545647034,0.14238926295300525,0.04329486382857145,0.023217858025929204,70,1,0.9571428571428572,0.9574275362318839
