task_id,dataset_name,method,deletion_drop_auc,insertion_auc,combined_score,runtime_seconds,attr_l1_norm,mean_abs_exactness_residual,test_accuracy,test_balanced_accuracy,n_features_transformed,n_classes,ok
15,breast-w,aime,0.32086951665453545,0.9077468542891977,0.6143081854718665,0.005014244728571222,5.065048746989633,,0.9571428571428572,0.9574275362318839,9,2,70
15,breast-w,cos_fpde,0.32087668788962215,0.9070508728732026,0.6139637803814124,0.0038773006857159738,1.8083417057399238,1.249000902703301e-16,0.9571428571428572,0.9574275362318839,9,2,70
15,breast-w,diff_fpde,0.3270946021449919,0.907488883599575,0.6172917428722834,0.0038341189000005572,23.04561798290899,3.4416913763379853e-15,0.9571428571428572,0.9574275362318839,9,2,70
15,breast-w,hyb_fpde_grid,0.3270946021449919,0.907488883599575,0.6172917428722834,0.0058991770999987075,1.0,8.749201759908739e-17,0.9571428571428572,0.9574275362318839,9,2,70
15,breast-w,lime,0.13220365075991697,0.745772492223753,0.43898807149183494,0.009630079271425578,0.6795415791244048,,0.9571428571428572,0.9574275362318839,9,2,70
15,breast-w,shap,0.16869988823388365,0.7050298208955232,0.4368648545647034,0.04329486382857145,5.152647478825192,,0.9571428571428572,0.9574275362318839,9,2,70
