method,mean_deletion_drop_auc,std_deletion_drop_auc,mean_insertion_auc,std_insertion_auc,mean_combined_score,std_combined_score,mean_runtime_seconds,std_runtime_seconds,completed_instances,completed_tasks,mean_test_accuracy,mean_test_balanced_accuracy
aime,0.865376381806588,0.15179548805434118,0.8689858639004585,0.13591553894216435,0.8671811228535233,0.12391111116719782,0.057673302600001364,0.008724088056370932,200,1,0.9461538461538461,0.9461538461538462
cos_fpde,0.8646269026473,0.15944343666948907,0.7440050137642892,0.2666483165999567,0.8043159582057946,0.16443512092986828,0.014620663489995422,0.0008935154905046614,200,1,0.9461538461538461,0.9461538461538462
diff_fpde,0.8005704054817098,0.19796914943007632,0.6699982873692345,0.23267248369887897,0.7352843464254721,0.17703526043031836,0.017803587324999627,0.005261864508564989,200,1,0.9461538461538461,0.9461538461538462
hyb_fpde_grid,0.8646269026473,0.15944343666948907,0.7440050137642892,0.2666483165999567,0.8043159582057946,0.16443512092986828,0.043724720904998265,0.0025832013123872947,200,1,0.9461538461538461,0.9461538461538462
lime,0.673682365833102,0.2907198850190503,0.5258311120055313,0.30172852257553995,0.5997567389193167,0.24192595239039322,0.3439818425749979,0.07457083929329429,200,1,0.9461538461538461,0.9461538461538462
shap,0.9009797776107269,0.12404124433122395,0.9525452477558263,0.07000926798879226,0.9267625126832766,0.09054600727543548,1.4466714749849985,0.037880583892192614,200,1,0.9461538461538461,0.9461538461538462
