task_id,dataset_name,method,deletion_drop_auc,insertion_auc,combined_score,runtime_seconds,attr_l1_norm,mean_abs_exactness_residual,test_accuracy,test_balanced_accuracy,n_features_transformed,n_classes,ok
3481,isolet,aime,0.865376381806588,0.8689858639004585,0.8671811228535233,0.057673302600001364,65.13954127529793,,0.9461538461538461,0.9461538461538462,617,26,200
3481,isolet,cos_fpde,0.8646269026473,0.7440050137642892,0.8043159582057946,0.014620663489995422,0.579165918714637,1.0892328705658372e-16,0.9461538461538461,0.9461538461538462,617,26,200
3481,isolet,diff_fpde,0.8005704054817098,0.6699982873692345,0.7352843464254721,0.017803587324999627,363.40740508319954,4.136246900543483e-14,0.9461538461538461,0.9461538461538462,617,26,200
3481,isolet,hyb_fpde_grid,0.8646269026473,0.7440050137642892,0.8043159582057946,0.043724720904998265,1.0,3.979238813456298e-17,0.9461538461538461,0.9461538461538462,617,26,200
3481,isolet,lime,0.673682365833102,0.5258311120055313,0.5997567389193167,0.3439818425749979,1.8675509783962674,,0.9461538461538461,0.9461538461538462,617,26,200
3481,isolet,shap,0.9009797776107269,0.9525452477558263,0.9267625126832766,1.4466714749849985,11.107313013559537,,0.9461538461538461,0.9461538461538462,617,26,200
