task_id,dataset_name,method,deletion_drop_auc,insertion_auc,combined_score,runtime_seconds,attr_l1_norm,mean_abs_exactness_residual,test_accuracy,test_balanced_accuracy,n_features_transformed,n_classes,ok
146195,connect-4,aime,0.5243352365736352,0.7966634042588068,0.660499320416221,0.015442040024999245,10.703568987505559,,0.8069863824748373,0.5667274384354967,126,3,200
146195,connect-4,cos_fpde,0.538009332913491,0.8318960929238477,0.6849527129186694,0.013085146220001604,1.1622050669159536,5.676936785242726e-17,0.8069863824748373,0.5667274384354967,126,3,200
146195,connect-4,diff_fpde,0.5387759972732087,0.8327977917691439,0.6857868945211762,0.012577330490001657,2.0831943072950594,2.0341801160173034e-15,0.8069863824748373,0.5667274384354967,126,3,200
146195,connect-4,hyb_fpde_grid,0.5392852911883024,0.832996482131107,0.6861408866597047,0.05979188568499964,0.9991482762609946,4.686463890568593e-17,0.8069863824748373,0.5667274384354967,126,3,200
146195,connect-4,lime,-0.12492486636619199,0.19392254311331006,0.03449883837355903,0.03230673135999908,0.8696113988785455,,0.8069863824748373,0.5667274384354967,126,3,200
146195,connect-4,shap,0.5876501767256808,0.8757316011450945,0.7316908889353877,0.19584777619999968,2.937005879450299,,0.8069863824748373,0.5667274384354967,126,3,200
