method,mean_deletion_drop_auc,std_deletion_drop_auc,mean_insertion_auc,std_insertion_auc,mean_combined_score,std_combined_score,mean_runtime_seconds,std_runtime_seconds,completed_instances,completed_tasks,mean_test_accuracy,mean_test_balanced_accuracy
aime,0.5243352365736352,0.138875962908427,0.7966634042588068,0.09098654437194242,0.660499320416221,0.10493247112675018,0.015442040024999245,0.0058320946658239415,200,1,0.8069863824748373,0.5667274384354967
cos_fpde,0.538009332913491,0.13602090079579832,0.8318960929238477,0.07972372854624514,0.6849527129186694,0.09638990681022663,0.013085146220001604,0.004555630036451635,200,1,0.8069863824748373,0.5667274384354967
diff_fpde,0.5387759972732087,0.1353989117034529,0.8327977917691439,0.07920720135558264,0.6857868945211762,0.09490168379262523,0.012577330490001657,0.005119501598222951,200,1,0.8069863824748373,0.5667274384354967
hyb_fpde_grid,0.5392852911883024,0.1353769292038117,0.832996482131107,0.07923551882473469,0.6861408866597047,0.09491984341031719,0.05979188568499964,0.006927601159402868,200,1,0.8069863824748373,0.5667274384354967
lime,-0.12492486636619199,0.1621038779236803,0.19392254311331006,0.04864038256579237,0.03449883837355903,0.10078008730185813,0.03230673135999908,0.007477544196972192,200,1,0.8069863824748373,0.5667274384354967
shap,0.5876501767256808,0.15166012745810908,0.8757316011450945,0.05480572839319623,0.7316908889353877,0.09787205244522403,0.19584777619999968,0.019581317243039246,200,1,0.8069863824748373,0.5667274384354967
