method,mean_deletion_drop_auc,std_deletion_drop_auc,mean_insertion_auc,std_insertion_auc,mean_combined_score,std_combined_score,mean_runtime_seconds,std_runtime_seconds,completed_instances,completed_tasks,mean_test_accuracy,mean_test_balanced_accuracy
aime,0.4688886110568418,0.14573645414110264,0.872117054980046,0.08980788890366605,0.6705028330184439,0.08941270759986149,0.023392793055554268,0.0066192945215376,54,1,0.8518518518518519,0.8429172510518934
cos_fpde,0.4758269300288681,0.15287004200922216,0.8776656252276118,0.0855949814196735,0.6767462776282399,0.09231931959248973,0.018007249907406556,0.005822455193402422,54,1,0.8518518518518519,0.8429172510518934
diff_fpde,0.47591075974759145,0.15322363299453357,0.8777835590758883,0.08550772330161721,0.6768471594117399,0.09246657314714553,0.019101133537042694,0.006001221493256636,54,1,0.8518518518518519,0.8429172510518934
hyb_fpde_grid,0.4757775224034973,0.15305446128761627,0.8777798762734806,0.08556760815911427,0.676778699338489,0.09243969197026367,0.017936235074068288,0.006871890541438745,54,1,0.8518518518518519,0.8429172510518934
lime,0.002034892331450868,0.12227968384206622,0.49133336831749397,0.2030908653527624,0.2466841303244724,0.12474098823957204,0.0671785691481472,0.04573646137925358,54,1,0.8518518518518519,0.8429172510518934
shap,0.30674965332633386,0.30483398480378054,0.6513878955613296,0.36321258189690014,0.4790687744438318,0.328635720721493,0.036230576296294136,0.027999708492207245,54,1,0.8518518518518519,0.8429172510518934
