task_id,dataset_name,method,deletion_drop_auc,insertion_auc,combined_score,runtime_seconds,attr_l1_norm,mean_abs_exactness_residual,test_accuracy,test_balanced_accuracy,n_features_transformed,n_classes,ok
14954,cylinder-bands,aime,0.4688886110568418,0.872117054980046,0.6705028330184439,0.023392793055554268,11.103769778178613,,0.8518518518518519,0.8429172510518934,154,2,54
14954,cylinder-bands,cos_fpde,0.4758269300288681,0.8776656252276118,0.6767462776282399,0.018007249907406556,1.3328898676955518,7.245682963084608e-17,0.8518518518518519,0.8429172510518934,154,2,54
14954,cylinder-bands,diff_fpde,0.47591075974759145,0.8777835590758883,0.6768471594117399,0.019101133537042694,7.176697946702624,3.490006637594821e-15,0.8518518518518519,0.8429172510518934,154,2,54
14954,cylinder-bands,hyb_fpde_grid,0.4757775224034973,0.8777798762734806,0.676778699338489,0.017936235074068288,0.999997289852074,5.673188256620447e-17,0.8518518518518519,0.8429172510518934,154,2,54
14954,cylinder-bands,lime,0.002034892331450868,0.49133336831749397,0.2466841303244724,0.0671785691481472,1.0742466799149113,,0.8518518518518519,0.8429172510518934,154,2,54
14954,cylinder-bands,shap,0.30674965332633386,0.6513878955613296,0.4790687744438318,0.036230576296294136,4.5844734524831,,0.8518518518518519,0.8429172510518934,154,2,54
