task_id,dataset_name,method,deletion_drop_auc,insertion_auc,combined_score,runtime_seconds,attr_l1_norm,mean_abs_exactness_residual,test_accuracy,test_balanced_accuracy,n_features_transformed,n_classes,ok
9964,semeion,aime,0.7446623584100558,0.7841130699168908,0.7643877141634732,0.039028175868749314,47.86222778649117,,0.90625,0.90625,256,10,160
9964,semeion,cos_fpde,0.7777958633477507,0.7157858298362928,0.7467908465920219,0.01569628827499816,1.0137759705286513,4.479923376710104e-17,0.90625,0.90625,256,10,160
9964,semeion,diff_fpde,0.7580716494437615,0.6645989842125112,0.7113353168281364,0.023064697306249292,205.4559326327206,2.2049029269055608e-14,0.90625,0.90625,256,10,160
9964,semeion,hyb_fpde_grid,0.7777958633477507,0.7157858298362928,0.7467908465920219,0.01589444371874915,1.0,3.207070026212122e-17,0.90625,0.90625,256,10,160
9964,semeion,lime,0.3950416626184242,0.3119402481942283,0.35349095540632625,0.1893730303,1.1879373721821989,,0.90625,0.90625,256,10,160
9964,semeion,shap,0.8260048853756065,0.8931391065569321,0.8595719959662691,0.5902463717749997,9.359831483713533,,0.90625,0.90625,256,10,160
