method,mean_deletion_drop_auc,std_deletion_drop_auc,mean_insertion_auc,std_insertion_auc,mean_combined_score,std_combined_score,mean_runtime_seconds,std_runtime_seconds,completed_instances,completed_tasks,mean_test_accuracy,mean_test_balanced_accuracy
aime,0.37685185422540357,0.14905186870072443,0.9413961206837923,0.03181679424402332,0.659123987454598,0.07320231845973339,0.005072785526311819,8.061136997114502e-05,57,1,0.9649122807017544,0.9623015873015873
cos_fpde,0.37793198657944477,0.15064913247283737,0.941644090098516,0.03180502982094076,0.6597880383389805,0.07412265141107614,0.003818121596490679,3.203471278051668e-05,57,1,0.9649122807017544,0.9623015873015873
diff_fpde,0.3900083406664241,0.1492271242686686,0.9437807414674955,0.03086548877638933,0.6668945410669598,0.07376875035333907,0.003791924771934319,8.28753428812503e-05,57,1,0.9649122807017544,0.9623015873015873
hyb_fpde_grid,0.3900083406664241,0.1492271242686686,0.9437807414674955,0.03086548877638933,0.6668945410669598,0.07376875035333907,0.005681875473674593,5.8184382510612584e-05,57,1,0.9649122807017544,0.9623015873015873
lime,0.1448298557385127,0.1008328856617507,0.6391441600829656,0.2465064692516566,0.3919870079107391,0.17119695894581188,0.010105331035088295,9.025950651686674e-05,57,1,0.9649122807017544,0.9623015873015873
shap,0.20675564050022946,0.21611029642199575,0.6048040448706045,0.3013945769558327,0.40577984268541695,0.24864754835624372,0.03687743278947421,0.025599097604294508,57,1,0.9649122807017544,0.9623015873015873
