task_id,dataset_name,method,deletion_drop_auc,insertion_auc,combined_score,runtime_seconds,attr_l1_norm,mean_abs_exactness_residual,test_accuracy,test_balanced_accuracy,n_features_transformed,n_classes,ok
9946,wdbc,aime,0.37685185422540357,0.9413961206837923,0.659123987454598,0.005072785526311819,10.935292984596426,,0.9649122807017544,0.9623015873015873,30,2,57
9946,wdbc,cos_fpde,0.37793198657944477,0.941644090098516,0.6597880383389805,0.003818121596490679,1.4873383091530419,1.729854076745995e-16,0.9649122807017544,0.9623015873015873,30,2,57
9946,wdbc,diff_fpde,0.3900083406664241,0.9437807414674955,0.6668945410669598,0.003791924771934319,45.872449096979835,7.284621249294887e-15,0.9649122807017544,0.9623015873015873,30,2,57
9946,wdbc,hyb_fpde_grid,0.3900083406664241,0.9437807414674955,0.6668945410669598,0.005681875473674593,1.0,8.984041580848306e-17,0.9649122807017544,0.9623015873015873,30,2,57
9946,wdbc,lime,0.1448298557385127,0.6391441600829656,0.3919870079107391,0.010105331035088295,0.8453290149699941,,0.9649122807017544,0.9623015873015873,30,2,57
9946,wdbc,shap,0.20675564050022946,0.6048040448706045,0.40577984268541695,0.03687743278947421,5.976696489067741,,0.9649122807017544,0.9623015873015873,30,2,57
