task_id,dataset_name,method,deletion_drop_auc,insertion_auc,combined_score,runtime_seconds,attr_l1_norm,mean_abs_exactness_residual,test_accuracy,test_balanced_accuracy,n_features_transformed,n_classes,ok
3549,analcatdata_authorship,aime,0.5574419043715626,0.9459260833243842,0.7516839938479734,0.012900400870587619,11.6250024242101,,0.9647058823529412,0.9686274509803923,70,4,85
3549,analcatdata_authorship,cos_fpde,0.5681014862258148,0.9332231014993752,0.750662293862595,0.012516399376469882,1.178090253079933,1.1849181766495698e-16,0.9647058823529412,0.9686274509803923,70,4,85
3549,analcatdata_authorship,diff_fpde,0.5447463289561868,0.9165584228788328,0.7306523759175098,0.011218609341177826,74.19383217086171,1.1849345034587554e-14,0.9647058823529412,0.9686274509803923,70,4,85
3549,analcatdata_authorship,hyb_fpde_grid,0.5681014862258148,0.9332231014993752,0.750662293862595,0.01624100475294199,1.0,7.412371370291486e-17,0.9647058823529412,0.9686274509803923,70,4,85
3549,analcatdata_authorship,lime,0.1397643780917075,0.6649922724093772,0.40237832525054235,0.028897293282351952,1.0470238835614147,,0.9647058823529412,0.9686274509803923,70,4,85
3549,analcatdata_authorship,shap,0.5747390548572419,0.9596922862519432,0.7672156705545925,0.21340592257647084,5.946234018252224,,0.9647058823529412,0.9686274509803923,70,4,85
