task_id,dataset_name,method,deletion_drop_auc,insertion_auc,combined_score,runtime_seconds,attr_l1_norm,mean_abs_exactness_residual,test_accuracy,test_balanced_accuracy,n_features_transformed,n_classes,ok
14954,cylinder-bands,aime,0.42622890697663074,0.8910559771365825,0.6586424420566066,0.02359910831481005,10.432141144633432,,0.7962962962962963,0.7720897615708275,152,2,54
14954,cylinder-bands,cos_fpde,0.43433023506116913,0.8909001462860168,0.6626151906735929,0.01770878653704139,1.3524440641988933,7.704260326409959e-17,0.7962962962962963,0.7720897615708275,152,2,54
14954,cylinder-bands,diff_fpde,0.4348547612144085,0.8904439705702965,0.6626493658923525,0.018176727388892974,6.571501927207949,2.929755203871941e-15,0.7962962962962963,0.7720897615708275,152,2,54
14954,cylinder-bands,hyb_fpde_grid,0.4351469457018223,0.8909055927307918,0.6630262692163071,0.019239714129628074,0.9999901885931481,4.774505122538018e-17,0.7962962962962963,0.7720897615708275,152,2,54
14954,cylinder-bands,lime,-0.0486224228707063,0.5222150696780294,0.23679632340366155,0.07457592933333448,0.8418734740401236,,0.7962962962962963,0.7720897615708275,152,2,54
14954,cylinder-bands,shap,0.3048197202527772,0.717467942549905,0.5111438314013411,0.03220546927777979,4.622091673330424,,0.7962962962962963,0.7720897615708275,152,2,54
