method,mean_deletion_drop_auc,std_deletion_drop_auc,mean_insertion_auc,std_insertion_auc,mean_combined_score,std_combined_score,mean_runtime_seconds,std_runtime_seconds,completed_instances,completed_tasks,mean_test_accuracy,mean_test_balanced_accuracy
aime,0.42622890697663074,0.2364604813210312,0.8910559771365825,0.10624957653934151,0.6586424420566066,0.10280507410973866,0.02359910831481005,0.006278052449659854,54,1,0.7962962962962963,0.7720897615708275
cos_fpde,0.43433023506116913,0.24330162029078323,0.8909001462860168,0.10624707312001708,0.6626151906735929,0.10505993611358522,0.01770878653704139,0.004794128718382417,54,1,0.7962962962962963,0.7720897615708275
diff_fpde,0.4348547612144085,0.24296935984892648,0.8904439705702965,0.10719812489448614,0.6626493658923525,0.10521239895496656,0.018176727388892974,0.005290342685940184,54,1,0.7962962962962963,0.7720897615708275
hyb_fpde_grid,0.4351469457018223,0.24302789439444747,0.8909055927307918,0.10626044421500325,0.6630262692163071,0.10505635169139824,0.019239714129628074,0.006695041022995039,54,1,0.7962962962962963,0.7720897615708275
lime,-0.0486224228707063,0.17275614209531662,0.5222150696780294,0.26585029435084495,0.23679632340366155,0.14463738693519057,0.07457592933333448,0.05144818741625765,54,1,0.7962962962962963,0.7720897615708275
shap,0.3048197202527772,0.2501532955015385,0.717467942549905,0.37041814472263124,0.5111438314013411,0.2946767054447063,0.03220546927777979,0.011805977938917573,54,1,0.7962962962962963,0.7720897615708275
