task_id,dataset_name,method,deletion_drop_auc,insertion_auc,combined_score,runtime_seconds,attr_l1_norm,mean_abs_exactness_residual,test_accuracy,test_balanced_accuracy,n_features_transformed,n_classes,ok
2079,eucalyptus,aime,0.5526611840416766,0.6699819904157185,0.6113215872286976,0.011069852675674952,7.964160507616671,,0.6486486486486487,0.616006216006216,91,5,74
2079,eucalyptus,cos_fpde,0.5653882428127539,0.6687574062745216,0.6170728245436378,0.011001942243241674,0.7140740247477383,1.0706056911873079e-16,0.6486486486486487,0.616006216006216,91,5,74
2079,eucalyptus,diff_fpde,0.5762873815954684,0.6418410042633655,0.6090641929294169,0.009702124918917249,7.009274165667576,2.153166909033375e-15,0.6486486486486487,0.616006216006216,91,5,74
2079,eucalyptus,hyb_fpde_grid,0.5825034762275825,0.6538665494298824,0.6181850128287325,0.01489132629729712,0.9748801164534532,6.263758280824362e-17,0.6486486486486487,0.616006216006216,91,5,74
2079,eucalyptus,lime,0.22100584580878344,0.357322209895567,0.2891640278521752,0.029245555675678638,0.7746272321095782,,0.6486486486486487,0.616006216006216,91,5,74
2079,eucalyptus,shap,0.5852470287961395,0.8373304661577916,0.7112887474769656,0.2209947548513515,4.442947735762089,,0.6486486486486487,0.616006216006216,91,5,74
