task_id,dataset_name,method,deletion_drop_auc,insertion_auc,combined_score,runtime_seconds,attr_l1_norm,mean_abs_exactness_residual,test_accuracy,test_balanced_accuracy,n_features_transformed,n_classes,ok
146824,mfeat-pixel,aime,0.8092071895512433,0.8617439589334656,0.8354755742423543,0.03155725815500119,49.02017336327243,,0.955,0.9549999999999998,240,10,200
146824,mfeat-pixel,cos_fpde,0.7831837541925627,0.7594142592135512,0.7712990067030571,0.017358916874998728,0.9845265306623961,5.55805401702969e-17,0.955,0.9549999999999998,240,10,200
146824,mfeat-pixel,diff_fpde,0.7483923064965555,0.7154497795083317,0.7319210430024435,0.022871925750001056,242.76214866549634,1.970867913314578e-14,0.955,0.9549999999999998,240,10,200
146824,mfeat-pixel,hyb_fpde_grid,0.7831837541925627,0.7594142592135512,0.7712990067030571,0.015757614465002092,1.0,4.4088539243036793e-17,0.955,0.9549999999999998,240,10,200
146824,mfeat-pixel,lime,0.41248410390855816,0.35659878617039553,0.3845414450394768,0.14950354992,1.1612347311152342,,0.955,0.9549999999999998,240,10,200
146824,mfeat-pixel,shap,0.848032472973696,0.939053774205989,0.8935431235898424,0.5589721910749985,9.563580718399315,,0.955,0.9549999999999998,240,10,200
