method,mean_deletion_drop_auc,std_deletion_drop_auc,mean_insertion_auc,std_insertion_auc,mean_combined_score,std_combined_score,mean_runtime_seconds,std_runtime_seconds,completed_instances,completed_tasks,mean_test_accuracy,mean_test_balanced_accuracy
aime,0.8092071895512433,0.21562651941987002,0.8617439589334656,0.11786518542471543,0.8354755742423543,0.1109841284620018,0.03155725815500119,0.007882586206458205,200,1,0.955,0.9549999999999998
cos_fpde,0.7831837541925627,0.24149040855145637,0.7594142592135512,0.19030848846696014,0.7712990067030571,0.12872970045171078,0.017358916874998728,0.00552592300438826,200,1,0.955,0.9549999999999998
diff_fpde,0.7483923064965555,0.25573389080286085,0.7154497795083317,0.2061843410769492,0.7319210430024435,0.14094515630956803,0.022871925750001056,0.0056615547991597055,200,1,0.955,0.9549999999999998
hyb_fpde_grid,0.7831837541925627,0.24149040855145637,0.7594142592135512,0.19030848846696014,0.7712990067030571,0.12872970045171078,0.015757614465002092,0.004515168268779591,200,1,0.955,0.9549999999999998
lime,0.41248410390855816,0.29546086039736585,0.35659878617039553,0.2884997890239253,0.3845414450394768,0.19322805593172093,0.14950354992,0.06640929771146566,200,1,0.955,0.9549999999999998
shap,0.848032472973696,0.21207168139399865,0.939053774205989,0.06742815027449935,0.8935431235898424,0.1131927310295848,0.5589721910749985,0.023187627265533813,200,1,0.955,0.9549999999999998
