task_id,dataset_name,method,deletion_drop_auc,insertion_auc,combined_score,runtime_seconds,attr_l1_norm,mean_abs_exactness_residual,test_accuracy,test_balanced_accuracy,n_features_transformed,n_classes,ok
9957,qsar-biodeg,aime,0.32906178658017293,0.872600830717336,0.6008313086487544,0.012745890481129608,8.494534130013916,,0.839622641509434,0.8246031746031746,41,2,106
9957,qsar-biodeg,cos_fpde,0.33018243834388233,0.8719982265687258,0.601090332456304,0.009970575754719121,1.3120987726125373,7.109093188342689e-17,0.839622641509434,0.8246031746031746,41,2,106
9957,qsar-biodeg,diff_fpde,0.32254330129826564,0.8699335039254109,0.5962384026118384,0.009903543811318277,19.98393685428517,3.56161641060174e-15,0.839622641509434,0.8246031746031746,41,2,106
9957,qsar-biodeg,hyb_fpde_grid,0.3300963738233598,0.8721730424073657,0.6011347081153628,0.013788239613201343,0.9986813168558762,4.968509880250553e-17,0.839622641509434,0.8246031746031746,41,2,106
9957,qsar-biodeg,lime,0.045638747813167506,0.6689557748472511,0.3572972613302093,0.020550439773587042,0.5760358101211894,,0.839622641509434,0.8246031746031746,41,2,106
9957,qsar-biodeg,shap,0.22285892937280427,0.7659831867093314,0.49442105804106784,0.07768842780189208,5.460691695520225,,0.839622641509434,0.8246031746031746,41,2,106
