task_id,dataset_name,method,deletion_drop_auc,insertion_auc,combined_score,runtime_seconds,attr_l1_norm,mean_abs_exactness_residual,test_accuracy,test_balanced_accuracy,n_features_transformed,n_classes,ok
125922,texture,aime,0.7804035004362888,0.7915568699613956,0.7859801851988422,0.011423622830000823,12.77643161356896,,0.9818181818181819,0.9818181818181819,40,11,200
125922,texture,cos_fpde,0.7762410078311245,0.7365914048529437,0.7564162063420342,0.010007385105000282,0.8021813023237883,1.14960124752983e-16,0.9818181818181819,0.9818181818181819,40,11,200
125922,texture,diff_fpde,0.66413437634098,0.6384004490012091,0.6512674126710946,0.010582143765000324,44.892941797839704,3.9074299351682385e-15,0.9818181818181819,0.9818181818181819,40,11,200
125922,texture,hyb_fpde_grid,0.7762410078311245,0.7365914048529437,0.7564162063420342,0.01703675666999885,1.0,4.55354070422187e-17,0.9818181818181819,0.9818181818181819,40,11,200
125922,texture,lime,0.4658056301059919,0.5023655732874056,0.4840856016966988,0.03589906485000114,0.48183497342420617,,0.9818181818181819,0.9818181818181819,40,11,200
125922,texture,shap,0.8648943598369985,0.9260591008439605,0.8954767303404795,0.6307664053449992,9.73662720224603,,0.9818181818181819,0.9818181818181819,40,11,200
