method,mean_deletion_drop_auc,std_deletion_drop_auc,mean_insertion_auc,std_insertion_auc,mean_combined_score,std_combined_score,mean_runtime_seconds,std_runtime_seconds,completed_instances,completed_tasks,mean_test_accuracy,mean_test_balanced_accuracy
aime,0.7804035004362888,0.21052747051404083,0.7915568699613956,0.19878403689214652,0.7859801851988422,0.1726530116831303,0.011423622830000823,0.005529698768205503,200,1,0.9818181818181819,0.9818181818181819
cos_fpde,0.7762410078311245,0.19997019385323356,0.7365914048529437,0.20535070472799438,0.7564162063420342,0.16308123346225953,0.010007385105000282,0.004100069792551226,200,1,0.9818181818181819,0.9818181818181819
diff_fpde,0.66413437634098,0.27208782324121017,0.6384004490012091,0.23285936213817432,0.6512674126710946,0.21349058389126618,0.010582143765000324,0.0043798951454209305,200,1,0.9818181818181819,0.9818181818181819
hyb_fpde_grid,0.7762410078311245,0.19997019385323356,0.7365914048529437,0.20535070472799438,0.7564162063420342,0.16308123346225953,0.01703675666999885,0.006398989647896173,200,1,0.9818181818181819,0.9818181818181819
lime,0.4658056301059919,0.36387920144852337,0.5023655732874056,0.36182243293061633,0.4840856016966988,0.33309930378406905,0.03589906485000114,0.005942344214597334,200,1,0.9818181818181819,0.9818181818181819
shap,0.8648943598369985,0.1685689164133889,0.9260591008439605,0.0766401232786802,0.8954767303404795,0.09196003973915236,0.6307664053449992,0.020985268914720367,200,1,0.9818181818181819,0.9818181818181819
