method,mean_deletion_drop_auc,std_deletion_drop_auc,mean_insertion_auc,std_insertion_auc,mean_combined_score,std_combined_score,mean_runtime_seconds,std_runtime_seconds,completed_instances,completed_tasks,mean_test_accuracy,mean_test_balanced_accuracy
aime,0.05610105875265106,0.12614837888371827,0.8758844824883185,0.13806891747527347,0.4659927706204848,0.07699788459715666,0.005415086704999794,0.00021931948171603405,200,1,0.8483412322274881,0.6026536312849162
cos_fpde,0.056208449796584806,0.1262621579508764,0.8756379385813103,0.1379889545568661,0.4659231941889475,0.07710518151431871,0.004158307439998907,0.00013027041458609303,200,1,0.8483412322274881,0.6026536312849162
diff_fpde,0.056202669225238144,0.12636365528339707,0.8758248349608314,0.1394572073395805,0.46601375209303475,0.0791360297854067,0.00411544716499833,0.00021404605704942764,200,1,0.8483412322274881,0.6026536312849162
hyb_fpde_grid,0.057646704374053455,0.12909552467781613,0.8771307778538469,0.13655599361759355,0.4673887411139501,0.07820324891746626,0.006707814315000178,5.224290679613148e-05,200,1,0.8483412322274881,0.6026536312849162
lime,0.02766336136597659,0.11127199508434435,0.7491649013003085,0.11251010480795266,0.38841413133314256,0.07017714832187585,0.011248431795000756,0.00016754881527688986,200,1,0.8483412322274881,0.6026536312849162
shap,0.01189579096379676,0.16291459260443472,0.7029423859535499,0.12941142632196379,0.35741908845867326,0.11488680657750792,0.06989814546500014,0.013054799301948377,200,1,0.8483412322274881,0.6026536312849162
