task_id,dataset_name,method,deletion_drop_auc,insertion_auc,combined_score,runtime_seconds,attr_l1_norm,mean_abs_exactness_residual,test_accuracy,test_balanced_accuracy,n_features_transformed,n_classes,ok
3917,kc1,aime,0.05610105875265106,0.8758844824883185,0.4659927706204848,0.005415086704999794,10.377976991162916,,0.8483412322274881,0.6026536312849162,21,2,200
3917,kc1,cos_fpde,0.056208449796584806,0.8756379385813103,0.4659231941889475,0.004158307439998907,1.789350458370893,1.682508299349905e-16,0.8483412322274881,0.6026536312849162,21,2,200
3917,kc1,diff_fpde,0.056202669225238144,0.8758248349608314,0.46601375209303475,0.00411544716499833,30.840772850780283,4.942712905631197e-15,0.8483412322274881,0.6026536312849162,21,2,200
3917,kc1,hyb_fpde_grid,0.057646704374053455,0.8771307778538469,0.4673887411139501,0.006707814315000178,0.9864689862719443,7.820133429703446e-17,0.8483412322274881,0.6026536312849162,21,2,200
3917,kc1,lime,0.02766336136597659,0.7491649013003085,0.38841413133314256,0.011248431795000756,0.3006154652248402,,0.8483412322274881,0.6026536312849162,21,2,200
3917,kc1,shap,0.01189579096379676,0.7029423859535499,0.35741908845867326,0.06989814546500014,3.1551341180457873,,0.8483412322274881,0.6026536312849162,21,2,200
