method,mean_deletion_drop_auc,std_deletion_drop_auc,mean_insertion_auc,std_insertion_auc,mean_combined_score,std_combined_score,mean_runtime_seconds,std_runtime_seconds,completed_instances,completed_tasks,mean_test_accuracy,mean_test_balanced_accuracy
aime,0.30612545098497557,0.24358791868528054,0.8815188433941843,0.1494135535039915,0.5938221471895799,0.0760294080622828,0.014410269259998927,0.007172846592595644,100,1,0.78,0.7190476190476189
cos_fpde,0.2925676410940099,0.2512271899996088,0.8764759510281117,0.1584561034960664,0.5845217960610608,0.07824653032143086,0.011174871729996311,0.005206623859935583,100,1,0.78,0.7190476190476189
diff_fpde,0.29283297551197185,0.25069299962648167,0.876801880818535,0.15781302278411763,0.5848174281652535,0.0780763143061153,0.011250762699999655,0.0052522937682565685,100,1,0.78,0.7190476190476189
hyb_fpde_grid,0.29283297551197185,0.25069299962648167,0.876801880818535,0.15781302278411763,0.5848174281652535,0.0780763143061153,0.015008838099998912,0.0060368032763736005,100,1,0.78,0.7190476190476189
lime,-0.06742145840641474,0.2112480238458853,0.5044068866879544,0.2975207431446111,0.21849271414076984,0.15835203275291315,0.02253854338999929,0.009514660107789808,100,1,0.78,0.7190476190476189
shap,0.1926698310074801,0.18924924619021746,0.7457568828588227,0.377085844687699,0.4692133569331514,0.2611860083273599,0.07064339478000249,0.02004663378436285,100,1,0.78,0.7190476190476189
