task_id,dataset_name,method,deletion_drop_auc,insertion_auc,combined_score,runtime_seconds,attr_l1_norm,mean_abs_exactness_residual,test_accuracy,test_balanced_accuracy,n_features_transformed,n_classes,ok
9985,first-order-theorem-proving,aime,0.3090882483054087,0.4511274315737868,0.3801078399395978,0.010961069810000055,8.34849697832006,,0.6045751633986928,0.4585903485425348,51,6,200
9985,first-order-theorem-proving,cos_fpde,0.2927814688675076,0.4448120510304092,0.3687967599489584,0.011396754025000747,1.0228652362551367,7.119955666712308e-17,0.6045751633986928,0.4585903485425348,51,6,200
9985,first-order-theorem-proving,diff_fpde,0.2842517394876232,0.4438448410832176,0.3640482902854204,0.009902794624999416,10.801708095189221,4.873948467043476e-15,0.6045751633986928,0.4585903485425348,51,6,200
9985,first-order-theorem-proving,hyb_fpde_grid,0.2927814688675076,0.4448120510304092,0.3687967599489584,0.01809814528500084,1.0,6.247172917861477e-17,0.6045751633986928,0.4585903485425348,51,6,200
9985,first-order-theorem-proving,lime,0.20578548776455702,0.3646821384469143,0.28523381310573565,0.030496086305000034,0.49570544204015093,,0.6045751633986928,0.4585903485425348,51,6,200
9985,first-order-theorem-proving,shap,0.3930484403282825,0.5699123553632819,0.48148039784578217,0.3727357270599998,2.6730670632123603,,0.6045751633986928,0.4585903485425348,51,6,200
