method,mean_deletion_drop_auc,std_deletion_drop_auc,mean_insertion_auc,std_insertion_auc,mean_combined_score,std_combined_score,mean_runtime_seconds,std_runtime_seconds,completed_instances,completed_tasks,mean_test_accuracy,mean_test_balanced_accuracy
aime,0.3090882483054087,0.15270842737873885,0.4511274315737868,0.21474307576750443,0.3801078399395978,0.14399960623202493,0.010961069810000055,0.004569514614414924,200,1,0.6045751633986928,0.4585903485425348
cos_fpde,0.2927814688675076,0.152128391336121,0.4448120510304092,0.21121116885474447,0.3687967599489584,0.14070447146421902,0.011396754025000747,0.0034621571018946472,200,1,0.6045751633986928,0.4585903485425348
diff_fpde,0.2842517394876232,0.1499115530187442,0.4438448410832176,0.20391616290189707,0.3640482902854204,0.1375592657208054,0.009902794624999416,0.003703950568103511,200,1,0.6045751633986928,0.4585903485425348
hyb_fpde_grid,0.2927814688675076,0.152128391336121,0.4448120510304092,0.21121116885474447,0.3687967599489584,0.14070447146421902,0.01809814528500084,0.005991809534355164,200,1,0.6045751633986928,0.4585903485425348
lime,0.20578548776455702,0.1398193782719497,0.3646821384469143,0.18261982396344364,0.28523381310573565,0.12027795577663906,0.030496086305000034,0.0048529908814259285,200,1,0.6045751633986928,0.4585903485425348
shap,0.3930484403282825,0.1611954746646184,0.5699123553632819,0.17916645574529286,0.48148039784578217,0.14550037497172952,0.3727357270599998,0.018411689158686066,200,1,0.6045751633986928,0.4585903485425348
