method,mean_deletion_drop_auc,std_deletion_drop_auc,mean_insertion_auc,std_insertion_auc,mean_combined_score,std_combined_score,mean_runtime_seconds,std_runtime_seconds,completed_instances,completed_tasks,mean_test_accuracy,mean_test_balanced_accuracy
aime,0.7747768131542946,0.1509056802316526,0.7700597407997056,0.12578244211854375,0.772418276977,0.0917753508302339,0.03700643570624962,0.009784970296234643,160,1,0.8875,0.8875
cos_fpde,0.783765348290847,0.16057841155868732,0.6825295457656095,0.1813483969130183,0.7331474470282282,0.11018148330548255,0.014287168662499638,0.005188822722282477,160,1,0.8875,0.8875
diff_fpde,0.7667066279365413,0.1615768844096752,0.6392651364704308,0.17698942341690357,0.702985882203486,0.10864741259993464,0.0211207987187505,0.006600100949141269,160,1,0.8875,0.8875
hyb_fpde_grid,0.783765348290847,0.16057841155868732,0.6825295457656095,0.1813483969130183,0.7331474470282282,0.11018148330548255,0.014538370393749922,0.0036310593046242966,160,1,0.8875,0.8875
lime,0.340437849495301,0.2621669048334808,0.31063877364455783,0.22134816770792637,0.3255383115699294,0.1698104091226147,0.19836466729999974,0.05590010233973124,160,1,0.8875,0.8875
shap,0.839896558939326,0.1494662534332886,0.9181588038661298,0.06265434916624166,0.8790276814027278,0.09208768550382063,0.5438562261000024,0.017748151226374888,160,1,0.8875,0.8875
