task_id,dataset_name,method,deletion_drop_auc,insertion_auc,combined_score,runtime_seconds,attr_l1_norm,mean_abs_exactness_residual,test_accuracy,test_balanced_accuracy,n_features_transformed,n_classes,ok
9964,semeion,aime,0.7747768131542946,0.7700597407997056,0.772418276977,0.03700643570624962,49.17517703665721,,0.8875,0.8875,256,10,160
9964,semeion,cos_fpde,0.783765348290847,0.6825295457656095,0.7331474470282282,0.014287168662499638,1.0199797993148123,4.2262200683484964e-17,0.8875,0.8875,256,10,160
9964,semeion,diff_fpde,0.7667066279365413,0.6392651364704308,0.702985882203486,0.0211207987187505,206.30194582473482,2.1888046930484962e-14,0.8875,0.8875,256,10,160
9964,semeion,hyb_fpde_grid,0.783765348290847,0.6825295457656095,0.7331474470282282,0.014538370393749922,1.0,3.494654652463902e-17,0.8875,0.8875,256,10,160
9964,semeion,lime,0.340437849495301,0.31063877364455783,0.3255383115699294,0.19836466729999974,1.2096077018212907,,0.8875,0.8875,256,10,160
9964,semeion,shap,0.839896558939326,0.9181588038661298,0.8790276814027278,0.5438562261000024,9.386257693679989,,0.8875,0.8875,256,10,160
