task_id,dataset_name,method,deletion_drop_auc,insertion_auc,combined_score,runtime_seconds,attr_l1_norm,mean_abs_exactness_residual,test_accuracy,test_balanced_accuracy,n_features_transformed,n_classes,ok
6,letter,aime,0.8520004150575329,0.7106522847747272,0.78132634991613,0.005965205790004404,3.1332523716207197,,0.9685000000000001,0.9682910682938377,16,26,200
6,letter,cos_fpde,0.8222933457313824,0.6016915225944719,0.711992434162927,0.004625643464999314,0.6648834765363602,6.25888230132432e-17,0.9685000000000001,0.9682910682938377,16,26,200
6,letter,diff_fpde,0.7767717439230165,0.5662950921231,0.6715334180230582,0.004587727669998003,9.23394058953366,1.3145040611561853e-15,0.9685000000000001,0.9682910682938377,16,26,200
6,letter,hyb_fpde_grid,0.8222933457313824,0.6016915225944719,0.711992434162927,0.027622844864998795,1.0,4.6646714269016344e-17,0.9685000000000001,0.9682910682938377,16,26,200
6,letter,lime,0.6984616596120076,0.37573607922004365,0.5370988694160256,0.05601361392499598,0.21948540055567267,,0.9685000000000001,0.9682910682938377,16,26,200
6,letter,shap,0.8700070357122921,0.8093976335832346,0.8397023346477634,1.4459376447950012,9.56783866240714,,0.9685000000000001,0.9682910682938377,16,26,200
