method,mean_deletion_drop_auc,std_deletion_drop_auc,mean_insertion_auc,std_insertion_auc,mean_combined_score,std_combined_score,mean_runtime_seconds,std_runtime_seconds,completed_instances,completed_tasks,mean_test_accuracy,mean_test_balanced_accuracy
aime,0.19782514360313552,0.1866106781102032,0.8131937204141171,0.16308304939916404,0.5055094320086263,0.1045453583280759,0.004336348195000994,8.376039141340414e-05,200,1,0.8964879852125693,0.8771362244393954
cos_fpde,0.1979953109833791,0.1865518339742833,0.8131930179433923,0.16308233336923664,0.5055941644633858,0.10458656761249795,0.0033593560899990394,2.5783972879624704e-05,200,1,0.8964879852125693,0.8771362244393954
diff_fpde,0.19666003636964052,0.1837919441231956,0.8118854169013774,0.1666067328440223,0.504272726635509,0.10552279261255122,0.003327473725001653,2.459009680962001e-05,200,1,0.8964879852125693,0.8771362244393954
hyb_fpde_grid,0.1979953109833791,0.1865518339742833,0.8131930179433923,0.16308233336923664,0.5055941644633858,0.10458656761249795,0.006410536815000398,3.570738161601754e-05,200,1,0.8964879852125693,0.8771362244393954
lime,0.175891021610151,0.1886528358702666,0.8010629087063877,0.16807378857247368,0.4884769651582693,0.106288204424884,0.02552821908500107,0.0005209803126556528,200,1,0.8964879852125693,0.8771362244393954
shap,0.12456393120654624,0.22304766727290312,0.7222635190613507,0.1752894387603536,0.4234137251339484,0.1414998195502094,0.0639747888399998,0.01333018754515415,200,1,0.8964879852125693,0.8771362244393954
