task_id,dataset_name,method,deletion_drop_auc,insertion_auc,combined_score,runtime_seconds,attr_l1_norm,mean_abs_exactness_residual,test_accuracy,test_balanced_accuracy,n_features_transformed,n_classes,ok
9952,phoneme,aime,0.19782514360313552,0.8131937204141171,0.5055094320086263,0.004336348195000994,2.453278622950216,,0.8964879852125693,0.8771362244393954,5,2,200
9952,phoneme,cos_fpde,0.1979953109833791,0.8131930179433923,0.5055941644633858,0.0033593560899990394,1.6146272596893763,8.614175995777518e-17,0.8964879852125693,0.8771362244393954,5,2,200
9952,phoneme,diff_fpde,0.19666003636964052,0.8118854169013774,0.504272726635509,0.003327473725001653,4.555028952421418,5.190292640122607e-16,0.8964879852125693,0.8771362244393954,5,2,200
9952,phoneme,hyb_fpde_grid,0.1979953109833791,0.8131930179433923,0.5055941644633858,0.006410536815000398,1.0,4.825700860504149e-17,0.8964879852125693,0.8771362244393954,5,2,200
9952,phoneme,lime,0.175891021610151,0.8010629087063877,0.4884769651582693,0.02552821908500107,0.3323854562767782,,0.8964879852125693,0.8771362244393954,5,2,200
9952,phoneme,shap,0.12456393120654624,0.7222635190613507,0.4234137251339484,0.0639747888399998,3.2451975773613295,,0.8964879852125693,0.8771362244393954,5,2,200
