task_id,dataset_name,method,deletion_drop_auc,insertion_auc,combined_score,runtime_seconds,attr_l1_norm,mean_abs_exactness_residual,test_accuracy,test_balanced_accuracy,n_features_transformed,n_classes,ok
9910,Bioresponse,aime,0.5172170718475441,0.8541291092827608,0.6856730905651525,0.06055064811500301,69.71981304736137,,0.7898936170212765,0.7885886912904696,1776,2,200
9910,Bioresponse,cos_fpde,0.5265932605876356,0.8596295395773461,0.6931114000824908,0.02718326692000062,1.0896288276809833,3.5540147214074837e-17,0.7898936170212765,0.7885886912904696,1776,2,200
9910,Bioresponse,diff_fpde,0.5269135152036126,0.859609736443849,0.6932616258237307,0.027231781145003707,167.94971477800712,4.028111177944993e-13,0.7898936170212765,0.7885886912904696,1776,2,200
9910,Bioresponse,hyb_fpde_grid,0.5269282508271725,0.8596469864659688,0.6932876186465706,0.06654076694500134,0.9999956493630892,2.186185260599771e-17,0.7898936170212765,0.7885886912904696,1776,2,200
9910,Bioresponse,lime,0.10303820015414246,0.5455314208572699,0.3242848105057062,0.4591589322250013,5.604783273662645,,0.7898936170212765,0.7885886912904696,1776,2,200
9910,Bioresponse,shap,0.28999963282438534,0.5692277326202234,0.4296136827223043,0.09141851525999727,5.178537934573093,,0.7898936170212765,0.7885886912904696,1776,2,200
