method,mean_deletion_drop_auc,std_deletion_drop_auc,mean_insertion_auc,std_insertion_auc,mean_combined_score,std_combined_score,mean_runtime_seconds,std_runtime_seconds,completed_instances,completed_tasks,mean_test_accuracy,mean_test_balanced_accuracy
aime,0.74275718638867,0.23925284835483784,0.7727473199796117,0.17689269395428045,0.7577522531841409,0.17565153817174814,0.009553113470000625,0.004804176400800433,200,1,0.78,0.78
cos_fpde,0.7186003136881541,0.2513989730465503,0.7090723256003837,0.20919661405129394,0.7138363196442689,0.17543656403538285,0.010887642989998766,0.0026081791589353614,200,1,0.78,0.78
diff_fpde,0.6834405452000945,0.2654926956765974,0.6660860474245264,0.22524684064273295,0.6747632963123106,0.19563509459510028,0.009397120759998358,0.004294042420086648,200,1,0.78,0.78
hyb_fpde_grid,0.7186003136881541,0.2513989730465503,0.7090723256003837,0.20919661405129394,0.7138363196442689,0.17543656403538285,0.015070754245001865,0.003986821192646214,200,1,0.78,0.78
lime,0.5457131624390948,0.32876286100467017,0.46754286202816453,0.28742503987203133,0.5066280122336297,0.22731308261521443,0.03834107932500132,0.004177549536360354,200,1,0.78,0.78
shap,0.7762554002898683,0.21816927992232352,0.8345152890946795,0.14685729009652235,0.805385344692274,0.16035113064072684,0.5861620743299991,0.020547799662268728,200,1,0.78,0.78
