task_id,dataset_name,method,deletion_drop_auc,insertion_auc,combined_score,runtime_seconds,attr_l1_norm,mean_abs_exactness_residual,test_accuracy,test_balanced_accuracy,n_features_transformed,n_classes,ok
22,mfeat-zernike,aime,0.74275718638867,0.7727473199796117,0.7577522531841409,0.009553113470000625,9.49130942690902,,0.78,0.78,47,10,200
22,mfeat-zernike,cos_fpde,0.7186003136881541,0.7090723256003837,0.7138363196442689,0.010887642989998766,0.7305623252613124,1.0975161751636264e-16,0.78,0.78,47,10,200
22,mfeat-zernike,diff_fpde,0.6834405452000945,0.6660860474245264,0.6747632963123106,0.009397120759998358,32.829339700976796,6.001033003855128e-15,0.78,0.78,47,10,200
22,mfeat-zernike,hyb_fpde_grid,0.7186003136881541,0.7090723256003837,0.7138363196442689,0.015070754245001865,1.0,6.885496946912318e-17,0.78,0.78,47,10,200
22,mfeat-zernike,lime,0.5457131624390948,0.46754286202816453,0.5066280122336297,0.03834107932500132,0.5042071536390424,,0.78,0.78,47,10,200
22,mfeat-zernike,shap,0.7762554002898683,0.8345152890946795,0.805385344692274,0.5861620743299991,7.9383194286675,,0.78,0.78,47,10,200
