task_id,dataset_name,method,deletion_drop_auc,insertion_auc,combined_score,runtime_seconds,attr_l1_norm,mean_abs_exactness_residual,test_accuracy,test_balanced_accuracy,n_features_transformed,n_classes,ok
23,cmc,aime,0.33201537008765325,0.6057703841877047,0.4688928771376789,0.005710269648648943,5.859326250422151,,0.5743243243243243,0.5387488328664799,24,3,148
23,cmc,cos_fpde,0.35082357124486474,0.5897517911883879,0.4702876812166264,0.004325883209460621,1.1794980076527275,8.870531936616538e-17,0.5743243243243243,0.5387488328664799,24,3,148
23,cmc,diff_fpde,0.3473568196468738,0.5684310737522763,0.4578939466995751,0.004260522777026895,1.9036123225550194,5.823748015363759e-16,0.5743243243243243,0.5387488328664799,24,3,148
23,cmc,hyb_fpde_grid,0.35082357124486474,0.5897517911883879,0.4702876812166264,0.006896846601351877,1.0,5.609720645962837e-17,0.5743243243243243,0.5387488328664799,24,3,148
23,cmc,lime,0.06172918006002948,0.2977458449282401,0.17973751249413478,0.015334079790540698,0.4367948717697951,,0.5743243243243243,0.5387488328664799,24,3,148
23,cmc,shap,0.39460758764919035,0.650232783577269,0.5224201856132297,0.19765956166216236,1.7703736841144482,,0.5743243243243243,0.5387488328664799,24,3,148
