method,mean_deletion_drop_auc,std_deletion_drop_auc,mean_insertion_auc,std_insertion_auc,mean_combined_score,std_combined_score,mean_runtime_seconds,std_runtime_seconds,completed_instances,completed_tasks,mean_test_accuracy,mean_test_balanced_accuracy
aime,0.3612255027134415,0.25447236755787067,0.7032780519455797,0.19621746119754493,0.5322517773295106,0.14198075134849192,0.004698003015001575,0.00017100568317723167,200,1,0.8601059135039718,0.8559589556522071
cos_fpde,0.35760868276147123,0.2603359251601041,0.7049931071517906,0.20373514001296694,0.5313008949566309,0.15269581933363988,0.0036295911450031325,0.0010228073718071317,200,1,0.8601059135039718,0.8559589556522071
diff_fpde,0.3549574472324031,0.2631178257720389,0.7027740039569018,0.2050170080838402,0.5288657255946525,0.15424732959200832,0.0036031357700017,0.0010540354097970765,200,1,0.8601059135039718,0.8559589556522071
hyb_fpde_grid,0.35807118182262726,0.26057754485992296,0.7044498330536417,0.20469081066510442,0.5312605074381345,0.1525274231686233,0.018796644689999198,0.001258667229337321,200,1,0.8601059135039718,0.8559589556522071
lime,0.10242834538667976,0.1391443471474309,0.46372671636635354,0.29781716126849034,0.28307753087651666,0.12470358679430697,0.009015703999999118,0.0002360547036706141,200,1,0.8601059135039718,0.8559589556522071
shap,0.17629262381641173,0.1956667594083324,0.4777346135949441,0.32707219759442235,0.32701361870567797,0.22335963531178032,0.06308737804000089,0.01531586262316973,200,1,0.8601059135039718,0.8559589556522071
