method,mean_deletion_drop_auc,std_deletion_drop_auc,mean_insertion_auc,std_insertion_auc,mean_combined_score,std_combined_score,mean_runtime_seconds,std_runtime_seconds,completed_instances,completed_tasks,mean_test_accuracy,mean_test_balanced_accuracy
aime,0.2626436965834279,0.15177344481379423,0.8258463076336681,0.14971206009109048,0.544245002108548,0.12705037086414234,0.004507372051947768,0.00020048596204617195,77,1,0.8441558441558441,0.8203703703703704
cos_fpde,0.265849714449511,0.15224660843182167,0.8272469231291008,0.1476368025355155,0.5465483187893059,0.12580012568740012,0.0035282176623376792,5.657444656546239e-05,77,1,0.8441558441558441,0.8203703703703704
diff_fpde,0.2599011391707972,0.15333985981361864,0.8261634264896279,0.14779776998206165,0.5430322828302127,0.1254401755861494,0.003524180805194212,0.00034326375487379,77,1,0.8441558441558441,0.8203703703703704
hyb_fpde_grid,0.2632088802364971,0.15298257570152055,0.8263744482141849,0.14954175439703435,0.544791664225341,0.12723054807727663,0.005328932792207002,0.0001871629866350673,77,1,0.8441558441558441,0.8203703703703704
lime,0.10711216587703665,0.1805316849933935,0.6736388136530985,0.14327112984584203,0.3903754897650676,0.14029878158524564,0.009071862233767363,0.00035896697813995776,77,1,0.8441558441558441,0.8203703703703704
shap,0.10064583139865729,0.2266324158710991,0.634289408331819,0.15206308444649616,0.3674676198652382,0.1779951068629201,0.03729882109090811,0.017403464199918908,77,1,0.8441558441558441,0.8203703703703704
