task_id,dataset_name,method,deletion_drop_auc,insertion_auc,combined_score,runtime_seconds,attr_l1_norm,mean_abs_exactness_residual,test_accuracy,test_balanced_accuracy,n_features_transformed,n_classes,ok
37,diabetes,aime,0.2626436965834279,0.8258463076336681,0.544245002108548,0.004507372051947768,2.823294282979697,,0.8441558441558441,0.8203703703703704,8,2,77
37,diabetes,cos_fpde,0.265849714449511,0.8272469231291008,0.5465483187893059,0.0035282176623376792,1.464482653807596,8.374546546850371e-17,0.8441558441558441,0.8203703703703704,8,2,77
37,diabetes,diff_fpde,0.2599011391707972,0.8261634264896279,0.5430322828302127,0.003524180805194212,5.283356119006408,6.791104475304529e-16,0.8441558441558441,0.8203703703703704,8,2,77
37,diabetes,hyb_fpde_grid,0.2632088802364971,0.8263744482141849,0.544791664225341,0.005328932792207002,0.9960660569939646,3.892989826607692e-17,0.8441558441558441,0.8203703703703704,8,2,77
37,diabetes,lime,0.10711216587703665,0.6736388136530985,0.3903754897650676,0.009071862233767363,0.513424165175357,,0.8441558441558441,0.8203703703703704,8,2,77
37,diabetes,shap,0.10064583139865729,0.634289408331819,0.3674676198652382,0.03729882109090811,3.3788455118743776,,0.8441558441558441,0.8203703703703704,8,2,77
