task_id,dataset_name,method,deletion_drop_auc,insertion_auc,combined_score,runtime_seconds,attr_l1_norm,mean_abs_exactness_residual,test_accuracy,test_balanced_accuracy,n_features_transformed,n_classes,ok
3549,analcatdata_authorship,aime,0.5793876155298484,0.9565239169861441,0.7679557662579962,0.012374807894118543,11.57510587740815,,0.9764705882352941,0.9769607843137256,70,4,85
3549,analcatdata_authorship,cos_fpde,0.5905068416212484,0.9482093317043626,0.7693580866628056,0.01244381145882451,1.166561704769008,9.820575725176936e-17,0.9764705882352941,0.9769607843137256,70,4,85
3549,analcatdata_authorship,diff_fpde,0.5605674885181541,0.924611945391878,0.742589716955016,0.01106358482352936,74.94078142208605,1.3040549032773603e-14,0.9764705882352941,0.9769607843137256,70,4,85
3549,analcatdata_authorship,hyb_fpde_grid,0.5905068416212484,0.9482093317043626,0.7693580866628056,0.016325163705881978,1.0,8.45320545587757e-17,0.9764705882352941,0.9769607843137256,70,4,85
3549,analcatdata_authorship,lime,0.1345543525901849,0.6307397013398712,0.38264702696502806,0.029279217294118313,1.0314329226571384,,0.9764705882352941,0.9769607843137256,70,4,85
3549,analcatdata_authorship,shap,0.6065338290859187,0.9703366350020043,0.7884352320439615,0.21902828550588238,5.980078792387762,,0.9764705882352941,0.9769607843137256,70,4,85
