task_id,dataset_name,method,deletion_drop_auc,insertion_auc,combined_score,runtime_seconds,attr_l1_norm,mean_abs_exactness_residual,test_accuracy,test_balanced_accuracy,n_features_transformed,n_classes,ok
9910,Bioresponse,aime,0.4127721226415354,0.8663849151512335,0.6395785188963845,0.07268081842000157,70.17972760538981,,0.800531914893617,0.7993046055631554,1776,2,200
9910,Bioresponse,cos_fpde,0.4221829614168394,0.8716201402971595,0.6469015508569994,0.030925327719998848,1.06500230095015,3.42019706826846e-17,0.800531914893617,0.7993046055631554,1776,2,200
9910,Bioresponse,diff_fpde,0.4224211190447156,0.8717619668949503,0.6470915429698328,0.03090505508000035,167.39942062936186,1.6089574117472694e-13,0.800531914893617,0.7993046055631554,1776,2,200
9910,Bioresponse,hyb_fpde_grid,0.4224211190447156,0.8717619668949503,0.6470915429698328,0.061822525125001845,1.0,2.847114904946935e-17,0.800531914893617,0.7993046055631554,1776,2,200
9910,Bioresponse,lime,0.0379746661904117,0.5336365461974617,0.28580560619393675,0.4325811922449958,5.81884987134006,,0.800531914893617,0.7993046055631554,1776,2,200
9910,Bioresponse,shap,0.25393217521954503,0.5993691653134579,0.4266506702665015,0.09905773038999911,5.062832902247233,,0.800531914893617,0.7993046055631554,1776,2,200
