method,mean_deletion_drop_auc,std_deletion_drop_auc,mean_insertion_auc,std_insertion_auc,mean_combined_score,std_combined_score,mean_runtime_seconds,std_runtime_seconds,completed_instances,completed_tasks,mean_test_accuracy,mean_test_balanced_accuracy
aime,0.4127721226415354,0.22249734260004914,0.8663849151512335,0.05939267664035571,0.6395785188963845,0.11999964866279995,0.07268081842000157,0.00858028825165547,200,1,0.800531914893617,0.7993046055631554
cos_fpde,0.4221829614168394,0.22155437473633208,0.8716201402971595,0.0576044198189051,0.6469015508569994,0.11786313385767425,0.030925327719998848,0.0006230750581645125,200,1,0.800531914893617,0.7993046055631554
diff_fpde,0.4224211190447156,0.2211943191844873,0.8717619668949503,0.05690879632907402,0.6470915429698328,0.11750227163973803,0.03090505508000035,0.0005007376917529851,200,1,0.800531914893617,0.7993046055631554
hyb_fpde_grid,0.4224211190447156,0.2211943191844873,0.8717619668949503,0.05690879632907402,0.6470915429698328,0.11750227163973803,0.061822525125001845,0.0010051315802628944,200,1,0.800531914893617,0.7993046055631554
lime,0.0379746661904117,0.09610650622913064,0.5336365461974617,0.2033577892800334,0.28580560619393675,0.11456444788574321,0.4325811922449958,0.06986447436121944,200,1,0.800531914893617,0.7993046055631554
shap,0.25393217521954503,0.2804076508661071,0.5993691653134579,0.3819666893140823,0.4266506702665015,0.327021203519155,0.09905773038999911,0.017581590796439204,200,1,0.800531914893617,0.7993046055631554
