task_id,dataset_name,method,deletion_drop_auc,insertion_auc,combined_score,runtime_seconds,attr_l1_norm,mean_abs_exactness_residual,test_accuracy,test_balanced_accuracy,n_features_transformed,n_classes,ok
9957,qsar-biodeg,aime,0.4346431929204899,0.8666577126986177,0.6506504528095538,0.012105808433963394,8.825987382141474,,0.8773584905660378,0.8666666666666667,41,2,106
9957,qsar-biodeg,cos_fpde,0.434333404439923,0.8660535171540193,0.6501934607969713,0.01003553387735732,1.3425161174067408,8.618793571916844e-17,0.8773584905660378,0.8666666666666667,41,2,106
9957,qsar-biodeg,diff_fpde,0.4255505041167088,0.8621877794345925,0.6438691417756506,0.009964341424530392,20.720589259181665,4.156528370966919e-15,0.8773584905660378,0.8666666666666667,41,2,106
9957,qsar-biodeg,hyb_fpde_grid,0.434333404439923,0.8660535171540193,0.6501934607969713,0.013752334556603006,1.0,6.037983268506065e-17,0.8773584905660378,0.8666666666666667,41,2,106
9957,qsar-biodeg,lime,0.09613297318821776,0.6228970161755029,0.3595149946818603,0.019007578584906794,0.6883783983039967,,0.8773584905660378,0.8666666666666667,41,2,106
9957,qsar-biodeg,shap,0.23796606988498356,0.5901356084209517,0.4140508391529676,0.08090445423584844,5.459339103507905,,0.8773584905660378,0.8666666666666667,41,2,106
