task_id,dataset_name,method,deletion_drop_auc,insertion_auc,combined_score,runtime_seconds,attr_l1_norm,mean_abs_exactness_residual,test_accuracy,test_balanced_accuracy,n_features_transformed,n_classes,ok
45,splice,aime,0.7442274749769386,0.8716981897738265,0.8079628323753826,0.035530954714999015,23.026261396348886,,0.9467084639498434,0.9494949494949495,286,3,200
45,splice,cos_fpde,0.743180607561611,0.8074411795341695,0.7753108935478902,0.013755046390000558,0.9858536540333286,4.855491009259083e-17,0.9467084639498434,0.9494949494949495,286,3,200
45,splice,diff_fpde,0.7215283933375619,0.8438664804499915,0.7826974368937768,0.02101811887000224,14.325139076337988,3.840261442178417e-15,0.9467084639498434,0.9494949494949495,286,3,200
45,splice,hyb_fpde_grid,0.7331835184412876,0.8382484742136818,0.7857159963274846,0.017971805029999642,0.9954367373215917,3.0404281523011e-17,0.9467084639498434,0.9494949494949495,286,3,200
45,splice,lime,0.13603373810124975,0.28910165347043226,0.212567695785841,0.18311452046000012,2.225375352502233,,0.9467084639498434,0.9494949494949495,286,3,200
45,splice,shap,0.7809650565784882,0.930218335388724,0.8555916959836061,0.18999175110999986,5.864061538094937,,0.9467084639498434,0.9494949494949495,286,3,200
