task_id,dataset_name,method,deletion_drop_auc,insertion_auc,combined_score,runtime_seconds,attr_l1_norm,mean_abs_exactness_residual,test_accuracy,test_balanced_accuracy,n_features_transformed,n_classes,ok
37,diabetes,aime,0.3079813123875075,0.8446972940570087,0.576339303222258,0.004971675285715592,2.9158856815339442,,0.7922077922077922,0.7718518518518518,8,2,77
37,diabetes,cos_fpde,0.3106516562981708,0.8454431560311244,0.5780474061646477,0.003934466571428396,1.4918435711828424,6.760915781047271e-17,0.7922077922077922,0.7718518518518518,8,2,77
37,diabetes,diff_fpde,0.31085511311286557,0.8437048760291653,0.5772799945710155,0.003892677246753905,5.5475543995897345,7.728305729858232e-16,0.7922077922077922,0.7718518518518518,8,2,77
37,diabetes,hyb_fpde_grid,0.3106516562981708,0.8454431560311244,0.5780474061646477,0.0059555150259731,1.0,5.129825136102844e-17,0.7922077922077922,0.7718518518518518,8,2,77
37,diabetes,lime,0.13750963833535393,0.6736118346437402,0.40556073648954705,0.009700963402596326,0.5246163138642533,,0.7922077922077922,0.7718518518518518,8,2,77
37,diabetes,shap,0.12146651937120227,0.6298924666777,0.37567949302445114,0.04049618827272675,3.4577458421625025,,0.7922077922077922,0.7718518518518518,8,2,77
