method,mean_deletion_drop_auc,std_deletion_drop_auc,mean_insertion_auc,std_insertion_auc,mean_combined_score,std_combined_score,mean_runtime_seconds,std_runtime_seconds,completed_instances,completed_tasks,mean_test_accuracy,mean_test_balanced_accuracy
aime,0.43009006498205815,0.12760479484104598,0.8255380993335286,0.09304757939929117,0.6278140821577933,0.09482141487723125,0.05284078696499847,0.010921967397960773,200,1,0.8461538461538461,0.8461538461538463
cos_fpde,0.43072150459646363,0.12665935936511988,0.8268534321805663,0.09169638897768279,0.6287874683885151,0.09396561289422661,0.014159636325001088,0.0020079518104025645,200,1,0.8461538461538461,0.8461538461538463
diff_fpde,0.43072150459646363,0.12665935936511988,0.8268534321805663,0.09169638897768279,0.6287874683885151,0.09396561289422661,0.023142403560000274,0.007886885976172738,200,1,0.8461538461538461,0.8461538461538463
hyb_fpde_grid,0.43072150459646363,0.12665935936511988,0.8268534321805663,0.09169638897768279,0.6287874683885151,0.09396561289422661,0.024833372075001137,0.001374984021786355,200,1,0.8461538461538461,0.8461538461538463
lime,0.14613816628237722,0.15054864009313448,0.5341531626335917,0.147311625564074,0.34014566445798444,0.11799405421394929,0.20379891102999864,0.0764053440053108,200,1,0.8461538461538461,0.8461538461538463
shap,0.1928269591582858,0.3578053019708075,0.5552335993579504,0.3392730846068938,0.37403027925811805,0.345685538833574,0.07774315447000248,0.014279690193259559,200,1,0.8461538461538461,0.8461538461538463
