task_id,dataset_name,method,deletion_drop_auc,insertion_auc,combined_score,runtime_seconds,attr_l1_norm,mean_abs_exactness_residual,test_accuracy,test_balanced_accuracy,n_features_transformed,n_classes,ok
9976,madelon,aime,0.43009006498205815,0.8255380993335286,0.6278140821577933,0.05284078696499847,34.076178124927736,,0.8461538461538461,0.8461538461538463,500,2,200
9976,madelon,cos_fpde,0.43072150459646363,0.8268534321805663,0.6287874683885151,0.014159636325001088,1.0844531546976952,2.0393842864452338e-17,0.8461538461538461,0.8461538461538463,500,2,200
9976,madelon,diff_fpde,0.43072150459646363,0.8268534321805663,0.6287874683885151,0.023142403560000274,34.97581366447339,4.494321581560712e-14,0.8461538461538461,0.8461538461538463,500,2,200
9976,madelon,hyb_fpde_grid,0.43072150459646363,0.8268534321805663,0.6287874683885151,0.024833372075001137,1.0,1.7507696681295924e-17,0.8461538461538461,0.8461538461538463,500,2,200
9976,madelon,lime,0.14613816628237722,0.5341531626335917,0.34014566445798444,0.20379891102999864,3.1221315150349587,,0.8461538461538461,0.8461538461538463,500,2,200
9976,madelon,shap,0.1928269591582858,0.5552335993579504,0.37403027925811805,0.07774315447000248,5.1045882846573525,,0.8461538461538461,0.8461538461538463,500,2,200
