method,mean_deletion_drop_auc,std_deletion_drop_auc,mean_insertion_auc,std_insertion_auc,mean_combined_score,std_combined_score,mean_runtime_seconds,std_runtime_seconds,completed_instances,completed_tasks,mean_test_accuracy,mean_test_balanced_accuracy
aime,0.5494043892453301,0.29153928802747436,0.7501168694970637,0.1525544453497339,0.6497606293711968,0.19267181756240462,0.0049450285176473084,6.661777920011107e-05,85,1,0.788235294117647,0.788365800865801
cos_fpde,0.5816555259019277,0.24938184731572932,0.7456309861702399,0.1383790286436343,0.6636432560360839,0.15415858204915941,0.003781176635293511,3.2856038512004226e-05,85,1,0.788235294117647,0.788365800865801
diff_fpde,0.5416382553146452,0.2540580929931531,0.7070533974325747,0.16820431035345507,0.6243458263736098,0.16759793548796553,0.003740135905883335,3.353236401510091e-05,85,1,0.788235294117647,0.788365800865801
hyb_fpde_grid,0.5816555259019277,0.24938184731572932,0.7456309861702399,0.1383790286436343,0.6636432560360839,0.15415858204915941,0.00578412777646921,7.010144270306615e-05,85,1,0.788235294117647,0.788365800865801
lime,0.3637755777521915,0.24248361808364516,0.5082114198283646,0.3207730214962962,0.435993498790278,0.22162369365476842,0.015772593129412874,0.0003519947695879032,85,1,0.788235294117647,0.788365800865801
shap,0.664599221424773,0.24427681795504003,0.848499767555855,0.08823772500860783,0.7565494944903141,0.14810270942911483,0.1920598372823528,0.02291795416365048,85,1,0.788235294117647,0.788365800865801
