task_id,dataset_name,method,deletion_drop_auc,insertion_auc,combined_score,runtime_seconds,attr_l1_norm,mean_abs_exactness_residual,test_accuracy,test_balanced_accuracy,n_features_transformed,n_classes,ok
53,vehicle,aime,0.5494043892453301,0.7501168694970637,0.6497606293711968,0.0049450285176473084,6.282947374139535,,0.788235294117647,0.788365800865801,18,4,85
53,vehicle,cos_fpde,0.5816555259019277,0.7456309861702399,0.6636432560360839,0.003781176635293511,0.9025116055956195,9.094032716414885e-17,0.788235294117647,0.788365800865801,18,4,85
53,vehicle,diff_fpde,0.5416382553146452,0.7070533974325747,0.6243458263736098,0.003740135905883335,9.454138153395208,1.9611763193819676e-15,0.788235294117647,0.788365800865801,18,4,85
53,vehicle,hyb_fpde_grid,0.5816555259019277,0.7456309861702399,0.6636432560360839,0.00578412777646921,1.0,5.824589176985656e-17,0.788235294117647,0.788365800865801,18,4,85
53,vehicle,lime,0.3637755777521915,0.5082114198283646,0.435993498790278,0.015772593129412874,0.6218909750619757,,0.788235294117647,0.788365800865801,18,4,85
53,vehicle,shap,0.664599221424773,0.848499767555855,0.7565494944903141,0.1920598372823528,5.154825252273307,,0.788235294117647,0.788365800865801,18,4,85
