task_id,dataset_name,method,deletion_drop_auc,insertion_auc,combined_score,runtime_seconds,attr_l1_norm,mean_abs_exactness_residual,test_accuracy,test_balanced_accuracy,n_features_transformed,n_classes,ok
7592,adult,aime,0.205894244551578,0.8713639958790496,0.5386291202153138,0.014688685689999943,7.910777218130528,,0.8724667349027636,0.7895270124060658,105,2,200
7592,adult,cos_fpde,0.19479632984800388,0.8717436710258787,0.5332700004369413,0.012602167575001886,1.2687148139334548,9.655470867286908e-17,0.8724667349027636,0.7895270124060658,105,2,200
7592,adult,diff_fpde,0.19689716862271614,0.8715422495604663,0.5342197090915913,0.011833773599998949,6.5805386787811555,1.9817871302341137e-15,0.8724667349027636,0.7895270124060658,105,2,200
7592,adult,hyb_fpde_grid,0.19689716862271614,0.8715422495604663,0.5342197090915913,0.039045645414999226,1.0,8.093704742875852e-17,0.8724667349027636,0.7895270124060658,105,2,200
7592,adult,lime,0.07035648353674805,0.7156027556446537,0.3929796195907009,0.0267620816500002,1.074864104011538,,0.8724667349027636,0.7895270124060658,105,2,200
7592,adult,shap,0.08481574372780959,0.6301868056392264,0.357501274683518,0.06978020331000068,3.8122740632857495,,0.8724667349027636,0.7895270124060658,105,2,200
