method,mean_deletion_drop_auc,std_deletion_drop_auc,mean_insertion_auc,std_insertion_auc,mean_combined_score,std_combined_score,mean_runtime_seconds,std_runtime_seconds,completed_instances,completed_tasks,mean_test_accuracy,mean_test_balanced_accuracy
aime,0.205894244551578,0.253441437928221,0.8713639958790496,0.21142055939790155,0.5386291202153138,0.13504384089549792,0.014688685689999943,0.006812000991322473,200,1,0.8724667349027636,0.7895270124060658
cos_fpde,0.19479632984800388,0.2613179430785661,0.8717436710258787,0.20920922671231806,0.5332700004369413,0.13789402288272556,0.012602167575001886,0.004295853790316491,200,1,0.8724667349027636,0.7895270124060658
diff_fpde,0.19689716862271614,0.2604879409429714,0.8715422495604663,0.2092859566149451,0.5342197090915913,0.13808363541266533,0.011833773599998949,0.005574498390677387,200,1,0.8724667349027636,0.7895270124060658
hyb_fpde_grid,0.19689716862271614,0.2604879409429714,0.8715422495604663,0.2092859566149451,0.5342197090915913,0.13808363541266533,0.039045645414999226,0.005577735176657646,200,1,0.8724667349027636,0.7895270124060658
lime,0.07035648353674805,0.2395173593037683,0.7156027556446537,0.1731763837147826,0.3929796195907009,0.13255645627141815,0.0267620816500002,0.010298057767028475,200,1,0.8724667349027636,0.7895270124060658
shap,0.08481574372780959,0.32280411812658527,0.6301868056392264,0.12719397529866208,0.357501274683518,0.201403476605519,0.06978020331000068,0.013844965456642173,200,1,0.8724667349027636,0.7895270124060658
