task_id,dataset_name,method,deletion_drop_auc,insertion_auc,combined_score,runtime_seconds,attr_l1_norm,mean_abs_exactness_residual,test_accuracy,test_balanced_accuracy,n_features_transformed,n_classes,ok
167124,CIFAR_10,aime,0.31164194729633166,0.4553857588098119,0.38351385305307173,0.08825479547999521,659.3612172035752,,0.499,0.4989999999999999,3072,10,200
167124,CIFAR_10,cos_fpde,0.3096085972921969,0.39254341475975474,0.3510760060259759,0.04527559747501982,0.7084153506684564,5.817395176688222e-17,0.499,0.4989999999999999,3072,10,200
167124,CIFAR_10,diff_fpde,0.29688433242070283,0.38383449780372275,0.3403594151122128,0.045353708420018395,1041.126784462842,2.6211921522190096e-13,0.499,0.4989999999999999,3072,10,200
167124,CIFAR_10,hyb_fpde_grid,0.3096085972921969,0.39254341475975474,0.3510760060259759,0.957176345004982,1.0,4.1798162153661165e-17,0.499,0.4989999999999999,3072,10,200
167124,CIFAR_10,lime,0.18631183441948557,0.2335637742761193,0.20993780434780246,0.6629731055800175,1.1405493550028984,,0.499,0.4989999999999999,3072,10,200
167124,CIFAR_10,shap,0.365859906808878,0.6774706182027004,0.5216652625057892,0.6472422338699835,4.916328396021971,,0.499,0.4989999999999999,3072,10,200
