method,mean_deletion_drop_auc,std_deletion_drop_auc,mean_insertion_auc,std_insertion_auc,mean_combined_score,std_combined_score,mean_runtime_seconds,std_runtime_seconds,completed_instances,completed_tasks,mean_test_accuracy,mean_test_balanced_accuracy
aime,0.31164194729633166,0.1962085973995896,0.4553857588098119,0.1604036687320219,0.38351385305307173,0.16167720610328198,0.08825479547999521,0.006828133925599749,200,1,0.499,0.4989999999999999
cos_fpde,0.3096085972921969,0.19362608146076207,0.39254341475975474,0.1841729633255316,0.3510760060259759,0.16875975204603932,0.04527559747501982,0.0008898702197527102,200,1,0.499,0.4989999999999999
diff_fpde,0.29688433242070283,0.18888134211839658,0.38383449780372275,0.164020098472981,0.3403594151122128,0.1553173428768146,0.045353708420018395,0.0022251260456095717,200,1,0.499,0.4989999999999999
hyb_fpde_grid,0.3096085972921969,0.19362608146076207,0.39254341475975474,0.1841729633255316,0.3510760060259759,0.16875975204603932,0.957176345004982,0.013011692673604584,200,1,0.499,0.4989999999999999
lime,0.18631183441948557,0.1810244431454864,0.2335637742761193,0.10488947195341845,0.20993780434780246,0.11946875318611497,0.6629731055800175,0.07154767584799802,200,1,0.499,0.4989999999999999
shap,0.365859906808878,0.19791940139843567,0.6774706182027004,0.14858920490211044,0.5216652625057892,0.15924519211795615,0.6472422338699835,0.015045147051600545,200,1,0.499,0.4989999999999999
