task_id,dataset_name,method,deletion_drop_auc,insertion_auc,combined_score,runtime_seconds,attr_l1_norm,mean_abs_exactness_residual,test_accuracy,test_balanced_accuracy,n_features_transformed,n_classes,ok
9964,semeion,aime,0.7561810073162293,0.7703918081072822,0.7632864077117557,0.03767888714375047,48.17185416845027,,0.9125,0.9125,256,10,160
9964,semeion,cos_fpde,0.7772149870500685,0.6876648941862642,0.7324399406181663,0.015183347018751547,1.012381557179457,3.9855271860567145e-17,0.9125,0.9125,256,10,160
9964,semeion,diff_fpde,0.7636614550165414,0.6406006853826247,0.702131070199583,0.023122745456249483,203.03077610012124,2.243205621255129e-14,0.9125,0.9125,256,10,160
9964,semeion,hyb_fpde_grid,0.7772149870500685,0.6876648941862642,0.7324399406181663,0.015616077887500347,1.0,3.020045151458373e-17,0.9125,0.9125,256,10,160
9964,semeion,lime,0.304584905131963,0.282730142241165,0.293657523686564,0.1952296672875004,1.2133056565361486,,0.9125,0.9125,256,10,160
9964,semeion,shap,0.8157475276215926,0.9004714901601897,0.8581095088908912,0.5859498438375006,9.363105147142006,,0.9125,0.9125,256,10,160
