task_id,dataset_name,method,deletion_drop_auc,insertion_auc,combined_score,runtime_seconds,attr_l1_norm,mean_abs_exactness_residual,test_accuracy,test_balanced_accuracy,n_features_transformed,n_classes,ok
146817,steel-plates-fault,aime,0.4366402968054106,0.6486702927234207,0.5426552947644158,0.005986331174359404,7.084590691579992,,0.8256410256410256,0.792853037216266,27,7,195
146817,steel-plates-fault,cos_fpde,0.4801247928671173,0.6919042157260242,0.5860145042965708,0.0047259475538465835,0.9387099325405134,9.505395046570351e-17,0.8256410256410256,0.792853037216266,27,7,195
146817,steel-plates-fault,diff_fpde,0.4366223600509387,0.6648626430087746,0.5507425015298566,0.004672181994872369,17.761261609866406,2.986784608812088e-15,0.8256410256410256,0.792853037216266,27,7,195
146817,steel-plates-fault,hyb_fpde_grid,0.4801247928671173,0.6919042157260242,0.5860145042965708,0.007964643835897388,1.0,6.533457891509059e-17,0.8256410256410256,0.792853037216266,27,7,195
146817,steel-plates-fault,lime,0.26523807220615503,0.4441864028770389,0.354712237541597,0.0249022555897442,0.4516222192967858,,0.8256410256410256,0.792853037216266,27,7,195
146817,steel-plates-fault,shap,0.624513557268458,0.8641861061523126,0.7443498317103853,0.4210287161538461,5.41729062596324,,0.8256410256410256,0.792853037216266,27,7,195
