task_id,dataset_name,method,deletion_drop_auc,insertion_auc,combined_score,runtime_seconds,attr_l1_norm,mean_abs_exactness_residual,test_accuracy,test_balanced_accuracy,n_features_transformed,n_classes,ok
3918,pc1,aime,0.028735856389428757,0.9867704293780588,0.5077531428837437,0.004997506126125837,8.027674962995054,,0.9459459459459459,0.5714285714285714,21,2,111
3918,pc1,cos_fpde,0.030352243377047318,0.986843916827619,0.5085980801023331,0.003821416873872063,1.5546600088691074,1.6628340346300204e-16,0.9459459459459459,0.5714285714285714,21,2,111
3918,pc1,diff_fpde,0.030188233626434142,0.9866469850744181,0.5084176093504261,0.003778131765765873,22.18899093235761,8.057118535917071e-15,0.9459459459459459,0.5714285714285714,21,2,111
3918,pc1,hyb_fpde_grid,0.030978839354126667,0.9872354731028605,0.5091071562284937,0.0058848567117109184,0.9833196715767244,8.289165150072959e-17,0.9459459459459459,0.5714285714285714,21,2,111
3918,pc1,lime,-0.0026618721967078818,0.887290563971015,0.4423143458871535,0.010914767477477957,0.24819554949548425,,0.9459459459459459,0.5714285714285714,21,2,111
3918,pc1,shap,-0.01455127856810036,0.8068905139312594,0.3961696176815795,0.05929007728828895,4.313336571050862,,0.9459459459459459,0.5714285714285714,21,2,111
