method,mean_deletion_drop_auc,std_deletion_drop_auc,mean_insertion_auc,std_insertion_auc,mean_combined_score,std_combined_score,mean_runtime_seconds,std_runtime_seconds,completed_instances,completed_tasks,mean_test_accuracy,mean_test_balanced_accuracy
aime,0.028735856389428757,0.09417955110350931,0.9867704293780588,0.051193665125260156,0.5077531428837437,0.036165981002526604,0.004997506126125837,0.00015388649560584033,111,1,0.9459459459459459,0.5714285714285714
cos_fpde,0.030352243377047318,0.09263532020207044,0.986843916827619,0.051132872173954735,0.5085980801023331,0.034637215758276316,0.003821416873872063,4.8539362441657074e-05,111,1,0.9459459459459459,0.5714285714285714
diff_fpde,0.030188233626434142,0.09016228329280469,0.9866469850744181,0.052592796279324366,0.5084176093504261,0.035058652793376915,0.003778131765765873,4.58663046680752e-05,111,1,0.9459459459459459,0.5714285714285714
hyb_fpde_grid,0.030978839354126667,0.0926624693400389,0.9872354731028605,0.051089606984629915,0.5091071562284937,0.03485410562720201,0.0058848567117109184,0.00030785427296721197,111,1,0.9459459459459459,0.5714285714285714
lime,-0.0026618721967078818,0.05874353462225534,0.887290563971015,0.13845874285374535,0.4423143458871535,0.06649809617141882,0.010914767477477957,0.0006360484800112852,111,1,0.9459459459459459,0.5714285714285714
shap,-0.01455127856810036,0.11287011663989596,0.8068905139312594,0.1581933979486886,0.3961696176815795,0.10361573082911117,0.05929007728828895,0.016240113356044084,111,1,0.9459459459459459,0.5714285714285714
