task_id,dataset_name,method,deletion_drop_auc,insertion_auc,combined_score,runtime_seconds,attr_l1_norm,mean_abs_exactness_residual,test_accuracy,test_balanced_accuracy,n_features_transformed,n_classes,ok
3918,pc1,aime,0.09481042484997709,0.9714234617472594,0.5331169432986183,0.0054099056576576605,7.9935827618034585,,0.954954954954955,0.6428571428571428,21,2,111
3918,pc1,cos_fpde,0.09485775275516878,0.970890261546591,0.5328740071508798,0.00416535218018106,1.5590331326333633,1.3227657207808734e-16,0.954954954954955,0.6428571428571428,21,2,111
3918,pc1,diff_fpde,0.10755385570916966,0.9715438572122436,0.5395488564607066,0.004104771234233903,17.66458903716906,2.3879797038671723e-15,0.954954954954955,0.6428571428571428,21,2,111
3918,pc1,hyb_fpde_grid,0.10274948073173792,0.9722671240604394,0.5375083023960886,0.00643224811711789,0.9828938358034034,8.379808358727603e-17,0.954954954954955,0.6428571428571428,21,2,111
3918,pc1,lime,0.037685190389329715,0.8234292248946085,0.4305572076419691,0.011061569342341895,0.2157250476589488,,0.954954954954955,0.6428571428571428,21,2,111
3918,pc1,shap,0.0074438355448668,0.6960692049696924,0.3517565202572796,0.06559559429729771,4.208188546907958,,0.954954954954955,0.6428571428571428,21,2,111
