method,mean_deletion_drop_auc,std_deletion_drop_auc,mean_insertion_auc,std_insertion_auc,mean_combined_score,std_combined_score,mean_runtime_seconds,std_runtime_seconds,completed_instances,completed_tasks,mean_test_accuracy,mean_test_balanced_accuracy
aime,0.09481042484997709,0.103717725139931,0.9714234617472594,0.06739090945122553,0.5331169432986183,0.04035325507978455,0.0054099056576576605,0.0002586548059497696,111,1,0.954954954954955,0.6428571428571428
cos_fpde,0.09485775275516878,0.10482619619695685,0.970890261546591,0.06915935664959096,0.5328740071508798,0.041390979563600515,0.00416535218018106,0.00019761314614257015,111,1,0.954954954954955,0.6428571428571428
diff_fpde,0.10755385570916966,0.10298351678730724,0.9715438572122436,0.06727388681775222,0.5395488564607066,0.04281596799678216,0.004104771234233903,4.084627271496604e-05,111,1,0.954954954954955,0.6428571428571428
hyb_fpde_grid,0.10274948073173792,0.10308481973412152,0.9722671240604394,0.06669854420475396,0.5375083023960886,0.04038759538175228,0.00643224811711789,0.0005570887965318544,111,1,0.954954954954955,0.6428571428571428
lime,0.037685190389329715,0.10244387707934552,0.8234292248946085,0.13895726926195984,0.4305572076419691,0.0909133033652075,0.011061569342341895,9.634983320785332e-05,111,1,0.954954954954955,0.6428571428571428
shap,0.0074438355448668,0.12070671350967006,0.6960692049696924,0.14013286804020197,0.3517565202572796,0.1019079285605451,0.06559559429729771,0.018176513629765807,111,1,0.954954954954955,0.6428571428571428
