method,mean_deletion_drop_auc,std_deletion_drop_auc,mean_insertion_auc,std_insertion_auc,mean_combined_score,std_combined_score,mean_runtime_seconds,std_runtime_seconds,completed_instances,completed_tasks,mean_test_accuracy,mean_test_balanced_accuracy
aime,0.4126119581706744,0.23342740730129477,0.887432668205727,0.11810168099689922,0.6500223131882006,0.09266225667132946,0.011413601698112584,0.0055553876645431915,106,1,0.8773584905660378,0.8666666666666667
cos_fpde,0.41615140466688566,0.23191870360463782,0.8877537733570608,0.11716081836204191,0.6519525890119733,0.09158324637776591,0.008882108556604379,0.004143335670221227,106,1,0.8773584905660378,0.8666666666666667
diff_fpde,0.40764962431129,0.23025839944107598,0.8867545077576212,0.11882176604492288,0.6472020660344556,0.09041100577100324,0.00898098380188627,0.004690349372325386,106,1,0.8773584905660378,0.8666666666666667
hyb_fpde_grid,0.41615140466688566,0.23191870360463782,0.8877537733570608,0.11716081836204191,0.6519525890119733,0.09158324637776591,0.013644943547169044,0.005655733018532741,106,1,0.8773584905660378,0.8666666666666667
lime,0.04182448649080662,0.12932588502036496,0.6234573669789162,0.3444978231495868,0.33264092673486145,0.1640588633082384,0.019658580386792513,0.009609264191321487,106,1,0.8773584905660378,0.8666666666666667
shap,0.227770345728572,0.39097488087805554,0.6878728310512122,0.21237032751027524,0.4578215883898921,0.2720188633923368,0.07663877716037899,0.019384933547274403,106,1,0.8773584905660378,0.8666666666666667
