task_id,dataset_name,method,deletion_drop_auc,insertion_auc,combined_score,runtime_seconds,attr_l1_norm,mean_abs_exactness_residual,test_accuracy,test_balanced_accuracy,n_features_transformed,n_classes,ok
9957,qsar-biodeg,aime,0.4126119581706744,0.887432668205727,0.6500223131882006,0.011413601698112584,8.64117792820769,,0.8773584905660378,0.8666666666666667,41,2,106
9957,qsar-biodeg,cos_fpde,0.41615140466688566,0.8877537733570608,0.6519525890119733,0.008882108556604379,1.3445719031976353,8.16874738711154e-17,0.8773584905660378,0.8666666666666667,41,2,106
9957,qsar-biodeg,diff_fpde,0.40764962431129,0.8867545077576212,0.6472020660344556,0.00898098380188627,20.68255849333036,4.5932859193336075e-15,0.8773584905660378,0.8666666666666667,41,2,106
9957,qsar-biodeg,hyb_fpde_grid,0.41615140466688566,0.8877537733570608,0.6519525890119733,0.013644943547169044,1.0,5.4271478558566856e-17,0.8773584905660378,0.8666666666666667,41,2,106
9957,qsar-biodeg,lime,0.04182448649080662,0.6234573669789162,0.33264092673486145,0.019658580386792513,0.7713047645545261,,0.8773584905660378,0.8666666666666667,41,2,106
9957,qsar-biodeg,shap,0.227770345728572,0.6878728310512122,0.4578215883898921,0.07663877716037899,5.81547339033772,,0.8773584905660378,0.8666666666666667,41,2,106
