task_id,dataset_name,method,deletion_drop_auc,insertion_auc,combined_score,runtime_seconds,attr_l1_norm,mean_abs_exactness_residual,test_accuracy,test_balanced_accuracy,n_features_transformed,n_classes,ok
16,mfeat-karhunen,aime,0.8361793760948847,0.91895961689005,0.8775694964924674,0.013445865865000144,9.580526891680721,,0.945,0.945,64,10,200
16,mfeat-karhunen,cos_fpde,0.8213134984022926,0.8440390163377167,0.8326762573700046,0.012020815965000509,0.9024361646403517,4.56926163572291e-17,0.945,0.945,64,10,200
16,mfeat-karhunen,diff_fpde,0.7488381016412827,0.7718540706024645,0.7603460861218737,0.01066937407499907,51.02403746539025,5.825340210208196e-15,0.945,0.945,64,10,200
16,mfeat-karhunen,hyb_fpde_grid,0.8213134984022926,0.8440390163377167,0.8326762573700046,0.01615715084000044,1.0,4.2548430057021136e-17,0.945,0.945,64,10,200
16,mfeat-karhunen,lime,0.36772185536878155,0.46673352260070694,0.4172276889847442,0.04443579024999991,0.6307203452590351,,0.945,0.945,64,10,200
16,mfeat-karhunen,shap,0.8455167449951824,0.949872848576143,0.8976947967856627,0.5286080048899992,8.699374690378475,,0.945,0.945,64,10,200
