method,mean_deletion_drop_auc,std_deletion_drop_auc,mean_insertion_auc,std_insertion_auc,mean_combined_score,std_combined_score,mean_runtime_seconds,std_runtime_seconds,completed_instances,completed_tasks,mean_test_accuracy,mean_test_balanced_accuracy
aime,0.8361793760948847,0.11796273680093974,0.91895961689005,0.07436296175095101,0.8775694964924674,0.08128417115050549,0.013445865865000144,0.0027361001700824893,200,1,0.945,0.945
cos_fpde,0.8213134984022926,0.12506516923469058,0.8440390163377167,0.16476606288718612,0.8326762573700046,0.10774148370935113,0.012020815965000509,0.003588735315661012,200,1,0.945,0.945
diff_fpde,0.7488381016412827,0.15889873216835076,0.7718540706024645,0.2000502388115062,0.7603460861218737,0.15025417706531424,0.01066937407499907,0.004545681626555155,200,1,0.945,0.945
hyb_fpde_grid,0.8213134984022926,0.12506516923469058,0.8440390163377167,0.16476606288718612,0.8326762573700046,0.10774148370935113,0.01615715084000044,0.004800287968436183,200,1,0.945,0.945
lime,0.36772185536878155,0.3275409088401295,0.46673352260070694,0.3284648216401182,0.4172276889847442,0.3154417440827516,0.04443579024999991,0.0034395650874235136,200,1,0.945,0.945
shap,0.8455167449951824,0.12094008233294158,0.949872848576143,0.05728100671771075,0.8976947967856627,0.0814881524976351,0.5286080048899992,0.014671756746248522,200,1,0.945,0.945
