method,mean_deletion_drop_auc,std_deletion_drop_auc,mean_insertion_auc,std_insertion_auc,mean_combined_score,std_combined_score,mean_runtime_seconds,std_runtime_seconds,completed_instances,completed_tasks,mean_test_accuracy,mean_test_balanced_accuracy
aime,0.2960252439055978,0.16801213493103834,0.5860889163948348,0.16771508052225506,0.44105708015021633,0.14596524823220183,0.010951466049999112,0.003560225271208426,200,1,0.6427125506072875,0.5768155214896649
cos_fpde,0.2960122284471658,0.16177818412677542,0.5679470167519329,0.17324115464562326,0.43197962259954936,0.1497682102501153,0.008530282159999274,0.004220989906755902,200,1,0.6427125506072875,0.5768155214896649
diff_fpde,0.28478983475134273,0.15430346551893895,0.5545674401719888,0.17648814215644526,0.4196786374616658,0.14516581653968005,0.008150305149999043,0.0039905048360619364,200,1,0.6427125506072875,0.5768155214896649
hyb_fpde_grid,0.2960122284471658,0.16177818412677542,0.5679470167519329,0.17324115464562326,0.43197962259954936,0.1497682102501153,0.016726427075000744,0.005372322385778239,200,1,0.6427125506072875,0.5768155214896649
lime,0.13323203307120082,0.16859020947661696,0.43114748050735635,0.16314752900994803,0.2821897567892786,0.14258799577526263,0.023426736285001935,0.00512884161288675,200,1,0.6427125506072875,0.5768155214896649
shap,0.34843989996404384,0.15392183577036608,0.6578286380812386,0.15442112914643327,0.5031342690226412,0.1356864426069192,0.3069924880750003,0.021226313157969565,200,1,0.6427125506072875,0.5768155214896649
