method,mean_deletion_drop_auc,std_deletion_drop_auc,mean_insertion_auc,std_insertion_auc,mean_combined_score,std_combined_score,mean_runtime_seconds,std_runtime_seconds,completed_instances,completed_tasks,mean_test_accuracy,mean_test_balanced_accuracy
aime,0.32152464237861117,0.1398144179049651,0.8481721498783813,0.11672220576532133,0.5848483961284963,0.11671040075689977,0.004830756636364088,0.00011290739823467087,77,1,0.8311688311688312,0.8188888888888889
cos_fpde,0.320524829380633,0.13980184540278262,0.8472722310614322,0.11936282793319525,0.5838985302210327,0.11816461291075758,0.003822843857142141,0.0001797156569622166,77,1,0.8311688311688312,0.8188888888888889
diff_fpde,0.31571206241285266,0.1372284802405341,0.8449692173513433,0.12001027115080296,0.5803406398820979,0.11723998220189806,0.0038110051558462956,0.0003578789931684553,77,1,0.8311688311688312,0.8188888888888889
hyb_fpde_grid,0.320524829380633,0.13980184540278262,0.8472722310614322,0.11936282793319525,0.5838985302210327,0.11816461291075758,0.00576377102597372,6.94401633111197e-05,77,1,0.8311688311688312,0.8188888888888889
lime,0.13868914809516536,0.12167489339770109,0.6740124222640648,0.13739006126188696,0.4063507851796151,0.12192561871227736,0.009496456935065739,0.000232963703527664,77,1,0.8311688311688312,0.8188888888888889
shap,0.11482106385486089,0.16239144703473876,0.6138447964309948,0.20070508112115806,0.36433293014292784,0.17197929496083741,0.04015349379220681,0.020294460940206097,77,1,0.8311688311688312,0.8188888888888889
