task_id,dataset_name,method,deletion_drop_auc,insertion_auc,combined_score,runtime_seconds,attr_l1_norm,mean_abs_exactness_residual,test_accuracy,test_balanced_accuracy,n_features_transformed,n_classes,ok
37,diabetes,aime,0.32152464237861117,0.8481721498783813,0.5848483961284963,0.004830756636364088,2.8860857571977707,,0.8311688311688312,0.8188888888888889,8,2,77
37,diabetes,cos_fpde,0.320524829380633,0.8472722310614322,0.5838985302210327,0.003822843857142141,1.4881793423670313,8.303017364561718e-17,0.8311688311688312,0.8188888888888889,8,2,77
37,diabetes,diff_fpde,0.31571206241285266,0.8449692173513433,0.5803406398820979,0.0038110051558462956,5.448549180994613,6.560408781875925e-16,0.8311688311688312,0.8188888888888889,8,2,77
37,diabetes,hyb_fpde_grid,0.320524829380633,0.8472722310614322,0.5838985302210327,0.00576377102597372,1.0,4.762604452227234e-17,0.8311688311688312,0.8188888888888889,8,2,77
37,diabetes,lime,0.13868914809516536,0.6740124222640648,0.4063507851796151,0.009496456935065739,0.5604881485654607,,0.8311688311688312,0.8188888888888889,8,2,77
37,diabetes,shap,0.11482106385486089,0.6138447964309948,0.36433293014292784,0.04015349379220681,3.4512686799999983,,0.8311688311688312,0.8188888888888889,8,2,77
