task_id,dataset_name,method,deletion_drop_auc,insertion_auc,combined_score,runtime_seconds,attr_l1_norm,mean_abs_exactness_residual,test_accuracy,test_balanced_accuracy,n_features_transformed,n_classes,ok
3,kr-vs-kp,aime,0.7260884567602303,0.9592442718706067,0.8426663643154184,0.011443481660000785,11.467517071633184,,0.996875,0.997005988023952,73,2,200
3,kr-vs-kp,cos_fpde,0.7209402899312058,0.9605817367387813,0.8407610133349935,0.01009669135500026,1.3293778538991348,5.967882438229211e-17,0.996875,0.997005988023952,73,2,200
3,kr-vs-kp,diff_fpde,0.7197316486982541,0.9607390474325475,0.8402353480654007,0.01098657305000053,4.294357293849364,1.0965534036344593e-15,0.996875,0.997005988023952,73,2,200
3,kr-vs-kp,hyb_fpde_grid,0.7209402762277125,0.9605817627482743,0.8407610194879933,0.016217566470000264,1.0,4.131135537821517e-17,0.996875,0.997005988023952,73,2,200
3,kr-vs-kp,lime,0.06405387267221527,0.2468948102866755,0.1554743414794454,0.02270213300499968,1.0261783916897347,,0.996875,0.997005988023952,73,2,200
3,kr-vs-kp,shap,0.42260297999889196,0.5893191121530786,0.5059610460759852,0.07644103414500165,9.162792795374338,,0.996875,0.997005988023952,73,2,200
