method,mean_deletion_drop_auc,std_deletion_drop_auc,mean_insertion_auc,std_insertion_auc,mean_combined_score,std_combined_score,mean_runtime_seconds,std_runtime_seconds,completed_instances,completed_tasks,mean_test_accuracy,mean_test_balanced_accuracy
aime,0.7260884567602303,0.21744151689604502,0.9592442718706067,0.04796079815169381,0.8426663643154184,0.11591110446730324,0.011443481660000785,0.005692747270908214,200,1,0.996875,0.997005988023952
cos_fpde,0.7209402899312058,0.22046426053711893,0.9605817367387813,0.04744363677914456,0.8407610133349935,0.11613001904600384,0.01009669135500026,0.004280847035608644,200,1,0.996875,0.997005988023952
diff_fpde,0.7197316486982541,0.22153925351711903,0.9607390474325475,0.04730169238445548,0.8402353480654007,0.11656322412948808,0.01098657305000053,0.0038216339145541105,200,1,0.996875,0.997005988023952
hyb_fpde_grid,0.7209402762277125,0.22046424656167352,0.9605817627482743,0.04744364472959645,0.8407610194879933,0.11613002538661264,0.016217566470000264,0.005944435373403281,200,1,0.996875,0.997005988023952
lime,0.06405387267221527,0.0693216496004619,0.2468948102866755,0.12868160623621056,0.1554743414794454,0.06428042524518708,0.02270213300499968,0.007564695134280897,200,1,0.996875,0.997005988023952
shap,0.42260297999889196,0.3261769794177966,0.5893191121530786,0.40714712786918134,0.5059610460759852,0.36135083008821667,0.07644103414500165,0.015039814405590357,200,1,0.996875,0.997005988023952
