task_id,dataset_name,method,deletion_drop_auc,insertion_auc,combined_score,runtime_seconds,attr_l1_norm,mean_abs_exactness_residual,test_accuracy,test_balanced_accuracy,n_features_transformed,n_classes,ok
3902,pc4,aime,0.1603663441788163,0.9278734452465551,0.5441198947126857,0.010699801191780316,8.572341313886039,,0.8972602739726028,0.7504340277777778,37,2,146
3902,pc4,cos_fpde,0.16321818457936654,0.9294955181739782,0.5463568513766724,0.009044069123288055,1.485868707276999,9.681182796067825e-17,0.8972602739726028,0.7504340277777778,37,2,146
3902,pc4,diff_fpde,0.1686979682040684,0.9292742535694699,0.5489861108867693,0.008559231328766707,20.97861960936573,5.365380894519828e-15,0.8972602739726028,0.7504340277777778,37,2,146
3902,pc4,hyb_fpde_grid,0.16886698037308326,0.9291024882766113,0.5489847343248473,0.013586747075342544,0.9976007978295347,9.595634789033352e-17,0.8972602739726028,0.7504340277777778,37,2,146
3902,pc4,lime,0.00464153834058625,0.7143631356807016,0.35950233701064394,0.016962876479452268,0.36616668979073796,,0.8972602739726028,0.7504340277777778,37,2,146
3902,pc4,shap,0.055533928000067366,0.6966600681167172,0.3760969980583923,0.07174421797260251,4.786763545031821,,0.8972602739726028,0.7504340277777778,37,2,146
