method,mean_deletion_drop_auc,std_deletion_drop_auc,mean_insertion_auc,std_insertion_auc,mean_combined_score,std_combined_score,mean_runtime_seconds,std_runtime_seconds,completed_instances,completed_tasks,mean_test_accuracy,mean_test_balanced_accuracy
aime,0.1603663441788163,0.22832774179435972,0.9278734452465551,0.1567549519182411,0.5441198947126857,0.09927762578755228,0.010699801191780316,0.004385397525237306,146,1,0.8972602739726028,0.7504340277777778
cos_fpde,0.16321818457936654,0.2290008281597581,0.9294955181739782,0.15169227374107824,0.5463568513766724,0.09903091632399513,0.009044069123288055,0.004798095914480926,146,1,0.8972602739726028,0.7504340277777778
diff_fpde,0.1686979682040684,0.2320137854601494,0.9292742535694699,0.15061957773089252,0.5489861108867693,0.10250062128585252,0.008559231328766707,0.00450637097584297,146,1,0.8972602739726028,0.7504340277777778
hyb_fpde_grid,0.16886698037308326,0.2305868288620834,0.9291024882766113,0.15100097506775156,0.5489847343248473,0.10230489243368758,0.013586747075342544,0.00537359440228471,146,1,0.8972602739726028,0.7504340277777778
lime,0.00464153834058625,0.1369663384302726,0.7143631356807016,0.2517719876608966,0.35950233701064394,0.12350589070878211,0.016962876479452268,0.005990592581415814,146,1,0.8972602739726028,0.7504340277777778
shap,0.055533928000067366,0.2615847942918636,0.6966600681167172,0.19587089442940095,0.3760969980583923,0.18244019947233148,0.07174421797260251,0.016154505154385896,146,1,0.8972602739726028,0.7504340277777778
