method,mean_deletion_drop_auc,std_deletion_drop_auc,mean_insertion_auc,std_insertion_auc,mean_combined_score,std_combined_score,mean_runtime_seconds,std_runtime_seconds,completed_instances,completed_tasks,mean_test_accuracy,mean_test_balanced_accuracy
aime,0.8438909673316993,0.1765089832439327,0.7225935989418178,0.2123186158225344,0.7832422831367586,0.15725450424953435,0.006201924790000674,0.00018456841460016816,200,1,0.9625,0.9621478352019237
cos_fpde,0.8231872153938197,0.18298385357135977,0.602440665432345,0.2579795859716382,0.7128139404130823,0.1698782586940969,0.005273603195002039,0.0022118555306358304,200,1,0.9625,0.9621478352019237
diff_fpde,0.7767502686883695,0.2040911525093895,0.5354624524479744,0.2642134908697728,0.656106360568172,0.18364235222841288,0.005188930709999511,0.002209675504306872,200,1,0.9625,0.9621478352019237
hyb_fpde_grid,0.8231872153938197,0.18298385357135977,0.602440665432345,0.2579795859716382,0.7128139404130823,0.1698782586940969,0.026823774985001592,0.0017855564140002442,200,1,0.9625,0.9621478352019237
lime,0.701048371339306,0.2916041571162426,0.42297082883495823,0.26864696912247193,0.5620096000871322,0.2295295477912291,0.053708168834999126,0.0009740139265395906,200,1,0.9625,0.9621478352019237
shap,0.8696932280712545,0.14806594956769212,0.7946832587459346,0.13800768781459352,0.8321882434085945,0.11284452671793777,1.5075942555799995,0.04284998115738291,200,1,0.9625,0.9621478352019237
