task_id,dataset_name,method,deletion_drop_auc,insertion_auc,combined_score,runtime_seconds,attr_l1_norm,mean_abs_exactness_residual,test_accuracy,test_balanced_accuracy,n_features_transformed,n_classes,ok
6,letter,aime,0.8316581836001694,0.7265982408426538,0.7791282122214116,0.006076641459998768,3.136426062906681,,0.965,0.9647825895345172,16,26,200
6,letter,cos_fpde,0.8256834043187756,0.6048876337939341,0.7152855190563548,0.0050839612449976816,0.6686568267750347,5.767955557622884e-17,0.965,0.9647825895345172,16,26,200
6,letter,diff_fpde,0.7713348816832846,0.5423635893873536,0.656849235535319,0.005055460055002641,9.348492125730681,9.435507930533048e-16,0.965,0.9647825895345172,16,26,200
6,letter,hyb_fpde_grid,0.8237295181473623,0.6006319626799786,0.7121807404136704,0.025952922354998405,0.9829187061671679,5.2614163026376556e-17,0.965,0.9647825895345172,16,26,200
6,letter,lime,0.6307069106372586,0.3617559914222665,0.49623145102976257,0.053586019089998445,0.21503679989961463,,0.965,0.9647825895345172,16,26,200
6,letter,shap,0.8629877154394096,0.7886690517800851,0.8258283836097473,1.5665795291149989,9.528981436991135,,0.965,0.9647825895345172,16,26,200
