method,mean_deletion_drop_auc,std_deletion_drop_auc,mean_insertion_auc,std_insertion_auc,mean_combined_score,std_combined_score,mean_runtime_seconds,std_runtime_seconds,completed_instances,completed_tasks,mean_test_accuracy,mean_test_balanced_accuracy
aime,0.29843558538527587,0.17131659707089658,0.5767870584730732,0.15659253232766257,0.4376113219291745,0.1385539987700862,0.010781616184997631,0.0032515327525666025,200,1,0.6376518218623481,0.5782349446035175
cos_fpde,0.3132063958088073,0.16454197562234443,0.5636107060027775,0.14307458307670673,0.43840855090579245,0.13719955549499593,0.008013635635002174,0.00406241795625892,200,1,0.6376518218623481,0.5782349446035175
diff_fpde,0.297910922762961,0.16022780781345838,0.5475528577680351,0.1695577213916362,0.42273189026549807,0.13932909051238632,0.007960662405000107,0.004426936119081138,200,1,0.6376518218623481,0.5782349446035175
hyb_fpde_grid,0.3131327118341034,0.16454778226995925,0.5639946773487093,0.14295946307299687,0.4385636945914064,0.13735699202158078,0.015668556269999953,0.00487181039359527,200,1,0.6376518218623481,0.5782349446035175
lime,0.12040329774261344,0.15746463658776053,0.39273149999559126,0.1731926706232955,0.25656739886910235,0.14406853268667374,0.02250141619499999,0.004470397630047766,200,1,0.6376518218623481,0.5782349446035175
shap,0.3412826743141133,0.1598055152968118,0.6293350078884941,0.15430717310668074,0.4853088411013037,0.14061421327282342,0.30079626005500076,0.019840201971654862,200,1,0.6376518218623481,0.5782349446035175
