task_id,dataset_name,method,deletion_drop_auc,insertion_auc,combined_score,runtime_seconds,attr_l1_norm,mean_abs_exactness_residual,test_accuracy,test_balanced_accuracy,n_features_transformed,n_classes,ok
14969,GesturePhaseSegmentationProcessed,aime,0.29843558538527587,0.5767870584730732,0.4376113219291745,0.010781616184997631,5.084119712104312,,0.6376518218623481,0.5782349446035175,32,5,200
14969,GesturePhaseSegmentationProcessed,cos_fpde,0.3132063958088073,0.5636107060027775,0.43840855090579245,0.008013635635002174,0.7486552524771162,6.395925455926487e-17,0.6376518218623481,0.5782349446035175,32,5,200
14969,GesturePhaseSegmentationProcessed,diff_fpde,0.297910922762961,0.5475528577680351,0.42273189026549807,0.007960662405000107,5.807647973049362,2.8530650064695352e-15,0.6376518218623481,0.5782349446035175,32,5,200
14969,GesturePhaseSegmentationProcessed,hyb_fpde_grid,0.3131327118341034,0.5639946773487093,0.4385636945914064,0.015668556269999953,0.9937949889533242,5.4882313971216233e-17,0.6376518218623481,0.5782349446035175,32,5,200
14969,GesturePhaseSegmentationProcessed,lime,0.12040329774261344,0.39273149999559126,0.25656739886910235,0.02250141619499999,0.35022527225648553,,0.6376518218623481,0.5782349446035175,32,5,200
14969,GesturePhaseSegmentationProcessed,shap,0.3412826743141133,0.6293350078884941,0.4853088411013037,0.30079626005500076,2.4103977562328285,,0.6376518218623481,0.5782349446035175,32,5,200
