task_id,dataset_name,method,deletion_drop_auc,insertion_auc,combined_score,runtime_seconds,attr_l1_norm,mean_abs_exactness_residual,test_accuracy,test_balanced_accuracy,n_features_transformed,n_classes,ok
3022,vowel,aime,0.8149691286843097,0.7868134988063993,0.8008913137453546,0.005785572878787754,3.6010978136562395,,0.8686868686868687,0.8686868686868687,27,11,99
3022,vowel,cos_fpde,0.7323284760873942,0.5206415624103432,0.6264850192488686,0.00442618283838368,0.6131865598727827,7.690607410163845e-17,0.8686868686868687,0.8686868686868687,27,11,99
3022,vowel,diff_fpde,0.7306760895915447,0.6011286370668446,0.6659023633291947,0.004362147252523431,5.1550071765847205,1.2285346701786455e-15,0.8686868686868687,0.8686868686868687,27,11,99
3022,vowel,hyb_fpde_grid,0.7306760895915447,0.6011286370668446,0.6659023633291947,0.006991185424244617,1.0,7.133393202728871e-17,0.8686868686868687,0.8686868686868687,27,11,99
3022,vowel,lime,0.5526041510691216,0.36846783676858735,0.4605359939188545,0.0361595531212119,0.33606755552097245,,0.8686868686868687,0.8686868686868687,27,11,99
3022,vowel,shap,0.8140817312991945,0.8501970852616386,0.8321394082804164,0.5844240884444448,7.4447523635765265,,0.8686868686868687,0.8686868686868687,27,11,99
