method,mean_deletion_drop_auc,std_deletion_drop_auc,mean_insertion_auc,std_insertion_auc,mean_combined_score,std_combined_score,mean_runtime_seconds,std_runtime_seconds,completed_instances,completed_tasks,mean_test_accuracy,mean_test_balanced_accuracy
aime,0.8149691286843097,0.19978452105157532,0.7868134988063993,0.213913023182285,0.8008913137453546,0.17562042283913312,0.005785572878787754,0.00021539066918391473,99,1,0.8686868686868687,0.8686868686868687
cos_fpde,0.7323284760873942,0.2526782210345661,0.5206415624103432,0.3338060738596302,0.6264850192488686,0.22976361421343475,0.00442618283838368,0.00036685703526626815,99,1,0.8686868686868687,0.8686868686868687
diff_fpde,0.7306760895915447,0.2578190314643531,0.6011286370668446,0.32289877754462754,0.6659023633291947,0.2485617739526901,0.004362147252523431,0.00025456137457713075,99,1,0.8686868686868687,0.8686868686868687
hyb_fpde_grid,0.7306760895915447,0.2578190314643531,0.6011286370668446,0.32289877754462754,0.6659023633291947,0.2485617739526901,0.006991185424244617,0.00023336023401189718,99,1,0.8686868686868687,0.8686868686868687
lime,0.5526041510691216,0.3324129224777088,0.36846783676858735,0.29292936997119473,0.4605359939188545,0.24421938423802217,0.0361595531212119,0.0006936194392610765,99,1,0.8686868686868687,0.8686868686868687
shap,0.8140817312991945,0.23742366017889388,0.8501970852616386,0.12935348500194654,0.8321394082804164,0.1525766314815976,0.5844240884444448,0.028430178568043484,99,1,0.8686868686868687,0.8686868686868687
