task_id,dataset_name,method,deletion_drop_auc,insertion_auc,combined_score,runtime_seconds,attr_l1_norm,mean_abs_exactness_residual,test_accuracy,test_balanced_accuracy,n_features_transformed,n_classes,ok
3903,pc3,aime,0.03365646340978136,0.9332155935019437,0.48343602845586253,0.010821339630572626,6.766691694278156,,0.8853503184713376,0.6037234042553192,37,2,157
3903,pc3,cos_fpde,0.03414995358442955,0.9331917115486803,0.48367083256655496,0.008842737305732947,1.398279309567641,1.1650270274330862e-16,0.8853503184713376,0.6037234042553192,37,2,157
3903,pc3,diff_fpde,0.0303065345150307,0.9298368061109475,0.48007167031298914,0.008753280719745427,15.707909182727285,3.5145276639407822e-15,0.8853503184713376,0.6037234042553192,37,2,157
3903,pc3,hyb_fpde_grid,0.03414995358442955,0.9331917115486803,0.48367083256655496,0.01328862002547719,1.0,7.372022313195705e-17,0.8853503184713376,0.6037234042553192,37,2,157
3903,pc3,lime,0.06755887253960717,0.9047679437862154,0.48616340816291126,0.015893569044587053,0.3559746648693688,,0.8853503184713376,0.6037234042553192,37,2,157
3903,pc3,shap,0.0022891724692922673,0.7941936934415134,0.3982414329554028,0.07532344670700696,4.514913899828976,,0.8853503184713376,0.6037234042553192,37,2,157
