method,mean_deletion_drop_auc,std_deletion_drop_auc,mean_insertion_auc,std_insertion_auc,mean_combined_score,std_combined_score,mean_runtime_seconds,std_runtime_seconds,completed_instances,completed_tasks,mean_test_accuracy,mean_test_balanced_accuracy
aime,0.03365646340978136,0.15605780573400702,0.9332155935019437,0.14990739411759843,0.48343602845586253,0.05094481386491211,0.010821339630572626,0.0037246702332066266,157,1,0.8853503184713376,0.6037234042553192
cos_fpde,0.03414995358442955,0.15632344487152658,0.9331917115486803,0.1505700999107223,0.48367083256655496,0.04979809566940489,0.008842737305732947,0.0044878074836126785,157,1,0.8853503184713376,0.6037234042553192
diff_fpde,0.0303065345150307,0.15497937433621112,0.9298368061109475,0.1489659557830064,0.48007167031298914,0.04990846505066545,0.008753280719745427,0.004513021944308604,157,1,0.8853503184713376,0.6037234042553192
hyb_fpde_grid,0.03414995358442955,0.15632344487152658,0.9331917115486803,0.1505700999107223,0.48367083256655496,0.04979809566940489,0.01328862002547719,0.005327648347452125,157,1,0.8853503184713376,0.6037234042553192
lime,0.06755887253960717,0.17110634131150726,0.9047679437862154,0.10543508068113266,0.48616340816291126,0.07549324506951047,0.015893569044587053,0.005348610225447119,157,1,0.8853503184713376,0.6037234042553192
shap,0.0022891724692922673,0.184425798969315,0.7941936934415134,0.1646755450777822,0.3982414329554028,0.13093613223594852,0.07532344670700696,0.017646296832742176,157,1,0.8853503184713376,0.6037234042553192
