task_id,dataset_name,method,deletion_drop_auc,insertion_auc,combined_score,runtime_seconds,attr_l1_norm,mean_abs_exactness_residual,test_accuracy,test_balanced_accuracy,n_features_transformed,n_classes,ok
9964,semeion,aime,0.7456567892019026,0.796069520869729,0.7708631550358158,0.03707811997499881,48.309334558353896,,0.875,0.875,256,10,160
9964,semeion,cos_fpde,0.7603490635967514,0.7116629327849073,0.7360059981908293,0.016725951500001203,1.0056535960849573,4.5536491244391186e-17,0.875,0.875,256,10,160
9964,semeion,diff_fpde,0.7489014248510565,0.6663084169879591,0.7076049209195079,0.02288756109375125,201.679963467882,2.2487567363782547e-14,0.875,0.875,256,10,160
9964,semeion,hyb_fpde_grid,0.7603490635967514,0.7116629327849073,0.7360059981908293,0.0162981186124993,1.0,3.4434260998139623e-17,0.875,0.875,256,10,160
9964,semeion,lime,0.390149811302734,0.4069502086497366,0.3985500099762353,0.19274130203125123,1.1782462023529603,,0.875,0.875,256,10,160
9964,semeion,shap,0.8178020431163728,0.9271828243002755,0.8724924337083243,0.5728014982124998,9.350165828435959,,0.875,0.875,256,10,160
