{
  "feature_config": {
    "hop_length": 512,
    "n_fft": 2048,
    "n_mfcc": 13,
    "sr": 22050
  },
  "feature_names": [
    "rms",
    "zero_crossing_rate",
    "spectral_centroid",
    "spectral_bandwidth",
    "spectral_rolloff",
    "spectral_flatness",
    "mfcc_1",
    "mfcc_2",
    "mfcc_3",
    "mfcc_4",
    "mfcc_5",
    "mfcc_6",
    "mfcc_7",
    "mfcc_8",
    "mfcc_9",
    "mfcc_10",
    "mfcc_11",
    "mfcc_12",
    "mfcc_13"
  ],
  "non_finite_policy": "np.nan_to_num(nan=0.0, posinf=0.0, neginf=0.0)",
  "standardizer": {
    "feature_names": [
      "rms",
      "zero_crossing_rate",
      "spectral_centroid",
      "spectral_bandwidth",
      "spectral_rolloff",
      "spectral_flatness",
      "mfcc_1",
      "mfcc_2",
      "mfcc_3",
      "mfcc_4",
      "mfcc_5",
      "mfcc_6",
      "mfcc_7",
      "mfcc_8",
      "mfcc_9",
      "mfcc_10",
      "mfcc_11",
      "mfcc_12",
      "mfcc_13"
    ],
    "mean": [
      0.07466773665864736,
      0.12412955845840801,
      2211.2406340000102,
      2014.1597941864577,
      4243.899283460391,
      0.1347981936639409,
      -297.0660378474337,
      76.5231826420626,
      -13.631446274890456,
      10.364252242769778,
      -2.135042013203863,
      5.378594314782007,
      -1.651402235921283,
      3.3427641728794866,
      -1.0744270208510551,
      2.790793734490717,
      -1.6829056484415426,
      2.1689793008701277,
      -1.265918808321191
    ],
    "std": [
      0.10455758983957386,
      0.12147963247020745,
      1449.9604008496967,
      938.8233116816366,
      2674.075661324912,
      0.29406345494448055,
      206.76563561185228,
      64.01589729420692,
      39.684936715477974,
      23.698520244183683,
      19.621014162911955,
      16.330091931177737,
      15.168356554538242,
      13.71729525418596,
      12.890285109365994,
      11.363182852233992,
      11.675559323713578,
      10.260550566109247,
      10.316108894383193
    ]
  }
}