{
  "feature_config": {
    "hop_length": 512,
    "n_fft": 2048,
    "n_mfcc": 13,
    "sr": 22050
  },
  "feature_names": [
    "rms",
    "zero_crossing_rate",
    "spectral_centroid",
    "spectral_bandwidth",
    "spectral_rolloff",
    "spectral_flatness",
    "mfcc_1",
    "mfcc_2",
    "mfcc_3",
    "mfcc_4",
    "mfcc_5",
    "mfcc_6",
    "mfcc_7",
    "mfcc_8",
    "mfcc_9",
    "mfcc_10",
    "mfcc_11",
    "mfcc_12",
    "mfcc_13"
  ],
  "non_finite_policy": "np.nan_to_num(nan=0.0, posinf=0.0, neginf=0.0)",
  "standardizer": {
    "feature_names": [
      "rms",
      "zero_crossing_rate",
      "spectral_centroid",
      "spectral_bandwidth",
      "spectral_rolloff",
      "spectral_flatness",
      "mfcc_1",
      "mfcc_2",
      "mfcc_3",
      "mfcc_4",
      "mfcc_5",
      "mfcc_6",
      "mfcc_7",
      "mfcc_8",
      "mfcc_9",
      "mfcc_10",
      "mfcc_11",
      "mfcc_12",
      "mfcc_13"
    ],
    "mean": [
      0.07406856976645504,
      0.12283712115908751,
      2200.54150640627,
      2016.3328670988976,
      4228.258961667297,
      0.13053736058700763,
      -294.8874075833013,
      77.32997941354684,
      -13.152250676768984,
      10.254279673332926,
      -2.3228579269847063,
      5.2690809734867505,
      -1.922364823121092,
      3.5530220528961687,
      -1.1073378061006824,
      2.54838127479631,
      -1.7457567098849085,
      2.0869354764163117,
      -1.3044156869297734
    ],
    "std": [
      0.10269651010693126,
      0.12061004271308132,
      1436.6714093151709,
      927.371311534564,
      2652.9509064391887,
      0.28863020151316116,
      204.07961845929876,
      64.4041093132946,
      39.58647352663117,
      23.82189904347494,
      20.012516355922816,
      16.135021597780348,
      15.54588853582889,
      13.755177993129632,
      12.825597866115722,
      11.339936456907978,
      11.578531218217623,
      10.152925893544571,
      10.248890662666245
    ]
  }
}