{
  "feature_config": {
    "hop_length": 512,
    "n_fft": 2048,
    "n_mfcc": 13,
    "sr": 22050
  },
  "feature_names": [
    "rms",
    "zero_crossing_rate",
    "spectral_centroid",
    "spectral_bandwidth",
    "spectral_rolloff",
    "spectral_flatness",
    "mfcc_1",
    "mfcc_2",
    "mfcc_3",
    "mfcc_4",
    "mfcc_5",
    "mfcc_6",
    "mfcc_7",
    "mfcc_8",
    "mfcc_9",
    "mfcc_10",
    "mfcc_11",
    "mfcc_12",
    "mfcc_13"
  ],
  "non_finite_policy": "np.nan_to_num(nan=0.0, posinf=0.0, neginf=0.0)",
  "standardizer": {
    "feature_names": [
      "rms",
      "zero_crossing_rate",
      "spectral_centroid",
      "spectral_bandwidth",
      "spectral_rolloff",
      "spectral_flatness",
      "mfcc_1",
      "mfcc_2",
      "mfcc_3",
      "mfcc_4",
      "mfcc_5",
      "mfcc_6",
      "mfcc_7",
      "mfcc_8",
      "mfcc_9",
      "mfcc_10",
      "mfcc_11",
      "mfcc_12",
      "mfcc_13"
    ],
    "mean": [
      0.07505893322766032,
      0.12469010183318399,
      2226.9214016904752,
      2024.857947524753,
      4278.316551946825,
      0.13812699186897087,
      -296.2682018875146,
      74.67329048773986,
      -12.997643955895013,
      10.546325484901915,
      -2.3767291569511917,
      5.535295237801447,
      -1.801481488338867,
      3.304127882093224,
      -1.137987511883751,
      2.737190625482695,
      -1.6220986507075803,
      2.0172446809313,
      -1.4399655585551796
    ],
    "std": [
      0.10508547492434658,
      0.12227385080867359,
      1456.4515693167746,
      940.1598930955516,
      2677.641132199562,
      0.2974242272570745,
      206.76355239002947,
      63.69068165020879,
      38.64001405176718,
      23.936879744581926,
      20.04800802744269,
      16.57619520097264,
      15.487350036677936,
      13.704977904033667,
      12.882033404255397,
      11.515741253230923,
      11.567202943788416,
      10.437833310933446,
      10.278392948486525
    ]
  }
}