{
  "feature_config": {
    "hop_length": 512,
    "n_fft": 2048,
    "n_mfcc": 13,
    "sr": 22050
  },
  "feature_names": [
    "rms",
    "zero_crossing_rate",
    "spectral_centroid",
    "spectral_bandwidth",
    "spectral_rolloff",
    "spectral_flatness",
    "mfcc_1",
    "mfcc_2",
    "mfcc_3",
    "mfcc_4",
    "mfcc_5",
    "mfcc_6",
    "mfcc_7",
    "mfcc_8",
    "mfcc_9",
    "mfcc_10",
    "mfcc_11",
    "mfcc_12",
    "mfcc_13"
  ],
  "non_finite_policy": "np.nan_to_num(nan=0.0, posinf=0.0, neginf=0.0)",
  "standardizer": {
    "feature_names": [
      "rms",
      "zero_crossing_rate",
      "spectral_centroid",
      "spectral_bandwidth",
      "spectral_rolloff",
      "spectral_flatness",
      "mfcc_1",
      "mfcc_2",
      "mfcc_3",
      "mfcc_4",
      "mfcc_5",
      "mfcc_6",
      "mfcc_7",
      "mfcc_8",
      "mfcc_9",
      "mfcc_10",
      "mfcc_11",
      "mfcc_12",
      "mfcc_13"
    ],
    "mean": [
      0.07486439466965836,
      0.12588023779355212,
      2235.7704729290986,
      2031.3314842118614,
      4293.808945522514,
      0.13068403798626693,
      -293.60824914866026,
      75.66231256816886,
      -13.255657010565995,
      10.253907724869626,
      -2.5054419265747474,
      5.0003606570142995,
      -1.9159048864548518,
      3.46474317463046,
      -1.4766240248642928,
      2.4854003411595427,
      -1.803610113237378,
      1.8602405623953415,
      -1.2671601907644994
    ],
    "std": [
      0.10247339996349526,
      0.12300586705791758,
      1460.4301020333987,
      933.3991698870828,
      2678.9573111348495,
      0.2884859628576067,
      205.07420315001767,
      63.94809344337446,
      40.2220601070107,
      24.553674296399418,
      19.963980079769065,
      16.738415598157253,
      15.584795639619985,
      14.017311318019908,
      12.964852717928459,
      11.483879107494134,
      11.561960082306776,
      10.456123927333627,
      10.490522096711494
    ]
  }
}