{
  "feature_config": {
    "hop_length": 512,
    "n_fft": 2048,
    "n_mfcc": 13,
    "sr": 22050
  },
  "feature_names": [
    "rms",
    "zero_crossing_rate",
    "spectral_centroid",
    "spectral_bandwidth",
    "spectral_rolloff",
    "spectral_flatness",
    "mfcc_1",
    "mfcc_2",
    "mfcc_3",
    "mfcc_4",
    "mfcc_5",
    "mfcc_6",
    "mfcc_7",
    "mfcc_8",
    "mfcc_9",
    "mfcc_10",
    "mfcc_11",
    "mfcc_12",
    "mfcc_13"
  ],
  "non_finite_policy": "np.nan_to_num(nan=0.0, posinf=0.0, neginf=0.0)",
  "standardizer": {
    "feature_names": [
      "rms",
      "zero_crossing_rate",
      "spectral_centroid",
      "spectral_bandwidth",
      "spectral_rolloff",
      "spectral_flatness",
      "mfcc_1",
      "mfcc_2",
      "mfcc_3",
      "mfcc_4",
      "mfcc_5",
      "mfcc_6",
      "mfcc_7",
      "mfcc_8",
      "mfcc_9",
      "mfcc_10",
      "mfcc_11",
      "mfcc_12",
      "mfcc_13"
    ],
    "mean": [
      0.07535874359772596,
      0.12385923907463411,
      2203.91383725862,
      2014.259875505124,
      4244.414684664818,
      0.13429419904663145,
      -295.8945508142113,
      76.2994089797546,
      -13.632816660016577,
      10.42630159433211,
      -2.203591718390662,
      5.115198845332865,
      -1.8629945801200132,
      3.62288519928748,
      -1.355418597820272,
      2.6174326286625895,
      -1.8049901098496155,
      1.8971090127161474,
      -1.231005780995485
    ],
    "std": [
      0.10466605853206952,
      0.12354411471096557,
      1454.8052178397297,
      936.9496664165405,
      2674.050834676849,
      0.2934848323570236,
      209.59383069548525,
      63.787271154191046,
      39.954046948126916,
      23.992279503316706,
      20.0850170494533,
      16.44504966547065,
      15.591437318068811,
      13.942282512178153,
      12.85281639667531,
      11.325354868013253,
      11.316361791084923,
      10.23953762549291,
      10.229264778313581
    ]
  }
}