method,mean_deletion_drop_auc,std_deletion_drop_auc,mean_insertion_auc,std_insertion_auc,mean_combined_score,std_combined_score,mean_runtime_seconds,std_runtime_seconds,completed_instances,completed_tasks,mean_test_accuracy,mean_test_balanced_accuracy
aime,0.02983290162918547,0.023948263852321558,0.5253498064593972,0.0157769879170942,0.27759135404429136,0.018311825877200528,0.004850794654999504,0.00014518626071322732,200,1,0.5097591362126246,0.5088315502412418
cos_fpde,0.030733673104671413,0.024498150446888252,0.5261910237767117,0.01646822132413459,0.27846234844069156,0.018969080428268694,0.0037164954749994194,0.0010259109713686174,200,1,0.5097591362126246,0.5088315502412418
diff_fpde,0.03073433550587963,0.024497676282475057,0.5261895978426661,0.016469153391023263,0.2784619666742728,0.018969384437748548,0.00365813070499982,0.0008816722521696216,200,1,0.5097591362126246,0.5088315502412418
hyb_fpde_grid,0.030733673104671413,0.024498150446888252,0.5261910237767117,0.01646822132413459,0.27846234844069156,0.018969080428268694,0.030512778319998973,0.0017080208437805049,200,1,0.5097591362126246,0.5088315502412418
lime,0.021346389473848558,0.022697740371591925,0.5176735186923951,0.016914923870941304,0.26950995408312184,0.018461810256799435,0.009381758700000376,0.00045709475555107766,200,1,0.5097591362126246,0.5088315502412418
shap,0.015696374361899842,0.028693818866309107,0.5132737889417835,0.0331724847235077,0.2644850816518417,0.02954489020204944,0.06248498775000058,0.014766271039179032,200,1,0.5097591362126246,0.5088315502412418
