task_id,dataset_name,method,deletion_drop_auc,insertion_auc,combined_score,runtime_seconds,attr_l1_norm,mean_abs_exactness_residual,test_accuracy,test_balanced_accuracy,n_features_transformed,n_classes,ok
167120,numerai28.6,aime,0.02983290162918547,0.5253498064593972,0.27759135404429136,0.004850794654999504,7.444872518780245,,0.5097591362126246,0.5088315502412418,21,2,200
167120,numerai28.6,cos_fpde,0.030733673104671413,0.5261910237767117,0.27846234844069156,0.0037164954749994194,1.548273120639683,8.719587551997421e-17,0.5097591362126246,0.5088315502412418,21,2,200
167120,numerai28.6,diff_fpde,0.03073433550587963,0.5261895978426661,0.2784619666742728,0.00365813070499982,1.2438841380209578,2.423209202739862e-15,0.5097591362126246,0.5088315502412418,21,2,200
167120,numerai28.6,hyb_fpde_grid,0.030733673104671413,0.5261910237767117,0.27846234844069156,0.030512778319998973,1.0,5.371571243362183e-17,0.5097591362126246,0.5088315502412418,21,2,200
167120,numerai28.6,lime,0.021346389473848558,0.5176735186923951,0.26950995408312184,0.009381758700000376,0.0671260504812754,,0.5097591362126246,0.5088315502412418,21,2,200
167120,numerai28.6,shap,0.015696374361899842,0.5132737889417835,0.2644850816518417,0.06248498775000058,0.30500600998658994,,0.5097591362126246,0.5088315502412418,21,2,200
