task_id,dataset_name,method,deletion_drop_auc,insertion_auc,combined_score,runtime_seconds,attr_l1_norm,mean_abs_exactness_residual,test_accuracy,test_balanced_accuracy,n_features_transformed,n_classes,ok
146800,MiceProtein,aime,0.773270135260145,0.7900814433515347,0.7816757893058399,0.012943622898148198,13.682039595071254,,0.9537037037037037,0.9558608058608058,77,8,108
146800,MiceProtein,cos_fpde,0.7540935263786871,0.6987454483819968,0.726419487380342,0.01263068943518538,0.6852006551951496,8.979201769980876e-17,0.9537037037037037,0.9558608058608058,77,8,108
146800,MiceProtein,diff_fpde,0.6820151479189964,0.6327772776137442,0.6573962127663703,0.011249922092591113,42.16934417597836,1.0628329492221753e-14,0.9537037037037037,0.9558608058608058,77,8,108
146800,MiceProtein,hyb_fpde_grid,0.7540935263786871,0.6987454483819968,0.726419487380342,0.01766812803703783,1.0,6.396190483124207e-17,0.9537037037037037,0.9558608058608058,77,8,108
146800,MiceProtein,lime,0.4064056613165729,0.3642528889929046,0.3853292751547387,0.03928446179629627,0.7075478068990629,,0.9537037037037037,0.9558608058608058,77,8,108
146800,MiceProtein,shap,0.8198329173744239,0.8882417476752617,0.8540373325248427,0.47213451762962994,8.180110700580478,,0.9537037037037037,0.9558608058608058,77,8,108
