method,mean_deletion_drop_auc,std_deletion_drop_auc,mean_insertion_auc,std_insertion_auc,mean_combined_score,std_combined_score,mean_runtime_seconds,std_runtime_seconds,completed_instances,completed_tasks,mean_test_accuracy,mean_test_balanced_accuracy
aime,0.8175451750025619,0.22208746899423396,0.8038423466159094,0.1999004023675031,0.8106937608092355,0.1818617339537113,0.006071823686870239,8.282673849831661e-05,99,1,0.9090909090909091,0.9090909090909091
cos_fpde,0.763333847963562,0.23511517894058218,0.5712847089879571,0.3256597504454954,0.6673092784757596,0.2189544670037504,0.0047426496060616686,0.00017053284347880927,99,1,0.9090909090909091,0.9090909090909091
diff_fpde,0.7360951141100611,0.2628786061241728,0.623056408972757,0.3082568236507458,0.6795757615414091,0.23883813176451602,0.004705967636364175,0.00029566069468072006,99,1,0.9090909090909091,0.9090909090909091
hyb_fpde_grid,0.7560954579823594,0.2505931875178863,0.5867434989197432,0.3255852298487242,0.6714194784510513,0.22588546921250396,0.0076125284242475385,0.00029354286153060547,99,1,0.9090909090909091,0.9090909090909091
lime,0.5597143206526141,0.32196940063526475,0.3799619562572297,0.3033890365683751,0.4698381384549219,0.2544121916871511,0.03394727108081263,0.001274006700134712,99,1,0.9090909090909091,0.9090909090909091
shap,0.8327640001385312,0.22884804675304019,0.8745502644299094,0.10227245327902706,0.8536571322842204,0.1360210931603921,0.6039695679191908,0.026598120918632482,99,1,0.9090909090909091,0.9090909090909091
