task_id,dataset_name,method,deletion_drop_auc,insertion_auc,combined_score,runtime_seconds,attr_l1_norm,mean_abs_exactness_residual,test_accuracy,test_balanced_accuracy,n_features_transformed,n_classes,ok
3022,vowel,aime,0.8175451750025619,0.8038423466159094,0.8106937608092355,0.006071823686870239,3.7681585600800007,,0.9090909090909091,0.9090909090909091,27,11,99
3022,vowel,cos_fpde,0.763333847963562,0.5712847089879571,0.6673092784757596,0.0047426496060616686,0.6047801771113888,1.1313375881458845e-16,0.9090909090909091,0.9090909090909091,27,11,99
3022,vowel,diff_fpde,0.7360951141100611,0.623056408972757,0.6795757615414091,0.004705967636364175,5.157117393831316,1.1756869327690895e-15,0.9090909090909091,0.9090909090909091,27,11,99
3022,vowel,hyb_fpde_grid,0.7560954579823594,0.5867434989197432,0.6714194784510513,0.0076125284242475385,0.9657725437585116,6.071532165918825e-17,0.9090909090909091,0.9090909090909091,27,11,99
3022,vowel,lime,0.5597143206526141,0.3799619562572297,0.4698381384549219,0.03394727108081263,0.33970896089417474,,0.9090909090909091,0.9090909090909091,27,11,99
3022,vowel,shap,0.8327640001385312,0.8745502644299094,0.8536571322842204,0.6039695679191908,7.544554923219195,,0.9090909090909091,0.9090909090909091,27,11,99
