task_id,dataset_name,method,deletion_drop_auc,insertion_auc,combined_score,runtime_seconds,attr_l1_norm,mean_abs_exactness_residual,test_accuracy,test_balanced_accuracy,n_features_transformed,n_classes,ok
125920,dresses-sales,aime,0.4100015574207433,0.8037822649510277,0.6068919111858855,0.015879818480000835,7.587149092974773,,0.62,0.6067323481116584,145,2,50
125920,dresses-sales,cos_fpde,0.4213850298518227,0.8073927244315171,0.6143888771416699,0.011832347759998356,1.2612289746324807,6.116634976294221e-17,0.62,0.6067323481116584,145,2,50
125920,dresses-sales,diff_fpde,0.42168768581638666,0.8076526867323411,0.6146701862743639,0.012736579019998544,1.5116685869467015,7.438494264988549e-16,0.62,0.6067323481116584,145,2,50
125920,dresses-sales,hyb_fpde_grid,0.42168768581638666,0.8076526867323411,0.6146701862743639,0.016944008279999992,1.0,5.154730808865082e-17,0.62,0.6067323481116584,145,2,50
125920,dresses-sales,lime,-0.08824081781586456,0.3083865492443376,0.11007286571423654,0.02947678630000155,0.7254526115887892,,0.62,0.6067323481116584,145,2,50
125920,dresses-sales,shap,0.09537404307644497,0.49327234376235213,0.29432319341939855,0.03709099023999926,2.863453702337617,,0.62,0.6067323481116584,145,2,50
