method,mean_deletion_drop_auc,std_deletion_drop_auc,mean_insertion_auc,std_insertion_auc,mean_combined_score,std_combined_score,mean_runtime_seconds,std_runtime_seconds,completed_instances,completed_tasks,mean_test_accuracy,mean_test_balanced_accuracy
aime,0.21177484133361923,0.16286081199967462,0.7878198911995226,0.16938190006426368,0.49979736626657095,0.11078878226707475,0.004454895305000122,0.0001428140593622041,200,1,0.8798521256931608,0.8598488590338833
cos_fpde,0.2117468446748751,0.1628742797950591,0.7877633356560451,0.1693348550162779,0.49975509016546005,0.11077685091007715,0.003481429665000917,4.2335090636269764e-05,200,1,0.8798521256931608,0.8598488590338833
diff_fpde,0.21051599673760213,0.16178913058951283,0.7868371696606531,0.16989164685418867,0.49867658319912755,0.11122160228462644,0.003447192115000348,4.854319681326571e-05,200,1,0.8798521256931608,0.8598488590338833
hyb_fpde_grid,0.21051599673760213,0.16178913058951283,0.7868371696606531,0.16989164685418867,0.49867658319912755,0.11122160228462644,0.006604102384998925,6.724913170624135e-05,200,1,0.8798521256931608,0.8598488590338833
lime,0.16998171413818358,0.15653287756642154,0.7858040729341219,0.15241909804497195,0.4778928935361527,0.08785975178191652,0.025337750364999606,0.0003410457700342288,200,1,0.8798521256931608,0.8598488590338833
shap,0.13808896705052034,0.19442690125296433,0.7130237440418493,0.18052609655625337,0.4255563555461848,0.14015580330225877,0.06228138218000041,0.01214715156076098,200,1,0.8798521256931608,0.8598488590338833
