task_id,dataset_name,method,deletion_drop_auc,insertion_auc,combined_score,runtime_seconds,attr_l1_norm,mean_abs_exactness_residual,test_accuracy,test_balanced_accuracy,n_features_transformed,n_classes,ok
9952,phoneme,aime,0.21177484133361923,0.7878198911995226,0.49979736626657095,0.004454895305000122,2.43751071435633,,0.8798521256931608,0.8598488590338833,5,2,200
9952,phoneme,cos_fpde,0.2117468446748751,0.7877633356560451,0.49975509016546005,0.003481429665000917,1.625095949226534,9.412609580650155e-17,0.8798521256931608,0.8598488590338833,5,2,200
9952,phoneme,diff_fpde,0.21051599673760213,0.7868371696606531,0.49867658319912755,0.003447192115000348,4.513867658317411,4.873185188714047e-16,0.8798521256931608,0.8598488590338833,5,2,200
9952,phoneme,hyb_fpde_grid,0.21051599673760213,0.7868371696606531,0.49867658319912755,0.006604102384998925,1.0,5.031565442070729e-17,0.8798521256931608,0.8598488590338833,5,2,200
9952,phoneme,lime,0.16998171413818358,0.7858040729341219,0.4778928935361527,0.025337750364999606,0.31920862479548173,,0.8798521256931608,0.8598488590338833,5,2,200
9952,phoneme,shap,0.13808896705052034,0.7130237440418493,0.4255563555461848,0.06228138218000041,3.2772904560298577,,0.8798521256931608,0.8598488590338833,5,2,200
