task_id,dataset_name,method,deletion_drop_auc,insertion_auc,combined_score,runtime_seconds,attr_l1_norm,mean_abs_exactness_residual,test_accuracy,test_balanced_accuracy,n_features_transformed,n_classes,ok
53,vehicle,aime,0.5415676139704813,0.7489387879873878,0.6452532009789345,0.004946884082359889,6.400194574907061,,0.8,0.8002705627705629,18,4,85
53,vehicle,cos_fpde,0.5965739364392297,0.7710434959601833,0.6838087161997065,0.0037616249411752613,0.8685581641857733,9.03051122442691e-17,0.8,0.8002705627705629,18,4,85
53,vehicle,diff_fpde,0.5606980440723314,0.7254302622585934,0.6430641531654624,0.003723454282363919,9.321769283822503,2.143220241802122e-15,0.8,0.8002705627705629,18,4,85
53,vehicle,hyb_fpde_grid,0.5965739364392297,0.7710434959601833,0.6838087161997065,0.005794940129413483,1.0,6.409420584144013e-17,0.8,0.8002705627705629,18,4,85
53,vehicle,lime,0.43959135594517923,0.5346253200755133,0.48710833801034625,0.0159892087529389,0.5973437725621152,,0.8,0.8002705627705629,18,4,85
53,vehicle,shap,0.6985490005612895,0.8805548947874362,0.7895519476743628,0.19183653198823883,5.114476086093568,,0.8,0.8002705627705629,18,4,85
