method,mean_deletion_drop_auc,std_deletion_drop_auc,mean_insertion_auc,std_insertion_auc,mean_combined_score,std_combined_score,mean_runtime_seconds,std_runtime_seconds,completed_instances,completed_tasks,mean_test_accuracy,mean_test_balanced_accuracy
aime,0.5415676139704813,0.27230397264698225,0.7489387879873878,0.14645350653419018,0.6452532009789345,0.1865793111885018,0.004946884082359889,0.00015145090013055386,85,1,0.8,0.8002705627705629
cos_fpde,0.5965739364392297,0.21411106300865201,0.7710434959601833,0.14738572959534324,0.6838087161997065,0.14862055759063542,0.0037616249411752613,3.550608828235091e-05,85,1,0.8,0.8002705627705629
diff_fpde,0.5606980440723314,0.22280377514266367,0.7254302622585934,0.19994525966850915,0.6430641531654624,0.17996014339679497,0.003723454282363919,3.8915597336551705e-05,85,1,0.8,0.8002705627705629
hyb_fpde_grid,0.5965739364392297,0.21411106300865201,0.7710434959601833,0.14738572959534324,0.6838087161997065,0.14862055759063542,0.005794940129413483,0.0003828200240251101,85,1,0.8,0.8002705627705629
lime,0.43959135594517923,0.31382139218511984,0.5346253200755133,0.33016969296050036,0.48710833801034625,0.269343802198995,0.0159892087529389,0.00033639769911086647,85,1,0.8,0.8002705627705629
shap,0.6985490005612895,0.22871763939327766,0.8805548947874362,0.09286258279932127,0.7895519476743628,0.14577276069546705,0.19183653198823883,0.02168128218663963,85,1,0.8,0.8002705627705629
