task_id,dataset_name,method,deletion_drop_auc,insertion_auc,combined_score,runtime_seconds,attr_l1_norm,mean_abs_exactness_residual,test_accuracy,test_balanced_accuracy,n_features_transformed,n_classes,ok
7592,adult,aime,0.3005657011174808,0.8956718508819044,0.5981187759996925,0.014694954385001893,7.94182822660276,,0.8689866939611054,0.7857737930259732,105,2,200
7592,adult,cos_fpde,0.3059078201042538,0.8973223019653253,0.6016150610347896,0.01218365646000052,1.2487230917562981,1.0935696792557792e-16,0.8689866939611054,0.7857737930259732,105,2,200
7592,adult,diff_fpde,0.30495685497586994,0.8975196245379498,0.6012382397569098,0.011703372929999602,6.388544512058349,1.789991765921428e-15,0.8689866939611054,0.7857737930259732,105,2,200
7592,adult,hyb_fpde_grid,0.30590607103310163,0.8973223019653253,0.6016141864992135,0.04037009657500164,1.0,7.300150067779399e-17,0.8689866939611054,0.7857737930259732,105,2,200
7592,adult,lime,0.03725524139236651,0.6217006682206926,0.3294779548065296,0.027027020195000945,1.103680265736418,,0.8689866939611054,0.7857737930259732,105,2,200
7592,adult,shap,0.07810822173458323,0.5234615889026156,0.3007849053185994,0.07038309912499897,3.6954891107476606,,0.8689866939611054,0.7857737930259732,105,2,200
