method,mean_deletion_drop_auc,std_deletion_drop_auc,mean_insertion_auc,std_insertion_auc,mean_combined_score,std_combined_score,mean_runtime_seconds,std_runtime_seconds,completed_instances,completed_tasks,mean_test_accuracy,mean_test_balanced_accuracy
aime,0.31494895294306086,0.28152985252062407,0.9508451190908837,0.0841939795505964,0.6328970360169722,0.13075518862158322,0.023599894469999185,0.0063894037637252715,200,1,0.965767333913548,0.9583481873186576
cos_fpde,0.31983092572571387,0.28660084203093744,0.9521653381741847,0.08729960423251533,0.6359981319499493,0.134877846984119,0.018480955049999467,0.005139906644956163,200,1,0.965767333913548,0.9583481873186576
diff_fpde,0.31526946426725877,0.28114642453860467,0.9461802228227439,0.09328347298991742,0.6307248435450014,0.1294287369292956,0.01968389796000025,0.004893745035842375,200,1,0.965767333913548,0.9583481873186576
hyb_fpde_grid,0.31983092572571387,0.28660084203093744,0.9521653381741847,0.08729960423251533,0.6359981319499493,0.134877846984119,0.0391123597900004,0.006421634853986209,200,1,0.965767333913548,0.9583481873186576
lime,0.18299528335456383,0.13874051167458878,0.8059851205165351,0.28622048335012534,0.49449020193554943,0.16339946246593148,0.06988064277999911,0.048156871246589614,200,1,0.965767333913548,0.9583481873186576
shap,0.31715965721108197,0.2122567134327746,0.7666150910477653,0.36102529268665323,0.5418873741294236,0.2609712297122435,0.0665785245000005,0.01479980493908989,200,1,0.965767333913548,0.9583481873186576
