task_id,dataset_name,method,deletion_drop_auc,insertion_auc,combined_score,runtime_seconds,attr_l1_norm,mean_abs_exactness_residual,test_accuracy,test_balanced_accuracy,n_features_transformed,n_classes,ok
9977,nomao,aime,0.31494895294306086,0.9508451190908837,0.6328970360169722,0.023599894469999185,25.715917144760237,,0.965767333913548,0.9583481873186576,174,2,200
9977,nomao,cos_fpde,0.31983092572571387,0.9521653381741847,0.6359981319499493,0.018480955049999467,1.3011142351470688,1.3850465913067822e-16,0.965767333913548,0.9583481873186576,174,2,200
9977,nomao,diff_fpde,0.31526946426725877,0.9461802228227439,0.6307248435450014,0.01968389796000025,73.0074504747112,1.163291685202239e-14,0.965767333913548,0.9583481873186576,174,2,200
9977,nomao,hyb_fpde_grid,0.31983092572571387,0.9521653381741847,0.6359981319499493,0.0391123597900004,1.0,6.041499765740977e-17,0.965767333913548,0.9583481873186576,174,2,200
9977,nomao,lime,0.18299528335456383,0.8059851205165351,0.49449020193554943,0.06988064277999911,1.4027225047506169,,0.965767333913548,0.9583481873186576,174,2,200
9977,nomao,shap,0.31715965721108197,0.7666150910477653,0.5418873741294236,0.0665785245000005,5.378630185321247,,0.965767333913548,0.9583481873186576,174,2,200
