task_id,dataset_name,method,deletion_drop_auc,insertion_auc,combined_score,runtime_seconds,attr_l1_norm,mean_abs_exactness_residual,test_accuracy,test_balanced_accuracy,n_features_transformed,n_classes,ok
9946,wdbc,aime,0.4294672467467664,0.9319082964092507,0.6806877715780085,0.005068877912281883,11.150086581476677,,0.9649122807017544,0.9623015873015873,30,2,57
9946,wdbc,cos_fpde,0.4286190166329912,0.9316690020123553,0.6801440093226733,0.003868172614033938,1.4943982455583398,1.451309223870947e-16,0.9649122807017544,0.9623015873015873,30,2,57
9946,wdbc,diff_fpde,0.44730300517494165,0.9387885979021482,0.693045801538545,0.003755786666666357,46.3613142437644,6.045846084976291e-15,0.9649122807017544,0.9623015873015873,30,2,57
9946,wdbc,hyb_fpde_grid,0.44730300517494165,0.9387885979021482,0.693045801538545,0.00564103650877338,1.0,9.057082569310487e-17,0.9649122807017544,0.9623015873015873,30,2,57
9946,wdbc,lime,0.1264269595067944,0.546702964642586,0.3365649620746902,0.010053778771929762,0.8592095545027592,,0.9649122807017544,0.9623015873015873,30,2,57
9946,wdbc,shap,0.17421890381058086,0.5098819719942235,0.34205043790240214,0.03612947921052554,5.9211922809037505,,0.9649122807017544,0.9623015873015873,30,2,57
