method,mean_deletion_drop_auc,std_deletion_drop_auc,mean_insertion_auc,std_insertion_auc,mean_combined_score,std_combined_score,mean_runtime_seconds,std_runtime_seconds,completed_instances,completed_tasks,mean_test_accuracy,mean_test_balanced_accuracy
aime,0.5874820593807866,0.23277267192973558,0.7358873315976584,0.18321193912682543,0.6616846954892225,0.18772554978856015,0.012627115621621225,0.005859256573111863,74,1,0.6486486486486487,0.6274614274614274
cos_fpde,0.5798779804216287,0.2351596626515034,0.7097645668938227,0.20672030578342251,0.6448212736577258,0.1973674604331903,0.011473133364867289,0.003900735663950536,74,1,0.6486486486486487,0.6274614274614274
diff_fpde,0.5709968430967349,0.24703327372875683,0.6997731988728834,0.22712024832893318,0.6353850209848092,0.20815766310164074,0.010414234905406498,0.004143513036509031,74,1,0.6486486486486487,0.6274614274614274
hyb_fpde_grid,0.5807121598488312,0.2413807988361714,0.7200020015288011,0.22380294076704874,0.6503570806888161,0.20274116830227615,0.01562791055405526,0.004297560732713542,74,1,0.6486486486486487,0.6274614274614274
lime,0.25158897261403207,0.3138181403691081,0.43951935710374757,0.31615043388435404,0.34555416485888985,0.2880771434359555,0.033156144121622176,0.006036835622613595,74,1,0.6486486486486487,0.6274614274614274
shap,0.6027102923207907,0.24331580692858729,0.8177771783992938,0.14213301578480422,0.7102437353600421,0.17170186253254102,0.22927549810810735,0.022065882062350238,74,1,0.6486486486486487,0.6274614274614274
