task_id,dataset_name,method,deletion_drop_auc,insertion_auc,combined_score,runtime_seconds,attr_l1_norm,mean_abs_exactness_residual,test_accuracy,test_balanced_accuracy,n_features_transformed,n_classes,ok
2079,eucalyptus,aime,0.5874820593807866,0.7358873315976584,0.6616846954892225,0.012627115621621225,7.626218416080919,,0.6486486486486487,0.6274614274614274,91,5,74
2079,eucalyptus,cos_fpde,0.5798779804216287,0.7097645668938227,0.6448212736577258,0.011473133364867289,0.6777151530894515,7.958043946043603e-17,0.6486486486486487,0.6274614274614274,91,5,74
2079,eucalyptus,diff_fpde,0.5709968430967349,0.6997731988728834,0.6353850209848092,0.010414234905406498,6.9961998109947565,1.9179477825745737e-15,0.6486486486486487,0.6274614274614274,91,5,74
2079,eucalyptus,hyb_fpde_grid,0.5807121598488312,0.7200020015288011,0.6503570806888161,0.01562791055405526,0.9705827586765142,5.701145261588641e-17,0.6486486486486487,0.6274614274614274,91,5,74
2079,eucalyptus,lime,0.25158897261403207,0.43951935710374757,0.34555416485888985,0.033156144121622176,0.7404657530007763,,0.6486486486486487,0.6274614274614274,91,5,74
2079,eucalyptus,shap,0.6027102923207907,0.8177771783992938,0.7102437353600421,0.22927549810810735,4.490500583796387,,0.6486486486486487,0.6274614274614274,91,5,74
