method,mean_deletion_drop_auc,std_deletion_drop_auc,mean_insertion_auc,std_insertion_auc,mean_combined_score,std_combined_score,mean_runtime_seconds,std_runtime_seconds,completed_instances,completed_tasks,mean_test_accuracy,mean_test_balanced_accuracy
aime,0.29955177392043336,0.3678517414486841,0.8303238777093324,0.2575356586676361,0.5649378258148829,0.08312817063822138,0.004934616277458287,8.357353159876717e-05,173,1,0.9942196531791907,0.9979338842975208
cos_fpde,0.30109982165480376,0.3751118819787681,0.7816504733109385,0.336216630792106,0.5413751474828711,0.07263493200395638,0.003740779855490435,9.386397239536889e-05,173,1,0.9942196531791907,0.9979338842975208
diff_fpde,0.274838948214578,0.34994204859806144,0.8113037082449925,0.2895037468786362,0.5430713282297853,0.07219623662400161,0.0037028895664765003,5.822674580293736e-05,173,1,0.9942196531791907,0.9979338842975208
hyb_fpde_grid,0.28441548204339007,0.36278178058326205,0.8074990800178725,0.29660196318987037,0.5459572810306312,0.07488837451806066,0.006120599560693098,7.079711042657276e-05,173,1,0.9942196531791907,0.9979338842975208
lime,0.08423993496125433,0.15987722632474377,0.6986024715170772,0.38863521840129756,0.3914212032391658,0.13949319981057096,0.012050993589594333,0.00018295893233352879,173,1,0.9942196531791907,0.9979338842975208
shap,0.3245465458219889,0.3926715781210984,0.8466209428184857,0.24000999130123918,0.5855837443202373,0.10957697092151861,0.221810165907516,0.020263541561609824,173,1,0.9942196531791907,0.9979338842975208
