task_id,dataset_name,method,deletion_drop_auc,insertion_auc,combined_score,runtime_seconds,attr_l1_norm,mean_abs_exactness_residual,test_accuracy,test_balanced_accuracy,n_features_transformed,n_classes,ok
146821,car,aime,0.29955177392043336,0.8303238777093324,0.5649378258148829,0.004934616277458287,5.158889738292567,,0.9942196531791907,0.9979338842975208,21,4,173
146821,car,cos_fpde,0.30109982165480376,0.7816504733109385,0.5413751474828711,0.003740779855490435,1.21845349510016,6.654118489353811e-17,0.9942196531791907,0.9979338842975208,21,4,173
146821,car,diff_fpde,0.274838948214578,0.8113037082449925,0.5430713282297853,0.0037028895664765003,2.2909132735449633,4.954290028963126e-16,0.9942196531791907,0.9979338842975208,21,4,173
146821,car,hyb_fpde_grid,0.28441548204339007,0.8074990800178725,0.5459572810306312,0.006120599560693098,0.9991276857128677,6.580919175049587e-17,0.9942196531791907,0.9979338842975208,21,4,173
146821,car,lime,0.08423993496125433,0.6986024715170772,0.3914212032391658,0.012050993589594333,0.10490922765057985,,0.9942196531791907,0.9979338842975208,21,4,173
146821,car,shap,0.3245465458219889,0.8466209428184857,0.5855837443202373,0.221810165907516,5.152122611584877,,0.9942196531791907,0.9979338842975208,21,4,173
