task_id,dataset_name,method,deletion_drop_auc,insertion_auc,combined_score,runtime_seconds,attr_l1_norm,mean_abs_exactness_residual,test_accuracy,test_balanced_accuracy,n_features_transformed,n_classes,ok
11,balance-scale,aime,0.42171765455819293,0.8618305574482762,0.6417741060032345,0.003386391809524213,2.478462314657868,,0.9206349206349206,0.6666666666666666,4,3,63
11,balance-scale,cos_fpde,0.3783003789982058,0.8428483886710856,0.6105743838346457,0.002592437174602732,1.3945069713986284,7.720896232760265e-17,0.9206349206349206,0.6666666666666666,4,3,63
11,balance-scale,diff_fpde,0.41411886552805727,0.8589299515805119,0.6365244085542846,0.0025752483015864637,4.533502999220314,3.8196958823413126e-16,0.9206349206349206,0.6666666666666666,4,3,63
11,balance-scale,hyb_fpde_grid,0.41411886552805727,0.8589299515805119,0.6365244085542846,0.003919984904760735,1.0,2.9903328490647816e-17,0.9206349206349206,0.6666666666666666,4,3,63
11,balance-scale,lime,0.16903847246816275,0.6504943123000889,0.4097663923841258,0.017694580476190803,0.7811993006988419,,0.9206349206349206,0.6666666666666666,4,3,63
11,balance-scale,shap,0.4343364961777706,0.8689869698031579,0.6516617329904643,0.0794067766825405,4.063630819786705,,0.9206349206349206,0.6666666666666666,4,3,63
