method,mean_deletion_drop_auc,std_deletion_drop_auc,mean_insertion_auc,std_insertion_auc,mean_combined_score,std_combined_score,mean_runtime_seconds,std_runtime_seconds,completed_instances,completed_tasks,mean_test_accuracy,mean_test_balanced_accuracy
aime,0.42171765455819293,0.1789798506889667,0.8618305574482762,0.10505236510934408,0.6417741060032345,0.08096186585720222,0.003386391809524213,7.010919699410416e-05,63,1,0.9206349206349206,0.6666666666666666
cos_fpde,0.3783003789982058,0.18290920787789067,0.8428483886710856,0.12298793559542712,0.6105743838346457,0.09181802021654041,0.002592437174602732,3.507737689363559e-05,63,1,0.9206349206349206,0.6666666666666666
diff_fpde,0.41411886552805727,0.17958134362814576,0.8589299515805119,0.10652830213281138,0.6365244085542846,0.08225202345888377,0.0025752483015864637,3.37602461777436e-05,63,1,0.9206349206349206,0.6666666666666666
hyb_fpde_grid,0.41411886552805727,0.17958134362814576,0.8589299515805119,0.10652830213281138,0.6365244085542846,0.08225202345888377,0.003919984904760735,7.373255443281341e-05,63,1,0.9206349206349206,0.6666666666666666
lime,0.16903847246816275,0.20343184281113608,0.6504943123000889,0.2385010714059513,0.4097663923841258,0.17068989875448487,0.017694580476190803,0.000453017451097012,63,1,0.9206349206349206,0.6666666666666666
shap,0.4343364961777706,0.18992201948249887,0.8689869698031579,0.0961776185859824,0.6516617329904643,0.08558621851579443,0.0794067766825405,0.022936349277368102,63,1,0.9206349206349206,0.6666666666666666
