method,mean_deletion_drop_auc,std_deletion_drop_auc,mean_insertion_auc,std_insertion_auc,mean_combined_score,std_combined_score,mean_runtime_seconds,std_runtime_seconds,completed_instances,completed_tasks,mean_test_accuracy,mean_test_balanced_accuracy
aime,0.4598181786801066,0.28249693918428787,0.6482871370106859,0.19579405047069662,0.5540526578453963,0.14685281093524744,0.005852111753845453,0.00013532998673478514,195,1,0.8153846153846154,0.8209802582539348
cos_fpde,0.49006384336100756,0.27972046820602325,0.6967258100060777,0.19664263738811721,0.5933948266835427,0.15117310685747465,0.004596502194871659,0.0009754930970844847,195,1,0.8153846153846154,0.8209802582539348
diff_fpde,0.4662128951445465,0.29109489716006914,0.6864281962530874,0.17801145860213535,0.5763205456988169,0.1561065808949932,0.0045396276051276226,0.0009790814555712952,195,1,0.8153846153846154,0.8209802582539348
hyb_fpde_grid,0.4887335802934596,0.28473754395112866,0.6971117491034624,0.18993815629013064,0.592922664698461,0.1522807226267647,0.0077532967538476855,0.001535883408271662,195,1,0.8153846153846154,0.8209802582539348
lime,0.359617943580173,0.28430648769703265,0.5214908978912758,0.3139430204888364,0.44055442073572443,0.1841217460237865,0.025028973533333627,0.0010586602605346597,195,1,0.8153846153846154,0.8209802582539348
shap,0.6199822313056301,0.29829258945337156,0.8519725004041775,0.08906229396540886,0.7359773658549038,0.16033551459685771,0.41612241233333364,0.019201028514495268,195,1,0.8153846153846154,0.8209802582539348
