method,mean_deletion_drop_auc,std_deletion_drop_auc,mean_insertion_auc,std_insertion_auc,mean_combined_score,std_combined_score,mean_runtime_seconds,std_runtime_seconds,completed_instances,completed_tasks,mean_test_accuracy,mean_test_balanced_accuracy
aime,0.24764879365042236,0.17450980075762912,0.8346077926284159,0.1453731096900233,0.5411282931394191,0.1267497028277649,0.004926387974026551,0.00016970775826883868,77,1,0.8311688311688312,0.8018518518518518
cos_fpde,0.24781937829704043,0.17410999672450012,0.8353512426019988,0.145190576639367,0.5415853104495196,0.1261155359067279,0.003926930948051566,0.00034501090587373353,77,1,0.8311688311688312,0.8018518518518518
diff_fpde,0.2524707862829328,0.1769795721833239,0.833904140498632,0.14847616426283164,0.5431874633907824,0.12942236261678416,0.0038512772987024328,0.00028603739371343094,77,1,0.8311688311688312,0.8018518518518518
hyb_fpde_grid,0.24837472567861177,0.17694070498889333,0.8346999379260551,0.14569660154258124,0.5415373318023335,0.128532404329546,0.005897089701298378,8.001137233291914e-05,77,1,0.8311688311688312,0.8018518518518518
lime,0.09742132795475887,0.17964881209655856,0.6896421576747932,0.12364958913410976,0.39353174281477604,0.12290339294713613,0.009729415337661505,0.0006631172441292817,77,1,0.8311688311688312,0.8018518518518518
shap,0.10084460354880977,0.2302189408926993,0.6708831022131627,0.1490238859157135,0.3858638528809862,0.1689958425248617,0.040804344038961604,0.019055108820635873,77,1,0.8311688311688312,0.8018518518518518
