task_id,dataset_name,method,deletion_drop_auc,insertion_auc,combined_score,runtime_seconds,attr_l1_norm,mean_abs_exactness_residual,test_accuracy,test_balanced_accuracy,n_features_transformed,n_classes,ok
37,diabetes,aime,0.24764879365042236,0.8346077926284159,0.5411282931394191,0.004926387974026551,2.8496516317310476,,0.8311688311688312,0.8018518518518518,8,2,77
37,diabetes,cos_fpde,0.24781937829704043,0.8353512426019988,0.5415853104495196,0.003926930948051566,1.465840825314986,5.843990515173815e-17,0.8311688311688312,0.8018518518518518,8,2,77
37,diabetes,diff_fpde,0.2524707862829328,0.833904140498632,0.5431874633907824,0.0038512772987024328,5.31032447952649,7.450749973701943e-16,0.8311688311688312,0.8018518518518518,8,2,77
37,diabetes,hyb_fpde_grid,0.24837472567861177,0.8346999379260551,0.5415373318023335,0.005897089701298378,0.995230153231566,4.627431194358911e-17,0.8311688311688312,0.8018518518518518,8,2,77
37,diabetes,lime,0.09742132795475887,0.6896421576747932,0.39353174281477604,0.009729415337661505,0.49815659731046574,,0.8311688311688312,0.8018518518518518,8,2,77
37,diabetes,shap,0.10084460354880977,0.6708831022131627,0.3858638528809862,0.040804344038961604,3.304477351382285,,0.8311688311688312,0.8018518518518518,8,2,77
