task_id,dataset_name,method,deletion_drop_auc,insertion_auc,combined_score,runtime_seconds,attr_l1_norm,mean_abs_exactness_residual,test_accuracy,test_balanced_accuracy,n_features_transformed,n_classes,ok
45,splice,aime,0.738226765569364,0.9014482027662944,0.8198374841678293,0.03516425365999879,23.234313229626245,,0.9467084639498434,0.9518037518037518,284,3,200
45,splice,cos_fpde,0.7420545705726126,0.8431826381706198,0.7926186043716161,0.017301102700000896,0.9805867053444273,4.5258935488234897e-17,0.9467084639498434,0.9518037518037518,284,3,200
45,splice,diff_fpde,0.7252518664881954,0.8709368230926232,0.7980943447904093,0.02370843952000044,14.09501693163906,3.748668042646841e-15,0.9467084639498434,0.9518037518037518,284,3,200
45,splice,hyb_fpde_grid,0.7296265452549829,0.8684741492486782,0.7990503472518306,0.018456735695001072,0.9980537461098029,3.233904029981138e-17,0.9467084639498434,0.9518037518037518,284,3,200
45,splice,lime,0.1393238633350598,0.2844972131031962,0.211910538219128,0.16035899809000165,2.371607307926237,,0.9467084639498434,0.9518037518037518,284,3,200
45,splice,shap,0.8006198987481623,0.9460010238662276,0.873310461307195,0.18884441785000056,5.922821407515529,,0.9467084639498434,0.9518037518037518,284,3,200
