task_id,dataset_name,method,deletion_drop_auc,insertion_auc,combined_score,runtime_seconds,attr_l1_norm,mean_abs_exactness_residual,test_accuracy,test_balanced_accuracy,n_features_transformed,n_classes,ok
2079,eucalyptus,aime,0.6164452650406846,0.7732121253487343,0.6948286951947095,0.013666991418918658,8.078428012002911,,0.6756756756756757,0.6366411366411366,90,5,74
2079,eucalyptus,cos_fpde,0.5222636929448163,0.6397179697699276,0.580990831357372,0.012377094094596936,0.6889443881813192,7.247158954030134e-17,0.6756756756756757,0.6366411366411366,90,5,74
2079,eucalyptus,diff_fpde,0.5813708697089278,0.7198228501102943,0.650596859909611,0.010929016527026417,7.299006014560106,1.6990913180918781e-15,0.6756756756756757,0.6366411366411366,90,5,74
2079,eucalyptus,hyb_fpde_grid,0.5924094764306961,0.7234859384574751,0.6579477074440856,0.017777725243243402,0.9699768614366188,6.494957068416542e-17,0.6756756756756757,0.6366411366411366,90,5,74
2079,eucalyptus,lime,0.26159477427966576,0.4675712990396475,0.36458303665965663,0.03374040917567926,0.8267487397310423,,0.6756756756756757,0.6366411366411366,90,5,74
2079,eucalyptus,shap,0.6208564360303893,0.829166975813669,0.7250117059220292,0.23970729495946258,4.61463171664477,,0.6756756756756757,0.6366411366411366,90,5,74
