method,mean_deletion_drop_auc,std_deletion_drop_auc,mean_insertion_auc,std_insertion_auc,mean_combined_score,std_combined_score,mean_runtime_seconds,std_runtime_seconds,completed_instances,completed_tasks,mean_test_accuracy,mean_test_balanced_accuracy
aime,0.5806451097949992,0.33195342269371586,0.7676628046773092,0.2067064772698409,0.6741539572361542,0.2478311270609554,0.005594099739998626,8.945358400484924e-05,200,1,0.9926739926739927,0.9916399955854761
cos_fpde,0.5429734466243741,0.34635887957332845,0.715305598175937,0.2615847829535634,0.6291395224001556,0.27847384736635117,0.00432685158499936,0.0001714235088546121,200,1,0.9926739926739927,0.9916399955854761
diff_fpde,0.543126308179112,0.33755892506056207,0.7097797877677814,0.2578302770572614,0.6264530479734468,0.27425011647443215,0.004288684994998277,0.0002915848116504962,200,1,0.9926739926739927,0.9916399955854761
hyb_fpde_grid,0.5429734466243741,0.34635887957332845,0.715305598175937,0.2615847829535634,0.6291395224001556,0.27847384736635117,0.008580655895000006,0.00022508096788297177,200,1,0.9926739926739927,0.9916399955854761
lime,0.27438240069004005,0.21098145714334726,0.5053160040812529,0.3847698389704931,0.38984920238564646,0.26828381929892053,0.016473990655001956,0.0006205850426127126,200,1,0.9926739926739927,0.9916399955854761
shap,0.7832170009462733,0.24487043356374613,0.9501592287141424,0.03771496558765923,0.8666881148302078,0.1262048205343026,0.24062359872500194,0.017778865651880086,200,1,0.9926739926739927,0.9916399955854761
