task_id,dataset_name,method,deletion_drop_auc,insertion_auc,combined_score,runtime_seconds,attr_l1_norm,mean_abs_exactness_residual,test_accuracy,test_balanced_accuracy,n_features_transformed,n_classes,ok
9960,wall-robot-navigation,aime,0.5806451097949992,0.7676628046773092,0.6741539572361542,0.005594099739998626,5.385628435572401,,0.9926739926739927,0.9916399955854761,24,4,200
9960,wall-robot-navigation,cos_fpde,0.5429734466243741,0.715305598175937,0.6291395224001556,0.00432685158499936,1.1804236174349843,7.095019016745141e-17,0.9926739926739927,0.9916399955854761,24,4,200
9960,wall-robot-navigation,diff_fpde,0.543126308179112,0.7097797877677814,0.6264530479734468,0.004288684994998277,11.32415894205191,2.143563104795021e-15,0.9926739926739927,0.9916399955854761,24,4,200
9960,wall-robot-navigation,hyb_fpde_grid,0.5429734466243741,0.715305598175937,0.6291395224001556,0.008580655895000006,1.0,4.9924257436440026e-17,0.9926739926739927,0.9916399955854761,24,4,200
9960,wall-robot-navigation,lime,0.27438240069004005,0.5053160040812529,0.38984920238564646,0.016473990655001956,0.5962099820052028,,0.9926739926739927,0.9916399955854761,24,4,200
9960,wall-robot-navigation,shap,0.7832170009462733,0.9501592287141424,0.8666881148302078,0.24062359872500194,6.044759951571583,,0.9926739926739927,0.9916399955854761,24,4,200
