method,mean_deletion_drop_auc,std_deletion_drop_auc,mean_insertion_auc,std_insertion_auc,mean_combined_score,std_combined_score,mean_runtime_seconds,std_runtime_seconds,completed_instances,completed_tasks,mean_test_accuracy,mean_test_balanced_accuracy
aime,0.7894055951010089,0.22936012376109213,0.8800683109064028,0.12659176448212944,0.834736953003706,0.1515783172393667,0.013311522590002199,0.006132090302962641,200,1,0.82,0.82
cos_fpde,0.7475355434305597,0.2463872262223192,0.8213356118570596,0.17621864529768522,0.7844355776438097,0.17506771559617226,0.01256678669500161,0.004024228170599795,200,1,0.82,0.82
diff_fpde,0.7209144153711962,0.24605729139769808,0.7771556432349083,0.19329805257147048,0.7490350293030522,0.18496895737218763,0.011576037400001269,0.004914173819733296,200,1,0.82,0.82
hyb_fpde_grid,0.7475355434305597,0.2463872262223192,0.8213356118570596,0.17621864529768522,0.7844355776438097,0.17506771559617226,0.018813641905001077,0.006265750896616757,200,1,0.82,0.82
lime,0.6271729552993165,0.34610792682056807,0.6602573886606601,0.2914952620642485,0.6437151719799883,0.27184061757343114,0.04366314026000197,0.006964206081687613,200,1,0.82,0.82
shap,0.8142537886202648,0.20920420618476346,0.9288839535349531,0.08149232525956454,0.8715688710776089,0.12773824896151745,0.5842340022650043,0.01870844253191545,200,1,0.82,0.82
