task_id,dataset_name,method,deletion_drop_auc,insertion_auc,combined_score,runtime_seconds,attr_l1_norm,mean_abs_exactness_residual,test_accuracy,test_balanced_accuracy,n_features_transformed,n_classes,ok
3903,pc3,aime,0.051284471263751796,0.9254219825591476,0.4883532269114497,0.010911494286624416,8.449324383489765,,0.89171974522293,0.6349734042553192,37,2,157
3903,pc3,cos_fpde,0.050931310084553164,0.9247515063847077,0.48784140823463046,0.009097172643311576,1.4455099862565626,1.1080131858022561e-16,0.89171974522293,0.6349734042553192,37,2,157
3903,pc3,diff_fpde,0.052590301099660765,0.9266678649386969,0.4896290830191789,0.00977944662420402,23.13911663687156,5.843874570383626e-15,0.89171974522293,0.6349734042553192,37,2,157
3903,pc3,hyb_fpde_grid,0.05227269038059753,0.9249187868406269,0.48859573861061223,0.013351786515923834,0.9917112565312501,7.109051493270559e-17,0.89171974522293,0.6349734042553192,37,2,157
3903,pc3,lime,0.0833257290333929,0.9157914443114606,0.49955858667242675,0.01652892987261073,0.3032757122121269,,0.89171974522293,0.6349734042553192,37,2,157
3903,pc3,shap,0.007158266498361581,0.775267098971832,0.39121268273509674,0.0802729984649683,4.30514459666069,,0.89171974522293,0.6349734042553192,37,2,157
