method,mean_deletion_drop_auc,std_deletion_drop_auc,mean_insertion_auc,std_insertion_auc,mean_combined_score,std_combined_score,mean_runtime_seconds,std_runtime_seconds,completed_instances,completed_tasks,mean_test_accuracy,mean_test_balanced_accuracy
aime,0.051284471263751796,0.14244431793980322,0.9254219825591476,0.1347186924015778,0.4883532269114497,0.05947735876015152,0.010911494286624416,0.003995863356235091,157,1,0.89171974522293,0.6349734042553192
cos_fpde,0.050931310084553164,0.14081587817708563,0.9247515063847077,0.13712986764288998,0.48784140823463046,0.059890746404429845,0.009097172643311576,0.0037816618490530748,157,1,0.89171974522293,0.6349734042553192
diff_fpde,0.052590301099660765,0.14339625159515967,0.9266678649386969,0.13631673621344503,0.4896290830191789,0.061120599806223516,0.00977944662420402,0.0038096874450779463,157,1,0.89171974522293,0.6349734042553192
hyb_fpde_grid,0.05227269038059753,0.14263577142304068,0.9249187868406269,0.13938829981742792,0.48859573861061223,0.06186915751856817,0.013351786515923834,0.004755728929533231,157,1,0.89171974522293,0.6349734042553192
lime,0.0833257290333929,0.17981964337790657,0.9157914443114606,0.09513153760293183,0.49955858667242675,0.08683110722118371,0.01652892987261073,0.004728415398006272,157,1,0.89171974522293,0.6349734042553192
shap,0.007158266498361581,0.19331137203942939,0.775267098971832,0.1913127294546819,0.39121268273509674,0.151711412701451,0.0802729984649683,0.01708845471199698,157,1,0.89171974522293,0.6349734042553192
