task_id,dataset_name,method,deletion_drop_auc,insertion_auc,combined_score,runtime_seconds,attr_l1_norm,mean_abs_exactness_residual,test_accuracy,test_balanced_accuracy,n_features_transformed,n_classes,ok
45,splice,aime,0.7260555427582978,0.8608544953233386,0.7934550190408182,0.035254718880000695,23.048582096777878,,0.9435736677115988,0.9451659451659452,285,3,200
45,splice,cos_fpde,0.7166256211888199,0.8168520161990861,0.766738818693953,0.017857054904999642,0.98086373377424,4.2231843022655367e-17,0.9435736677115988,0.9451659451659452,285,3,200
45,splice,diff_fpde,0.7023165143346134,0.8329299838800288,0.7676232491073212,0.024386455794999477,14.08385834028611,3.666233983068423e-15,0.9435736677115988,0.9451659451659452,285,3,200
45,splice,hyb_fpde_grid,0.7062971104699998,0.8365082744787584,0.7714026924743791,0.01877894875499976,0.9964049265432248,3.250763373763288e-17,0.9435736677115988,0.9451659451659452,285,3,200
45,splice,lime,0.1179640788244058,0.28595919505392514,0.20196163693916547,0.17026600981499926,2.171851667772943,,0.9435736677115988,0.9451659451659452,285,3,200
45,splice,shap,0.7908712396684572,0.9317393977407677,0.8613053187046124,0.19031132777500134,5.896000501238339,,0.9435736677115988,0.9451659451659452,285,3,200
