task_id,dataset_name,method,deletion_drop_auc,insertion_auc,combined_score,runtime_seconds,attr_l1_norm,mean_abs_exactness_residual,test_accuracy,test_balanced_accuracy,n_features_transformed,n_classes,ok
146800,MiceProtein,aime,0.7708488185007046,0.8302829382783607,0.8005658783895326,0.013289142768512731,13.669659197172647,,0.9629629629629629,0.9660714285714286,77,8,108
146800,MiceProtein,cos_fpde,0.761804336890621,0.7244528179367984,0.7431285774137096,0.0116453804259259,0.6907306814038227,8.391724815037804e-17,0.9629629629629629,0.9660714285714286,77,8,108
146800,MiceProtein,diff_fpde,0.6869067486982439,0.6657415465529067,0.6763241476255752,0.010639782259259104,42.529262452074164,9.916578874930232e-15,0.9629629629629629,0.9660714285714286,77,8,108
146800,MiceProtein,hyb_fpde_grid,0.761804336890621,0.7244528179367984,0.7431285774137096,0.017559828833333943,1.0,5.38246145185026e-17,0.9629629629629629,0.9660714285714286,77,8,108
146800,MiceProtein,lime,0.40305426587218735,0.42577248438563514,0.4144133751289112,0.042151928574073565,0.7125957382926665,,0.9629629629629629,0.9660714285714286,77,8,108
146800,MiceProtein,shap,0.8199001651552182,0.9151818148797035,0.8675409900174609,0.48532023357407605,8.250427216754275,,0.9629629629629629,0.9660714285714286,77,8,108
