method,mean_deletion_drop_auc,std_deletion_drop_auc,mean_insertion_auc,std_insertion_auc,mean_combined_score,std_combined_score,mean_runtime_seconds,std_runtime_seconds,completed_instances,completed_tasks,mean_test_accuracy,mean_test_balanced_accuracy
aime,0.7694716437758325,0.28494491679321143,0.8266647593561935,0.151155231685656,0.7980682015660131,0.15275616116458904,0.01387123795370405,0.006291178267612535,108,1,0.9629629629629629,0.9647893772893773
cos_fpde,0.7610117019031817,0.2390218745836822,0.7332637828922985,0.21881948387689373,0.7471377423977401,0.14904784376187125,0.012685279722224099,0.004422648867617207,108,1,0.9629629629629629,0.9647893772893773
diff_fpde,0.6709536032537416,0.25217530584567815,0.652571536057823,0.21798684841598592,0.6617625696557824,0.16092876934249226,0.011293637324074953,0.0048733802473698165,108,1,0.9629629629629629,0.9647893772893773
hyb_fpde_grid,0.7610117019031817,0.2390218745836822,0.7332637828922985,0.21881948387689373,0.7471377423977401,0.14904784376187125,0.01742293171296149,0.006178314081836728,108,1,0.9629629629629629,0.9647893772893773
lime,0.40993836283593205,0.32175512539660717,0.39061528681598545,0.3487051239479525,0.4002768248259588,0.2660302847352593,0.040057264972221916,0.009329217350044295,108,1,0.9629629629629629,0.9647893772893773
shap,0.8151510543328381,0.2777443516967596,0.900852923236214,0.12385546211961468,0.858001988784526,0.14898192676555777,0.4616627897685185,0.030442973787536715,108,1,0.9629629629629629,0.9647893772893773
