task_id,dataset_name,method,deletion_drop_auc,insertion_auc,combined_score,runtime_seconds,attr_l1_norm,mean_abs_exactness_residual,test_accuracy,test_balanced_accuracy,n_features_transformed,n_classes,ok
146800,MiceProtein,aime,0.7694716437758325,0.8266647593561935,0.7980682015660131,0.01387123795370405,13.747860666790062,,0.9629629629629629,0.9647893772893773,77,8,108
146800,MiceProtein,cos_fpde,0.7610117019031817,0.7332637828922985,0.7471377423977401,0.012685279722224099,0.7035694314889623,8.953903719289547e-17,0.9629629629629629,0.9647893772893773,77,8,108
146800,MiceProtein,diff_fpde,0.6709536032537416,0.652571536057823,0.6617625696557824,0.011293637324074953,43.9036393803421,1.1610054481589369e-14,0.9629629629629629,0.9647893772893773,77,8,108
146800,MiceProtein,hyb_fpde_grid,0.7610117019031817,0.7332637828922985,0.7471377423977401,0.01742293171296149,1.0,5.282950766343199e-17,0.9629629629629629,0.9647893772893773,77,8,108
146800,MiceProtein,lime,0.40993836283593205,0.39061528681598545,0.4002768248259588,0.040057264972221916,0.7125558652821353,,0.9629629629629629,0.9647893772893773,77,8,108
146800,MiceProtein,shap,0.8151510543328381,0.900852923236214,0.858001988784526,0.4616627897685185,8.15239122396453,,0.9629629629629629,0.9647893772893773,77,8,108
