task_id,dataset_name,method,deletion_drop_auc,insertion_auc,combined_score,runtime_seconds,attr_l1_norm,mean_abs_exactness_residual,test_accuracy,test_balanced_accuracy,n_features_transformed,n_classes,ok
3903,pc3,aime,0.06006572775126929,0.935045299295307,0.49755551352328814,0.010571968707007159,6.693085922107682,,0.8662420382165605,0.5930851063829787,37,2,157
3903,pc3,cos_fpde,0.06052805773069809,0.9342889767572471,0.4974085172439726,0.008713761821657319,1.4083940964596835,9.033821108016799e-17,0.8662420382165605,0.5930851063829787,37,2,157
3903,pc3,diff_fpde,0.0593012470448093,0.9343416965957463,0.49682147182027775,0.009613385834399149,15.455359539434369,4.6922833629937744e-15,0.8662420382165605,0.5930851063829787,37,2,157
3903,pc3,hyb_fpde_grid,0.06052805773069809,0.9342889767572471,0.4974085172439726,0.013620221242037217,1.0,6.647195179284376e-17,0.8662420382165605,0.5930851063829787,37,2,157
3903,pc3,lime,0.07396335179321888,0.8829448643329197,0.47845410806306937,0.017621642866236898,0.3603561313437565,,0.8662420382165605,0.5930851063829787,37,2,157
3903,pc3,shap,0.023460006579872336,0.7791334932189959,0.40129674989943415,0.08110218008917423,4.344212534651388,,0.8662420382165605,0.5930851063829787,37,2,157
