task_id,dataset_name,method,deletion_drop_auc,insertion_auc,combined_score,runtime_seconds,attr_l1_norm,mean_abs_exactness_residual,test_accuracy,test_balanced_accuracy,n_features_transformed,n_classes,ok
37,diabetes,aime,0.23997872357401848,0.839568976216179,0.5397738498950988,0.0034027780649379764,2.9641109102312684,,0.7792207792207793,0.7448148148148148,8,2,77
37,diabetes,cos_fpde,0.23993319301633115,0.839701710763632,0.5398174518899815,0.0026664999220731983,1.5172657153823332,9.441852062102336e-17,0.7792207792207793,0.7448148148148148,8,2,77
37,diabetes,diff_fpde,0.23797341197483537,0.8375870471519743,0.5377802295634048,0.0026299336753250035,5.747565015180313,7.973419904126124e-16,0.7792207792207793,0.7448148148148148,8,2,77
37,diabetes,hyb_fpde_grid,0.23993319301633115,0.839701710763632,0.5398174518899815,0.0040762992597431595,1.0,5.111802035053734e-17,0.7792207792207793,0.7448148148148148,8,2,77
37,diabetes,lime,0.1339513161349728,0.7465951467304197,0.4402732314326963,0.006896079051946581,0.5581843286303512,,0.7792207792207793,0.7448148148148148,8,2,77
37,diabetes,shap,0.10561168898616488,0.7072925221205616,0.4064521055533633,0.03085299129870381,3.506311746694291,,0.7792207792207793,0.7448148148148148,8,2,77
