task_id,dataset_name,method,deletion_drop_auc,insertion_auc,combined_score,runtime_seconds,attr_l1_norm,mean_abs_exactness_residual,test_accuracy,test_balanced_accuracy,n_features_transformed,n_classes,ok
167125,Internet-Advertisements,aime,0.26901492945965033,0.9753864344133026,0.6222006819364766,0.08518802039499931,51.05070824059947,,0.9725609756097561,0.9203669441874807,3113,2,200
167125,Internet-Advertisements,cos_fpde,0.3025764598742315,0.9800499428753383,0.6413132013747849,0.04555188861999668,0.5846667040397641,1.6288619758553223e-16,0.9725609756097561,0.9203669441874807,3113,2,200
167125,Internet-Advertisements,diff_fpde,0.2919192729424151,0.9783283381727637,0.6351238055575894,0.04549342478999904,8.785001911090427,2.4436008771999697e-15,0.9725609756097561,0.9203669441874807,3113,2,200
167125,Internet-Advertisements,hyb_fpde_grid,0.3025764598742315,0.9800499428753383,0.6413132013747849,0.08031935468000001,1.0,9.852361981810276e-17,0.9725609756097561,0.9203669441874807,3113,2,200
167125,Internet-Advertisements,lime,0.05667846081573864,0.8542001751952801,0.45543931800550935,0.5743492170250017,2.7793662148031824,,0.9725609756097561,0.9203669441874807,3113,2,200
167125,Internet-Advertisements,shap,0.2804405754837841,0.8884414518144519,0.584441013649118,0.10604478596499717,3.6521990497713346,,0.9725609756097561,0.9203669441874807,3113,2,200
