method,mean_deletion_drop_auc,std_deletion_drop_auc,mean_insertion_auc,std_insertion_auc,mean_combined_score,std_combined_score,mean_runtime_seconds,std_runtime_seconds,completed_instances,completed_tasks,mean_test_accuracy,mean_test_balanced_accuracy
aime,0.26901492945965033,0.24668630171236797,0.9753864344133026,0.028040389371168532,0.6222006819364766,0.11714307707534688,0.08518802039499931,0.014259506138024335,200,1,0.9725609756097561,0.9203669441874807
cos_fpde,0.3025764598742315,0.2458278542708861,0.9800499428753383,0.024630529264581973,0.6413132013747849,0.11676831810763894,0.04555188861999668,0.0007999507038300688,200,1,0.9725609756097561,0.9203669441874807
diff_fpde,0.2919192729424151,0.24984176269485345,0.9783283381727637,0.025599015861896904,0.6351238055575894,0.11867926136657174,0.04549342478999904,0.0009421898781824877,200,1,0.9725609756097561,0.9203669441874807
hyb_fpde_grid,0.3025764598742315,0.2458278542708861,0.9800499428753383,0.024630529264581973,0.6413132013747849,0.11676831810763894,0.08031935468000001,0.0009334776557661446,200,1,0.9725609756097561,0.9203669441874807
lime,0.05667846081573864,0.07914983860791598,0.8542001751952801,0.15412035895127216,0.45543931800550935,0.06622865281423554,0.5743492170250017,0.06788879056357142,200,1,0.9725609756097561,0.9203669441874807
shap,0.2804405754837841,0.16117220456697434,0.8884414518144519,0.2738777225252491,0.584441013649118,0.18868110850859224,0.10604478596499717,0.006654697252976389,200,1,0.9725609756097561,0.9203669441874807
