method,mean_deletion_drop_auc,std_deletion_drop_auc,mean_insertion_auc,std_insertion_auc,mean_combined_score,std_combined_score,mean_runtime_seconds,std_runtime_seconds,completed_instances,completed_tasks,mean_test_accuracy,mean_test_balanced_accuracy
aime,0.7326465923804786,0.25631185897999315,0.7853517723963624,0.16027016071228176,0.7589991823884205,0.18330753504053116,0.011034046080000194,0.005389521836197244,200,1,0.785,0.785
cos_fpde,0.7064113340700245,0.27487083368651144,0.6751827476039847,0.2249419842924455,0.6907970408370047,0.19254939001104934,0.009744687115001512,0.00429407325709014,200,1,0.785,0.785
diff_fpde,0.6879570367895027,0.2732579173276196,0.6628233454117715,0.21763688225502678,0.675390191100637,0.1963135503297346,0.010555101939999645,0.0039376428111527655,200,1,0.785,0.785
hyb_fpde_grid,0.7064126332966889,0.27424013795425684,0.6801420384824557,0.21249889166501776,0.6932773358895723,0.19086994877007288,0.015290110090002713,0.0055000295677651205,200,1,0.785,0.785
lime,0.5285952498685041,0.3237452360290835,0.4697045971147349,0.31123614546375483,0.49914992349161946,0.22945101459346598,0.040506580689999086,0.005601092369636916,200,1,0.785,0.785
shap,0.7734647532299382,0.2360058511933355,0.863208528145428,0.10735484644738726,0.8183366406876832,0.15128324450974082,0.5633340933049997,0.021073961463473186,200,1,0.785,0.785
