task_id,dataset_name,method,deletion_drop_auc,insertion_auc,combined_score,runtime_seconds,attr_l1_norm,mean_abs_exactness_residual,test_accuracy,test_balanced_accuracy,n_features_transformed,n_classes,ok
22,mfeat-zernike,aime,0.7326465923804786,0.7853517723963624,0.7589991823884205,0.011034046080000194,9.526279860902537,,0.785,0.785,47,10,200
22,mfeat-zernike,cos_fpde,0.7064113340700245,0.6751827476039847,0.6907970408370047,0.009744687115001512,0.7534524812485605,1.112472744133064e-16,0.785,0.785,47,10,200
22,mfeat-zernike,diff_fpde,0.6879570367895027,0.6628233454117715,0.675390191100637,0.010555101939999645,34.32518662512302,6.294478827051364e-15,0.785,0.785,47,10,200
22,mfeat-zernike,hyb_fpde_grid,0.7064126332966889,0.6801420384824557,0.6932773358895723,0.015290110090002713,0.9812460955967272,6.803260212129292e-17,0.785,0.785,47,10,200
22,mfeat-zernike,lime,0.5285952498685041,0.4697045971147349,0.49914992349161946,0.040506580689999086,0.5007624504294251,,0.785,0.785,47,10,200
22,mfeat-zernike,shap,0.7734647532299382,0.863208528145428,0.8183366406876832,0.5633340933049997,7.970468019971413,,0.785,0.785,47,10,200
