task_id,dataset_name,method,deletion_drop_auc,insertion_auc,combined_score,runtime_seconds,attr_l1_norm,mean_abs_exactness_residual,test_accuracy,test_balanced_accuracy,n_features_transformed,n_classes,ok
3903,pc3,aime,0.04645588526496151,0.9433255257311732,0.4948907054980674,0.010390291726113932,6.324349861838564,,0.8789808917197452,0.5724734042553192,37,2,157
3903,pc3,cos_fpde,0.046938389298957606,0.9436248149922912,0.49528160214562444,0.008657851057323945,1.3908759222454827,1.084588894279512e-16,0.8789808917197452,0.5724734042553192,37,2,157
3903,pc3,diff_fpde,0.04602009129631641,0.9420470490448477,0.49403357017058197,0.008396711070064398,15.100692888670515,4.4886246170752744e-15,0.8789808917197452,0.5724734042553192,37,2,157
3903,pc3,hyb_fpde_grid,0.046938389298957606,0.9436248149922912,0.49528160214562444,0.013413536891719532,1.0,8.163144611794045e-17,0.8789808917197452,0.5724734042553192,37,2,157
3903,pc3,lime,0.05228191581724502,0.9062559709192267,0.4792689433682358,0.015639651414012735,0.3653453245372082,,0.8789808917197452,0.5724734042553192,37,2,157
3903,pc3,shap,0.0012851364274803797,0.7972946707627557,0.39928990359511807,0.07482543683439416,4.5893990763215085,,0.8789808917197452,0.5724734042553192,37,2,157
