method,mean_deletion_drop_auc,std_deletion_drop_auc,mean_insertion_auc,std_insertion_auc,mean_combined_score,std_combined_score,mean_runtime_seconds,std_runtime_seconds,completed_instances,completed_tasks,mean_test_accuracy,mean_test_balanced_accuracy
aime,0.04645588526496151,0.14327536063720087,0.9433255257311732,0.13274782372453997,0.4948907054980674,0.040876776323825824,0.010390291726113932,0.003635208947341767,157,1,0.8789808917197452,0.5724734042553192
cos_fpde,0.046938389298957606,0.14385322408321902,0.9436248149922912,0.131907161903922,0.49528160214562444,0.0416141641414787,0.008657851057323945,0.004505565565107006,157,1,0.8789808917197452,0.5724734042553192
diff_fpde,0.04602009129631641,0.14494419531042385,0.9420470490448477,0.13188926627806916,0.49403357017058197,0.04298902100518038,0.008396711070064398,0.004463725710448387,157,1,0.8789808917197452,0.5724734042553192
hyb_fpde_grid,0.046938389298957606,0.14385322408321902,0.9436248149922912,0.131907161903922,0.49528160214562444,0.0416141641414787,0.013413536891719532,0.005555190988725933,157,1,0.8789808917197452,0.5724734042553192
lime,0.05228191581724502,0.15960038891129408,0.9062559709192267,0.12078508697735636,0.4792689433682358,0.06447340883229978,0.015639651414012735,0.00534136753735698,157,1,0.8789808917197452,0.5724734042553192
shap,0.0012851364274803797,0.1701192498650851,0.7972946707627557,0.15535093698579833,0.39928990359511807,0.1172773685633609,0.07482543683439416,0.017627649530415117,157,1,0.8789808917197452,0.5724734042553192
