task_id,dataset_name,method,deletion_drop_auc,insertion_auc,combined_score,runtime_seconds,attr_l1_norm,mean_abs_exactness_residual,test_accuracy,test_balanced_accuracy,n_features_transformed,n_classes,ok
14952,PhishingWebsites,aime,0.600677527607749,0.9321368802738301,0.7664072039407895,0.010897998720000003,9.682047521269237,,0.953887884267631,0.9512987012987013,68,2,200
14952,PhishingWebsites,cos_fpde,0.6024776112240395,0.9287324212355442,0.7656050162297919,0.009227667329999746,1.3140663017962486,8.571702375670398e-17,0.953887884267631,0.9512987012987013,68,2,200
14952,PhishingWebsites,diff_fpde,0.6045089237414379,0.9307860742884537,0.7676474990149458,0.010021658959999727,6.722768770944779,1.5893536486899507e-15,0.953887884267631,0.9512987012987013,68,2,200
14952,PhishingWebsites,hyb_fpde_grid,0.6045089237414379,0.9307860742884537,0.7676474990149458,0.01669265937499965,1.0,7.599823548254392e-17,0.953887884267631,0.9512987012987013,68,2,200
14952,PhishingWebsites,lime,0.04875233578501035,0.40142007740760216,0.22508620659630627,0.01657669956999996,0.701415989279928,,0.953887884267631,0.9512987012987013,68,2,200
14952,PhishingWebsites,shap,0.4863098684766333,0.8267415696526492,0.6565257190646413,0.07076715987,7.318697810914305,,0.953887884267631,0.9512987012987013,68,2,200
