method,mean_deletion_drop_auc,std_deletion_drop_auc,mean_insertion_auc,std_insertion_auc,mean_combined_score,std_combined_score,mean_runtime_seconds,std_runtime_seconds,completed_instances,completed_tasks,mean_test_accuracy,mean_test_balanced_accuracy
aime,0.600677527607749,0.3645010019329777,0.9321368802738301,0.058700472475925684,0.7664072039407895,0.1635365606537877,0.010897998720000003,0.004664530660324272,200,1,0.953887884267631,0.9512987012987013
cos_fpde,0.6024776112240395,0.36381623101439264,0.9287324212355442,0.061653767027991115,0.7656050162297919,0.16187790945044236,0.009227667329999746,0.003570511165696718,200,1,0.953887884267631,0.9512987012987013
diff_fpde,0.6045089237414379,0.36516579116495756,0.9307860742884537,0.06173262812277338,0.7676474990149458,0.1636650928169408,0.010021658959999727,0.0035524247124870305,200,1,0.953887884267631,0.9512987012987013
hyb_fpde_grid,0.6045089237414379,0.36516579116495756,0.9307860742884537,0.06173262812277338,0.7676474990149458,0.1636650928169408,0.01669265937499965,0.005330531263983796,200,1,0.953887884267631,0.9512987012987013
lime,0.04875233578501035,0.12557913314134622,0.40142007740760216,0.34707682279576424,0.22508620659630627,0.16664997919681873,0.01657669956999996,0.005003505113445327,200,1,0.953887884267631,0.9512987012987013
shap,0.4863098684766333,0.4793486528048122,0.8267415696526492,0.2588482256163685,0.6565257190646413,0.3319769425827989,0.07076715987,0.015542002972539768,200,1,0.953887884267631,0.9512987012987013
