task_id,dataset_name,method,deletion_drop_auc,insertion_auc,combined_score,runtime_seconds,attr_l1_norm,mean_abs_exactness_residual,test_accuracy,test_balanced_accuracy,n_features_transformed,n_classes,ok
10093,banknote-authentication,aime,0.38115393603300946,0.8664632313308168,0.6238085836819132,0.004428282804348228,1.768858308746302,,0.9927536231884058,0.9935064935064934,4,2,138
10093,banknote-authentication,cos_fpde,0.38093835358262507,0.8653098334025217,0.6231240934925734,0.0034978312826086967,1.311668034445356,9.00799161510855e-17,0.9927536231884058,0.9935064935064934,4,2,138
10093,banknote-authentication,diff_fpde,0.38205266258424747,0.8623213336317399,0.6221869981079937,0.003455516521739295,4.538247026239007,4.290297988049886e-16,0.9927536231884058,0.9935064935064934,4,2,138
10093,banknote-authentication,hyb_fpde_grid,0.38096635228780995,0.8634729607849534,0.6222196565363817,0.005436587724638595,0.9995238996026139,7.169561844372261e-17,0.9927536231884058,0.9935064935064934,4,2,138
10093,banknote-authentication,lime,0.2140078924898005,0.7215745103731774,0.46779120143148895,0.018923440499999798,0.6661132509538369,,0.9927536231884058,0.9935064935064934,4,2,138
10093,banknote-authentication,shap,0.31730580771503586,0.6999453136978461,0.5086255607064409,0.05937361227536284,6.520637564747342,,0.9927536231884058,0.9935064935064934,4,2,138
