method,mean_deletion_drop_auc,std_deletion_drop_auc,mean_insertion_auc,std_insertion_auc,mean_combined_score,std_combined_score,mean_runtime_seconds,std_runtime_seconds,completed_instances,completed_tasks,mean_test_accuracy,mean_test_balanced_accuracy
aime,0.5751002701769687,0.2767683570779403,0.7334040795145168,0.21307449356985056,0.6542521748457427,0.14954708222504565,0.004325081875000336,6.832950303850495e-05,200,1,0.9191290824261276,0.9023647207227262
cos_fpde,0.4410384747902705,0.2771081393354697,0.6027540832720001,0.2903433750411584,0.5218962790311352,0.20325488373592918,0.0032723168949989655,0.0010457316961762688,200,1,0.9191290824261276,0.9023647207227262
diff_fpde,0.452803520845838,0.2800589324329365,0.636754864967227,0.2316800133537475,0.5447791929065325,0.1654322747420168,0.0032367446900002507,0.0009118264920472798,200,1,0.9191290824261276,0.9023647207227262
hyb_fpde_grid,0.452803520845838,0.2800589324329365,0.636754864967227,0.2316800133537475,0.5447791929065325,0.1654322747420168,0.007365321819998343,0.0017799240406457947,200,1,0.9191290824261276,0.9023647207227262
lime,0.36214704852077145,0.3083055554245927,0.5563259096690126,0.3202840218966645,0.45923647909489207,0.24346773202182614,0.01658595036999955,0.00030714808120645376,200,1,0.9191290824261276,0.9023647207227262
shap,0.6341881109228023,0.2656792979476608,0.8564502871028323,0.14421232525878946,0.7453191990128173,0.1321968615447861,0.2715945090699984,0.018197307024266012,200,1,0.9191290824261276,0.9023647207227262
