task_id,dataset_name,method,deletion_drop_auc,insertion_auc,combined_score,runtime_seconds,attr_l1_norm,mean_abs_exactness_residual,test_accuracy,test_balanced_accuracy,n_features_transformed,n_classes,ok
2074,satimage,aime,0.5751002701769687,0.7334040795145168,0.6542521748457427,0.004325081875000336,14.24420825223598,,0.9191290824261276,0.9023647207227262,36,6,200
2074,satimage,cos_fpde,0.4410384747902705,0.6027540832720001,0.5218962790311352,0.0032723168949989655,0.7452705073648812,1.050201592356359e-16,0.9191290824261276,0.9023647207227262,36,6,200
2074,satimage,diff_fpde,0.452803520845838,0.636754864967227,0.5447791929065325,0.0032367446900002507,37.638831767243126,4.497235917000353e-15,0.9191290824261276,0.9023647207227262,36,6,200
2074,satimage,hyb_fpde_grid,0.452803520845838,0.636754864967227,0.5447791929065325,0.007365321819998343,1.0,8.219119829178112e-17,0.9191290824261276,0.9023647207227262,36,6,200
2074,satimage,lime,0.36214704852077145,0.5563259096690126,0.45923647909489207,0.01658595036999955,0.6057146903558379,,0.9191290824261276,0.9023647207227262,36,6,200
2074,satimage,shap,0.6341881109228023,0.8564502871028323,0.7453191990128173,0.2715945090699984,6.696559609642868,,0.9191290824261276,0.9023647207227262,36,6,200
