task_id,dataset_name,method,deletion_drop_auc,insertion_auc,combined_score,runtime_seconds,attr_l1_norm,mean_abs_exactness_residual,test_accuracy,test_balanced_accuracy,n_features_transformed,n_classes,ok
14970,har,aime,0.6780511678381361,0.781947792734468,0.729999480286302,0.048965028490004274,108.52919310115651,,0.9941747572815534,0.9944016082995982,561,6,200
14970,har,cos_fpde,0.8122968690608645,0.8066277011008305,0.8094622850808474,0.011374859430000299,0.30864694917943836,7.907303284371281e-17,0.9941747572815534,0.9944016082995982,561,6,200
14970,har,diff_fpde,0.6920566824650686,0.741351508097868,0.7167040952814682,0.020768900939999783,202.3595119440774,2.8537172624965026e-14,0.9941747572815534,0.9944016082995982,561,6,200
14970,har,hyb_fpde_grid,0.8122968690608645,0.8066277011008305,0.8094622850808474,0.0386452420399992,1.0,3.652893959538162e-17,0.9941747572815534,0.9944016082995982,561,6,200
14970,har,lime,0.40486123720016776,0.48263457307059565,0.4437479051353817,0.21146479405499918,3.9786626589348644,,0.9941747572815534,0.9944016082995982,561,6,200
14970,har,shap,0.833872346942927,0.9726133031009926,0.9032428250219597,0.28093637553500217,8.373340758513974,,0.9941747572815534,0.9944016082995982,561,6,200
