task_id,dataset_name,method,deletion_drop_auc,insertion_auc,combined_score,runtime_seconds,attr_l1_norm,mean_abs_exactness_residual,test_accuracy,test_balanced_accuracy,n_features_transformed,n_classes,ok
3913,kc2,aime,0.12658745753117037,0.8484987290591545,0.4875430932951624,0.004903399716980329,6.714061191994436,,0.7924528301886793,0.6677489177489178,21,2,53
3913,kc2,cos_fpde,0.12627624740159438,0.8486062496204778,0.48744124851103615,0.003653778018868859,1.6923277377309645,1.869573678260287e-16,0.7924528301886793,0.6677489177489178,21,2,53
3913,kc2,diff_fpde,0.13294070299714827,0.851542303068853,0.4922415030330006,0.0036436715094333,21.68288051738852,2.0460572439672107e-15,0.7924528301886793,0.6677489177489178,21,2,53
3913,kc2,hyb_fpde_grid,0.1305084597423882,0.8510730936756625,0.4907907767090253,0.005447009207547128,0.9817252308929707,1.0421433108509724e-16,0.7924528301886793,0.6677489177489178,21,2,53
3913,kc2,lime,0.079861127549459,0.8113751906993103,0.4456181591243847,0.009503186943395588,0.46070384688695104,,0.7924528301886793,0.6677489177489178,21,2,53
3913,kc2,shap,0.06477663733412327,0.7362945488570104,0.40053559309556686,0.030552680566038277,4.169072049558044,,0.7924528301886793,0.6677489177489178,21,2,53
