method,mean_deletion_drop_auc,std_deletion_drop_auc,mean_insertion_auc,std_insertion_auc,mean_combined_score,std_combined_score,mean_runtime_seconds,std_runtime_seconds,completed_instances,completed_tasks,mean_test_accuracy,mean_test_balanced_accuracy
aime,0.10490739382775771,0.23255806783746696,0.8548630271024346,0.22416672379615635,0.4798852104650961,0.05965697442439853,0.00460522116949172,8.863980394081373e-05,59,1,0.6949152542372882,0.5756302521008403
cos_fpde,0.1182762951425704,0.2268642471120027,0.8620372554340765,0.21137754524777072,0.4901567752883235,0.055667133986083986,0.0035255776440682807,5.4953532002486004e-05,59,1,0.6949152542372882,0.5756302521008403
diff_fpde,0.11354432763843286,0.22583414687136089,0.862127882865852,0.21262626452839242,0.48783610525214244,0.05628562820948877,0.00348339415254014,4.126355180897845e-05,59,1,0.6949152542372882,0.5756302521008403
hyb_fpde_grid,0.1182762951425704,0.2268642471120027,0.8620372554340765,0.21137754524777072,0.4901567752883235,0.055667133986083986,0.005266597779662573,5.0645831426309236e-05,59,1,0.6949152542372882,0.5756302521008403
lime,-0.04164365102170428,0.17504720204239219,0.7434172146026495,0.3090165768334482,0.3508867817904726,0.1265092590904466,0.00877554094915055,0.0001453631517029218,59,1,0.6949152542372882,0.5756302521008403
shap,0.007954808557332051,0.29946841340641706,0.7510875088679524,0.19733126658556524,0.3795211587126422,0.14819029016077875,0.03322133710169556,0.02614340099616961,59,1,0.6949152542372882,0.5756302521008403
