task_id,dataset_name,method,deletion_drop_auc,insertion_auc,combined_score,runtime_seconds,attr_l1_norm,mean_abs_exactness_residual,test_accuracy,test_balanced_accuracy,n_features_transformed,n_classes,ok
9971,ilpd,aime,0.10490739382775771,0.8548630271024346,0.4798852104650961,0.00460522116949172,4.058185884966324,,0.6949152542372882,0.5756302521008403,11,2,59
9971,ilpd,cos_fpde,0.1182762951425704,0.8620372554340765,0.4901567752883235,0.0035255776440682807,1.3374997721663588,7.793024700129707e-17,0.6949152542372882,0.5756302521008403,11,2,59
9971,ilpd,diff_fpde,0.11354432763843286,0.862127882865852,0.48783610525214244,0.00348339415254014,4.290945452063298,1.885026974437713e-15,0.6949152542372882,0.5756302521008403,11,2,59
9971,ilpd,hyb_fpde_grid,0.1182762951425704,0.8620372554340765,0.4901567752883235,0.005266597779662573,1.0,5.282085973885312e-17,0.6949152542372882,0.5756302521008403,11,2,59
9971,ilpd,lime,-0.04164365102170428,0.7434172146026495,0.3508867817904726,0.00877554094915055,0.22849130476937668,,0.6949152542372882,0.5756302521008403,11,2,59
9971,ilpd,shap,0.007954808557332051,0.7510875088679524,0.3795211587126422,0.03322133710169556,3.119129222293109,,0.6949152542372882,0.5756302521008403,11,2,59
