task_id,dataset_name,method,deletion_drop_auc,insertion_auc,combined_score,runtime_seconds,attr_l1_norm,mean_abs_exactness_residual,test_accuracy,test_balanced_accuracy,n_features_transformed,n_classes,ok
3904,jm1,aime,0.11361238079126211,0.7836630348551442,0.44863770782320317,0.0053253335749974436,7.997547577027948,,0.8089990817263545,0.5737161148236514,21,2,200
3904,jm1,cos_fpde,0.11533400017812859,0.7847059910441242,0.4500199956111263,0.004152150410001241,1.6353373915790925,1.272940086671781e-16,0.8089990817263545,0.5737161148236514,21,2,200
3904,jm1,diff_fpde,0.12296778979204097,0.7892720468396512,0.4561199183158461,0.004090143680002143,9.057435584243988,1.3489209749195652e-15,0.8089990817263545,0.5737161148236514,21,2,200
3904,jm1,hyb_fpde_grid,0.12296778979204097,0.7892720468396512,0.4561199183158461,0.00962739557500015,1.0,9.141125356659785e-17,0.8089990817263545,0.5737161148236514,21,2,200
3904,jm1,lime,0.06156334573908323,0.7146441783640978,0.38810376205159053,0.010835510979998447,0.41883916020284073,,0.8089990817263545,0.5737161148236514,21,2,200
3904,jm1,shap,0.019125027696480577,0.6486733368732264,0.3338991822848535,0.06668381394000164,1.7082293454357325,,0.8089990817263545,0.5737161148236514,21,2,200
