task_id,dataset_name,method,deletion_drop_auc,insertion_auc,combined_score,runtime_seconds,attr_l1_norm,mean_abs_exactness_residual,test_accuracy,test_balanced_accuracy,n_features_transformed,n_classes,ok
3,kr-vs-kp,aime,0.7309817302671372,0.9694084796009007,0.850195104934019,0.01137379754999955,11.47681993698083,,0.99375,0.993738014167743,73,2,200
3,kr-vs-kp,cos_fpde,0.7224272206009812,0.9672618763656295,0.8448445484833053,0.011126002574999915,1.3373662928874988,5.450175900867382e-17,0.99375,0.993738014167743,73,2,200
3,kr-vs-kp,diff_fpde,0.7229612854371432,0.9675252367608436,0.8452432610989934,0.00978708379000011,4.425035102555913,1.101514712775753e-15,0.99375,0.993738014167743,73,2,200
3,kr-vs-kp,hyb_fpde_grid,0.7228576116120209,0.9675180247645266,0.8451878181882738,0.016618496999997633,1.0,4.769839037632728e-17,0.99375,0.993738014167743,73,2,200
3,kr-vs-kp,lime,0.06709056079716916,0.29803840252888514,0.18256448166302713,0.02085874844000031,1.0177650514095304,,0.99375,0.993738014167743,73,2,200
3,kr-vs-kp,shap,0.4006382937655538,0.5916056918038363,0.49612199278469504,0.08119806877000045,9.166109481320001,,0.99375,0.993738014167743,73,2,200
