task_id,dataset_name,method,deletion_drop_auc,insertion_auc,combined_score,runtime_seconds,attr_l1_norm,mean_abs_exactness_residual,test_accuracy,test_balanced_accuracy,n_features_transformed,n_classes,ok
14969,GesturePhaseSegmentationProcessed,aime,0.3070008856349939,0.5724713832530516,0.4397361344440227,0.010320886600000065,5.131127976625867,,0.6396761133603239,0.5778871297444972,32,5,200
14969,GesturePhaseSegmentationProcessed,cos_fpde,0.3128345526688646,0.5715557792760597,0.44219516597246217,0.007888808300000676,0.8460354855806668,6.650496126026084e-17,0.6396761133603239,0.5778871297444972,32,5,200
14969,GesturePhaseSegmentationProcessed,diff_fpde,0.3015710104615763,0.5591645991626154,0.4303678048120958,0.007511986950001414,6.070351460313669,2.1196239208265412e-15,0.6396761133603239,0.5778871297444972,32,5,200
14969,GesturePhaseSegmentationProcessed,hyb_fpde_grid,0.3128345526688646,0.5715557792760597,0.44219516597246217,0.01557938862499995,1.0,5.562824506588627e-17,0.6396761133603239,0.5778871297444972,32,5,200
14969,GesturePhaseSegmentationProcessed,lime,0.12213180920030713,0.39103199956844725,0.2565819043843772,0.022471985619999513,0.36485525465082896,,0.6396761133603239,0.5778871297444972,32,5,200
14969,GesturePhaseSegmentationProcessed,shap,0.34303636605435117,0.6507306243689034,0.4968834952116273,0.3086192749750012,2.380996317732462,,0.6396761133603239,0.5778871297444972,32,5,200
