method,mean_deletion_drop_auc,std_deletion_drop_auc,mean_insertion_auc,std_insertion_auc,mean_combined_score,std_combined_score,mean_runtime_seconds,std_runtime_seconds,completed_instances,completed_tasks,mean_test_accuracy,mean_test_balanced_accuracy
aime,0.3070008856349939,0.16479091508009613,0.5724713832530516,0.13843857489538594,0.4397361344440227,0.13501271177069799,0.010320886600000065,0.0033233579469208415,200,1,0.6396761133603239,0.5778871297444972
cos_fpde,0.3128345526688646,0.15946967941819012,0.5715557792760597,0.14654293862867399,0.44219516597246217,0.13910056417938002,0.007888808300000676,0.003698384703625372,200,1,0.6396761133603239,0.5778871297444972
diff_fpde,0.3015710104615763,0.1551659446864489,0.5591645991626154,0.1543988286140549,0.4303678048120958,0.13712315463939065,0.007511986950001414,0.003367625502073871,200,1,0.6396761133603239,0.5778871297444972
hyb_fpde_grid,0.3128345526688646,0.15946967941819012,0.5715557792760597,0.14654293862867399,0.44219516597246217,0.13910056417938002,0.01557938862499995,0.0043904250364779265,200,1,0.6396761133603239,0.5778871297444972
lime,0.12213180920030713,0.14853396460295748,0.39103199956844725,0.1437144707283448,0.2565819043843772,0.1293539669759787,0.022471985619999513,0.004178732364751012,200,1,0.6396761133603239,0.5778871297444972
shap,0.34303636605435117,0.1452737631305274,0.6507306243689034,0.13344287500366503,0.4968834952116273,0.12288720789479074,0.3086192749750012,0.020441040146715328,200,1,0.6396761133603239,0.5778871297444972
