method,mean_deletion_drop_auc,std_deletion_drop_auc,mean_insertion_auc,std_insertion_auc,mean_combined_score,std_combined_score,mean_runtime_seconds,std_runtime_seconds,completed_instances,completed_tasks,mean_test_accuracy,mean_test_balanced_accuracy
aime,0.5014307928575688,0.4192490969763086,0.9737157204269704,0.035087695278282434,0.7375732566422696,0.20140570731617047,0.03749273876000046,0.009559019199105418,200,1,0.9561128526645768,0.9508279186465617
cos_fpde,0.4994936230024425,0.41958522577134655,0.9491373401172011,0.09350060984028705,0.7243154815598218,0.1945655848855122,0.013618113464996782,0.004897673045633038,200,1,0.9561128526645768,0.9508279186465617
diff_fpde,0.4881953263052637,0.42540657275979726,0.9413736223490176,0.11013978131209004,0.7147844743271407,0.19654091352087177,0.022944376740001646,0.006804835537414042,200,1,0.9561128526645768,0.9508279186465617
hyb_fpde_grid,0.4930293708281967,0.42268709988164577,0.950276018919128,0.08919451426835874,0.7216526948736625,0.19618435641551388,0.019175272245003327,0.002812422695878237,200,1,0.9561128526645768,0.9508279186465617
lime,0.0628340981406283,0.11629922879828397,0.5462388493015634,0.4126318412101312,0.3045364737210959,0.17790530625417442,0.18581457080000077,0.06724102355897014,200,1,0.9561128526645768,0.9508279186465617
shap,0.5081903720066573,0.4161999117455679,0.9572012637766122,0.09543025421833282,0.7326958178916348,0.19782740238824945,0.1820002195949988,0.018806688573127478,200,1,0.9561128526645768,0.9508279186465617
