task_id,dataset_name,method,deletion_drop_auc,insertion_auc,combined_score,runtime_seconds,attr_l1_norm,mean_abs_exactness_residual,test_accuracy,test_balanced_accuracy,n_features_transformed,n_classes,ok
3917,kc1,aime,0.12053418930605282,0.8048122212878513,0.46267320529695205,0.005493859529999554,10.343713340801711,,0.8625592417061612,0.6623603351955307,21,2,200
3917,kc1,cos_fpde,0.12084546227354055,0.8049540994114366,0.46289978084248856,0.004244306500000761,1.783509126018725,1.4460654895742664e-16,0.8625592417061612,0.6623603351955307,21,2,200
3917,kc1,diff_fpde,0.11504595569209211,0.7948998673109111,0.4549729115015016,0.004198676635000069,31.39479185742572,5.296874050486622e-15,0.8625592417061612,0.6623603351955307,21,2,200
3917,kc1,hyb_fpde_grid,0.12084546227354055,0.8049540994114366,0.46289978084248856,0.006865594765000225,1.0,8.475858903622679e-17,0.8625592417061612,0.6623603351955307,21,2,200
3917,kc1,lime,0.06869046783809134,0.6860606321841978,0.3773755500111446,0.011325822660000782,0.2717341899360069,,0.8625592417061612,0.6623603351955307,21,2,200
3917,kc1,shap,0.05192903864997108,0.6361888145170489,0.34405892658351,0.0694988145649996,3.216802183603119,,0.8625592417061612,0.6623603351955307,21,2,200
