method,mean_deletion_drop_auc,std_deletion_drop_auc,mean_insertion_auc,std_insertion_auc,mean_combined_score,std_combined_score,mean_runtime_seconds,std_runtime_seconds,completed_instances,completed_tasks,mean_test_accuracy,mean_test_balanced_accuracy
aime,0.12053418930605282,0.10692928982083787,0.8048122212878513,0.1261024244349906,0.46267320529695205,0.08201841988184896,0.005493859529999554,8.624437638536879e-05,200,1,0.8625592417061612,0.6623603351955307
cos_fpde,0.12084546227354055,0.10790290304579102,0.8049540994114366,0.12625267815200494,0.46289978084248856,0.08252066575900001,0.004244306500000761,3.3104225358379e-05,200,1,0.8625592417061612,0.6623603351955307
diff_fpde,0.11504595569209211,0.10765529714591121,0.7948998673109111,0.1252147430449013,0.4549729115015016,0.08476319400983738,0.004198676635000069,3.689238430551077e-05,200,1,0.8625592417061612,0.6623603351955307
hyb_fpde_grid,0.12084546227354055,0.10790290304579102,0.8049540994114366,0.12625267815200494,0.46289978084248856,0.08252066575900001,0.006865594765000225,0.00026433724373918944,200,1,0.8625592417061612,0.6623603351955307
lime,0.06869046783809134,0.10692510757926435,0.6860606321841978,0.11560552384959082,0.3773755500111446,0.08110102176673069,0.011325822660000782,0.0001289951777376631,200,1,0.8625592417061612,0.6623603351955307
shap,0.05192903864997108,0.1471820659047852,0.6361888145170489,0.10592323401182097,0.34405892658351,0.10623336974653688,0.0694988145649996,0.013399253968656944,200,1,0.8625592417061612,0.6623603351955307
