method,mean_deletion_drop_auc,std_deletion_drop_auc,mean_insertion_auc,std_insertion_auc,mean_combined_score,std_combined_score,mean_runtime_seconds,std_runtime_seconds,completed_instances,completed_tasks,mean_test_accuracy,mean_test_balanced_accuracy
aime,0.31543876752908023,0.1898118903979737,0.4650370699348524,0.15148005835692882,0.3902379187319663,0.1507514265236163,0.08694498692004117,0.006535657058613189,200,1,0.4965,0.4965
cos_fpde,0.3073980158112961,0.18090138441618436,0.38073108682932694,0.1784304071405138,0.3440645513203115,0.14537626406526255,0.04555237721499452,0.0008154271007495607,200,1,0.4965,0.4965
diff_fpde,0.29627376872389166,0.1820155795293381,0.376794675151978,0.15464030305373752,0.3365342219379348,0.14209372090269742,0.04573190003995478,0.003443131256854155,200,1,0.4965,0.4965
hyb_fpde_grid,0.3073980158112961,0.18090138441618436,0.38073108682932694,0.1784304071405138,0.3440645513203115,0.14537626406526255,1.086009433859981,0.015610383013019051,200,1,0.4965,0.4965
lime,0.1947811488261026,0.18900084834416767,0.24236324231900674,0.10319881619626277,0.2185721955725547,0.12190002697166899,0.6486091291399907,0.0770682695590623,200,1,0.4965,0.4965
shap,0.3683763582511809,0.1927657894174405,0.685852568728807,0.14284373855204702,0.5271144634899939,0.15310373785372502,0.628209641259989,0.016774474400840053,200,1,0.4965,0.4965
