task_id,dataset_name,method,deletion_drop_auc,insertion_auc,combined_score,runtime_seconds,attr_l1_norm,mean_abs_exactness_residual,test_accuracy,test_balanced_accuracy,n_features_transformed,n_classes,ok
167124,CIFAR_10,aime,0.31543876752908023,0.4650370699348524,0.3902379187319663,0.08694498692004117,641.8670698911759,,0.4965,0.4965,3072,10,200
167124,CIFAR_10,cos_fpde,0.3073980158112961,0.38073108682932694,0.3440645513203115,0.04555237721499452,0.6920980040640756,6.162605148407607e-17,0.4965,0.4965,3072,10,200
167124,CIFAR_10,diff_fpde,0.29627376872389166,0.376794675151978,0.3365342219379348,0.04573190003995478,1011.9553702424602,2.3816504324258856e-13,0.4965,0.4965,3072,10,200
167124,CIFAR_10,hyb_fpde_grid,0.3073980158112961,0.38073108682932694,0.3440645513203115,1.086009433859981,1.0,3.3986214450359983e-17,0.4965,0.4965,3072,10,200
167124,CIFAR_10,lime,0.1947811488261026,0.24236324231900674,0.2185721955725547,0.6486091291399907,1.0894484476232584,,0.4965,0.4965,3072,10,200
167124,CIFAR_10,shap,0.3683763582511809,0.685852568728807,0.5271144634899939,0.628209641259989,4.95232373212033,,0.4965,0.4965,3072,10,200
