task_id,dataset_name,method,deletion_drop_auc,insertion_auc,combined_score,runtime_seconds,attr_l1_norm,mean_abs_exactness_residual,test_accuracy,test_balanced_accuracy,n_features_transformed,n_classes,ok
9977,nomao,aime,0.31429807202964055,0.9570477140795727,0.6356728930546066,0.023743262015000113,26.10965218900697,,0.9643167972149694,0.9542819088361408,174,2,200
9977,nomao,cos_fpde,0.3201448568583264,0.9586098902059532,0.6393773735321399,0.020439250814999924,1.2908304303702993,1.2245846697789276e-16,0.9643167972149694,0.9542819088361408,174,2,200
9977,nomao,diff_fpde,0.3092052432647904,0.9568432980054954,0.6330242706351429,0.020983406864999807,73.97222897737082,1.1068368444000497e-14,0.9643167972149694,0.9542819088361408,174,2,200
9977,nomao,hyb_fpde_grid,0.3201448568583264,0.9586098902059532,0.6393773735321399,0.041680068069999694,1.0,6.643990912991171e-17,0.9643167972149694,0.9542819088361408,174,2,200
9977,nomao,lime,0.19700732168421062,0.8151998393969856,0.5061035805405981,0.05656992034000027,1.4290336056739286,,0.9643167972149694,0.9542819088361408,174,2,200
9977,nomao,shap,0.3304122536481943,0.7666237600544593,0.5485180068513268,0.06862815441499975,5.336214147838881,,0.9643167972149694,0.9542819088361408,174,2,200
