method,mean_deletion_drop_auc,std_deletion_drop_auc,mean_insertion_auc,std_insertion_auc,mean_combined_score,std_combined_score,mean_runtime_seconds,std_runtime_seconds,completed_instances,completed_tasks,mean_test_accuracy,mean_test_balanced_accuracy
aime,0.8245898714079122,0.22259752286811263,0.8345247073829976,0.09079791962145092,0.8295572893954549,0.10195880590381154,0.06511555604000023,0.009455371017330624,200,1,0.9694285714285713,0.9692563493255953
cos_fpde,0.8326795621487568,0.20726616098164935,0.6839787582424876,0.24801085422291466,0.7583291601956222,0.13148179458202325,0.018223141234994956,0.0008868377966965998,200,1,0.9694285714285713,0.9692563493255953
diff_fpde,0.8236609924650464,0.2048009851944061,0.6920291606927499,0.20579835611070865,0.7578450765788982,0.1256701133085902,0.02025713326000073,0.004648567277769125,200,1,0.9694285714285713,0.9692563493255953
hyb_fpde_grid,0.8326795621487568,0.20726616098164935,0.6839787582424876,0.24801085422291466,0.7583291601956222,0.13148179458202325,0.30182186337998473,0.006964313532973946,200,1,0.9694285714285713,0.9692563493255953
lime,0.37831236102970783,0.269749005752762,0.25128823924302407,0.21075129983569552,0.31480030013636595,0.12353154238642695,0.2922593088050064,0.07363193094956275,200,1,0.9694285714285713,0.9692563493255953
shap,0.8642425557316328,0.20637116198849337,0.9121362006107971,0.060522897675842305,0.8881893781712149,0.10336974005718598,0.6060939099500058,0.019148736549348212,200,1,0.9694285714285713,0.9692563493255953
