task_id,dataset_name,method,deletion_drop_auc,insertion_auc,combined_score,runtime_seconds,attr_l1_norm,mean_abs_exactness_residual,test_accuracy,test_balanced_accuracy,n_features_transformed,n_classes,ok
3573,mnist_784,aime,0.8245898714079122,0.8345247073829976,0.8295572893954549,0.06511555604000023,45.4873007633781,,0.9694285714285713,0.9692563493255953,784,10,200
3573,mnist_784,cos_fpde,0.8326795621487568,0.6839787582424876,0.7583291601956222,0.018223141234994956,0.7707569214513051,3.7036346212104834e-17,0.9694285714285713,0.9692563493255953,784,10,200
3573,mnist_784,diff_fpde,0.8236609924650464,0.6920291606927499,0.7578450765788982,0.02025713326000073,297.03166956377464,1.3098855333737446e-13,0.9694285714285713,0.9692563493255953,784,10,200
3573,mnist_784,hyb_fpde_grid,0.8326795621487568,0.6839787582424876,0.7583291601956222,0.30182186337998473,1.0,4.0409841271793476e-17,0.9694285714285713,0.9692563493255953,784,10,200
3573,mnist_784,lime,0.37831236102970783,0.25128823924302407,0.31480030013636595,0.2922593088050064,2.452696548358807,,0.9694285714285713,0.9692563493255953,784,10,200
3573,mnist_784,shap,0.8642425557316328,0.9121362006107971,0.8881893781712149,0.6060939099500058,8.28033424038819,,0.9694285714285713,0.9692563493255953,784,10,200
