method,mean_deletion_drop_auc,std_deletion_drop_auc,mean_insertion_auc,std_insertion_auc,mean_combined_score,std_combined_score,mean_runtime_seconds,std_runtime_seconds,completed_instances,completed_tasks,mean_test_accuracy,mean_test_balanced_accuracy
aime,0.7665307556420501,0.14182053294669206,0.7402382623308468,0.18416271554980151,0.7533845089864485,0.11575297218774395,0.005774871075001329,0.0003726887891159484,200,1,0.99,0.9899343313163961
cos_fpde,0.7436046795011346,0.17127711998763087,0.637142592472678,0.23443449610032546,0.6903736359869064,0.14469616823212375,0.004403788915001883,0.0009939211290912644,200,1,0.99,0.9899343313163961
diff_fpde,0.6591549307652633,0.2074819138905042,0.541249731990644,0.22837295273454433,0.6002023313779535,0.1563280355859328,0.004347001885004715,0.0009943147632433921,200,1,0.99,0.9899343313163961
hyb_fpde_grid,0.7436046795011346,0.17127711998763087,0.637142592472678,0.23443449610032546,0.6903736359869064,0.14469616823212375,0.012951133119998418,0.0019374502723208374,200,1,0.99,0.9899343313163961
lime,0.48200347096039214,0.3472768401802932,0.4737446962237178,0.31300434618877704,0.4778740835920549,0.28781207354452676,0.030048842630001786,0.0008235671487473999,200,1,0.99,0.9899343313163961
shap,0.8604033462645202,0.09625231750807725,0.8984481884315727,0.08089213707295426,0.8794257673480464,0.051246820300731334,0.575044632094997,0.0263587381020059,200,1,0.99,0.9899343313163961
