task_id,dataset_name,method,deletion_drop_auc,insertion_auc,combined_score,runtime_seconds,attr_l1_norm,mean_abs_exactness_residual,test_accuracy,test_balanced_accuracy,n_features_transformed,n_classes,ok
32,pendigits,aime,0.7665307556420501,0.7402382623308468,0.7533845089864485,0.005774871075001329,5.034162747612719,,0.99,0.9899343313163961,16,10,200
32,pendigits,cos_fpde,0.7436046795011346,0.637142592472678,0.6903736359869064,0.004403788915001883,0.9844290821675643,7.955441860829637e-17,0.99,0.9899343313163961,16,10,200
32,pendigits,diff_fpde,0.6591549307652633,0.541249731990644,0.6002023313779535,0.004347001885004715,18.569672471155613,1.7003065622134272e-15,0.99,0.9899343313163961,16,10,200
32,pendigits,hyb_fpde_grid,0.7436046795011346,0.637142592472678,0.6903736359869064,0.012951133119998418,1.0,5.841247624482904e-17,0.99,0.9899343313163961,16,10,200
32,pendigits,lime,0.48200347096039214,0.4737446962237178,0.4778740835920549,0.030048842630001786,0.3694893351024205,,0.99,0.9899343313163961,16,10,200
32,pendigits,shap,0.8604033462645202,0.8984481884315727,0.8794257673480464,0.575044632094997,9.586762920380748,,0.99,0.9899343313163961,16,10,200
