task_id,dataset_name,method,deletion_drop_auc,insertion_auc,combined_score,runtime_seconds,attr_l1_norm,mean_abs_exactness_residual,test_accuracy,test_balanced_accuracy,n_features_transformed,n_classes,ok
167124,CIFAR_10,aime,0.3258341022031134,0.47218276743358784,0.39900843481835063,0.0887805492399957,652.4419180392913,,0.5043333333333333,0.5043333333333333,3072,10,200
167124,CIFAR_10,cos_fpde,0.3201993160657716,0.40576278850139763,0.3629810522835847,0.045491555489998066,0.7052519834769155,5.3724386051001714e-17,0.5043333333333333,0.5043333333333333,3072,10,200
167124,CIFAR_10,diff_fpde,0.30754431148370315,0.39750685578781175,0.3525255836357574,0.04567999539499624,1001.8936961510761,2.4226842754160314e-13,0.5043333333333333,0.5043333333333333,3072,10,200
167124,CIFAR_10,hyb_fpde_grid,0.31248674539594845,0.4025104470883595,0.35749859624215397,0.9822647209499814,0.9783084455485844,4.0627223807376825e-17,0.5043333333333333,0.5043333333333333,3072,10,200
167124,CIFAR_10,lime,0.18599207323960423,0.23592249173571603,0.2109572824876601,0.6728800255200054,1.1408335924154784,,0.5043333333333333,0.5043333333333333,3072,10,200
167124,CIFAR_10,shap,0.37840011574601334,0.6939209796467891,0.5361605476964012,0.6468150534799952,4.97991985786982,,0.5043333333333333,0.5043333333333333,3072,10,200
