task_id,dataset_name,method,deletion_drop_auc,insertion_auc,combined_score,runtime_seconds,attr_l1_norm,mean_abs_exactness_residual,test_accuracy,test_balanced_accuracy,n_features_transformed,n_classes,ok
3021,sick,aime,0.05509250982218062,0.9967750799544349,0.5259337948883078,0.011533140444998367,5.850110233023487,,0.9920634920634922,0.934782608695652,53,2,200
3021,sick,cos_fpde,0.0593727361706645,0.9967585261330055,0.5280656311518349,0.009442179185003284,1.1512139384475188,1.0984092867032114e-16,0.9920634920634922,0.934782608695652,53,2,200
3021,sick,diff_fpde,0.06045647594501574,0.9967388923174394,0.5285976841312275,0.010165117980000672,7.583844455118265,3.724243136105088e-15,0.9920634920634922,0.934782608695652,53,2,200
3021,sick,hyb_fpde_grid,0.0593727361706645,0.9967585261330055,0.5280656311518349,0.015368625219996943,1.0,9.645638508835181e-17,0.9920634920634922,0.934782608695652,53,2,200
3021,sick,lime,0.003659058336998329,0.9488029509646322,0.4762310046508153,0.018840114670002208,0.3736342570549973,,0.9920634920634922,0.934782608695652,53,2,200
3021,sick,shap,0.03887440214570794,0.9481842250014821,0.4935293135735951,0.07155089956499808,2.3795050591509135,,0.9920634920634922,0.934782608695652,53,2,200
