method,mean_deletion_drop_auc,std_deletion_drop_auc,mean_insertion_auc,std_insertion_auc,mean_combined_score,std_combined_score,mean_runtime_seconds,std_runtime_seconds,completed_instances,completed_tasks,mean_test_accuracy,mean_test_balanced_accuracy
aime,0.8209298530005716,0.2066278389913564,0.8201775501365647,0.18210584621638568,0.8205537015685682,0.1583499322288908,0.005752761232324219,0.00011211379295764692,99,1,0.9191919191919192,0.919191919191919
cos_fpde,0.7539095712448476,0.2434391534338506,0.5690447697480377,0.3336139500090258,0.6614771704964426,0.22919437196275408,0.004406477545455628,6.286311513045328e-05,99,1,0.9191919191919192,0.919191919191919
diff_fpde,0.7400041263448003,0.2634293066305043,0.6340331598023724,0.3012529795037245,0.6870186430735863,0.23654813985174836,0.004356187808078938,5.6456674199235525e-05,99,1,0.9191919191919192,0.919191919191919
hyb_fpde_grid,0.7400041263448003,0.2634293066305043,0.6340331598023724,0.3012529795037245,0.6870186430735863,0.23654813985174836,0.00704712344444582,0.0003783318318063824,99,1,0.9191919191919192,0.919191919191919
lime,0.5585598538730118,0.3079921469676574,0.36945268555100386,0.2939509417197039,0.46400626971200776,0.2357480420487495,0.03706393520201919,0.0006204234364324678,99,1,0.9191919191919192,0.919191919191919
shap,0.826461824441536,0.2344315065123152,0.8578719206809092,0.15079240075509875,0.8421668725612226,0.15587246904566315,0.5903743993636339,0.026815451385206576,99,1,0.9191919191919192,0.919191919191919
