task_id,dataset_name,method,deletion_drop_auc,insertion_auc,combined_score,runtime_seconds,attr_l1_norm,mean_abs_exactness_residual,test_accuracy,test_balanced_accuracy,n_features_transformed,n_classes,ok
3022,vowel,aime,0.8209298530005716,0.8201775501365647,0.8205537015685682,0.005752761232324219,3.634511464695889,,0.9191919191919192,0.919191919191919,27,11,99
3022,vowel,cos_fpde,0.7539095712448476,0.5690447697480377,0.6614771704964426,0.004406477545455628,0.6381305392411287,1.0946280358007186e-16,0.9191919191919192,0.919191919191919,27,11,99
3022,vowel,diff_fpde,0.7400041263448003,0.6340331598023724,0.6870186430735863,0.004356187808078938,5.397591226411486,1.2361043726192715e-15,0.9191919191919192,0.919191919191919,27,11,99
3022,vowel,hyb_fpde_grid,0.7400041263448003,0.6340331598023724,0.6870186430735863,0.00704712344444582,1.0,5.5957973944767e-17,0.9191919191919192,0.919191919191919,27,11,99
3022,vowel,lime,0.5585598538730118,0.36945268555100386,0.46400626971200776,0.03706393520201919,0.3403795699855885,,0.9191919191919192,0.919191919191919,27,11,99
3022,vowel,shap,0.826461824441536,0.8578719206809092,0.8421668725612226,0.5903743993636339,7.42623139792474,,0.9191919191919192,0.919191919191919,27,11,99
