method,mean_deletion_drop_auc,std_deletion_drop_auc,mean_insertion_auc,std_insertion_auc,mean_combined_score,std_combined_score,mean_runtime_seconds,std_runtime_seconds,completed_instances,completed_tasks,mean_test_accuracy,mean_test_balanced_accuracy
aime,0.8311589235489677,0.1971024124268181,0.9096185908056637,0.08298379339050514,0.8703887571773157,0.10286149070408303,0.011418087250000255,0.007011500394035722,200,1,0.9715302491103202,0.9717061462433514
cos_fpde,0.8264748494129709,0.19470278698633292,0.8297632055468901,0.1748632789798019,0.8281190274799306,0.1196386481214003,0.01149594056999952,0.002993364090374549,200,1,0.9715302491103202,0.9717061462433514
diff_fpde,0.7843880616491119,0.22149161614263224,0.803009769449045,0.15554691092772502,0.7936989155490783,0.12562999810112124,0.010128274969999821,0.005040028318227946,200,1,0.9715302491103202,0.9717061462433514
hyb_fpde_grid,0.8264748494129709,0.19470278698633292,0.8297632055468901,0.1748632789798019,0.8281190274799306,0.1196386481214003,0.018040036464999788,0.005707410507682798,200,1,0.9715302491103202,0.9717061462433514
lime,0.3043976741183007,0.2783774230570635,0.34255934123211973,0.2714694003409524,0.3234785076752102,0.20225292177394733,0.03537284153000002,0.006604801191053385,200,1,0.9715302491103202,0.9717061462433514
shap,0.8505920815916734,0.18624696209097294,0.9341574834111783,0.09311000738509201,0.8923747825014259,0.1058988174892132,0.5777560911949984,0.02009534534403609,200,1,0.9715302491103202,0.9717061462433514
