task_id,dataset_name,method,deletion_drop_auc,insertion_auc,combined_score,runtime_seconds,attr_l1_norm,mean_abs_exactness_residual,test_accuracy,test_balanced_accuracy,n_features_transformed,n_classes,ok
28,optdigits,aime,0.8311589235489677,0.9096185908056637,0.8703887571773157,0.011418087250000255,9.956507319627994,,0.9715302491103202,0.9717061462433514,64,10,200
28,optdigits,cos_fpde,0.8264748494129709,0.8297632055468901,0.8281190274799306,0.01149594056999952,0.999228634449314,5.773159728050814e-17,0.9715302491103202,0.9717061462433514,64,10,200
28,optdigits,diff_fpde,0.7843880616491119,0.803009769449045,0.7936989155490783,0.010128274969999821,50.715476514510094,4.939382236557322e-15,0.9715302491103202,0.9717061462433514,64,10,200
28,optdigits,hyb_fpde_grid,0.8264748494129709,0.8297632055468901,0.8281190274799306,0.018040036464999788,1.0,4.665105107770628e-17,0.9715302491103202,0.9717061462433514,64,10,200
28,optdigits,lime,0.3043976741183007,0.34255934123211973,0.3234785076752102,0.03537284153000002,0.58640059249978,,0.9715302491103202,0.9717061462433514,64,10,200
28,optdigits,shap,0.8505920815916734,0.9341574834111783,0.8923747825014259,0.5777560911949984,9.470274698267934,,0.9715302491103202,0.9717061462433514,64,10,200
