task_id,dataset_name,method,deletion_drop_auc,insertion_auc,combined_score,runtime_seconds,attr_l1_norm,mean_abs_exactness_residual,test_accuracy,test_balanced_accuracy,n_features_transformed,n_classes,ok
9910,Bioresponse,aime,0.46221871079564025,0.8531594369909324,0.6576890738932863,0.07102698369999871,69.23680305199596,,0.7898936170212765,0.7881326949384405,1776,2,200
9910,Bioresponse,cos_fpde,0.4686666837599231,0.8572582012457574,0.6629624425028402,0.030731565760000877,1.0841802886619056,3.0208040929791125e-17,0.7898936170212765,0.7881326949384405,1776,2,200
9910,Bioresponse,diff_fpde,0.4684971420916652,0.8570275469145643,0.6627623445031148,0.03078030435499926,166.5746056590009,3.301914297537678e-13,0.7898936170212765,0.7881326949384405,1776,2,200
9910,Bioresponse,hyb_fpde_grid,0.4686666837599231,0.8572582012457574,0.6629624425028402,0.06019045552499847,1.0,2.8233708773695024e-17,0.7898936170212765,0.7881326949384405,1776,2,200
9910,Bioresponse,lime,0.02731061699608427,0.5042382217226773,0.2657744193593808,0.4354424798049979,5.900822622318057,,0.7898936170212765,0.7881326949384405,1776,2,200
9910,Bioresponse,shap,0.25735721040126136,0.5886931930502576,0.42302520172575947,0.09823092629000002,5.114103160812135,,0.7898936170212765,0.7881326949384405,1776,2,200
