task_id,dataset_name,method,deletion_drop_auc,insertion_auc,combined_score,runtime_seconds,attr_l1_norm,mean_abs_exactness_residual,test_accuracy,test_balanced_accuracy,n_features_transformed,n_classes,ok
14954,cylinder-bands,aime,0.4915807469764229,0.8938806518449163,0.6927306994106696,0.024438623981482083,9.522009440189807,,0.7777777777777778,0.7615708274894811,153,2,54
14954,cylinder-bands,cos_fpde,0.4943302833218051,0.8922170083164966,0.6932736458191509,0.018528609351852344,1.3069222315765516,9.345019614104689e-17,0.7777777777777778,0.7615708274894811,153,2,54
14954,cylinder-bands,diff_fpde,0.4946798655183759,0.8923880931385909,0.6935339793284834,0.01917086012962778,5.6831534245848045,3.0243297578214912e-15,0.7777777777777778,0.7615708274894811,153,2,54
14954,cylinder-bands,hyb_fpde_grid,0.4946798655183759,0.8923880931385909,0.6935339793284834,0.02165850937037219,1.0,5.558192553973953e-17,0.7777777777777778,0.7615708274894811,153,2,54
14954,cylinder-bands,lime,0.00015137621883231994,0.49352189546473646,0.2468366358417844,0.08223560196296587,1.1234131285325357,,0.7777777777777778,0.7615708274894811,153,2,54
14954,cylinder-bands,shap,0.3116209374813352,0.6714742490206626,0.4915475932509989,0.03690495629629077,4.40284269715379,,0.7777777777777778,0.7615708274894811,153,2,54
