method,mean_deletion_drop_auc,std_deletion_drop_auc,mean_insertion_auc,std_insertion_auc,mean_combined_score,std_combined_score,mean_runtime_seconds,std_runtime_seconds,completed_instances,completed_tasks,mean_test_accuracy,mean_test_balanced_accuracy
aime,0.4915807469764229,0.18281888008104058,0.8938806518449163,0.06502282057979986,0.6927306994106696,0.09253924123282975,0.024438623981482083,0.007017733915545666,54,1,0.7777777777777778,0.7615708274894811
cos_fpde,0.4943302833218051,0.18819130824375158,0.8922170083164966,0.06817629635275031,0.6932736458191509,0.09468594406470084,0.018528609351852344,0.005063310818944556,54,1,0.7777777777777778,0.7615708274894811
diff_fpde,0.4946798655183759,0.1880098491720233,0.8923880931385909,0.0680902116112952,0.6935339793284834,0.09460703255468528,0.01917086012962778,0.004680990520192298,54,1,0.7777777777777778,0.7615708274894811
hyb_fpde_grid,0.4946798655183759,0.1880098491720233,0.8923880931385909,0.0680902116112952,0.6935339793284834,0.09460703255468528,0.02165850937037219,0.006902101523733698,54,1,0.7777777777777778,0.7615708274894811
lime,0.00015137621883231994,0.13611694379669448,0.49352189546473646,0.21498632229993678,0.2468366358417844,0.1343142408789174,0.08223560196296587,0.058842906934769595,54,1,0.7777777777777778,0.7615708274894811
shap,0.3116209374813352,0.27395597837596875,0.6714742490206626,0.3658342869482827,0.4915475932509989,0.3111158319115257,0.03690495629629077,0.025393313855272787,54,1,0.7777777777777778,0.7615708274894811
