task_id,dataset_name,method,deletion_drop_auc,insertion_auc,combined_score,runtime_seconds,attr_l1_norm,mean_abs_exactness_residual,test_accuracy,test_balanced_accuracy,n_features_transformed,n_classes,ok
9910,Bioresponse,aime,0.4484957309482052,0.8125826368143579,0.6305391838812815,0.0685533989200033,71.42038829540415,,0.8085106382978722,0.806201550387597,1776,2,200
9910,Bioresponse,cos_fpde,0.465913969862336,0.8212977101863617,0.6436058400243487,0.030936516780001,1.0677271924914247,3.216177324461e-17,0.8085106382978722,0.806201550387597,1776,2,200
9910,Bioresponse,diff_fpde,0.46532429297278005,0.8205010484374929,0.6429126707051366,0.0308647814550028,170.9694349746387,2.6375790440624767e-13,0.8085106382978722,0.806201550387597,1776,2,200
9910,Bioresponse,hyb_fpde_grid,0.465913969862336,0.8212977101863617,0.6436058400243487,0.05951668038999799,1.0,3.007359986040292e-17,0.8085106382978722,0.806201550387597,1776,2,200
9910,Bioresponse,lime,0.15138389982882441,0.6295432924950954,0.3904635961619599,0.4049745944049971,5.2539067568662245,,0.8085106382978722,0.806201550387597,1776,2,200
9910,Bioresponse,shap,0.3111135267235144,0.5995101396897122,0.4553118332066133,0.09601791949999922,5.265298043513933,,0.8085106382978722,0.806201550387597,1776,2,200
