method,mean_deletion_drop_auc,std_deletion_drop_auc,mean_insertion_auc,std_insertion_auc,mean_combined_score,std_combined_score,mean_runtime_seconds,std_runtime_seconds,completed_instances,completed_tasks,mean_test_accuracy,mean_test_balanced_accuracy
aime,0.5012627148984778,0.12377843291732063,0.7943895856717533,0.09860148064359645,0.6478261502851156,0.09628409928283267,0.01509268426500114,0.007066383570426623,200,1,0.8053582001184132,0.5650847393237294
cos_fpde,0.5236060636768451,0.1258328246514853,0.8292112664973107,0.09009789353206953,0.6764086650870779,0.09428980815318813,0.012716121175000695,0.0045094329956016635,200,1,0.8053582001184132,0.5650847393237294
diff_fpde,0.5243666626830804,0.1261296816487807,0.8319663975113393,0.08804203834181883,0.67816653009721,0.09332689862256162,0.012184144220001088,0.005512303510742049,200,1,0.8053582001184132,0.5650847393237294
hyb_fpde_grid,0.5250617336713579,0.12610585307893027,0.8321214914060882,0.0879993288066339,0.678591612538723,0.09337592477287888,0.06187254381000258,0.005263184775810227,200,1,0.8053582001184132,0.5650847393237294
lime,-0.12507194468789412,0.15092123172325006,0.20031222142637753,0.058162253187352346,0.0376201383692417,0.09749653444112187,0.032342323719999226,0.008660089900880278,200,1,0.8053582001184132,0.5650847393237294
shap,0.5825604422310228,0.14017811019025866,0.8710200358794559,0.06829086079059417,0.7267902390552393,0.09614445255520242,0.19921866943999875,0.026629541680076106,200,1,0.8053582001184132,0.5650847393237294
