task_id,dataset_name,method,deletion_drop_auc,insertion_auc,combined_score,runtime_seconds,attr_l1_norm,mean_abs_exactness_residual,test_accuracy,test_balanced_accuracy,n_features_transformed,n_classes,ok
146195,connect-4,aime,0.5012627148984778,0.7943895856717533,0.6478261502851156,0.01509268426500114,10.756328827027884,,0.8053582001184132,0.5650847393237294,126,3,200
146195,connect-4,cos_fpde,0.5236060636768451,0.8292112664973107,0.6764086650870779,0.012716121175000695,1.176846782027748,5.980767503422843e-17,0.8053582001184132,0.5650847393237294,126,3,200
146195,connect-4,diff_fpde,0.5243666626830804,0.8319663975113393,0.67816653009721,0.012184144220001088,2.1258075953048046,1.3153345600203092e-15,0.8053582001184132,0.5650847393237294,126,3,200
146195,connect-4,hyb_fpde_grid,0.5250617336713579,0.8321214914060882,0.678591612538723,0.06187254381000258,0.9998730227422115,5.0248433886013186e-17,0.8053582001184132,0.5650847393237294,126,3,200
146195,connect-4,lime,-0.12507194468789412,0.20031222142637753,0.0376201383692417,0.032342323719999226,0.8238731771519693,,0.8053582001184132,0.5650847393237294,126,3,200
146195,connect-4,shap,0.5825604422310228,0.8710200358794559,0.7267902390552393,0.19921866943999875,2.936132216577814,,0.8053582001184132,0.5650847393237294,126,3,200
