task_id,dataset_name,method,deletion_drop_auc,insertion_auc,combined_score,runtime_seconds,attr_l1_norm,mean_abs_exactness_residual,test_accuracy,test_balanced_accuracy,n_features_transformed,n_classes,ok
146817,steel-plates-fault,aime,0.4517344345957481,0.669250230122991,0.5604923323593696,0.005484649800001033,7.12580829182747,,0.8051282051282052,0.7896645052748361,27,7,195
146817,steel-plates-fault,cos_fpde,0.4823158369278826,0.7204913105144403,0.6014035737211614,0.004144696953845065,0.9634401230554461,8.654490941559163e-17,0.8051282051282052,0.7896645052748361,27,7,195
146817,steel-plates-fault,diff_fpde,0.45141508103815314,0.6859723307715999,0.5686937059048766,0.004090572600003748,18.099715227143516,2.9008134925462423e-15,0.8051282051282052,0.7896645052748361,27,7,195
146817,steel-plates-fault,hyb_fpde_grid,0.4823158369278826,0.7204913105144403,0.6014035737211614,0.00703011175384675,1.0,6.369771163519453e-17,0.8051282051282052,0.7896645052748361,27,7,195
146817,steel-plates-fault,lime,0.27574922855725825,0.474508236917314,0.37512873273728614,0.025650864712817495,0.43444549005945193,,0.8051282051282052,0.7896645052748361,27,7,195
146817,steel-plates-fault,shap,0.6157644200851131,0.8457338198818473,0.7307491199834802,0.39916573078461604,5.424139398094518,,0.8051282051282052,0.7896645052748361,27,7,195
