task_id,dataset_name,method,deletion_drop_auc,insertion_auc,combined_score,runtime_seconds,attr_l1_norm,mean_abs_exactness_residual,test_accuracy,test_balanced_accuracy,n_features_transformed,n_classes,ok
3913,kc2,aime,0.05594767815353892,0.8707892430217943,0.4633684605876666,0.0036919805849065126,7.0824081898089535,,0.8679245283018868,0.7153679653679653,21,2,53
3913,kc2,cos_fpde,0.05455677311730238,0.8707403797845819,0.46264857645094215,0.002810488849054352,1.6864520854151357,1.5972548231635506e-16,0.8679245283018868,0.7153679653679653,21,2,53
3913,kc2,diff_fpde,0.06823439483148253,0.8716453796595772,0.4699398872455299,0.0027913382075439586,22.500181714400703,2.1869298824691763e-15,0.8679245283018868,0.7153679653679653,21,2,53
3913,kc2,hyb_fpde_grid,0.06664460552089721,0.8720868170877254,0.4693657113043113,0.004238973207548643,0.9885103035553089,9.13839234891933e-17,0.8679245283018868,0.7153679653679653,21,2,53
3913,kc2,lime,0.044941323588915755,0.8663842415676899,0.4556627825783028,0.007150207773585266,0.5072915404980087,,0.8679245283018868,0.7153679653679653,21,2,53
3913,kc2,shap,0.011599680431678841,0.7941707859959551,0.402885233213817,0.021876468018868476,3.851243401952094,,0.8679245283018868,0.7153679653679653,21,2,53
