method,mean_deletion_drop_auc,std_deletion_drop_auc,mean_insertion_auc,std_insertion_auc,mean_combined_score,std_combined_score,mean_runtime_seconds,std_runtime_seconds,completed_instances,completed_tasks,mean_test_accuracy,mean_test_balanced_accuracy
aime,0.05594767815353892,0.1902712851057565,0.8707892430217943,0.1977902698646966,0.4633684605876666,0.08071602983784387,0.0036919805849065126,0.00012368986213825655,53,1,0.8679245283018868,0.7153679653679653
cos_fpde,0.05455677311730238,0.19036868676245566,0.8707403797845819,0.1977698793383653,0.46264857645094215,0.08037650259015224,0.002810488849054352,2.1506220021088195e-05,53,1,0.8679245283018868,0.7153679653679653
diff_fpde,0.06823439483148253,0.18799703124040174,0.8716453796595772,0.2008280084116912,0.4699398872455299,0.08454341798394394,0.0027913382075439586,0.0001385447611545555,53,1,0.8679245283018868,0.7153679653679653
hyb_fpde_grid,0.06664460552089721,0.18744097773728632,0.8720868170877254,0.19994405735406542,0.4693657113043113,0.08373259248182115,0.004238973207548643,0.00043769296094530266,53,1,0.8679245283018868,0.7153679653679653
lime,0.044941323588915755,0.191534493527506,0.8663842415676899,0.14002216139046572,0.4556627825783028,0.06853781531068483,0.007150207773585266,0.00013521459319649373,53,1,0.8679245283018868,0.7153679653679653
shap,0.011599680431678841,0.24723729189522273,0.7941707859959551,0.14635842526025813,0.402885233213817,0.12638890097665945,0.021876468018868476,0.00940990481330068,53,1,0.8679245283018868,0.7153679653679653
