method,mean_deletion_drop_auc,std_deletion_drop_auc,mean_insertion_auc,std_insertion_auc,mean_combined_score,std_combined_score,mean_runtime_seconds,std_runtime_seconds,completed_instances,completed_tasks,mean_test_accuracy,mean_test_balanced_accuracy
aime,0.35828761365387457,0.2751304809141033,0.8440106521014495,0.21686694044016974,0.6011491328776621,0.17435813234276756,0.004702552753625683,0.0001640995231153016,138,1,0.9855072463768116,0.987012987012987
cos_fpde,0.359680850837577,0.2752318769070554,0.8440182526227028,0.21686710618811142,0.6018495517301399,0.17440784975963775,0.0038199820434834837,2.3068789251625853e-05,138,1,0.9855072463768116,0.987012987012987
diff_fpde,0.36654932948811747,0.2715500826039798,0.8472656683711762,0.20565674844603235,0.6069074989296468,0.16213793974229518,0.003771920942028416,3.3246963863443934e-05,138,1,0.9855072463768116,0.987012987012987
hyb_fpde_grid,0.36476850693245993,0.2721842693380394,0.8446729073528829,0.2105112641045214,0.6047207071426715,0.1658813985054893,0.0059842880362316955,3.172971434483303e-05,138,1,0.9855072463768116,0.987012987012987
lime,0.21289521373757703,0.152554173769399,0.7056704784372252,0.28839387976450076,0.45928284608740116,0.16030992531622323,0.022521080188405318,0.0004737508731971191,138,1,0.9855072463768116,0.987012987012987
shap,0.32101594591289134,0.37093113349381385,0.723020293635026,0.18973376814537352,0.5220181197739586,0.24749737018785384,0.06264321952898522,0.014865699966280609,138,1,0.9855072463768116,0.987012987012987
