task_id,dataset_name,method,deletion_drop_auc,insertion_auc,combined_score,runtime_seconds,attr_l1_norm,mean_abs_exactness_residual,test_accuracy,test_balanced_accuracy,n_features_transformed,n_classes,ok
43,spambase,aime,0.5696019134096462,0.9162145454232042,0.7429082294164252,0.012683043974998753,7.172048455576353,,0.932754880694143,0.9243865453542872,57,2,200
43,spambase,cos_fpde,0.5699929585654077,0.916018625798824,0.7430057921821158,0.009421286604998328,1.192615991781057,7.857429984436948e-17,0.932754880694143,0.9243865453542872,57,2,200
43,spambase,diff_fpde,0.5766342803114116,0.9151996256812511,0.7459169529963313,0.009271313500000601,18.346864533719447,1.0881573420107316e-14,0.932754880694143,0.9243865453542872,57,2,200
43,spambase,hyb_fpde_grid,0.5766623438368673,0.9157215097792992,0.7461919268080832,0.015209563999999105,0.9998680133087825,6.114032891080256e-17,0.932754880694143,0.9243865453542872,57,2,200
43,spambase,lime,0.015396613527275838,0.3838388157325782,0.19961771462992706,0.02010247266999997,0.8291962778243728,,0.932754880694143,0.9243865453542872,57,2,200
43,spambase,shap,0.2729683890645182,0.5857479663596274,0.42935817771207285,0.07932151675499995,6.781054552991816,,0.932754880694143,0.9243865453542872,57,2,200
