task_id,dataset_name,method,deletion_drop_auc,insertion_auc,combined_score,runtime_seconds,attr_l1_norm,mean_abs_exactness_residual,test_accuracy,test_balanced_accuracy,n_features_transformed,n_classes,ok
16,mfeat-karhunen,aime,0.8358405184336811,0.9144083302708995,0.8751244243522903,0.009594332064998524,9.635469850820263,,0.945,0.945,64,10,200
16,mfeat-karhunen,cos_fpde,0.8245272532992955,0.8535072286777268,0.8390172409885112,0.010918940964999705,0.9077337576901532,4.926614671774132e-17,0.945,0.945,64,10,200
16,mfeat-karhunen,diff_fpde,0.7606038600838552,0.7804176546500541,0.7705107573669546,0.009315522045000649,52.073987405542866,5.617728504603292e-15,0.945,0.945,64,10,200
16,mfeat-karhunen,hyb_fpde_grid,0.8245272532992955,0.8535072286777268,0.8390172409885112,0.015181735255003161,1.0,4.634584816615161e-17,0.945,0.945,64,10,200
16,mfeat-karhunen,lime,0.3790393089983006,0.4688733026252648,0.4239563058117827,0.041811677709997636,0.6236640846778774,,0.945,0.945,64,10,200
16,mfeat-karhunen,shap,0.8475828418398482,0.943890252674682,0.8957365472572651,0.5495234241849966,8.783654668394517,,0.945,0.945,64,10,200
