method,mean_deletion_drop_auc,std_deletion_drop_auc,mean_insertion_auc,std_insertion_auc,mean_combined_score,std_combined_score,mean_runtime_seconds,std_runtime_seconds,completed_instances,completed_tasks,mean_test_accuracy,mean_test_balanced_accuracy
aime,0.8358405184336811,0.1347874603444753,0.9144083302708995,0.10218553525860637,0.8751244243522903,0.10986180040625156,0.009594332064998524,0.00485657899185499,200,1,0.945,0.945
cos_fpde,0.8245272532992955,0.1378592148753388,0.8535072286777268,0.15376535454407447,0.8390172409885112,0.12687288204491629,0.010918940964999705,0.00262184013358828,200,1,0.945,0.945
diff_fpde,0.7606038600838552,0.1640692125029828,0.7804176546500541,0.19413555904854765,0.7705107573669546,0.1587092524569169,0.009315522045000649,0.0038135043790367435,200,1,0.945,0.945
hyb_fpde_grid,0.8245272532992955,0.1378592148753388,0.8535072286777268,0.15376535454407447,0.8390172409885112,0.12687288204491629,0.015181735255003161,0.0037046861433035283,200,1,0.945,0.945
lime,0.3790393089983006,0.3277062789108589,0.4688733026252648,0.3097302502439162,0.4239563058117827,0.30457677865510707,0.041811677709997636,0.004506309263574997,200,1,0.945,0.945
shap,0.8475828418398482,0.13558047329959902,0.943890252674682,0.09214240332583745,0.8957365472572651,0.10808004624007624,0.5495234241849966,0.020913392223251538,200,1,0.945,0.945
