{
  "curves": {
    "baseline_evidence": -639.8864994017649,
    "combined_score": 1.164430580404518,
    "deletion_curve": [
      -279.72159221633785,
      -387.9573017394283,
      -476.4231024315389,
      -553.2068727396684,
      -631.3367526240074,
      -705.041855489065,
      -762.9735376264687,
      -811.937628959862,
      -830.695468976386,
      -810.1579176829869,
      -787.9708568858001,
      -754.8128600857749,
      -762.8785235312157,
      -773.2589631637615,
      -782.147959536109,
      -785.1295874321089,
      -763.9732063731824,
      -751.1466489712317,
      -723.7971335382344,
      -671.6347749116346,
      -639.8864994017649
    ],
    "deletion_drop_auc": 1.1644305804045179,
    "deletion_drop_curve": [
      0.0,
      0.30051708915484693,
      0.5461429092366592,
      0.7593335027016631,
      0.9762615773852816,
      1.1809042324430412,
      1.3417518913394089,
      1.4777009812050257,
      1.5297822352147805,
      1.4727596022939515,
      1.411157096456913,
      1.3190937217679568,
      1.341488084140658,
      1.3703094363197625,
      1.394989787445063,
      1.4032682949745732,
      1.3445274775410903,
      1.3089144648736817,
      1.2329783731352477,
      1.0881492751694526,
      0.9999999999999971
    ],
    "evidence_scale": 360.1649071854281,
    "fractions": [
      0.0,
      0.05092592592592592,
      0.10185185185185185,
      0.14814814814814814,
      0.19907407407407407,
      0.25,
      0.30092592592592593,
      0.35185185185185186,
      0.39814814814814814,
      0.44907407407407407,
      0.5,
      0.5509259259259259,
      0.6018518518518519,
      0.6481481481481481,
      0.6990740740740741,
      0.75,
      0.8009259259259259,
      0.8518518518518519,
      0.8981481481481481,
      0.9490740740740741,
      1.0
    ],
    "insertion_auc": 1.164430580404518,
    "insertion_curve": [
      -639.8864994017649,
      -531.6507898786745,
      -443.18498918656394,
      -366.40121887843446,
      -288.2713389940953,
      -214.5662361290378,
      -156.63455399163414,
      -107.67046265824081,
      -88.91262264171678,
      -109.45017393511594,
      -131.63723473230266,
      -164.79523153232785,
      -156.72956808688713,
      -146.34912845434135,
      -137.46013208199375,
      -134.4785041859939,
      -155.6348852449204,
      -168.46144264687106,
      -195.81095807986833,
      -247.97331670646824,
      -279.72159221633785
    ],
    "insertion_gain_auc": 1.164430580404518,
    "insertion_gain_curve": [
      0.0,
      0.30051708915484693,
      0.5461429092366591,
      0.759333502701663,
      0.9762615773852817,
      1.1809042324430412,
      1.3417518913394089,
      1.4777009812050257,
      1.5297822352147805,
      1.4727596022939515,
      1.411157096456913,
      1.3190937217679568,
      1.3414880841406578,
      1.3703094363197625,
      1.394989787445063,
      1.4032682949745732,
      1.3445274775410903,
      1.3089144648736817,
      1.2329783731352477,
      1.0881492751694524,
      0.9999999999999971
    ],
    "original_evidence": -279.72159221633785,
    "rank_by": "positive"
  },
  "sample_id": "3-100018-A-18",
  "time_importance": [
    0.0024365411219059055,
    0.0024073312275364462,
    0.0026777203795877486,
    0.002498195384132255,
    0.0018881904224527127,
    0.0013707784314124368,
    0.0008078847609114474,
    0.0005110377993718695,
    0.0003654359724938154,
    0.00030151151062794875,
    -0.00045903020032491787,
    -0.0006703427092203294,
    -0.0009200107637105143,
    -0.0012697483569268468,
    -0.001265747363154073,
    -0.0012891464155953786,
    -0.0009315693125715791,
    -0.0005433202519950583,
    -0.0010575282494854304,
    -0.0003483897853786575,
    -0.00048662930500543696,
    -0.0014866207522163217,
    -0.002644164629078898,
    -0.0027197831708583604,
    -0.0022312807635771056,
    -0.0024310270831343276,
    -0.002922738350741114,
    -0.0043082528443476415,
    -0.004098042961095093,
    -0.003485545696339041,
    -0.004828826837218573,
    -0.004126389375678048,
    -0.002715603354400948,
    -0.0026278451246888137,
    -0.002492633737132563,
    -0.0018434443362184303,
    -0.0025580426940557607,
    -0.0029418938465662326,
    -0.0020087337404789333,
    -0.0005311483741487454,
    -8.19270821569429e-05,
    -0.0009050516485493123,
    -0.0013491998212139542,
    -0.001117537013166376,
    -0.0011923527003241516,
    -0.002062364312477286,
    -0.0024408410943056306,
    -0.00243266288057869,
    -0.002550924179006815,
    -0.0021420915876779385,
    -0.0013064690607203049,
    -0.0015807080883086144,
    -0.0013844642428294202,
    -0.0008182929275889344,
    -0.0014357848132052378,
    -0.001904205784856673,
    -0.0011766446726736018,
    -0.0012668821677058349,
    -0.0019914599899435617,
    -0.0019041273544550537,
    -0.0012362348437839964,
    -0.002358547463581718,
    -0.001940921548295588,
    -0.0019236030240313941,
    -0.002518260370191246,
    -0.002447819720482921,
    -0.00028620537436639063,
    -0.0011699671774684254,
    -0.001730239085804188,
    -0.0005760784384722835,
    -0.0003124653321579048,
    -0.0009170772612291116,
    -0.0011972062831312926,
    -0.0005725631684249938,
    -0.0008196868103669003,
    -0.000470113605200856,
    -0.0004428318860422311,
    0.0007211848182075147,
    0.0017198702907049199,
    0.0010945116173973432,
    0.001213192675690885,
    0.001108424386108839,
    0.0010774451432263756,
    0.001894716444808096,
    0.0001352297155833595,
    -0.0008827524801069133,
    -0.0012700349033502062,
    -0.0010041172502032116,
    -0.00019319948932775005,
    -0.0007783315025804587,
    -0.0009856302900597316,
    -0.001478361357682241,
    -0.001848489987235566,
    -0.002443429604994851,
    -0.0019192919859512562,
    -0.0006398492056601347,
    -0.00043255212793500667,
    -0.0003920896146284386,
    0.0001979745068140387,
    0.0010268176098738684,
    0.0021792933243656885,
    0.002038484289092329,
    0.002341280832330054,
    0.0025078257122676368,
    0.002538928948705819,
    0.0018204567772398179,
    0.0008853664107025318,
    -0.0003007078348631285,
    -0.0005487889539858703,
    -0.0003636539606696156,
    0.00045381858128397336,
    0.0014860557992558113,
    0.0016702239799678534,
    0.0019784144152383337,
    0.0031129922433324126,
    0.003469095858478224,
    0.0031523173036611097,
    0.0022812486247137244,
    0.001943939504398675,
    0.0011170075294219116,
    0.0005351858897048186,
    -0.0002585804957346577,
    -0.0007836176813786518,
    -0.002018861087859901,
    -0.0030898940076603994,
    -0.0029335348052636086,
    -0.002833720114341631,
    -0.002397212027904818,
    -0.0021250671036026963,
    -0.002417182167686627,
    -0.0024960833806260537,
    -0.0029394573979677464,
    -0.0034274190716324054,
    -0.0025694789379209363,
    -0.0021936783411261977,
    -0.002248842321672189,
    -0.0022557493150473225,
    -0.0028190559055938573,
    -0.0030687207847806103,
    -0.0027077621228514663,
    -0.0032833319145510716,
    -0.0029617496901712614,
    -0.0022303090547479876,
    -0.0024603896672783527,
    -0.0020879534000007743,
    -0.0023648522083519106,
    -0.0011307315141695809,
    0.00010147226248516795,
    0.001099738173974226,
    0.0016643289513731765,
    0.000588281071342648,
    0.0005255552255844649,
    0.0015226682600163043,
    0.0024615889366874383,
    0.0026246691120525504,
    0.0026261068945031816,
    0.002675535289388726,
    0.002096480351368741,
    0.0019047571524863104,
    0.003417619401521605,
    0.0035342741984899237,
    0.0013278412404983926,
    0.0006704921286772264,
    -0.00021694554501063332,
    -0.0007773438312496865,
    -0.0013436735139664723,
    -0.0016626657509826016,
    -0.002479194792610792,
    -0.002913172622840688,
    -0.0033225494277887187,
    -0.003679320503013118,
    -0.004215930876285468,
    -0.004058387770259938,
    -0.0033759186863264574,
