{
  "curves": {
    "baseline_evidence": 1242.0757809018846,
    "combined_score": -0.5384357885005221,
    "deletion_curve": [
      -3272.9353420623434,
      -3005.3176355857768,
      -2755.4210639656544,
      -2531.6207470752797,
      -2282.0721052666236,
      -2042.3251623121225,
      -1812.1354596375256,
      -1557.7888752912286,
      -1324.2274208020572,
      -1085.9577847910246,
      -831.4354851103294,
      -645.9552903608031,
      -383.45430926176425,
      -159.17742930288557,
      138.94297940939435,
      510.2748627049883,
      777.2386634093094,
      957.875359679943,
      1062.193938860758,
      1149.9352764279213,
      1242.0757809018846
    ],
    "deletion_drop_auc": -0.5384357885005221,
    "deletion_drop_curve": [
      0.0,
      -0.05927287866809688,
      -0.11462082019344541,
      -0.1641888745780919,
      -0.21945975542695692,
      -0.27255972271941853,
      -0.3235429199708732,
      -0.3798764654305157,
      -0.4316064497269513,
      -0.4843792180594913,
      -0.5407516815482621,
      -0.5818324651162444,
      -0.6399720740673515,
      -0.6896456792591886,
      -0.7556744000293284,
      -0.8379182468732326,
      -0.8970462962697204,
      -0.9370543253423134,
      -0.9601591586062296,
      -0.9795924080883612,
      -0.9999999999999998
    ],
    "evidence_scale": 4515.011122964229,
    "fractions": [
      0.0,
      0.05092592592592592,
      0.10185185185185185,
      0.14814814814814814,
      0.19907407407407407,
      0.25,
      0.30092592592592593,
      0.35185185185185186,
      0.39814814814814814,
      0.44907407407407407,
      0.5,
      0.5509259259259259,
      0.6018518518518519,
      0.6481481481481481,
      0.6990740740740741,
      0.75,
      0.8009259259259259,
      0.8518518518518519,
      0.8981481481481481,
      0.9490740740740741,
      1.0
    ],
    "insertion_auc": -0.5384357885005221,
    "insertion_curve": [
      1242.0757809018846,
      974.4580744253178,
      724.5615028051955,
      500.76118591482117,
      251.21254410616461,
      11.46560115166369,
      -218.7241015229332,
      -473.07068586923015,
      -706.6321403584018,
      -944.9017763694342,
      -1199.4240760501293,
      -1384.9042707996557,
      -1647.4052518986946,
      -1871.6821318575735,
      -2169.8025405698536,
      -2541.1344238654474,
      -2808.0982245697683,
      -2988.734920840402,
      -3093.0535000212167,
      -3180.7948375883802,
      -3272.9353420623434
    ],
    "insertion_gain_auc": -0.5384357885005221,
    "insertion_gain_curve": [
      0.0,
      -0.05927287866809693,
      -0.11462082019344547,
      -0.16418887457809184,
      -0.21945975542695698,
      -0.2725597227194186,
      -0.3235429199708732,
      -0.3798764654305157,
      -0.4316064497269513,
      -0.4843792180594913,
      -0.5407516815482621,
      -0.5818324651162444,
      -0.6399720740673515,
      -0.6896456792591887,
      -0.7556744000293285,
      -0.8379182468732326,
      -0.8970462962697204,
      -0.9370543253423134,
      -0.9601591586062296,
      -0.9795924080883612,
      -0.9999999999999998
    ],
    "original_evidence": -3272.9353420623434,
    "rank_by": "positive"
  },
  "sample_id": "2-100648-A-43",
  "time_importance": [
    -0.0017867771808991067,
    -0.0014990726168348462,
    -0.0014490591751937386,
    -0.0014255019432089834,
    -0.0015288466216454824,
    -0.0011463889342663213,
    -0.0011941832524353644,
    -0.0013228290222702499,
    -0.0005324462409785614,
    -0.0009017398182903462,
    -0.0015365206724239863,
    -0.0019324423074115493,
    -0.0016603509205947776,
    -0.0013563921182071352,
    -0.0013235439301048902,
    -0.001230586983600526,
    -0.0007611190187116117,
    -0.00023820874704270762,
    -0.00052156539180344,
    -0.0009766441064693026,
    -0.0012268972100667728,
    -0.00151624168897976,
    -0.0017171104686097543,
    -0.002118756756098318,
    -0.0015303311107855838,
    -0.0014110104447502853,
    -0.0015184663196804358,
    -0.0015623198585921411,
    -0.0012787785740984497,
    -0.001165879774435615,
    -0.00151430179015811,
    -0.0020223340138947883,
    -0.0022345644747141626,
    -0.002935684938601694,
    -0.0033782168804434567,
    -0.003209999246679696,
    -0.003306827545614728,
    -0.0031558380546109497,
    -0.003204338118388988,
    -0.003363515918945988,
    -0.0029049181925323076,
    -0.002855666429896559,
    -0.0027583760288327854,
    -0.0024245530363833714,
    -0.0025119782614402976,
    -0.003331620438221353,
    -0.003527439697397129,
    -0.0035407736135567905,
    -0.004220258284177524,
    -0.005027234658185603,
    -0.005436418227579064,
    -0.005919890465895041,
    -0.0063093824810273105,
    -0.006086466043701626,
    -0.00591857718404731,
    -0.005696877463584436,
    -0.005460531777537305,
    -0.005795361681494508,
    -0.006139041454670971,
    -0.006382663125599964,
    -0.006009917935148817,
    -0.0059048949367040944,
    -0.005969022457134148,
    -0.005986530598439302,
    -0.006079748913001658,
    -0.0063405518985065815,
    -0.006576024209107129,
    -0.0061469605425509225,
    -0.005023970067870984,
    -0.003855442251509498,
    -0.0035565760822675427,
    -0.003621598467406765,
    -0.0041231108894949926,
    -0.00507749022283524,
    -0.005774189763808771,
    -0.005951416077308925,
    -0.006025303120286958,
    -0.005865892083344637,
    -0.005259061923343675,
    -0.004884294748791108,
    -0.004314524090606837,
    -0.0034946014911904494,
    -0.0034452221925110283,
    -0.0035829363528029116,
    -0.003956546134810808,
    -0.003803083237350396,
    -0.004274847333989565,
    -0.004517793094531079,
    -0.004856123881206421,
    -0.005124674924834627,
    -0.005616335162125205,
    -0.005743720121721333,
    -0.005181641952544671,
    -0.005387201253426646,
    -0.0052657453545426,
    -0.0045310842630513805,
    -0.0032708478365992737,
    -0.0028607126940625722,
    -0.0033561304790012832,
    -0.003868429218329298,
    -0.0031989220785582956,
    -0.003305006864778888,
    -0.003730915108719126,
    -0.0033322306795477872,
    -0.0028447861753008088,
    -0.0034126140878090482,
    -0.0031346903247651352,
    -0.0028568512296364757,
    -0.0036920539867424658,
    -0.0036001177097100237,
    -0.003670918914511313,
    -0.004065767948326413,
    -0.00510866808882351,
    -0.005475605880146333,
    -0.005554529816164956,
    -0.005223547339404252,
    -0.005005883687463272,
    -0.00499734104664967,
    -0.004947984328431571,
    -0.00435969707913549,
    -0.004160023140281335,
    -0.004320593598818202,
    -0.004163546586264762,
    -0.0037584974355876458,
    -0.0036567842302278426,
    -0.003965257282549358,
    -0.0043597964211751225,
    -0.0049184038211293225,
    -0.005187612136419159,
    -0.004806755742010235,
    -0.004531970011527417,
    -0.004756688183455259,
    -0.004962328831485653,
    -0.005025905300442251,
    -0.004758387364563083,
    -0.004492995563328941,
    -0.0049043065560401755,
    -0.004857818361588161,
    -0.004763650219017548,
    -0.004966523850255743,
    -0.004776005753040855,
    -0.00484551170671733,
    -0.004496117397000672,
    -0.004690618385420778,
    -0.005221009888714382,
    -0.0049560571697854485,
    -0.0047988331119499395,
    -0.00470032816780037,
    -0.00439888229665383,
    -0.004621535061892877,
    -0.004473004514480035,
    -0.004014139702038504,
    -0.003974519573846519,
    -0.004166723059204116,
    -0.0041692703743762514,
    -0.0041231570408309616,
    -0.004024674145528891,
    -0.004285173967107138,
    -0.004562189526865484,
    -0.004898996523523731,
    -0.004298504392874951,
    -0.004542719278149503,
    -0.004850929943102565,
    -0.004792249578395946,
    -0.004289824138047306,
    -0.004849804965356832,
    -0.004935862418037514,
    -0.004699875804343643,
    -0.0041668581819035815,
    -0.004123613180542245,
    -0.004906423765668372,
    -0.004680464801841383,
    -0.0040865020894421365,
