{
  "curves": {
    "baseline_evidence": 695.9007185395095,
    "combined_score": -0.433584595661753,
    "deletion_curve": [
      -1224.1804965932274,
      -1432.51531138764,
      -1486.5693291998855,
      -1493.8720223312384,
      -1339.5941747814743,
      -1184.7399238910848,
      -1008.9860182921143,
      -841.118662824503,
      -683.8737772640072,
      -515.4125208381658,
      -341.2947770845817,
      -158.26794570286023,
      -15.55357675619399,
      85.63688151240797,
      257.4428886328146,
      356.802012671495,
      449.0606148496381,
      527.0360630706125,
      590.4972372330556,
      657.8180313752208,
      695.9007185395095
    ],
    "deletion_drop_auc": -0.43358459566175306,
    "deletion_drop_curve": [
      0.0,
      0.10850312640552033,
      0.1366550698682393,
      0.14045839499521737,
      0.06010874815014956,
      -0.020541096069947248,
      -0.11207571669630466,
      -0.19950293287059886,
      -0.28139784664882944,
      -0.3691343731551811,
      -0.4598168621985142,
      -0.5551393047802299,
      -0.6294665612639097,
      -0.682167695711291,
      -0.7716462061859272,
      -0.823393561066336,
      -0.8714428839028,
      -0.9120533787123041,
      -0.9451046755336503,
      -0.9801661060666871,
      -0.9999999999999996
    ],
    "evidence_scale": 1920.0812151327377,
    "fractions": [
      0.0,
      0.05092592592592592,
      0.10185185185185185,
      0.14814814814814814,
      0.19907407407407407,
      0.25,
      0.30092592592592593,
      0.35185185185185186,
      0.39814814814814814,
      0.44907407407407407,
      0.5,
      0.5509259259259259,
      0.6018518518518519,
      0.6481481481481481,
      0.6990740740740741,
      0.75,
      0.8009259259259259,
      0.8518518518518519,
      0.8981481481481481,
      0.9490740740740741,
      1.0
    ],
    "insertion_auc": -0.433584595661753,
    "insertion_curve": [
      695.9007185395095,
      904.2355333339219,
      958.2895511461677,
      965.5922442775206,
      811.3143967277565,
      656.4601458373671,
      480.7062402383964,
      312.8388847707851,
      155.5939992102895,
      -12.867257215552002,
      -186.98500096913614,
      -370.01183235085756,
      -512.7262012975239,
      -613.9166595661258,
      -785.7226666865324,
      -885.0817907252128,
      -977.3403929033559,
      -1055.3158411243303,
      -1118.7770152867736,
      -1186.0978094289387,
      -1224.1804965932274
    ],
    "insertion_gain_auc": -0.433584595661753,
    "insertion_gain_curve": [
      0.0,
      0.10850312640552028,
      0.13665506986823936,
      0.14045839499521742,
      0.060108748150149625,
      -0.02054109606994713,
      -0.11207571669630466,
      -0.19950293287059884,
      -0.28139784664882933,
      -0.3691343731551811,
      -0.4598168621985142,
      -0.5551393047802299,
      -0.6294665612639095,
      -0.682167695711291,
      -0.7716462061859272,
      -0.823393561066336,
      -0.8714428839028,
      -0.912053378712304,
      -0.9451046755336504,
      -0.9801661060666871,
      -0.9999999999999996
    ],
    "original_evidence": -1224.1804965932274,
    "rank_by": "positive"
  },
  "sample_id": "1-100032-A-0",
  "time_importance": [
    0.0027803799047816545,
    0.002417596783613961,
    0.0019646768032381126,
    0.0014217796302720168,
    0.0011179071716939952,
    0.0009553211948063885,
    0.0008673231967584795,
    0.0008151772791354622,
    0.0008947404175842653,
    0.0009487985909117201,
    0.0010129963201474853,
    0.0007770844084374729,
    0.0004991849262680939,
    0.00021013143700517853,
    -0.0001554745487779952,
    -0.0006580158166745381,
    -0.0009428421909289535,
    -0.001155786546259186,
    -0.0013470644948505542,
    -0.0014611345620513547,
    -0.0014625566341621029,
    -0.0008176123780373464,
    0.0001188342639574048,
    0.00028603502260001503,
    0.00026480299196420253,
    -0.00017795470455823773,
    -0.0006197681903979558,
    -0.0010586418689837254,
    -0.0012954191012305358,
    -0.001465391298602147,
    -0.0014552475462843713,
    -0.0011846495693019305,
    -0.0006784444022888297,
    -0.0005527100711332222,
    -0.0005468409360773775,
    -0.000811223430866546,
    -0.001095141174369672,
    -0.0014122889750482965,
    -0.0014265387701660835,
    -0.0013592470277586145,
    -0.001362027116769837,
    -0.0013975846664315238,
    -0.0014594083367833297,
    -0.001498570241568405,
    -0.001539882771344329,
    -0.0015270686015878504,
    -0.0014555738548423078,
    -0.0012742414976195885,
    -0.0011726937133843668,
    -0.0011311134582230168,
    -0.0012671364246261332,
    -0.001405031380823058,
    -0.0014489454216401847,
    -0.001504826022657207,
    -0.0015733582041428725,
    -0.0019578778180844216,
    -0.0023206359413459137,
    -0.0022609255899025417,
    -0.0023447222577832032,
    -0.002592473340605704,
    -0.002635653416736816,
    -0.0025956910368899366,
    -0.0024173479698919908,
    -0.0022549512913202898,
    -0.002118116544857814,
    -0.0020124936502882527,
    -0.0019267320816356358,
    -0.0022901199206350176,
    -0.0024432952423032697,
    -0.0020442742809489373,
    -0.0016425945930133967,
    -0.0012392498223221223,
    -0.0011040933633530267,
    -0.0010242810029455873,
    -0.0010154025890573113,
    -0.0011880102472285338,
    -0.001540346067262263,
    -0.0016935426657517221,
    -0.0018111410633883057,
    -0.001848205451506725,
    -0.0018423575301730402,
    -0.001786256326926789,
    -0.0018692710519345223,
    -0.0019998234122364377,
    -0.0020917118832042042,
    -0.0022048512658163276,
    -0.0023749493404700093,
    -0.002726367859332992,
    -0.003155672315692882,
    -0.0037099476225913013,
    -0.004046708039689049,
    -0.003776821363512242,
    -0.0035097704844455416,
    -0.0032660830863376097,
    -0.0032952050090793825,
    -0.0010823856064514443,
    0.005004636234354046,
    0.009896138772452075,
    0.010629817935388244,
    0.010359025861264026,
    0.009160494456499487,
    0.0080546364360836,
    0.007819702834352365,
    0.007391806768304975,
    0.006496519251925834,
    0.006145073804814767,
    0.005399461077070594,
    0.004739041677885517,
    0.004072639978696824,
    0.0034657521723740585,
    0.002951518022271043,
    0.0020428142702726922,
    -0.00021766419225489048,
    -0.0029208538345886627,
    -0.0037164778059358204,
    -0.003799069003741541,
    -0.003964727786590951,
    -0.004060447745553225,
    -0.003844220197639915,
    -0.0038601566907931575,
    -0.004110261844385799,
    -0.004085532095595131,
    -0.003994230450823897,
    -0.00386485798841652,
    -0.0037972456812179188,
    -0.003802542161410201,
    -0.0037407813886539583,
    -0.0036655039927152014,
    -0.0038271239201521628,
    -0.004009369518388396,
    -0.004218330695732403,
    -0.004266961360344817,
    -0.004234416842694061,
    -0.0042465319518502015,
    -0.0042745477204644226,
    -0.004304198302949466,
    -0.004306973310501279,
    -0.004296561324633952,
    -0.0043593137166928,
    -0.004377362924806229,
    -0.0041425177452463335,
    -0.003973609657174605,
    -0.003862956880876412,
    -0.0038199221504167363,
    -0.003803635162165802,
    -0.0038308006309546497,
    -0.003954335944926534,
    -0.004212216304745948,
    -0.004558648611011264,
    -0.004931550494852209,
    -0.00462654981647942,
    -0.004422118080501132,
    -0.004391917563134994,
    -0.004318793617001683,
    -0.004223468124599303,
    -0.004120964791240407,
    -0.00407098994772356,
    -0.00417066605414036,
    -0.004266987166680141,
    -0.004352545484814457,
    -0.004448257882195541,
    -0.004530582609308356,
    -0.004492542179973012,
    -0.004395210848144146,
    -0.004223461441749841,
    -0.003930530173867241,
    -0.003641602043585401,
    -0.0035642577240072204,
    -0.0034731827984770575,
    -0.0033647799940745783,
    -0.003349043478247086,
    -0.00337370917901915,
    -0.0035567047916663153,
    -0.0037242183640667434,
