{
  "curves": {
    "baseline_evidence": 1372.8755603355974,
    "combined_score": -0.4135493758319997,
    "deletion_curve": [
      -348.6659310503793,
      -306.309152324134,
      -253.68080486508546,
      -203.0032472539095,
      -154.24882147161932,
      -103.33597600469751,
      -42.79182226716615,
      21.77816922022753,
      83.64456239775444,
      154.89624884219216,
      237.57791946301782,
      366.75875935413376,
      471.5511986431725,
      577.7653980058996,
      707.3461895498183,
      823.4722391684918,
      917.4154798464028,
      1044.4254534784309,
      1150.9338824191436,
      1258.6473812605946,
      1372.8755603355974
    ],
    "deletion_drop_auc": -0.4135493758319997,
    "deletion_drop_curve": [
      0.0,
      -0.024603983661262048,
      -0.055174462341202865,
      -0.0846117764371742,
      -0.11293199179430684,
      -0.14250597866692816,
      -0.17767454941615157,
      -0.2151816277006312,
      -0.2511182539667339,
      -0.29250656020330007,
      -0.34053425575088764,
      -0.41557214507129847,
      -0.47644342805424444,
      -0.5381405755782441,
      -0.61341078671884,
      -0.68086547787774,
      -0.7354347352252811,
      -0.8092116231292578,
      -0.8710796811886455,
      -0.9336477339369607,
      -0.9999999999999994
    ],
    "evidence_scale": 1721.5414913859777,
    "fractions": [
      0.0,
      0.05092592592592592,
      0.10185185185185185,
      0.14814814814814814,
      0.19907407407407407,
      0.25,
      0.30092592592592593,
      0.35185185185185186,
      0.39814814814814814,
      0.44907407407407407,
      0.5,
      0.5509259259259259,
      0.6018518518518519,
      0.6481481481481481,
      0.6990740740740741,
      0.75,
      0.8009259259259259,
      0.8518518518518519,
      0.8981481481481481,
      0.9490740740740741,
      1.0
    ],
    "insertion_auc": -0.4135493758319997,
    "insertion_curve": [
      1372.8755603355974,
      1330.5187816093521,
      1277.8904341503035,
      1227.2128765391276,
      1178.4584507568372,
      1127.5456052899158,
      1067.0014515523842,
      1002.4314600649905,
      940.5650668874637,
      869.313380443026,
      786.6317098222003,
      657.4508699310843,
      552.6584306420457,
      446.4442312793186,
      316.86343973539977,
      200.73739011672632,
      106.79414943881527,
      -20.215824193212853,
      -126.72425313392549,
      -234.43775197537667,
      -348.6659310503793
    ],
    "insertion_gain_auc": -0.4135493758319997,
    "insertion_gain_curve": [
      0.0,
      -0.024603983661262017,
      -0.05517446234120289,
      -0.08461177643717419,
      -0.11293199179430692,
      -0.14250597866692802,
      -0.17767454941615157,
      -0.21518162770063123,
      -0.2511182539667338,
      -0.2925065602033,
      -0.34053425575088764,
      -0.41557214507129847,
      -0.4764434280542444,
      -0.5381405755782441,
      -0.61341078671884,
      -0.68086547787774,
      -0.7354347352252811,
      -0.8092116231292579,
      -0.8710796811886455,
      -0.9336477339369608,
      -0.9999999999999994
    ],
    "original_evidence": -348.6659310503793,
    "rank_by": "positive"
  },
  "sample_id": "4-102844-A-49",
  "time_importance": [
    0.00016891315695548965,
    0.001361002154224705,
    0.0018061524830561082,
    0.00039789154272832164,
    0.00034109154080008415,
    0.0020037185733584937,
    0.002655350000133663,
    0.0037238589022128613,
    0.0028445583015721696,
    0.0012550825054579498,
    0.000591638499984973,
    0.0005186429695868328,
    0.0006340770358185515,
    0.0009850256751022348,
    0.0008603377671773098,
    0.0005803294867637531,
    -0.0005558200262127364,
    -0.002437113206983762,
    -0.0038597180228258283,
    -0.004662944052905502,
    -0.005522818103550726,
    -0.005987243959351477,
    -0.004801498446823858,
    -0.0025127086454027974,
    -0.00039529972167453475,
    0.0014795542733471135,
    0.0011078814463523984,
    0.0008081049260495319,
    0.0011792522285348143,
    6.559398810122163e-05,
    0.0008521536365926922,
    0.0010314979947524622,
    0.00017839969308182954,
    -0.00031918643061778216,
    -0.0005027479297516381,
    0.00026301789192368567,
    0.00038323696948935833,
    0.0011312209595618291,
    0.0007757451594624389,
    0.0010254284841007628,
    0.0011107017454252527,
    0.001306906745849538,
    -0.0004729314807556865,
    -0.0024334122300613825,
    -0.0024445821659403667,
    -0.0021191271789245745,
    -0.0015507265348764366,
    -0.00038517996137834605,
    -0.0004946987772772987,
    -0.0011552665252351957,
    -0.0020201046005262273,
    -0.002025225901588016,
    -0.00048122163887013013,
    0.0005407689785759125,
    0.0014051542852846438,
    0.0005604103949385797,
    -0.0006100485266433635,
    -0.0008067301029876035,
    -0.0010869207409229848,
    -0.001141977605778425,
    -0.0001957529216944251,
    0.0009599459988780192,
    0.0013214830593539192,
    0.001617734898838045,
    0.0010759379386457225,
    0.0007571604536232947,
    0.001018989595048284,
    0.0009299960669547185,
    0.0009417082938897546,
    -5.062469264945741e-05,
    -0.0017776461676776815,
    -0.003977361411874661,
    -0.004490990089291447,
    -0.004613811560430434,
    -0.00344401371561873,
    -0.0028865772403961483,
    -0.0023049440331067888,
    -0.0007454297200156213,
    0.0008537182011917544,
    0.0017275561059639534,
    0.002393284470457413,
    0.0013303047275324586,
    0.0010135185645405635,
    0.0009123012637407082,
    0.000592937939563434,
    0.0006662362388573014,
    -8.713661543127121e-05,
    -0.0007588860002033799,
    -0.0009606143476947179,
    -0.001124847605274314,
    -0.0012179785592665662,
    -0.0009960783848715117,
    0.00031742952142831257,
    7.671816668759312e-05,
    -0.00158034428779613,
    -0.002032850111837261,
    -0.002583882081237369,
    -0.003238609838717431,
    -0.003447704420730501,
    -0.0034228799545253886,
    -0.00279691169100857,
    -0.0018251855590613987,
    -0.0011500718732426435,
    3.639511217236601e-05,
    0.0005282058116717819,
    0.0017667666031684847,
    0.0003924465346443856,
    -4.6516876901798977e-05,
    0.0002939720581925418,
    0.000828292682381603,
    0.001628014448609562,
    0.0013263744335792304,
    0.0012064257448537493,
    0.00016871132881398127,
    -0.0011629156908030348,
    -0.001335009364676431,
    -0.0006527352722931305,
    -0.00014300396151734713,
    0.0002363712809988,
    0.00024973508372486917,
    -0.0001594332434476062,
    -0.00030538421129119105,
    -0.0008930114141908418,
    -0.0029130900748315517,
    -0.004266303691922362,
    -0.004768287076635022,
    -0.0033118974565984087,
    -0.0017471401438922673,
    -0.0011042225319409936,
    0.00040900219428671524,
    0.0029043085117265574,
    0.0038463829309004984,
    0.00355685558994954,
    0.0028740542008868462,
    0.0023549194115044226,
    0.001074592166514288,
    0.00043551448446903755,
    0.000230196704571466,
    0.000268739106593954,
    -0.00028675730632525786,
    0.0002728991483243746,
    0.00031404899854027297,
    2.0127349385312774e-08,
    -0.00010805513571600454,
    0.000991504413327502,
    0.0005629092949260785,
    0.0003426475039808115,
    -0.0004554464993342857,
    -0.0015665301777454872,
    -0.0008492762517521825,
    -0.002818028292791665,
    -0.003474374737290676,
    -0.0032293601259439524,
    -0.0022909139192488796,
    -0.00040921537383701814,
    0.0015077210706309092,
    0.002160609238268865,
    0.001540561306139766,
    0.0006220427913256275,
    0.00013430094435954172,
    0.0012495265459697017,
    0.0019189796446530928,
    0.0018037561409789576,
    0.0023240868511333478,
    0.001730305201078453,
    0.0010176184438889769,
    0.0018818667523869022,
    0.0015333921892972506,
    0.0008285730008807365,
    0.0007053385342054702,
    -0.00042979963548912955,
    -0.0010796888004386122,
    -8.762146457962975e-05,
    0.00015793222366021953,
