{
  "curves": {
    "baseline_evidence": 302.4908186027094,
    "combined_score": -0.14175292008549797,
    "deletion_curve": [
      -47.93039012324519,
      -93.35167122776623,
      -115.65923680870986,
      -130.44095042752076,
      -138.73575804681002,
      -145.33619069309935,
      -143.56389808724705,
      -138.34671132132348,
      -127.73190556103464,
      -84.4893469672715,
      -47.412737506556454,
      -25.920598450333074,
      0.7436959737366777,
      38.60081875776213,
      77.69947657974538,
      121.21088178585828,
      161.06173658456504,
      195.08736056987374,
      234.26084557704255,
      267.29036454448857,
      302.4908186027094
    ],
    "deletion_drop_auc": -0.14175292008549797,
    "deletion_drop_curve": [
      0.0,
      0.1296190983121756,
      0.19327838897568422,
      0.23546109153684922,
      0.2591320549738145,
      0.2779677660607286,
      0.27291015949548697,
      0.2580218290063252,
      0.22773026703471494,
      0.1043286077830323,
      -0.0014772296989979342,
      -0.06280953071571851,
      -0.1389016557358179,
      -0.24693485076320948,
      -0.3585110249455207,
      -0.482679894073932,
      -0.5964026192011997,
      -0.693501833341284,
      -0.8052915425018506,
      -0.8995481632341779,
      -0.9999999999999971
    ],
    "evidence_scale": 350.4212087259556,
    "fractions": [
      0.0,
      0.05092592592592592,
      0.10185185185185185,
      0.14814814814814814,
      0.19907407407407407,
      0.25,
      0.30092592592592593,
      0.35185185185185186,
      0.39814814814814814,
      0.44907407407407407,
      0.5,
      0.5509259259259259,
      0.6018518518518519,
      0.6481481481481481,
      0.6990740740740741,
      0.75,
      0.8009259259259259,
      0.8518518518518519,
      0.8981481481481481,
      0.9490740740740741,
      1.0
    ],
    "insertion_auc": -0.14175292008549797,
    "insertion_curve": [
      302.4908186027094,
      347.9120997072305,
      370.21966528817404,
      385.00137890698494,
      393.29618652627425,
      399.8966191725636,
      398.12432656671126,
      392.90713980078766,
      382.2923340404989,
      339.0497754467357,
      301.97316598602066,
      280.4810269297973,
      253.81673250572754,
      215.95960972170207,
      176.86095189971883,
      133.3495466936059,
      93.49869189489917,
      59.47306790959045,
      20.299582902421655,
      -12.729936065024376,
      -47.93039012324519
    ],
    "insertion_gain_auc": -0.14175292008549797,
    "insertion_gain_curve": [
      0.0,
      0.12961909831217572,
      0.19327838897568414,
      0.23546109153684913,
      0.25913205497381453,
      0.27796776606072865,
      0.27291015949548697,
      0.2580218290063251,
      0.22773026703471502,
      0.10432860778303221,
      -0.0014772296989979342,
      -0.06280953071571851,
      -0.13890165573581786,
      -0.2469348507632095,
      -0.3585110249455207,
      -0.48267989407393214,
      -0.5964026192011997,
      -0.693501833341284,
      -0.8052915425018506,
      -0.8995481632341779,
      -0.9999999999999971
    ],
    "original_evidence": -47.93039012324519,
    "rank_by": "positive"
  },
  "sample_id": "5-103415-A-2",
  "time_importance": [
    0.00021341544660014782,
    0.00032194295792199745,
    -0.0003331794221500962,
    -0.0009993008247735284,
    -0.0011927924183062382,
    -0.0009409999050495998,
    -0.0012042040386665508,
    -0.0019265672649649388,
    -0.0021507395352840454,
    -0.0015873655217871923,
    -0.0008274310840547749,
    0.0008181774967036408,
    0.0009204352762642717,
    0.000943552009481971,
    0.0019389723297532086,
    0.0023724516522039313,
    0.0014748911501913712,
    -0.00016959812335678868,
    -0.0011730901525294373,
    -0.001535096278993998,
    -0.001295986296677122,
    -0.0016924611379019574,
    -0.0022085761197934086,
    -0.00221430260674496,
    -0.002242611383361056,
    -0.0022681836665205436,
    -0.0020118552343685093,
    -0.002003437630608299,
    -0.002634678382340672,
    -0.0029138505159931848,
    -0.003033471956629219,
    -0.0025821549912202583,
    -0.0019988961581061675,
    -0.0021505801313242796,
    -0.0026291845483736318,
    -0.0023577997098298293,
    -0.0028729650054942317,
    -0.003262311291902982,
    -0.003172048695509465,
    -0.002792103468964265,
    -0.0025270034944223072,
    -0.0025114029906766542,
    -0.002794081001691104,
    -0.002469978542964125,
    -0.0024253561793481614,
    -0.0023798090543842945,
    -0.002148230638603044,
    -0.00276294068663048,
    -0.0021338396546636044,
    -0.0018351761799622847,
    -0.002258804511649302,
    -0.001743193079884712,
    -0.0013037899678778764,
    -0.0006021380776080081,
    -0.0006475564414229685,
    -0.0010398695208021335,
    -4.559377953405324e-05,
    0.0005995559366451505,
    0.0002675366108011358,
    0.0011043725886862375,
    0.0017971298471877492,
    0.0017257146290400763,
    0.002120863485069614,
    0.0018443956304130247,
    0.0012122060465186001,
    0.0011854418295549213,
    0.0013538372260813055,
    0.0014771661936681289,
    0.0012475496668360676,
    0.0012141747674665171,
    0.0019109452711264195,
    0.0029282981679022877,
    0.0034449188927058436,
    0.003751484370645135,
    0.005061955381553324,
    0.004513929525314234,
    0.0036370258278535074,
    0.0027297373516868306,
    0.0011826574498820309,
    0.0002887124712331639,
    -0.0008287509565767153,
    -0.0012211403361416173,
    -0.0015384548983029315,
    -0.0023648657169528177,
    -0.00328160249574322,
    -0.003283416491750431,
    -0.002642190992128746,
    -0.0023689060033022873,
    -0.0015257917601327478,
    -0.001430281557342709,
    -0.0013532631631331805,
    -0.0022398350922271516,
    -0.0027078721604129343,
    -0.0030734471057209133,
    -0.0025696496626220126,
    -0.0020862142697310017,
    -0.0020735805452275283,
    -0.002192790877067446,
    -0.0016628045176538006,
    -0.0016218817040153995,
    -0.0021106154371713097,
    -0.00209002182531424,
    -0.0016698304778477381,
    -0.0008138002679921174,
    -0.000675445983592578,
    -0.0017478948174057475,
    -0.0026037991244055813,
    -0.0030039081046443782,
    -0.002998841543173725,
    -0.0011007262231774713,
    0.0005786077490709344,
    0.002487628823831267,
    0.002789865011775036,
    0.00261906080168409,
    0.002223943334664637,
    0.0014782253051008757,
    0.0007739939433933307,
    0.0006761099674149119,
    0.0007627793821932869,
    0.00034532624124425533,
    -0.00046060047232443404,
    -0.0014033509005841173,
    -0.0021073576093794876,
    -0.0030769198161534313,
    -0.0029419975448281882,
    -0.0031103467602168356,
    -0.003150859658267882,
    -0.00233346626006394,
    -0.0023071004889173184,
    -0.0021670184640920644,
    -0.0017510188855418994,
    -0.000953427027048308,
    -0.0010581247953075754,
    -0.0015458738099761071,
    -0.0022936926494627513,
    -0.0028063185495576567,
    -0.0027941206853164657,
    -0.0028955698405071224,
    -0.002457140924785252,
    -0.0018101832294785058,
    -0.00139308257811392,
    -0.0013223138874412003,
    -0.0015898514221392073,
    -0.0021353595134919814,
    -0.002264911003338183,
    -0.0017529396414944806,
    -0.0016267307111372472,
    -0.0010595735030394064,
    -0.0016047418243941352,
    -0.001990046502919682,
    -0.0006695900646250082,
    -0.0005349142263540849,
    -0.0005128143034459163,
    -7.979256315119862e-05,
    5.683920268448289e-05,
    -0.0005470161722680859,
    -0.0012937857360708722,
    -0.001049210417218436,
    -0.0006250560067542548,
    -0.00032266316692278695,
    -0.0009357237164117657,
    -0.0017579793796839247,
    -0.0020549730029988467,
    -0.0022397043020114856,
    -0.001681967415327657,
    -0.0008944785569104869,
    -0.0003492766541379765,
    -0.0003009020624535941,
    0.0005685627490756704,
    0.0010751408582150353,
    0.00098808769273421,
    0.0007909525347499565,
    0.0008365553390468905,
