task_id,dataset_name,method,deletion_drop_auc,insertion_auc,combined_score,runtime_seconds,attr_l1_norm,mean_abs_exactness_residual,test_accuracy,test_balanced_accuracy,n_features_transformed,n_classes,ok
146817,steel-plates-fault,aime,0.42988433479914917,0.6472027034998734,0.5385435191495114,0.0060324221589737066,7.636281583287425,,0.8153846153846154,0.793276009463046,27,7,195
146817,steel-plates-fault,cos_fpde,0.4651693647647936,0.6929594034179858,0.5790643840913897,0.0046086627282064885,0.938898364745942,9.833658104332115e-17,0.8153846153846154,0.793276009463046,27,7,195
146817,steel-plates-fault,diff_fpde,0.4485893641626163,0.6865336260663424,0.5675614951144793,0.004574584599999281,19.305339154847676,3.3978518004938126e-15,0.8153846153846154,0.793276009463046,27,7,195
146817,steel-plates-fault,hyb_fpde_grid,0.4579903589821984,0.6915534392340856,0.574771899108142,0.007796160358975904,0.9765922406188215,6.171167565564672e-17,0.8153846153846154,0.793276009463046,27,7,195
146817,steel-plates-fault,lime,0.2883635395306708,0.47072522341590095,0.3795443814732859,0.02521174913846147,0.472548048603428,,0.8153846153846154,0.793276009463046,27,7,195
146817,steel-plates-fault,shap,0.5949509319718895,0.845170640961553,0.7200607864667213,0.4219459802820514,5.348860035911604,,0.8153846153846154,0.793276009463046,27,7,195
