method,mean_deletion_drop_auc,std_deletion_drop_auc,mean_insertion_auc,std_insertion_auc,mean_combined_score,std_combined_score,mean_runtime_seconds,std_runtime_seconds,completed_instances,completed_tasks,mean_test_accuracy,mean_test_balanced_accuracy
aime,0.42988433479914917,0.2695876727452543,0.6472027034998734,0.2097369654734521,0.5385435191495114,0.1283672295426322,0.0060324221589737066,0.00018351860601881944,195,1,0.8153846153846154,0.793276009463046
cos_fpde,0.4651693647647936,0.25674848350943186,0.6929594034179858,0.19016091198740168,0.5790643840913897,0.13337483697800967,0.0046086627282064885,0.0004328562888969053,195,1,0.8153846153846154,0.793276009463046
diff_fpde,0.4485893641626163,0.2647769534298134,0.6865336260663424,0.1873325991081991,0.5675614951144793,0.1431129673989585,0.004574584599999281,0.0001749359649428261,195,1,0.8153846153846154,0.793276009463046
hyb_fpde_grid,0.4579903589821984,0.2580661490436447,0.6915534392340856,0.1884798119200034,0.574771899108142,0.13632106519373235,0.007796160358975904,0.00012289432163658555,195,1,0.8153846153846154,0.793276009463046
lime,0.2883635395306708,0.27555627323016074,0.47072522341590095,0.2915887845546623,0.3795443814732859,0.14604302346893813,0.02521174913846147,0.0018862610144401105,195,1,0.8153846153846154,0.793276009463046
shap,0.5949509319718895,0.28865383470191774,0.845170640961553,0.10549924623119888,0.7200607864667213,0.15915008333605618,0.4219459802820514,0.01999814156390422,195,1,0.8153846153846154,0.793276009463046
