task_id,dataset_name,method,deletion_drop_auc,insertion_auc,combined_score,runtime_seconds,attr_l1_norm,mean_abs_exactness_residual,test_accuracy,test_balanced_accuracy,n_features_transformed,n_classes,ok
125922,texture,aime,0.7751649869166671,0.7875582911688727,0.78136163904277,0.011270127870002398,13.01237664488988,,0.9818181818181819,0.9818181818181819,40,11,200
125922,texture,cos_fpde,0.7778921729227705,0.7546690548763708,0.7662806138995706,0.009889583315000436,0.7374664984397725,1.2271433869059932e-16,0.9818181818181819,0.9818181818181819,40,11,200
125922,texture,diff_fpde,0.6892701285072185,0.6887509279927193,0.6890105282499688,0.009701270794997186,27.096901733109757,3.178290963745667e-15,0.9818181818181819,0.9818181818181819,40,11,200
125922,texture,hyb_fpde_grid,0.7739533566771789,0.7562739992677153,0.765113677972447,0.016781499110002186,0.9659566256599519,4.5042095053737796e-17,0.9818181818181819,0.9818181818181819,40,11,200
125922,texture,lime,0.47581199021025666,0.519968707870003,0.49789034904012985,0.03354194651000171,0.47730767973984967,,0.9818181818181819,0.9818181818181819,40,11,200
125922,texture,shap,0.8612478277317581,0.9043612052276205,0.8828045164796893,0.6106818316899968,9.685140906225056,,0.9818181818181819,0.9818181818181819,40,11,200
