method,mean_deletion_drop_auc,std_deletion_drop_auc,mean_insertion_auc,std_insertion_auc,mean_combined_score,std_combined_score,mean_runtime_seconds,std_runtime_seconds,completed_instances,completed_tasks,mean_test_accuracy,mean_test_balanced_accuracy
aime,0.7751649869166671,0.21622139094496073,0.7875582911688727,0.20506713818778088,0.78136163904277,0.17503285102818023,0.011270127870002398,0.0034479820785355154,200,1,0.9818181818181819,0.9818181818181819
cos_fpde,0.7778921729227705,0.20765487982495706,0.7546690548763708,0.21589121497007066,0.7662806138995706,0.17113488690136308,0.009889583315000436,0.0039530771754034185,200,1,0.9818181818181819,0.9818181818181819
diff_fpde,0.6892701285072185,0.27399311334124415,0.6887509279927193,0.23202876978001263,0.6890105282499688,0.20756335498912537,0.009701270794997186,0.003989224523875359,200,1,0.9818181818181819,0.9818181818181819
hyb_fpde_grid,0.7739533566771789,0.2152923297760822,0.7562739992677153,0.21496165443518142,0.765113677972447,0.1751825903278557,0.016781499110002186,0.006683999934184854,200,1,0.9818181818181819,0.9818181818181819
lime,0.47581199021025666,0.3667721542308808,0.519968707870003,0.35614567229822297,0.49789034904012985,0.3346243671318041,0.03354194651000171,0.005598453599988068,200,1,0.9818181818181819,0.9818181818181819
shap,0.8612478277317581,0.15654585479126235,0.9043612052276205,0.10378670616226862,0.8828045164796893,0.09415739204962748,0.6106818316899968,0.022053881614647514,200,1,0.9818181818181819,0.9818181818181819
