method,mean_deletion_drop_auc,std_deletion_drop_auc,mean_insertion_auc,std_insertion_auc,mean_combined_score,std_combined_score,mean_runtime_seconds,std_runtime_seconds,completed_instances,completed_tasks,mean_test_accuracy,mean_test_balanced_accuracy
aime,0.20021471990833645,0.09133663983719308,0.3124048066415588,0.04150207735086628,0.25630976327494764,0.059764359666046075,0.005505513587499955,0.00012377451523078861,80,1,0.225,0.22722069597069594
cos_fpde,0.19823964268107738,0.09359845705867659,0.26844315793247453,0.04988960835816227,0.23334140030677597,0.0624334207061667,0.0042870001000002485,9.770508438232559e-05,80,1,0.225,0.22722069597069594
diff_fpde,0.19381459810057683,0.09446300162100031,0.27181976816511005,0.05353113156434991,0.23281718313284344,0.06535880101333973,0.00424257210000043,0.00010295852891001057,80,1,0.225,0.22722069597069594
hyb_fpde_grid,0.19823815364572434,0.09359834844795281,0.2684431049845152,0.049889588038743195,0.23334062931511976,0.062433260336417426,0.006645130324998583,0.00011414720004951584,80,1,0.225,0.22722069597069594
lime,-0.0029719250643772737,0.09025789679020209,0.12115187237435872,0.037560901759919954,0.05908997365499071,0.05779389288210925,0.016325797637499306,0.0013812895499483657,80,1,0.225,0.22722069597069594
shap,0.21841202225049777,0.09031781184454726,0.3085884132367748,0.048650900933301225,0.2635002177436363,0.06363123167854727,0.2264116661499999,0.02203561349650742,80,1,0.225,0.22722069597069594
