task_id,dataset_name,method,deletion_drop_auc,insertion_auc,combined_score,runtime_seconds,attr_l1_norm,mean_abs_exactness_residual,test_accuracy,test_balanced_accuracy,n_features_transformed,n_classes,ok
3560,analcatdata_dmft,aime,0.20021471990833645,0.3124048066415588,0.25630976327494764,0.005505513587499955,4.463573676053118,,0.225,0.22722069597069594,21,6,80
3560,analcatdata_dmft,cos_fpde,0.19823964268107738,0.26844315793247453,0.23334140030677597,0.0042870001000002485,1.0177893879253817,7.476658181460039e-17,0.225,0.22722069597069594,21,6,80
3560,analcatdata_dmft,diff_fpde,0.19381459810057683,0.27181976816511005,0.23281718313284344,0.00424257210000043,0.7019263636817205,2.92300905702092e-16,0.225,0.22722069597069594,21,6,80
3560,analcatdata_dmft,hyb_fpde_grid,0.19823815364572434,0.2684431049845152,0.23334062931511976,0.006645130324998583,1.0,6.34041430469523e-17,0.225,0.22722069597069594,21,6,80
3560,analcatdata_dmft,lime,-0.0029719250643772737,0.12115187237435872,0.05908997365499071,0.016325797637499306,0.15682698671038084,,0.225,0.22722069597069594,21,6,80
3560,analcatdata_dmft,shap,0.21841202225049777,0.3085884132367748,0.2635002177436363,0.2264116661499999,1.79090129866138,,0.225,0.22722069597069594,21,6,80
