task_id,dataset_name,method,deletion_drop_auc,insertion_auc,combined_score,runtime_seconds,attr_l1_norm,mean_abs_exactness_residual,test_accuracy,test_balanced_accuracy,n_features_transformed,n_classes,ok
9952,phoneme,aime,0.1890335669172372,0.8005020226278134,0.4947677947725253,0.004868285229999714,2.4387242508485327,,0.8964879852125693,0.8808077315683757,5,2,200
9952,phoneme,cos_fpde,0.18895959111028815,0.7999353620015122,0.49444747655590016,0.003859943044999028,1.6285934729904974,9.115971866258121e-17,0.8964879852125693,0.8808077315683757,5,2,200
9952,phoneme,diff_fpde,0.1891388118781444,0.8003410262221301,0.49473991905013726,0.003796582974999154,4.404000148603805,4.479749904362507e-16,0.8964879852125693,0.8808077315683757,5,2,200
9952,phoneme,hyb_fpde_grid,0.18925441750929622,0.8003017818879186,0.49477809969860737,0.007241797095000635,0.998843366798264,6.353424730765056e-17,0.8964879852125693,0.8808077315683757,5,2,200
9952,phoneme,lime,0.1558084144287453,0.7902397664116582,0.4730240904202017,0.029858285294998267,0.3287412668153496,,0.8964879852125693,0.8808077315683757,5,2,200
9952,phoneme,shap,0.12043559030379296,0.7333134580858208,0.42687452419480687,0.0671154342900003,3.266325722698819,,0.8964879852125693,0.8808077315683757,5,2,200
