method,mean_deletion_drop_auc,std_deletion_drop_auc,mean_insertion_auc,std_insertion_auc,mean_combined_score,std_combined_score,mean_runtime_seconds,std_runtime_seconds,completed_instances,completed_tasks,mean_test_accuracy,mean_test_balanced_accuracy
aime,0.1890335669172372,0.18865580388679945,0.8005020226278134,0.17787536573130477,0.4947677947725253,0.10934310974715628,0.004868285229999714,0.000156877013211408,200,1,0.8964879852125693,0.8808077315683757
cos_fpde,0.18895959111028815,0.18862509272788397,0.7999353620015122,0.177729192739442,0.49444747655590016,0.10960615978200666,0.003859943044999028,0.00021360520078338104,200,1,0.8964879852125693,0.8808077315683757
diff_fpde,0.1891388118781444,0.18821720727026722,0.8003410262221301,0.18037397946974867,0.49473991905013726,0.11046819359559232,0.003796582974999154,0.0001331244228198161,200,1,0.8964879852125693,0.8808077315683757
hyb_fpde_grid,0.18925441750929622,0.188099860582602,0.8003017818879186,0.1802306364461562,0.49477809969860737,0.11023635667380557,0.007241797095000635,0.00011332305289169623,200,1,0.8964879852125693,0.8808077315683757
lime,0.1558084144287453,0.1888277290068061,0.7902397664116582,0.16334491820966288,0.4730240904202017,0.09386329420643823,0.029858285294998267,0.000793767431646703,200,1,0.8964879852125693,0.8808077315683757
shap,0.12043559030379296,0.21283931922903873,0.7333134580858208,0.1723630121179992,0.42687452419480687,0.12594888627982193,0.0671154342900003,0.013948820734623212,200,1,0.8964879852125693,0.8808077315683757
