task_id,dataset_name,method,deletion_drop_auc,insertion_auc,combined_score,runtime_seconds,attr_l1_norm,mean_abs_exactness_residual,test_accuracy,test_balanced_accuracy,n_features_transformed,n_classes,ok
146820,wilt,aime,0.21979972440883075,0.9718157036741849,0.5958077140415078,0.004436758080000516,1.7205875071345036,,0.9752066115702479,0.8236479677527713,5,2,200
146820,wilt,cos_fpde,0.22153382674938485,0.9718184545467163,0.5966761406480505,0.0034052889900013385,1.390454305624657,6.827871601444713e-17,0.9752066115702479,0.8236479677527713,5,2,200
146820,wilt,diff_fpde,0.19475640838653852,0.9673968573995951,0.5810766328930669,0.0033642008450009086,1.963239440242349,4.279215870539588e-16,0.9752066115702479,0.8236479677527713,5,2,200
146820,wilt,hyb_fpde_grid,0.22153382674938485,0.9718184545467163,0.5966761406480505,0.006308843164999729,1.0,5.819997261902187e-17,0.9752066115702479,0.8236479677527713,5,2,200
146820,wilt,lime,0.06019718207786658,0.6180266546068246,0.33911191834234555,0.02554311643499915,0.5011070517452343,,0.9752066115702479,0.8236479677527713,5,2,200
146820,wilt,shap,0.042300675560716344,0.634434877508562,0.3383677765346391,0.0641621628850001,3.366263752706302,,0.9752066115702479,0.8236479677527713,5,2,200
