task_id,dataset_name,method,deletion_drop_auc,insertion_auc,combined_score,runtime_seconds,attr_l1_norm,mean_abs_exactness_residual,test_accuracy,test_balanced_accuracy,n_features_transformed,n_classes,ok
146821,car,aime,0.30604067345604025,0.8347430279550377,0.570391850705539,0.005513714127167092,5.257203466545391,,1.0,1.0,21,4,173
146821,car,cos_fpde,0.3091985375019812,0.7864560819671731,0.5478273097345772,0.004281177647398426,1.237492327821516,6.70224954533467e-17,1.0,1.0,21,4,173
146821,car,diff_fpde,0.2826974407298434,0.805088672190767,0.5438930564603052,0.00423115408670438,2.3539038470662246,5.116331250765353e-16,1.0,1.0,21,4,173
146821,car,hyb_fpde_grid,0.3091985375019812,0.7864560819671731,0.5478273097345772,0.006960496757225963,1.0,4.437207064527092e-17,1.0,1.0,21,4,173
146821,car,lime,0.08433828272824029,0.7011603736595282,0.39274932819388425,0.014161936907514803,0.10187426997073906,,1.0,1.0,21,4,173
146821,car,shap,0.3260929010933173,0.8619026439708839,0.5939977725321005,0.2374257860057801,5.168620980694465,,1.0,1.0,21,4,173
