method,mean_deletion_drop_auc,std_deletion_drop_auc,mean_insertion_auc,std_insertion_auc,mean_combined_score,std_combined_score,mean_runtime_seconds,std_runtime_seconds,completed_instances,completed_tasks,mean_test_accuracy,mean_test_balanced_accuracy
aime,0.42107621649219057,0.18234785374276022,0.7993192657369113,0.175838901098866,0.6101977411145509,0.13764320792853527,0.004595215490001578,0.00012715357575577286,200,1,0.8498438197233378,0.7970093418689684
cos_fpde,0.4156129702709588,0.1826488985181301,0.7838254985872689,0.1906931984403585,0.5997192344291138,0.1428462446533903,0.0035971022949985356,0.0017349903820011257,200,1,0.8498438197233378,0.7970093418689684
diff_fpde,0.4151002468092223,0.18281436255053432,0.7873499129682265,0.17995014201083637,0.6012250798887244,0.13784862174074636,0.0035231054799993444,0.0010425003687257763,200,1,0.8498438197233378,0.7970093418689684
hyb_fpde_grid,0.417964748860059,0.18047840255018766,0.7880310794771891,0.18246004962854578,0.6029979141686241,0.13811166525704338,0.019573209805000717,0.002393625644184195,200,1,0.8498438197233378,0.7970093418689684
lime,0.24902400156522758,0.2059702561305695,0.6500117599213445,0.255416571347949,0.44951788074328597,0.18323473904755547,0.03585340450500325,0.0005391939415328146,200,1,0.8498438197233378,0.7970093418689684
shap,0.44316413665807164,0.1700231088841328,0.8119711953764158,0.18256216543120085,0.6275676660172437,0.13413598399129614,0.18150402527999887,0.02311286386278397,200,1,0.8498438197233378,0.7970093418689684
