method,mean_deletion_drop_auc,std_deletion_drop_auc,mean_insertion_auc,std_insertion_auc,mean_combined_score,std_combined_score,mean_runtime_seconds,std_runtime_seconds,completed_instances,completed_tasks,mean_test_accuracy,mean_test_balanced_accuracy
aime,0.5887240698085824,0.3744834901790103,0.9255874429269578,0.06723921468934353,0.75715575636777,0.16582120891788052,0.011121421839998789,0.005690956425070537,200,1,0.949367088607595,0.9472402597402598
cos_fpde,0.5923970516717459,0.3767226237550605,0.9254818603904568,0.06731909064055618,0.7589394560311014,0.16676327180875955,0.011632186169995293,0.003386127998837814,200,1,0.949367088607595,0.9472402597402598
diff_fpde,0.5944001680227994,0.3779631012967519,0.9279517747717921,0.06755913989303758,0.7611759713972956,0.1686871094540762,0.010108908894995921,0.00416796094713569,200,1,0.949367088607595,0.9472402597402598
hyb_fpde_grid,0.5944001680227994,0.3779631012967519,0.9279564685041344,0.06755509652147512,0.7611783182634668,0.16868850305531133,0.01902337403000331,0.005836785965631454,200,1,0.949367088607595,0.9472402597402598
lime,0.05199741155697618,0.13055360466063215,0.4091656174139046,0.34881226328518755,0.23058151448544043,0.16261569364513848,0.018501445229998126,0.004765143799970222,200,1,0.949367088607595,0.9472402597402598
shap,0.48145158894539114,0.48992775829122237,0.8222837238320357,0.25904640585847716,0.6518676563887135,0.33587527653111166,0.07545541308999987,0.014222021957626079,200,1,0.949367088607595,0.9472402597402598
