task_id,dataset_name,method,deletion_drop_auc,insertion_auc,combined_score,runtime_seconds,attr_l1_norm,mean_abs_exactness_residual,test_accuracy,test_balanced_accuracy,n_features_transformed,n_classes,ok
14952,PhishingWebsites,aime,0.5887240698085824,0.9255874429269578,0.75715575636777,0.011121421839998789,9.753657430441319,,0.949367088607595,0.9472402597402598,68,2,200
14952,PhishingWebsites,cos_fpde,0.5923970516717459,0.9254818603904568,0.7589394560311014,0.011632186169995293,1.335110745800119,9.637473111223649e-17,0.949367088607595,0.9472402597402598,68,2,200
14952,PhishingWebsites,diff_fpde,0.5944001680227994,0.9279517747717921,0.7611759713972956,0.010108908894995921,6.790127025166664,1.8598924483859136e-15,0.949367088607595,0.9472402597402598,68,2,200
14952,PhishingWebsites,hyb_fpde_grid,0.5944001680227994,0.9279564685041344,0.7611783182634668,0.01902337403000331,1.0000000000000002,7.893777862269524e-17,0.949367088607595,0.9472402597402598,68,2,200
14952,PhishingWebsites,lime,0.05199741155697618,0.4091656174139046,0.23058151448544043,0.018501445229998126,0.6561196693733503,,0.949367088607595,0.9472402597402598,68,2,200
14952,PhishingWebsites,shap,0.48145158894539114,0.8222837238320357,0.6518676563887135,0.07545541308999987,7.1927211700308415,,0.949367088607595,0.9472402597402598,68,2,200
