task_id,dataset_name,method,deletion_drop_auc,insertion_auc,combined_score,runtime_seconds,attr_l1_norm,mean_abs_exactness_residual,test_accuracy,test_balanced_accuracy,n_features_transformed,n_classes,ok
3549,analcatdata_authorship,aime,0.5662418078421051,0.9488672616877681,0.7575545347649366,0.011758206223528505,11.503232409620972,,0.9647058823529412,0.9416666666666668,70,4,85
3549,analcatdata_authorship,cos_fpde,0.5692674847757002,0.925461440925313,0.7473644628505066,0.011641528235294546,1.1646250697896579,8.489940776545314e-17,0.9647058823529412,0.9416666666666668,70,4,85
3549,analcatdata_authorship,diff_fpde,0.5299134046028173,0.8963542349339633,0.7131338197683903,0.010761198870588875,75.33026969652455,1.4597473556718527e-14,0.9647058823529412,0.9416666666666668,70,4,85
3549,analcatdata_authorship,hyb_fpde_grid,0.5692674847757002,0.925461440925313,0.7473644628505066,0.015858353788234032,1.0,7.200122850877854e-17,0.9647058823529412,0.9416666666666668,70,4,85
3549,analcatdata_authorship,lime,0.13047349067642053,0.651158334233186,0.3908159124548033,0.02885501672941306,1.0689577864227862,,0.9647058823529412,0.9416666666666668,70,4,85
3549,analcatdata_authorship,shap,0.5996723754743436,0.9599931008258387,0.7798327381500911,0.21915117208235516,5.845530922959674,,0.9647058823529412,0.9416666666666668,70,4,85
