task_id,dataset_name,method,deletion_drop_auc,insertion_auc,combined_score,runtime_seconds,attr_l1_norm,mean_abs_exactness_residual,test_accuracy,test_balanced_accuracy,n_features_transformed,n_classes,ok
14,mfeat-fourier,aime,0.7895092424675311,0.8831935550183627,0.836351398742947,0.011327870309999781,11.73159791501617,,0.85,0.85,76,10,200
14,mfeat-fourier,cos_fpde,0.7252635435595205,0.821216293290921,0.7732399184252208,0.01135871786999985,0.7839709355384434,9.141559037528779e-17,0.85,0.85,76,10,200
14,mfeat-fourier,diff_fpde,0.7094741626909123,0.7823417852525183,0.7459079739717153,0.00964781592000108,45.932110399803015,9.65685864606769e-15,0.85,0.85,76,10,200
14,mfeat-fourier,hyb_fpde_grid,0.7252635435595205,0.821216293290921,0.7732399184252208,0.01640545337999896,1.0,6.235246693964136e-17,0.85,0.85,76,10,200
14,mfeat-fourier,lime,0.6262847190806695,0.6367496679440963,0.6315171935123829,0.04046605027499851,0.6310556014157914,,0.85,0.85,76,10,200
14,mfeat-fourier,shap,0.8178345646551751,0.9444797873105216,0.8811571759828483,0.5943414433750001,8.405454498145772,,0.85,0.85,76,10,200
