method,mean_deletion_drop_auc,std_deletion_drop_auc,mean_insertion_auc,std_insertion_auc,mean_combined_score,std_combined_score,mean_runtime_seconds,std_runtime_seconds,completed_instances,completed_tasks,mean_test_accuracy,mean_test_balanced_accuracy
aime,0.7895092424675311,0.20370868309395687,0.8831935550183627,0.1272167426826419,0.836351398742947,0.1472768228315146,0.011327870309999781,0.0044144403717752585,200,1,0.85,0.85
cos_fpde,0.7252635435595205,0.24393022994156968,0.821216293290921,0.18201881223258812,0.7732399184252208,0.17963073896691883,0.01135871786999985,0.0028365639467194627,200,1,0.85,0.85
diff_fpde,0.7094741626909123,0.24731182504538576,0.7823417852525183,0.18482247210352684,0.7459079739717153,0.1865542323594207,0.00964781592000108,0.0032031111570059835,200,1,0.85,0.85
hyb_fpde_grid,0.7252635435595205,0.24393022994156968,0.821216293290921,0.18201881223258812,0.7732399184252208,0.17963073896691883,0.01640545337999896,0.0050030061670921595,200,1,0.85,0.85
lime,0.6262847190806695,0.3454766347530508,0.6367496679440963,0.299237694015746,0.6315171935123829,0.2695046296294784,0.04046605027499851,0.005096021787975428,200,1,0.85,0.85
shap,0.8178345646551751,0.18168090631012543,0.9444797873105216,0.052374757001375755,0.8811571759828483,0.10864551437853452,0.5943414433750001,0.0208255987897558,200,1,0.85,0.85
