task_id,dataset_name,method,deletion_drop_auc,insertion_auc,combined_score,runtime_seconds,attr_l1_norm,mean_abs_exactness_residual,test_accuracy,test_balanced_accuracy,n_features_transformed,n_classes,ok
43,spambase,aime,0.5572545917583502,0.9111046938467076,0.7341796428025289,0.010854638350000343,7.477387057947168,,0.9457700650759219,0.9408700618378038,57,2,200
43,spambase,cos_fpde,0.5560944348113593,0.9080314035915447,0.7320629192014521,0.008808389524998574,1.2161032264050335,7.869139367899791e-17,0.9457700650759219,0.9408700618378038,57,2,200
43,spambase,diff_fpde,0.5622899102410416,0.9085734505652987,0.7354316804031701,0.00829284604499911,17.892969498707323,8.70387095730507e-15,0.9457700650759219,0.9408700618378038,57,2,200
43,spambase,hyb_fpde_grid,0.5620802528373359,0.908505744458826,0.735292998648081,0.01403028179500076,0.9998003133287654,5.976122374740101e-17,0.9457700650759219,0.9408700618378038,57,2,200
43,spambase,lime,0.014784278694330038,0.4045289597989056,0.2096566192466178,0.018017400929999566,0.767276834988878,,0.9457700650759219,0.9408700618378038,57,2,200
43,spambase,shap,0.2967593383153908,0.6225536936365456,0.4596565159759682,0.08090393537500028,6.641778095006731,,0.9457700650759219,0.9408700618378038,57,2,200
