method,mean_deletion_drop_auc,std_deletion_drop_auc,mean_insertion_auc,std_insertion_auc,mean_combined_score,std_combined_score,mean_runtime_seconds,std_runtime_seconds,completed_instances,completed_tasks,mean_test_accuracy,mean_test_balanced_accuracy
aime,0.5572545917583502,0.23917508747667335,0.9111046938467076,0.10090206929437384,0.7341796428025289,0.10202130112082115,0.010854638350000343,0.004046427843840773,200,1,0.9457700650759219,0.9408700618378038
cos_fpde,0.5560944348113593,0.2379998053070298,0.9080314035915447,0.10417761785586004,0.7320629192014521,0.10102332831369348,0.008808389524998574,0.0035899912481284517,200,1,0.9457700650759219,0.9408700618378038
diff_fpde,0.5622899102410416,0.2381634726820132,0.9085734505652987,0.10390733207972999,0.7354316804031701,0.1019436319079382,0.00829284604499911,0.003581992980544047,200,1,0.9457700650759219,0.9408700618378038
hyb_fpde_grid,0.5620802528373359,0.23842985379121823,0.908505744458826,0.10399350960961135,0.735292998648081,0.1021795520057487,0.01403028179500076,0.005229361526903291,200,1,0.9457700650759219,0.9408700618378038
lime,0.014784278694330038,0.11990244245664698,0.4045289597989056,0.2780722597290396,0.2096566192466178,0.1488699701643047,0.018017400929999566,0.006456972874222395,200,1,0.9457700650759219,0.9408700618378038
shap,0.2967593383153908,0.4420489448262388,0.6225536936365456,0.30372882488804503,0.4596565159759682,0.3513903445198807,0.08090393537500028,0.015564320982554615,200,1,0.9457700650759219,0.9408700618378038
