method,mean_deletion_drop_auc,std_deletion_drop_auc,mean_insertion_auc,std_insertion_auc,mean_combined_score,std_combined_score,mean_runtime_seconds,std_runtime_seconds,completed_instances,completed_tasks,mean_test_accuracy,mean_test_balanced_accuracy
aime,0.40119867395421066,0.26471266260547327,0.6515235495089596,0.16872287722865764,0.5263611117315852,0.16455995866509915,0.005690648218749909,0.0005789609725755158,96,1,0.9791666666666666,0.9696969696969697
cos_fpde,0.4107831959483165,0.2579444320272499,0.6822582254368443,0.1777972405116603,0.5465207106925803,0.1702789662838378,0.004277867614583227,6.361873262556734e-05,96,1,0.9791666666666666,0.9696969696969697
diff_fpde,0.4108934084512124,0.2579435603219531,0.6870573465447573,0.18164949688243515,0.5489753774979849,0.1726118415422395,0.004267072552081548,0.0003731079398433526,96,1,0.9791666666666666,0.9696969696969697
hyb_fpde_grid,0.4108934084512124,0.2579435603219531,0.6870573465447573,0.18164949688243515,0.5489753774979849,0.1726118415422395,0.006533266093750416,8.460415187176972e-05,96,1,0.9791666666666666,0.9696969696969697
lime,0.05409490903455575,0.09527502310800741,0.2767561804614449,0.22501461163475883,0.16542554474800034,0.09667990027082822,0.011121126427082887,0.0006564458610478345,96,1,0.9791666666666666,0.9696969696969697
shap,0.3993059266591194,0.2934788373372239,0.7611919164137735,0.30536987391972825,0.5802489215364465,0.26474345697520457,0.044337812697914224,0.01952026101871491,96,1,0.9791666666666666,0.9696969696969697
