task_id,dataset_name,method,deletion_drop_auc,insertion_auc,combined_score,runtime_seconds,attr_l1_norm,mean_abs_exactness_residual,test_accuracy,test_balanced_accuracy,n_features_transformed,n_classes,ok
49,tic-tac-toe,aime,0.40119867395421066,0.6515235495089596,0.5263611117315852,0.005690648218749909,6.720173142959314,,0.9791666666666666,0.9696969696969697,27,2,96
49,tic-tac-toe,cos_fpde,0.4107831959483165,0.6822582254368443,0.5465207106925803,0.004277867614583227,1.499089851741511,6.602791230436722e-17,0.9791666666666666,0.9696969696969697,27,2,96
49,tic-tac-toe,diff_fpde,0.4108934084512124,0.6870573465447573,0.5489753774979849,0.004267072552081548,2.343893227331008,5.383425187114691e-16,0.9791666666666666,0.9696969696969697,27,2,96
49,tic-tac-toe,hyb_fpde_grid,0.4108934084512124,0.6870573465447573,0.5489753774979849,0.006533266093750416,1.0,4.4181238528784306e-17,0.9791666666666666,0.9696969696969697,27,2,96
49,tic-tac-toe,lime,0.05409490903455575,0.2767561804614449,0.16542554474800034,0.011121126427082887,0.651849898603697,,0.9791666666666666,0.9696969696969697,27,2,96
49,tic-tac-toe,shap,0.3993059266591194,0.7611919164137735,0.5802489215364465,0.044337812697914224,7.887486100258692,,0.9791666666666666,0.9696969696969697,27,2,96
