task_id,dataset_name,method,deletion_drop_auc,insertion_auc,combined_score,runtime_seconds,attr_l1_norm,mean_abs_exactness_residual,test_accuracy,test_balanced_accuracy,n_features_transformed,n_classes,ok
14969,GesturePhaseSegmentationProcessed,aime,0.3205440939325299,0.5580934362733051,0.43931876510291745,0.011183372250006016,5.0505693639237705,,0.6497975708502024,0.5910340759616791,32,5,200
14969,GesturePhaseSegmentationProcessed,cos_fpde,0.3155435231228183,0.5452754970058578,0.43040951006433803,0.008649800419998428,0.7884194130431716,6.110563444128303e-17,0.6497975708502024,0.5910340759616791,32,5,200
14969,GesturePhaseSegmentationProcessed,diff_fpde,0.308722094513165,0.5259073347699162,0.41731471464154063,0.008676403364999885,6.025225080093866,2.5926483182558967e-15,0.6497975708502024,0.5910340759616791,32,5,200
14969,GesturePhaseSegmentationProcessed,hyb_fpde_grid,0.3155435231228183,0.5452754970058578,0.43040951006433803,0.017176594104995786,1.0,5.048045315092509e-17,0.6497975708502024,0.5910340759616791,32,5,200
14969,GesturePhaseSegmentationProcessed,lime,0.13704495399409564,0.382364090289655,0.25970452214187534,0.023547476090000997,0.34577672316209673,,0.6497975708502024,0.5910340759616791,32,5,200
14969,GesturePhaseSegmentationProcessed,shap,0.3630188328120055,0.6322579320413593,0.49763838242668235,0.3033559670949987,2.4492675140753475,,0.6497975708502024,0.5910340759616791,32,5,200
