method,mean_deletion_drop_auc,std_deletion_drop_auc,mean_insertion_auc,std_insertion_auc,mean_combined_score,std_combined_score,mean_runtime_seconds,std_runtime_seconds,completed_instances,completed_tasks,mean_test_accuracy,mean_test_balanced_accuracy
aime,0.3205440939325299,0.18041988678307055,0.5580934362733051,0.16641221482104426,0.43931876510291745,0.1560619486227351,0.011183372250006016,0.00391885905599051,200,1,0.6497975708502024,0.5910340759616791
cos_fpde,0.3155435231228183,0.1728896904598495,0.5452754970058578,0.16238371243178606,0.43040951006433803,0.15177859024195697,0.008649800419998428,0.004314927181179685,200,1,0.6497975708502024,0.5910340759616791
diff_fpde,0.308722094513165,0.1715082675920317,0.5259073347699162,0.18305318825919695,0.41731471464154063,0.15710705470434413,0.008676403364999885,0.004856991456366322,200,1,0.6497975708502024,0.5910340759616791
hyb_fpde_grid,0.3155435231228183,0.1728896904598495,0.5452754970058578,0.16238371243178606,0.43040951006433803,0.15177859024195697,0.017176594104995786,0.006671022324817151,200,1,0.6497975708502024,0.5910340759616791
lime,0.13704495399409564,0.1539527515066276,0.382364090289655,0.15384971869017033,0.25970452214187534,0.13468869956952367,0.023547476090000997,0.005671893042696052,200,1,0.6497975708502024,0.5910340759616791
shap,0.3630188328120055,0.16447999356180565,0.6322579320413593,0.16240590578088443,0.49763838242668235,0.15003778640277424,0.3033559670949987,0.02193822418213037,200,1,0.6497975708502024,0.5910340759616791
