task_id,dataset_name,method,deletion_drop_auc,insertion_auc,combined_score,runtime_seconds,attr_l1_norm,mean_abs_exactness_residual,test_accuracy,test_balanced_accuracy,n_features_transformed,n_classes,ok
9985,first-order-theorem-proving,aime,0.3231763725823643,0.4863013965768339,0.4047388845795991,0.011181857710000288,8.136273161728115,,0.6029411764705882,0.47015005075706284,51,6,200
9985,first-order-theorem-proving,cos_fpde,0.31399747493489266,0.4797473472326405,0.3968724110837666,0.011416388729999767,1.0106134204371164,7.511352650979574e-17,0.6029411764705882,0.47015005075706284,51,6,200
9985,first-order-theorem-proving,diff_fpde,0.30801683235451605,0.48073251594480004,0.39437467414965804,0.009949724519999563,10.724253805634206,6.7488375998792095e-15,0.6029411764705882,0.47015005075706284,51,6,200
9985,first-order-theorem-proving,hyb_fpde_grid,0.3140772314605502,0.4801566085215337,0.3971169199910419,0.018384101029999725,0.9985801772079858,6.798381302353107e-17,0.6029411764705882,0.47015005075706284,51,6,200
9985,first-order-theorem-proving,lime,0.17043907219491847,0.34356321992600164,0.2570011460604601,0.03173763951999917,0.5296931884719629,,0.6029411764705882,0.47015005075706284,51,6,200
9985,first-order-theorem-proving,shap,0.4031807897951895,0.602542853714395,0.5028618217547922,0.38417755857999936,2.725680902204082,,0.6029411764705882,0.47015005075706284,51,6,200
