method,mean_deletion_drop_auc,std_deletion_drop_auc,mean_insertion_auc,std_insertion_auc,mean_combined_score,std_combined_score,mean_runtime_seconds,std_runtime_seconds,completed_instances,completed_tasks,mean_test_accuracy,mean_test_balanced_accuracy
aime,0.3231763725823643,0.14689597092480727,0.4863013965768339,0.18386151385478128,0.4047388845795991,0.13854254241832398,0.011181857710000288,0.004707845686765381,200,1,0.6029411764705882,0.47015005075706284
cos_fpde,0.31399747493489266,0.15136587876290847,0.4797473472326405,0.1865953339048338,0.3968724110837666,0.13871571575984623,0.011416388729999767,0.003157676119644021,200,1,0.6029411764705882,0.47015005075706284
diff_fpde,0.30801683235451605,0.15521357226459753,0.48073251594480004,0.18289355602996862,0.39437467414965804,0.13876315569813533,0.009949724519999563,0.00357030247058734,200,1,0.6029411764705882,0.47015005075706284
hyb_fpde_grid,0.3140772314605502,0.15126930215380804,0.4801566085215337,0.18549890435595964,0.3971169199910419,0.1383785680376136,0.018384101029999725,0.0053821270935085425,200,1,0.6029411764705882,0.47015005075706284
lime,0.17043907219491847,0.17100684382760423,0.34356321992600164,0.15451945032217196,0.2570011460604601,0.1290153560697729,0.03173763951999917,0.0059606869616391405,200,1,0.6029411764705882,0.47015005075706284
shap,0.4031807897951895,0.16390503786598393,0.602542853714395,0.15854615933490387,0.5028618217547922,0.13722430931901916,0.38417755857999936,0.02012684719860378,200,1,0.6029411764705882,0.47015005075706284
