task_id,dataset_name,method,deletion_drop_auc,insertion_auc,combined_score,runtime_seconds,attr_l1_norm,mean_abs_exactness_residual,test_accuracy,test_balanced_accuracy,n_features_transformed,n_classes,ok
53,vehicle,aime,0.539769485262799,0.7157186243760163,0.6277440548194078,0.005030626305882473,6.35404875589847,,0.7647058823529411,0.7656385281385281,18,4,85
53,vehicle,cos_fpde,0.5818702616518572,0.7257888763833168,0.653829569017587,0.0038101188823525395,0.8842880121076737,7.949115222270192e-17,0.7647058823529411,0.7656385281385281,18,4,85
53,vehicle,diff_fpde,0.538624675646246,0.6919339840322557,0.6152793298392508,0.003774545694118354,10.091497850629885,1.8854199247604862e-15,0.7647058823529411,0.7656385281385281,18,4,85
53,vehicle,hyb_fpde_grid,0.5818702616518572,0.7257888763833168,0.653829569017587,0.005843851988235242,1.0,5.4694810771974627e-17,0.7647058823529411,0.7656385281385281,18,4,85
53,vehicle,lime,0.3693580781207558,0.47847768227563653,0.42391788019819615,0.016261317376470723,0.5971905792550385,,0.7647058823529411,0.7656385281385281,18,4,85
53,vehicle,shap,0.6805119096296416,0.8217812582068271,0.7511465839182344,0.20177382836470503,5.1246196029185525,,0.7647058823529411,0.7656385281385281,18,4,85
