{
  "feature_config": {
    "hop_length": 512,
    "n_fft": 2048,
    "n_mfcc": 13,
    "sr": 22050
  },
  "feature_names": [
    "rms",
    "zero_crossing_rate",
    "spectral_centroid",
    "spectral_bandwidth",
    "spectral_rolloff",
    "spectral_flatness",
    "mfcc_1",
    "mfcc_2",
    "mfcc_3",
    "mfcc_4",
    "mfcc_5",
    "mfcc_6",
    "mfcc_7",
    "mfcc_8",
    "mfcc_9",
    "mfcc_10",
    "mfcc_11",
    "mfcc_12",
    "mfcc_13"
  ],
  "non_finite_policy": "np.nan_to_num(nan=0.0, posinf=0.0, neginf=0.0)",
  "standardizer": {
    "feature_names": [
      "rms",
      "zero_crossing_rate",
      "spectral_centroid",
      "spectral_bandwidth",
      "spectral_rolloff",
      "spectral_flatness",
      "mfcc_1",
      "mfcc_2",
      "mfcc_3",
      "mfcc_4",
      "mfcc_5",
      "mfcc_6",
      "mfcc_7",
      "mfcc_8",
      "mfcc_9",
      "mfcc_10",
      "mfcc_11",
      "mfcc_12",
      "mfcc_13"
    ],
    "mean": [
      0.05825167025786564,
      0.10291533293547454,
      1877.1857418348816,
      1801.784281519425,
      3706.0137939453125,
      0.17070668733633912,
      -316.2071914183336,
      85.40659071081578,
      -15.416409883948361,
      9.490588537564578,
      -2.2974863232433798,
      6.341273206503956,
      0.5022244172626366,
      4.490039957763467,
      -4.201756469108262,
      3.796359146141806,
      -3.2825251618308595,
      0.6140176372076376,
      -1.3013666577191183
    ],
    "std": [
      0.08552435965992815,
      0.10135795930369419,
      1351.8987645950676,
      997.409920937575,
      2692.8346475156986,
      0.3430229176063538,
      213.31504957496006,
      73.94980768100542,
      31.111121556360054,
      22.954649949240938,
      21.829686885575644,
      18.22677536511253,
      15.656865239652971,
      10.385597799377997,
      13.264273609023986,
      9.723687052775267,
      9.26552178492048,
      9.741630165580258,
      9.007133795703226
    ]
  }
}