task_id,dataset_name,method,deletion_drop_auc,insertion_auc,combined_score,runtime_seconds,attr_l1_norm,mean_abs_exactness_residual,test_accuracy,test_balanced_accuracy,n_features_transformed,n_classes,ok
3918,pc1,aime,0.08613148677366417,0.9702595372495673,0.5281955120116157,0.00485764618017988,7.852821772940356,,0.954954954954955,0.6428571428571428,21,2,111
3918,pc1,cos_fpde,0.08077237689887003,0.9698545056175061,0.525313441258188,0.00369776706306054,1.6129599127032426,1.3984059155892314e-16,0.954954954954955,0.6428571428571428,21,2,111
3918,pc1,diff_fpde,0.06720596155915436,0.9679020648416842,0.5175540132004193,0.0036466412882864337,20.730234414108562,3.4126855495684993e-15,0.954954954954955,0.6428571428571428,21,2,111
3918,pc1,hyb_fpde_grid,0.08077237689887003,0.9698545056175061,0.525313441258188,0.005686796648648128,1.0,8.467325939497605e-17,0.954954954954955,0.6428571428571428,21,2,111
3918,pc1,lime,0.028839857933008004,0.7435716344264763,0.3862057461797421,0.010032087198200632,0.478511796264728,,0.954954954954955,0.6428571428571428,21,2,111
3918,pc1,shap,0.009375738940712025,0.6978864933566481,0.3536311161486801,0.06170086341441535,4.6237909435535824,,0.954954954954955,0.6428571428571428,21,2,111
