method,mean_deletion_drop_auc,std_deletion_drop_auc,mean_insertion_auc,std_insertion_auc,mean_combined_score,std_combined_score,mean_runtime_seconds,std_runtime_seconds,completed_instances,completed_tasks,mean_test_accuracy,mean_test_balanced_accuracy
aime,0.08613148677366417,0.10615363806641107,0.9702595372495673,0.08875023896223964,0.5281955120116157,0.04986187705528015,0.00485764618017988,9.580343614475538e-05,111,1,0.954954954954955,0.6428571428571428
cos_fpde,0.08077237689887003,0.10151963895364034,0.9698545056175061,0.08896859716918157,0.525313441258188,0.046995949374067286,0.00369776706306054,0.00016837753060825933,111,1,0.954954954954955,0.6428571428571428
diff_fpde,0.06720596155915436,0.09427552558879997,0.9679020648416842,0.09013962126433099,0.5175540132004193,0.04422829949020947,0.0036466412882864337,5.5427929619508735e-05,111,1,0.954954954954955,0.6428571428571428
hyb_fpde_grid,0.08077237689887003,0.10151963895364034,0.9698545056175061,0.08896859716918157,0.525313441258188,0.046995949374067286,0.005686796648648128,0.0003130655133012067,111,1,0.954954954954955,0.6428571428571428
lime,0.028839857933008004,0.07850151684127885,0.7435716344264763,0.2923471407014288,0.3862057461797421,0.15298013436498226,0.010032087198200632,8.877109237954423e-05,111,1,0.954954954954955,0.6428571428571428
shap,0.009375738940712025,0.12021703095060408,0.6978864933566481,0.24413942071101477,0.3536311161486801,0.1402769213113844,0.06170086341441535,0.017865500939051825,111,1,0.954954954954955,0.6428571428571428
