method,mean_deletion_drop_auc,std_deletion_drop_auc,mean_insertion_auc,std_insertion_auc,mean_combined_score,std_combined_score,mean_runtime_seconds,std_runtime_seconds,completed_instances,completed_tasks,mean_test_accuracy,mean_test_balanced_accuracy
aime,0.20003766150293265,0.19557631519190316,0.9149094691802917,0.1464635638330583,0.5574735653416122,0.113089851763454,0.004056748828766777,5.2850696801030196e-05,146,1,0.9246575342465754,0.8138020833333333
cos_fpde,0.20000476078876428,0.19497560268145198,0.915895919251157,0.14396958160902573,0.5579503400199606,0.11107076846959087,0.0029865016027399408,3.3326098337331495e-05,146,1,0.9246575342465754,0.8138020833333333
diff_fpde,0.20154062844907286,0.1975932757095931,0.9184861922248011,0.14680752260972682,0.560013410336937,0.11434175183940269,0.002963630712329259,2.7707861140736092e-05,146,1,0.9246575342465754,0.8138020833333333
hyb_fpde_grid,0.20744704799227182,0.19911523990587293,0.9194327928182515,0.1450910157666183,0.5634399204052617,0.11476798212013208,0.004684443821918369,6.001277770200125e-05,146,1,0.9246575342465754,0.8138020833333333
lime,0.0265087173913001,0.14494165755739968,0.7078947231739409,0.23912162500339193,0.3672017202826205,0.14470871540868116,0.009222104636986618,0.0001399273995015135,146,1,0.9246575342465754,0.8138020833333333
shap,0.05166666664686527,0.2297501411579282,0.6146026494136596,0.18220380318535037,0.33313465803026243,0.17649980994066305,0.04805208813013694,0.013947892088030265,146,1,0.9246575342465754,0.8138020833333333
