method,mean_deletion_drop_auc,std_deletion_drop_auc,mean_insertion_auc,std_insertion_auc,mean_combined_score,std_combined_score,mean_runtime_seconds,std_runtime_seconds,completed_instances,completed_tasks,mean_test_accuracy,mean_test_balanced_accuracy
aime,0.2500031291533632,0.1408478496392199,0.9162161158418906,0.0622472986581149,0.5831096224976269,0.06791513218935329,0.005125609371427231,0.0002109925823610037,70,1,0.9571428571428572,0.9574275362318839
cos_fpde,0.2500404939063326,0.14083438178138274,0.9165569459822996,0.06170300866620919,0.5832987199443161,0.06770635395475698,0.003946772514283988,7.833340104539933e-05,70,1,0.9571428571428572,0.9574275362318839
diff_fpde,0.25158538235890254,0.14210919908815134,0.9158768326985338,0.06442363767424726,0.5837311075287183,0.06851096412683294,0.003904869085711685,0.00012171464608344828,70,1,0.9571428571428572,0.9574275362318839
hyb_fpde_grid,0.250354010424842,0.1411255285999059,0.9175425548447095,0.062290946146827765,0.5839482826347758,0.06767817684689693,0.005983122542858155,6.717843558064084e-05,70,1,0.9571428571428572,0.9574275362318839
lime,0.10707349882626385,0.10161361314949612,0.757222042264981,0.0952910794698897,0.4321477705456225,0.07861973017568685,0.009745424985715902,0.00013619470270330878,70,1,0.9571428571428572,0.9574275362318839
shap,0.15262376179442935,0.16713329619153805,0.8034855420436483,0.09432393909940794,0.4780546519190389,0.10179490724836965,0.03949771617142801,0.022408587423813554,70,1,0.9571428571428572,0.9574275362318839
