task_id,dataset_name,method,deletion_drop_auc,insertion_auc,combined_score,runtime_seconds,attr_l1_norm,mean_abs_exactness_residual,test_accuracy,test_balanced_accuracy,n_features_transformed,n_classes,ok
15,breast-w,aime,0.2500031291533632,0.9162161158418906,0.5831096224976269,0.005125609371427231,5.022797040250368,,0.9571428571428572,0.9574275362318839,9,2,70
15,breast-w,cos_fpde,0.2500404939063326,0.9165569459822996,0.5832987199443161,0.003946772514283988,1.803064626954728,1.2133151626260638e-16,0.9571428571428572,0.9574275362318839,9,2,70
15,breast-w,diff_fpde,0.25158538235890254,0.9158768326985338,0.5837311075287183,0.003904869085711685,23.274838488087656,2.5138621343298187e-15,0.9571428571428572,0.9574275362318839,9,2,70
15,breast-w,hyb_fpde_grid,0.250354010424842,0.9175425548447095,0.5839482826347758,0.005983122542858155,0.9972189836660683,7.335402126987641e-17,0.9571428571428572,0.9574275362318839,9,2,70
15,breast-w,lime,0.10707349882626385,0.757222042264981,0.4321477705456225,0.009745424985715902,0.6711271750419867,,0.9571428571428572,0.9574275362318839,9,2,70
15,breast-w,shap,0.15262376179442935,0.8034855420436483,0.4780546519190389,0.03949771617142801,5.357620722863242,,0.9571428571428572,0.9574275362318839,9,2,70
