task_id,dataset_name,method,deletion_drop_auc,insertion_auc,combined_score,runtime_seconds,attr_l1_norm,mean_abs_exactness_residual,test_accuracy,test_balanced_accuracy,n_features_transformed,n_classes,ok
146820,wilt,aime,0.21315440578906056,0.9669241353484587,0.5900392705687597,0.00517895401999823,1.740834343955693,,0.96900826446281,0.8022337924084649,5,2,200
146820,wilt,cos_fpde,0.21315440578906056,0.9669241353484587,0.5900392705687597,0.0038823307799988526,1.380498396775545,7.042977312465837e-17,0.96900826446281,0.8022337924084649,5,2,200
146820,wilt,diff_fpde,0.1924904587567265,0.9616191251539314,0.5770547919553289,0.003870129540000846,2.091841296740605,6.560724186144284e-16,0.96900826446281,0.8022337924084649,5,2,200
146820,wilt,hyb_fpde_grid,0.21315440578906056,0.9669241353484587,0.5900392705687597,0.007177392604999824,1.0,4.898859096158503e-17,0.96900826446281,0.8022337924084649,5,2,200
146820,wilt,lime,0.06360291850755762,0.6060032954287657,0.3348031069681617,0.03056955133000031,0.5407792948028516,,0.96900826446281,0.8022337924084649,5,2,200
146820,wilt,shap,0.05496912523905326,0.6688037565954513,0.3618864409172523,0.06810806083999993,3.538681760166093,,0.96900826446281,0.8022337924084649,5,2,200
