task_id,dataset_name,method,deletion_drop_auc,insertion_auc,combined_score,runtime_seconds,attr_l1_norm,mean_abs_exactness_residual,test_accuracy,test_balanced_accuracy,n_features_transformed,n_classes,ok
146821,car,aime,0.2767939003166474,0.8057316938310337,0.5412627970738405,0.005493617208092222,5.179794446607589,,0.9942196531791907,0.9642857142857143,21,4,173
146821,car,cos_fpde,0.27660369444303523,0.7762957591751246,0.5264497268090799,0.0042851204566483735,1.2294600977015218,6.812549881957473e-17,0.9942196531791907,0.9642857142857143,21,4,173
146821,car,diff_fpde,0.26250070384153923,0.7964859150521665,0.5294933094468528,0.004236437450867645,2.3616624660348466,6.037238788532463e-16,0.9942196531791907,0.9642857142857143,21,4,173
146821,car,hyb_fpde_grid,0.26250070384153923,0.7964859150521665,0.5294933094468528,0.006933197786127798,1.0,5.085597566060908e-17,0.9942196531791907,0.9642857142857143,21,4,173
146821,car,lime,0.08140708401279838,0.7110821045315123,0.39624459427215536,0.01437374165317959,0.092310514618197,,0.9942196531791907,0.9642857142857143,21,4,173
146821,car,shap,0.3031527805836775,0.8308294810857773,0.5669911308347274,0.23565334045664635,5.115973896848474,,0.9942196531791907,0.9642857142857143,21,4,173
