task_id,dataset_name,method,deletion_drop_auc,insertion_auc,combined_score,runtime_seconds,attr_l1_norm,mean_abs_exactness_residual,test_accuracy,test_balanced_accuracy,n_features_transformed,n_classes,ok
12,mfeat-factors,aime,0.8467518544599283,0.9391131506117211,0.8929325025358247,0.033374710424997574,36.68719182559627,,0.95,0.95,216,10,200
12,mfeat-factors,cos_fpde,0.8402837882979979,0.8987458088512773,0.8695147985746376,0.018657201885000488,0.919249594771439,1.0998146837692957e-16,0.95,0.95,216,10,200
12,mfeat-factors,diff_fpde,0.7382647322415088,0.815191802363538,0.7767282673025234,0.02330521662500175,220.41753069043804,1.7776891070298007e-14,0.95,0.95,216,10,200
12,mfeat-factors,hyb_fpde_grid,0.8402837882979979,0.8987458088512773,0.8695147985746376,0.017484593549998238,1.0,4.607642392628897e-17,0.95,0.95,216,10,200
12,mfeat-factors,lime,0.40437820403163643,0.5939459169169324,0.49916206047428446,0.1556786197500004,1.1709538077004062,,0.95,0.95,216,10,200
12,mfeat-factors,shap,0.8852962635203911,0.9646698659147236,0.9249830647175574,0.5879931685000023,9.316806711658113,,0.95,0.95,216,10,200
