method,mean_deletion_drop_auc,std_deletion_drop_auc,mean_insertion_auc,std_insertion_auc,mean_combined_score,std_combined_score,mean_runtime_seconds,std_runtime_seconds,completed_instances,completed_tasks,mean_test_accuracy,mean_test_balanced_accuracy
aime,0.38237435394662195,0.17759593528736498,0.7758713904742928,0.04938706389977753,0.5791228722104573,0.08597353680074904,0.023790579100003695,0.0049138371229825745,50,1,0.58,0.5722495894909688
cos_fpde,0.38611695784151323,0.18112433358377197,0.781238031224168,0.0485314455391668,0.5836774945328407,0.09128232516780169,0.018705941080003185,0.004842809524694398,50,1,0.58,0.5722495894909688
diff_fpde,0.38611695784151323,0.18112433358377197,0.781238031224168,0.0485314455391668,0.5836774945328407,0.09128232516780169,0.019956633919998693,0.005243708511762581,50,1,0.58,0.5722495894909688
hyb_fpde_grid,0.38611695784151323,0.18112433358377197,0.781238031224168,0.0485314455391668,0.5836774945328407,0.09128232516780169,0.02196060540000076,0.007256600046154157,50,1,0.58,0.5722495894909688
lime,-0.05282875782619864,0.1334607199249385,0.3535053191949295,0.1047264114202954,0.15033828068436544,0.07511235922580688,0.05724405238000259,0.03183747630051614,50,1,0.58,0.5722495894909688
shap,0.09692751322692854,0.1745571443417554,0.5109850877107135,0.2722549460501667,0.303956300468821,0.21731565858516694,0.03156298242000503,0.013505484805985799,50,1,0.58,0.5722495894909688
