task_id,dataset_name,method,deletion_drop_auc,insertion_auc,combined_score,runtime_seconds,attr_l1_norm,mean_abs_exactness_residual,test_accuracy,test_balanced_accuracy,n_features_transformed,n_classes,ok
125920,dresses-sales,aime,0.38237435394662195,0.7758713904742928,0.5791228722104573,0.023790579100003695,8.531851423016972,,0.58,0.5722495894909688,141,2,50
125920,dresses-sales,cos_fpde,0.38611695784151323,0.781238031224168,0.5836774945328407,0.018705941080003185,1.2944634911246495,6.639220423432235e-17,0.58,0.5722495894909688,141,2,50
125920,dresses-sales,diff_fpde,0.38611695784151323,0.781238031224168,0.5836774945328407,0.019956633919998693,1.5625455400534605,7.771561172376096e-16,0.58,0.5722495894909688,141,2,50
125920,dresses-sales,hyb_fpde_grid,0.38611695784151323,0.781238031224168,0.5836774945328407,0.02196060540000076,1.0,4.4547698863084406e-17,0.58,0.5722495894909688,141,2,50
125920,dresses-sales,lime,-0.05282875782619864,0.3535053191949295,0.15033828068436544,0.05724405238000259,0.6248649652049022,,0.58,0.5722495894909688,141,2,50
125920,dresses-sales,shap,0.09692751322692854,0.5109850877107135,0.303956300468821,0.03156298242000503,2.893621390756513,,0.58,0.5722495894909688,141,2,50
