task_id,dataset_name,method,deletion_drop_auc,insertion_auc,combined_score,runtime_seconds,attr_l1_norm,mean_abs_exactness_residual,test_accuracy,test_balanced_accuracy,n_features_transformed,n_classes,ok
53,vehicle,aime,0.5251222333932639,0.7392795323150348,0.6322008828541493,0.004946646541177682,6.349315914734726,,0.788235294117647,0.788365800865801,18,4,85
53,vehicle,cos_fpde,0.5756873539894573,0.7553816510644683,0.6655345025269628,0.003779599705885229,0.8017253582793884,9.649144228727464e-17,0.788235294117647,0.788365800865801,18,4,85
53,vehicle,diff_fpde,0.517158937776857,0.6919249553798467,0.6045419465783518,0.0037526585176485294,8.96235385186326,1.9076243852529897e-15,0.788235294117647,0.788365800865801,18,4,85
53,vehicle,hyb_fpde_grid,0.5756873539894573,0.7553816510644683,0.6655345025269628,0.00577749549411906,1.0,6.863382411423532e-17,0.788235294117647,0.788365800865801,18,4,85
53,vehicle,lime,0.4157163562777708,0.5252797926093811,0.47049807444357594,0.015874042329413467,0.6043384866236142,,0.788235294117647,0.788365800865801,18,4,85
53,vehicle,shap,0.6580442751179605,0.8530396592389652,0.7555419671784628,0.19719456272940894,5.005668500439062,,0.788235294117647,0.788365800865801,18,4,85
