method,mean_deletion_drop_auc,std_deletion_drop_auc,mean_insertion_auc,std_insertion_auc,mean_combined_score,std_combined_score,mean_runtime_seconds,std_runtime_seconds,completed_instances,completed_tasks,mean_test_accuracy,mean_test_balanced_accuracy
aime,0.5251222333932639,0.3122205125539301,0.7392795323150348,0.1457183577602934,0.6322008828541493,0.20889820088990954,0.004946646541177682,0.00010455367777607149,85,1,0.788235294117647,0.788365800865801
cos_fpde,0.5756873539894573,0.2592663531377093,0.7553816510644683,0.14775567674042323,0.6655345025269628,0.1704720454266895,0.003779599705885229,0.00013771934076819273,85,1,0.788235294117647,0.788365800865801
diff_fpde,0.517158937776857,0.2781048091356314,0.6919249553798467,0.1996488414132057,0.6045419465783518,0.20590407993339663,0.0037526585176485294,0.00010214673868429538,85,1,0.788235294117647,0.788365800865801
hyb_fpde_grid,0.5756873539894573,0.2592663531377093,0.7553816510644683,0.14775567674042323,0.6655345025269628,0.1704720454266895,0.00577749549411906,9.27900721638723e-05,85,1,0.788235294117647,0.788365800865801
lime,0.4157163562777708,0.2996171824414186,0.5252797926093811,0.30802206433427964,0.47049807444357594,0.2351509072017829,0.015874042329413467,0.000340367036446855,85,1,0.788235294117647,0.788365800865801
shap,0.6580442751179605,0.2720804129635188,0.8530396592389652,0.11018742716865738,0.7555419671784628,0.17453002102801626,0.19719456272940894,0.023448292968477225,85,1,0.788235294117647,0.788365800865801
