task_id,dataset_name,method,deletion_drop_auc,insertion_auc,combined_score,runtime_seconds,attr_l1_norm,mean_abs_exactness_residual,test_accuracy,test_balanced_accuracy,n_features_transformed,n_classes,ok
146820,wilt,aime,0.1861835746538735,0.976614458822123,0.5813990167379983,0.004975861390000205,1.7350414085754784,,0.9752066115702479,0.8236479677527713,5,2,200
146820,wilt,cos_fpde,0.1875466161526741,0.9766157051164907,0.5820811606345824,0.00390673548500061,1.3740836605031495,8.208711488322251e-17,0.9752066115702479,0.8236479677527713,5,2,200
146820,wilt,diff_fpde,0.17075959902257828,0.9772548351518878,0.574007217087233,0.00386328623000054,1.9645881779197276,3.2980562725271057e-16,0.9752066115702479,0.8236479677527713,5,2,200
146820,wilt,hyb_fpde_grid,0.1875466161526741,0.9766157051164907,0.5820811606345824,0.007198543164996778,1.0,5.575401251789458e-17,0.9752066115702479,0.8236479677527713,5,2,200
146820,wilt,lime,0.08280420049209444,0.6940875140200261,0.38844585725606023,0.030166733880001004,0.5082611128217073,,0.9752066115702479,0.8236479677527713,5,2,200
146820,wilt,shap,0.030029034204281067,0.6656086065762226,0.34781882039025186,0.06775512548999857,3.3400121719179667,,0.9752066115702479,0.8236479677527713,5,2,200
