method,mean_deletion_drop_auc,std_deletion_drop_auc,mean_insertion_auc,std_insertion_auc,mean_combined_score,std_combined_score,mean_runtime_seconds,std_runtime_seconds,completed_instances,completed_tasks,mean_test_accuracy,mean_test_balanced_accuracy
aime,0.1861835746538735,0.2232166766571775,0.976614458822123,0.10469117282370481,0.5813990167379983,0.11961427914630506,0.004975861390000205,9.36186856481429e-05,200,1,0.9752066115702479,0.8236479677527713
cos_fpde,0.1875466161526741,0.22290723708821875,0.9766157051164907,0.10469144018376011,0.5820811606345824,0.1195338958360162,0.00390673548500061,8.856850290435946e-05,200,1,0.9752066115702479,0.8236479677527713
diff_fpde,0.17075959902257828,0.22342702127524605,0.9772548351518878,0.08503890960745901,0.574007217087233,0.1180185411088419,0.00386328623000054,6.181718474359665e-05,200,1,0.9752066115702479,0.8236479677527713
hyb_fpde_grid,0.1875466161526741,0.22290723708821875,0.9766157051164907,0.10469144018376011,0.5820811606345824,0.1195338958360162,0.007198543164996778,0.00029958037061220545,200,1,0.9752066115702479,0.8236479677527713
lime,0.08280420049209444,0.2079100247069508,0.6940875140200261,0.31860063496394436,0.38844585725606023,0.21538976706852328,0.030166733880001004,0.0004972185238619809,200,1,0.9752066115702479,0.8236479677527713
shap,0.030029034204281067,0.14732414377058536,0.6656086065762226,0.30968397084845684,0.34781882039025186,0.182947580258845,0.06775512548999857,0.013604061288098825,200,1,0.9752066115702479,0.8236479677527713
