task_id,dataset_name,method,deletion_drop_auc,insertion_auc,combined_score,runtime_seconds,attr_l1_norm,mean_abs_exactness_residual,test_accuracy,test_balanced_accuracy,n_features_transformed,n_classes,ok
23,cmc,aime,0.33636988197847806,0.5799387117880923,0.4581542968832852,0.00501651968243272,5.985292849038215,,0.5743243243243243,0.5490196078431372,24,3,148
23,cmc,cos_fpde,0.33523676785505535,0.5586102270067765,0.446923497430916,0.0038014698581077338,1.2072575810355644,7.930499350310187e-17,0.5743243243243243,0.5490196078431372,24,3,148
23,cmc,diff_fpde,0.33429896915646645,0.5397662779738497,0.43703262356515804,0.003757758297297187,1.9929089389217007,5.222924195238279e-16,0.5743243243243243,0.5490196078431372,24,3,148
23,cmc,hyb_fpde_grid,0.3352610428581203,0.5586268159853078,0.44694392942171407,0.006002418756756625,1.0,5.13794618712455e-17,0.5743243243243243,0.5490196078431372,24,3,148
23,cmc,lime,0.02099404435912543,0.2846053018975157,0.15279967312832055,0.012792826662161251,0.41237394221400336,,0.5743243243243243,0.5490196078431372,24,3,148
23,cmc,shap,0.39619914037408943,0.6410754633301268,0.5186373018521081,0.1776056609999987,1.7394634383476468,,0.5743243243243243,0.5490196078431372,24,3,148
