task_id,dataset_name,method,deletion_drop_auc,insertion_auc,combined_score,runtime_seconds,attr_l1_norm,mean_abs_exactness_residual,test_accuracy,test_balanced_accuracy,n_features_transformed,n_classes,ok
146800,MiceProtein,aime,0.7782556492634214,0.8159291309549059,0.7970923901091637,0.013608384953703234,13.925781489423805,,0.9537037037037037,0.9564560439560439,77,8,108
146800,MiceProtein,cos_fpde,0.7650976812959451,0.7297799649026842,0.7474388230993148,0.012644876046294676,0.6961148479339165,8.730638383029569e-17,0.9537037037037037,0.9564560439560439,77,8,108
146800,MiceProtein,diff_fpde,0.6845544948924114,0.6380173403101627,0.661285917601287,0.012049983629629337,42.42605568035324,1.2709226675182377e-14,0.9537037037037037,0.9564560439560439,77,8,108
146800,MiceProtein,hyb_fpde_grid,0.7650976812959451,0.7297799649026842,0.7474388230993148,0.01720206800000023,1.0,5.95026214514452e-17,0.9537037037037037,0.9564560439560439,77,8,108
146800,MiceProtein,lime,0.3944767641911448,0.38571370451032355,0.3900952343507342,0.042473085092590394,0.7146459865586655,,0.9537037037037037,0.9564560439560439,77,8,108
146800,MiceProtein,shap,0.8237622487669013,0.9016763443153315,0.8627192965411163,0.45475417036110966,8.223481450080255,,0.9537037037037037,0.9564560439560439,77,8,108
