method,mean_deletion_drop_auc,std_deletion_drop_auc,mean_insertion_auc,std_insertion_auc,mean_combined_score,std_combined_score,mean_runtime_seconds,std_runtime_seconds,completed_instances,completed_tasks,mean_test_accuracy,mean_test_balanced_accuracy
aime,0.7782556492634214,0.2748975763093365,0.8159291309549059,0.16035680979637007,0.7970923901091637,0.14761084849517958,0.013608384953703234,0.006555491888526505,108,1,0.9537037037037037,0.9564560439560439
cos_fpde,0.7650976812959451,0.23727455472073253,0.7297799649026842,0.22589351272080702,0.7474388230993148,0.14682458367407963,0.012644876046294676,0.0046433621473260306,108,1,0.9537037037037037,0.9564560439560439
diff_fpde,0.6845544948924114,0.265758811510887,0.6380173403101627,0.226892239114871,0.661285917601287,0.16978291347398097,0.012049983629629337,0.0057957263685711104,108,1,0.9537037037037037,0.9564560439560439
hyb_fpde_grid,0.7650976812959451,0.23727455472073253,0.7297799649026842,0.22589351272080702,0.7474388230993148,0.14682458367407963,0.01720206800000023,0.006161392570323841,108,1,0.9537037037037037,0.9564560439560439
lime,0.3944767641911448,0.3234690247344508,0.38571370451032355,0.3438353216114033,0.3900952343507342,0.2673306026107216,0.042473085092590394,0.009119077882197063,108,1,0.9537037037037037,0.9564560439560439
shap,0.8237622487669013,0.28329845677930443,0.9016763443153315,0.10435730546823882,0.8627192965411163,0.14202696308457932,0.45475417036110966,0.02435190662103342,108,1,0.9537037037037037,0.9564560439560439
