task_id,dataset_name,method,deletion_drop_auc,insertion_auc,combined_score,runtime_seconds,attr_l1_norm,mean_abs_exactness_residual,test_accuracy,test_balanced_accuracy,n_features_transformed,n_classes,ok
125922,texture,aime,0.7764371879346227,0.7487093908862547,0.7625732894104387,0.010871572165000174,13.039553669151902,,0.989090909090909,0.989090909090909,40,11,200
125922,texture,cos_fpde,0.7848316167419721,0.7074135513822138,0.746122584062093,0.011332067325001702,0.7473189640361885,1.3412881916252671e-16,0.989090909090909,0.989090909090909,40,11,200
125922,texture,diff_fpde,0.676675057964981,0.6262912538175502,0.6514831558912655,0.009901960879999762,39.18778880239426,4.1860959143491525e-15,0.989090909090909,0.989090909090909,40,11,200
125922,texture,hyb_fpde_grid,0.7848316167419721,0.7074135513822138,0.746122584062093,0.017463766135000326,1.0,4.47124975933022e-17,0.989090909090909,0.989090909090909,40,11,200
125922,texture,lime,0.49812861705151257,0.49809817949817264,0.4981133982748427,0.03269751900499898,0.4798845583709764,,0.989090909090909,0.989090909090909,40,11,200
125922,texture,shap,0.8660430197285385,0.9051179927102182,0.8855805062193782,0.6519843271800024,9.717937527341961,,0.989090909090909,0.989090909090909,40,11,200
