method,mean_deletion_drop_auc,std_deletion_drop_auc,mean_insertion_auc,std_insertion_auc,mean_combined_score,std_combined_score,mean_runtime_seconds,std_runtime_seconds,completed_instances,completed_tasks,mean_test_accuracy,mean_test_balanced_accuracy
aime,0.7764371879346227,0.21807991372482996,0.7487093908862547,0.2085148091560111,0.7625732894104387,0.18164421649839993,0.010871572165000174,0.00499720008238132,200,1,0.989090909090909,0.989090909090909
cos_fpde,0.7848316167419721,0.19369014041144686,0.7074135513822138,0.23398380895553889,0.746122584062093,0.17201221344494644,0.011332067325001702,0.002953287269954109,200,1,0.989090909090909,0.989090909090909
diff_fpde,0.676675057964981,0.2563693470996432,0.6262912538175502,0.22313470637659197,0.6514831558912655,0.19881136250270864,0.009901960879999762,0.004649524497876893,200,1,0.989090909090909,0.989090909090909
hyb_fpde_grid,0.7848316167419721,0.19369014041144686,0.7074135513822138,0.23398380895553889,0.746122584062093,0.17201221344494644,0.017463766135000326,0.005746157276635346,200,1,0.989090909090909,0.989090909090909
lime,0.49812861705151257,0.3691271741493209,0.49809817949817264,0.34601569607619453,0.4981133982748427,0.3255676088862845,0.03269751900499898,0.005253415451450302,200,1,0.989090909090909,0.989090909090909
shap,0.8660430197285385,0.1497549263692411,0.9051179927102182,0.1129055661985375,0.8855805062193782,0.10291795225665026,0.6519843271800024,0.026453891326701392,200,1,0.989090909090909,0.989090909090909
