method,mean_deletion_drop_auc,std_deletion_drop_auc,mean_insertion_auc,std_insertion_auc,mean_combined_score,std_combined_score,mean_runtime_seconds,std_runtime_seconds,completed_instances,completed_tasks,mean_test_accuracy,mean_test_balanced_accuracy
aime,0.07499777692980093,0.20877953802060212,0.8709536482088259,0.19373439249453983,0.4729757125693135,0.06449985153484643,0.005270149679247189,7.107830925045463e-05,53,1,0.8679245283018868,0.7489177489177488
cos_fpde,0.07465816893022467,0.20859735749065203,0.8679548319708419,0.19229985476136446,0.4713065004505333,0.06416979223009116,0.004060851283017917,2.255283672976182e-05,53,1,0.8679245283018868,0.7489177489177488
diff_fpde,0.07274443077832998,0.20451342639554973,0.8628504246177663,0.19643986511978664,0.4677974276980481,0.06990552384078792,0.004017438000001023,3.1504074322814865e-05,53,1,0.8679245283018868,0.7489177489177488
hyb_fpde_grid,0.07465816893022467,0.20859735749065203,0.8679548319708419,0.19229985476136446,0.4713065004505333,0.06416979223009116,0.0060624035094361236,4.0726424946966426e-05,53,1,0.8679245283018868,0.7489177489177488
lime,0.1024214191687369,0.25687740678276677,0.8683610732752507,0.1471269483559437,0.4853912462219938,0.09811195858953163,0.009941964415093733,9.924214906721385e-05,53,1,0.8679245283018868,0.7489177489177488
shap,0.06197695549627863,0.29691805945723,0.8199936311937308,0.1625359464342633,0.44098529334500475,0.16845765959568038,0.030557394188680333,0.012645913746941791,53,1,0.8679245283018868,0.7489177489177488
