task_id,dataset_name,method,deletion_drop_auc,insertion_auc,combined_score,runtime_seconds,attr_l1_norm,mean_abs_exactness_residual,test_accuracy,test_balanced_accuracy,n_features_transformed,n_classes,ok
3913,kc2,aime,0.07499777692980093,0.8709536482088259,0.4729757125693135,0.005270149679247189,7.065601494574709,,0.8679245283018868,0.7489177489177488,21,2,53
3913,kc2,cos_fpde,0.07465816893022467,0.8679548319708419,0.4713065004505333,0.004060851283017917,1.686338555900735,9.845373991958936e-17,0.8679245283018868,0.7489177489177488,21,2,53
3913,kc2,diff_fpde,0.07274443077832998,0.8628504246177663,0.4677974276980481,0.004017438000001023,21.898122224892354,2.317852408957992e-15,0.8679245283018868,0.7489177489177488,21,2,53
3913,kc2,hyb_fpde_grid,0.07465816893022467,0.8679548319708419,0.4713065004505333,0.0060624035094361236,1.0,6.755602366822887e-17,0.8679245283018868,0.7489177489177488,21,2,53
3913,kc2,lime,0.1024214191687369,0.8683610732752507,0.4853912462219938,0.009941964415093733,0.6071951080008542,,0.8679245283018868,0.7489177489177488,21,2,53
3913,kc2,shap,0.06197695549627863,0.8199936311937308,0.44098529334500475,0.030557394188680333,4.031989991020749,,0.8679245283018868,0.7489177489177488,21,2,53
