task_id,dataset_name,method,deletion_drop_auc,insertion_auc,combined_score,runtime_seconds,attr_l1_norm,mean_abs_exactness_residual,test_accuracy,test_balanced_accuracy,n_features_transformed,n_classes,ok
22,mfeat-zernike,aime,0.7359445610175375,0.7653696153324269,0.7506570881749822,0.010379511854996509,9.507658815795327,,0.775,0.775,47,10,200
22,mfeat-zernike,cos_fpde,0.695610995508774,0.6752268737156771,0.6854189346122256,0.011326572070002499,0.7001694377170145,9.347394819975152e-17,0.775,0.775,47,10,200
22,mfeat-zernike,diff_fpde,0.662539890606515,0.6432390399772348,0.6528894652918749,0.009604061504999208,31.825857413011928,6.357978379889495e-15,0.775,0.775,47,10,200
22,mfeat-zernike,hyb_fpde_grid,0.690322887491059,0.6747729016276266,0.6825478945593427,0.015852986635000548,0.9706737036185012,5.551548803994777e-17,0.775,0.775,47,10,200
22,mfeat-zernike,lime,0.5495931966111237,0.4939203193196184,0.521756757965371,0.0385139883649947,0.5142873358039615,,0.775,0.775,47,10,200
22,mfeat-zernike,shap,0.7663897170558802,0.8417061985157375,0.8040479577858087,0.5856684421300014,7.843277520784865,,0.775,0.775,47,10,200
