method,mean_deletion_drop_auc,std_deletion_drop_auc,mean_insertion_auc,std_insertion_auc,mean_combined_score,std_combined_score,mean_runtime_seconds,std_runtime_seconds,completed_instances,completed_tasks,mean_test_accuracy,mean_test_balanced_accuracy
aime,0.7975763595420792,0.20229110993949498,0.7816898479356637,0.18752346563695912,0.7896331037388714,0.16396125918433047,0.011576728620000693,0.004046273370518604,200,1,0.989090909090909,0.989090909090909
cos_fpde,0.8022455144589766,0.1823371260281435,0.7241152899140784,0.2021802026618847,0.7631804021865274,0.15798912767109435,0.008964769664999253,0.003354832547537407,200,1,0.989090909090909,0.989090909090909
diff_fpde,0.6970374525681496,0.26650194643808645,0.6407569566947986,0.23941491733691878,0.6688972046314742,0.2174675939721262,0.010077080670000455,0.0032884165350408213,200,1,0.989090909090909,0.989090909090909
hyb_fpde_grid,0.8022455144589766,0.1823371260281435,0.7241152899140784,0.2021802026618847,0.7631804021865274,0.15798912767109435,0.015505465359999136,0.005110480309717215,200,1,0.989090909090909,0.989090909090909
lime,0.4873182320696365,0.36229733101220424,0.47876523613300115,0.35381484652394785,0.4830417341013188,0.3294141131249114,0.033850780920001496,0.005436677297708183,200,1,0.989090909090909,0.989090909090909
shap,0.8803202388926735,0.13070618021028674,0.91726431139498,0.09110159999438144,0.8987922751438268,0.07933295838516266,0.625270431990001,0.021387230157043777,200,1,0.989090909090909,0.989090909090909
