task_id,dataset_name,method,deletion_drop_auc,insertion_auc,combined_score,runtime_seconds,attr_l1_norm,mean_abs_exactness_residual,test_accuracy,test_balanced_accuracy,n_features_transformed,n_classes,ok
125922,texture,aime,0.7975763595420792,0.7816898479356637,0.7896331037388714,0.011576728620000693,13.105089689439655,,0.989090909090909,0.989090909090909,40,11,200
125922,texture,cos_fpde,0.8022455144589766,0.7241152899140784,0.7631804021865274,0.008964769664999253,0.7474841131124242,1.2207249100448792e-16,0.989090909090909,0.989090909090909,40,11,200
125922,texture,diff_fpde,0.6970374525681496,0.6407569566947986,0.6688972046314742,0.010077080670000455,37.782306983265784,2.642885910120185e-15,0.989090909090909,0.989090909090909,40,11,200
125922,texture,hyb_fpde_grid,0.8022455144589766,0.7241152899140784,0.7631804021865274,0.015505465359999136,1.0,4.127774511086813e-17,0.989090909090909,0.989090909090909,40,11,200
125922,texture,lime,0.4873182320696365,0.47876523613300115,0.4830417341013188,0.033850780920001496,0.47411595440341103,,0.989090909090909,0.989090909090909,40,11,200
125922,texture,shap,0.8803202388926735,0.91726431139498,0.8987922751438268,0.625270431990001,9.73114633315169,,0.989090909090909,0.989090909090909,40,11,200
