method,mean_deletion_drop_auc,std_deletion_drop_auc,mean_insertion_auc,std_insertion_auc,mean_combined_score,std_combined_score,mean_runtime_seconds,std_runtime_seconds,completed_instances,completed_tasks,mean_test_accuracy,mean_test_balanced_accuracy
aime,0.16216330279710386,0.23158579717223948,0.7734205902456611,0.14844396202409788,0.4677919465213825,0.13343616118848714,0.010874241880000284,0.004203934112038167,200,1,0.944,0.8358803986710963
cos_fpde,0.14738300789005307,0.22270887467451933,0.6965039859083271,0.16178778113410475,0.42194349689919003,0.14258514309196837,0.00807964383999945,0.0032523495066603208,200,1,0.944,0.8358803986710963
diff_fpde,0.15013816524910262,0.22318655120825728,0.6964193017190077,0.16209075300224451,0.4232787334840552,0.14361309800129576,0.0077610456049998075,0.0031487030415347506,200,1,0.944,0.8358803986710963
hyb_fpde_grid,0.15013816524910262,0.22318655120825728,0.6964193017190077,0.16209075300224451,0.4232787334840552,0.14361309800129576,0.013162490820000983,0.004569377401140018,200,1,0.944,0.8358803986710963
lime,0.07220474786378792,0.1091774258770907,0.5943736239073554,0.30559727714285423,0.33328918588557166,0.15499522143160235,0.014981214140000887,0.005064963517848969,200,1,0.944,0.8358803986710963
shap,0.1252249645971289,0.23121412282835244,0.7856633468368893,0.17271990359595005,0.4554441557170091,0.1491777307222967,0.07933975965999991,0.014735265381982107,200,1,0.944,0.8358803986710963
