task_id,dataset_name,method,deletion_drop_auc,insertion_auc,combined_score,runtime_seconds,attr_l1_norm,mean_abs_exactness_residual,test_accuracy,test_balanced_accuracy,n_features_transformed,n_classes,ok
167141,churn,aime,0.16216330279710386,0.7734205902456611,0.4677919465213825,0.010874241880000284,7.238823269463074,,0.944,0.8358803986710963,32,2,200
167141,churn,cos_fpde,0.14738300789005307,0.6965039859083271,0.42194349689919003,0.00807964383999945,1.1918392694525506,5.763618748932942e-17,0.944,0.8358803986710963,32,2,200
167141,churn,diff_fpde,0.15013816524910262,0.6964193017190077,0.4232787334840552,0.0077610456049998075,5.541340174896138,1.7386092565629952e-15,0.944,0.8358803986710963,32,2,200
167141,churn,hyb_fpde_grid,0.15013816524910262,0.6964193017190077,0.4232787334840552,0.013162490820000983,1.0,4.721917301608869e-17,0.944,0.8358803986710963,32,2,200
167141,churn,lime,0.07220474786378792,0.5943736239073554,0.33328918588557166,0.014981214140000887,0.5472426869642737,,0.944,0.8358803986710963,32,2,200
167141,churn,shap,0.1252249645971289,0.7856633468368893,0.4554441557170091,0.07933975965999991,3.237138370173562,,0.944,0.8358803986710963,32,2,200
