task_id,dataset_name,method,deletion_drop_auc,insertion_auc,combined_score,runtime_seconds,attr_l1_norm,mean_abs_exactness_residual,test_accuracy,test_balanced_accuracy,n_features_transformed,n_classes,ok
3573,mnist_784,aime,0.8155985479119826,0.8335511806763722,0.8245748642941774,0.05505925848499146,46.66392384581728,,0.9701428571428572,0.969967954254332,784,10,200
3573,mnist_784,cos_fpde,0.82426969143786,0.700065632539903,0.7621676619888814,0.017243822164996345,0.8512709331792082,4.592680402648597e-17,0.9701428571428572,0.969967954254332,784,10,200
3573,mnist_784,diff_fpde,0.8136700521782582,0.7075353765272024,0.7606027143527304,0.017277794869999072,297.9567658459834,4.672706666042359e-14,0.9701428571428572,0.969967954254332,784,10,200
3573,mnist_784,hyb_fpde_grid,0.82426969143786,0.700065632539903,0.7621676619888814,0.44560381753000344,1.0,4.446313109363054e-17,0.9701428571428572,0.969967954254332,784,10,200
3573,mnist_784,lime,0.3899033702359652,0.2526690501535755,0.3212862101947704,0.31295942504000435,2.6311868334515247,,0.9701428571428572,0.969967954254332,784,10,200
3573,mnist_784,shap,0.8534173223826818,0.9069695085386467,0.8801934154606641,0.5563087226050004,8.33807042185692,,0.9701428571428572,0.969967954254332,784,10,200
