method,mean_deletion_drop_auc,std_deletion_drop_auc,mean_insertion_auc,std_insertion_auc,mean_combined_score,std_combined_score,mean_runtime_seconds,std_runtime_seconds,completed_instances,completed_tasks,mean_test_accuracy,mean_test_balanced_accuracy
aime,0.45078731882434686,0.19294048291573604,0.8144140917747751,0.16067175988415947,0.6326007052995609,0.14438841013435316,0.004898481319999348,7.409803530230738e-05,200,1,0.8534136546184738,0.7967568285338205
cos_fpde,0.4428061618392253,0.19100391896422048,0.8005768157933272,0.17218229201697247,0.6216914888162762,0.148620855779404,0.003934660400000496,0.0010716690645942552,200,1,0.8534136546184738,0.7967568285338205
diff_fpde,0.44281705204754185,0.19041490631681515,0.7989483374117551,0.17158689628186105,0.6208826947296484,0.14931902278868506,0.003887719404999075,0.0009382766237429754,200,1,0.8534136546184738,0.7967568285338205
hyb_fpde_grid,0.44435157212597487,0.1887329007184326,0.8011255099777433,0.1719943936181092,0.6227385410518591,0.14777549909693874,0.01861272054999958,0.0018992254242455185,200,1,0.8534136546184738,0.7967568285338205
lime,0.22371121433981275,0.21341710270197745,0.6431873647971078,0.23964980385387877,0.43344928956846024,0.19894947439758023,0.041743156884999875,0.00034808666849525156,200,1,0.8534136546184738,0.7967568285338205
shap,0.4754798523956498,0.18275241079446353,0.8331908320071192,0.1506241162612795,0.6543353422013846,0.14074006900355812,0.17951615585999947,0.017383477514380394,200,1,0.8534136546184738,0.7967568285338205
