task_id,dataset_name,method,deletion_drop_auc,insertion_auc,combined_score,runtime_seconds,attr_l1_norm,mean_abs_exactness_residual,test_accuracy,test_balanced_accuracy,n_features_transformed,n_classes,ok
9981,cnae-9,aime,0.7965679036960213,0.8996363596694986,0.8481021316827599,0.056431868583332434,4.450127949328527,,0.8796296296296297,0.8796296296296297,856,9,108
9981,cnae-9,cos_fpde,0.6965040157618658,0.5090026144185181,0.6027533150901919,0.018507574509258867,0.40050061668074655,7.013784165080764e-17,0.8796296296296297,0.8796296296296297,856,9,108
9981,cnae-9,diff_fpde,0.7217256452846096,0.4464981061247461,0.5841118757046778,0.018683966620370047,101.59503418559754,6.600892671965792e-14,0.8796296296296297,0.8796296296296297,856,9,108
9981,cnae-9,hyb_fpde_grid,0.6975492386784902,0.49067187947248203,0.594110559075486,0.028083419787036604,0.9999753809571152,6.074744616800263e-17,0.8796296296296297,0.8796296296296297,856,9,108
9981,cnae-9,lime,0.43706995244711877,0.22912517154101397,0.33309756199406637,0.3190236932222216,5.451088269000932,,0.8796296296296297,0.8796296296296297,856,9,108
9981,cnae-9,shap,0.74690955016751,0.46307311232013365,0.604991331243822,0.3272122259629621,7.234374159004049,,0.8796296296296297,0.8796296296296297,856,9,108
