method,mean_deletion_drop_auc,std_deletion_drop_auc,mean_insertion_auc,std_insertion_auc,mean_combined_score,std_combined_score,mean_runtime_seconds,std_runtime_seconds,completed_instances,completed_tasks,mean_test_accuracy,mean_test_balanced_accuracy
aime,0.7965679036960213,0.20071125228026887,0.8996363596694986,0.14732240206139505,0.8481021316827599,0.1575009104437085,0.056431868583332434,0.006719377628310337,108,1,0.8796296296296297,0.8796296296296297
cos_fpde,0.6965040157618658,0.2744009414189089,0.5090026144185181,0.25003436573056015,0.6027533150901919,0.20060287661807036,0.018507574509258867,0.0007680306972661277,108,1,0.8796296296296297,0.8796296296296297
diff_fpde,0.7217256452846096,0.2311811469798945,0.4464981061247461,0.26222514188137647,0.5841118757046778,0.2004238742146352,0.018683966620370047,0.0009104025913370167,108,1,0.8796296296296297,0.8796296296296297
hyb_fpde_grid,0.6975492386784902,0.2741899177341959,0.49067187947248203,0.252398658815735,0.594110559075486,0.19955746294152696,0.028083419787036604,0.0008145326403989069,108,1,0.8796296296296297,0.8796296296296297
lime,0.43706995244711877,0.33802031428383955,0.22912517154101397,0.1546478008664556,0.33309756199406637,0.18109480677338682,0.3190236932222216,0.05731951154915996,108,1,0.8796296296296297,0.8796296296296297
shap,0.74690955016751,0.24348353323097294,0.46307311232013365,0.22488928969135688,0.604991331243822,0.166119825172977,0.3272122259629621,0.0175604562565698,108,1,0.8796296296296297,0.8796296296296297
