method,mean_deletion_drop_auc,std_deletion_drop_auc,mean_insertion_auc,std_insertion_auc,mean_combined_score,std_combined_score,mean_runtime_seconds,std_runtime_seconds,completed_instances,completed_tasks,mean_test_accuracy,mean_test_balanced_accuracy
aime,0.18450799909566776,0.18511822372778527,0.924096821834481,0.14448087491772135,0.5543024104650744,0.09708342384720137,0.011778809630137459,0.00515499598693418,146,1,0.9246575342465754,0.8138020833333333
cos_fpde,0.18731572951488926,0.18603115733207715,0.924022838012841,0.14469669985400255,0.5556692837638652,0.09796196009741881,0.010227630828765849,0.004244546915855379,146,1,0.9246575342465754,0.8138020833333333
diff_fpde,0.1938415330370998,0.19031064969039777,0.9260489822017097,0.14130510021668952,0.5599452576194048,0.09903564524279677,0.009575321328767343,0.00414258182683308,146,1,0.9246575342465754,0.8138020833333333
hyb_fpde_grid,0.19357292814792335,0.18829537101280852,0.9258365353415852,0.14339939132221816,0.5597047317447542,0.09969518192655329,0.014425560061644232,0.0059106207765550305,146,1,0.9246575342465754,0.8138020833333333
lime,0.016333577856276506,0.12299216684218141,0.7238296946481142,0.22747919345156878,0.37008163625219537,0.13011698970997324,0.01712713410958911,0.005207129452857013,146,1,0.9246575342465754,0.8138020833333333
shap,0.0505123013469646,0.23491909617583254,0.6091752469654095,0.1814857117579908,0.329843774156187,0.177491137472827,0.0767547177054796,0.015968792213077503,146,1,0.9246575342465754,0.8138020833333333
