task_id,dataset_name,method,deletion_drop_auc,insertion_auc,combined_score,runtime_seconds,attr_l1_norm,mean_abs_exactness_residual,test_accuracy,test_balanced_accuracy,n_features_transformed,n_classes,ok
3902,pc4,aime,0.18450799909566776,0.924096821834481,0.5543024104650744,0.011778809630137459,7.731312449745852,,0.9246575342465754,0.8138020833333333,37,2,146
3902,pc4,cos_fpde,0.18731572951488926,0.924022838012841,0.5556692837638652,0.010227630828765849,1.4862476286140878,1.1758098300182524e-16,0.9246575342465754,0.8138020833333333,37,2,146
3902,pc4,diff_fpde,0.1938415330370998,0.9260489822017097,0.5599452576194048,0.009575321328767343,19.48061656662674,4.021896970714009e-15,0.9246575342465754,0.8138020833333333,37,2,146
3902,pc4,hyb_fpde_grid,0.19357292814792335,0.9258365353415852,0.5597047317447542,0.014425560061644232,0.9955304469942888,8.545295369332326e-17,0.9246575342465754,0.8138020833333333,37,2,146
3902,pc4,lime,0.016333577856276506,0.7238296946481142,0.37008163625219537,0.01712713410958911,0.37647675182931173,,0.9246575342465754,0.8138020833333333,37,2,146
3902,pc4,shap,0.0505123013469646,0.6091752469654095,0.329843774156187,0.0767547177054796,4.9358849141090655,,0.9246575342465754,0.8138020833333333,37,2,146
