task_id,dataset_name,method,deletion_drop_auc,insertion_auc,combined_score,runtime_seconds,attr_l1_norm,mean_abs_exactness_residual,test_accuracy,test_balanced_accuracy,n_features_transformed,n_classes,ok
167140,dna,aime,0.5064085714409569,0.9721998369690895,0.7393042042050232,0.04278011159999807,35.70790540579325,,0.9467084639498434,0.9400479566934863,360,3,200
167140,dna,cos_fpde,0.5011521131788512,0.9505819265731604,0.7258670198760058,0.014060804885000095,0.9780249795218093,3.632510958695434e-17,0.9467084639498434,0.9400479566934863,360,3,200
167140,dna,diff_fpde,0.4900841794483675,0.9470135724716604,0.7185488759600139,0.023983170589999075,21.464541949571757,6.927514117904821e-15,0.9467084639498434,0.9400479566934863,360,3,200
167140,dna,hyb_fpde_grid,0.499387666468738,0.9522348929166046,0.7258112796926713,0.019884443859996565,0.9974666289371548,3.112093915902392e-17,0.9467084639498434,0.9400479566934863,360,3,200
167140,dna,lime,0.055893348807999406,0.5401416655224829,0.2980175071652411,0.18867495078000104,1.744921469362741,,0.9467084639498434,0.9400479566934863,360,3,200
167140,dna,shap,0.5108226548774499,0.9702877090044052,0.7405551819409275,0.18829630475999948,5.781819707662702,,0.9467084639498434,0.9400479566934863,360,3,200
