method,mean_deletion_drop_auc,std_deletion_drop_auc,mean_insertion_auc,std_insertion_auc,mean_combined_score,std_combined_score,mean_runtime_seconds,std_runtime_seconds,completed_instances,completed_tasks,mean_test_accuracy,mean_test_balanced_accuracy
aime,0.3795206463737091,0.24540516961197759,0.7929329803943045,0.05611288128293524,0.5862268133840067,0.11935551701409876,0.02443449326000234,0.004744044400306477,50,1,0.62,0.6133004926108374
cos_fpde,0.38489237262495524,0.24463529990048677,0.7945109310047623,0.058340733652845644,0.5897016518148588,0.11804111068729962,0.019578635939997185,0.005118358463073803,50,1,0.62,0.6133004926108374
diff_fpde,0.38489237262495524,0.24463529990048677,0.7945109310047623,0.058340733652845644,0.5897016518148588,0.11804111068729962,0.018888815519999866,0.005115116536796478,50,1,0.62,0.6133004926108374
hyb_fpde_grid,0.38489237262495524,0.24463529990048677,0.7945109310047623,0.058340733652845644,0.5897016518148588,0.11804111068729962,0.021766285920001564,0.007331340094842612,50,1,0.62,0.6133004926108374
lime,-0.05441255586293226,0.1760487360267109,0.3845186487026304,0.1635272661490695,0.1650530464198491,0.07304354373981618,0.0636960426599984,0.03630843430844469,50,1,0.62,0.6133004926108374
shap,0.07745829392808148,0.12137930713679934,0.5079469061024873,0.2822695515905354,0.29270260001528436,0.1898866281006161,0.032094117099999264,0.013513658979682939,50,1,0.62,0.6133004926108374
