task_id,dataset_name,method,deletion_drop_auc,insertion_auc,combined_score,runtime_seconds,attr_l1_norm,mean_abs_exactness_residual,test_accuracy,test_balanced_accuracy,n_features_transformed,n_classes,ok
125920,dresses-sales,aime,0.3795206463737091,0.7929329803943045,0.5862268133840067,0.02443449326000234,7.568717891100905,,0.62,0.6133004926108374,139,2,50
125920,dresses-sales,cos_fpde,0.38489237262495524,0.7945109310047623,0.5897016518148588,0.019578635939997185,1.316118294148045,6.446232436729815e-17,0.62,0.6133004926108374,139,2,50
125920,dresses-sales,diff_fpde,0.38489237262495524,0.7945109310047623,0.5897016518148588,0.018888815519999866,1.5980591150577406,7.921441280700492e-16,0.62,0.6133004926108374,139,2,50
125920,dresses-sales,hyb_fpde_grid,0.38489237262495524,0.7945109310047623,0.5897016518148588,0.021766285920001564,1.0,5.1833537462186994e-17,0.62,0.6133004926108374,139,2,50
125920,dresses-sales,lime,-0.05441255586293226,0.3845186487026304,0.1650530464198491,0.0636960426599984,0.579522076859381,,0.62,0.6133004926108374,139,2,50
125920,dresses-sales,shap,0.07745829392808148,0.5079469061024873,0.29270260001528436,0.032094117099999264,2.9155037511802315,,0.62,0.6133004926108374,139,2,50
