task_id,dataset_name,method,deletion_drop_auc,insertion_auc,combined_score,runtime_seconds,attr_l1_norm,mean_abs_exactness_residual,test_accuracy,test_balanced_accuracy,n_features_transformed,n_classes,ok
31,credit-g,aime,0.3546965708516581,0.9082133829831676,0.6314549769174129,0.006240029429999367,8.547114478625426,,0.75,0.6690476190476191,61,2,100
31,credit-g,cos_fpde,0.33409780033011943,0.90177123702391,0.6179345186770147,0.004560761289994843,1.3114663971984688,8.337948387282523e-17,0.75,0.6690476190476191,61,2,100
31,credit-g,diff_fpde,0.33500539582363537,0.9009193432289413,0.6179623695262884,0.004473413180003263,4.367157857418782,2.4608093340816594e-15,0.75,0.6690476190476191,61,2,100
31,credit-g,hyb_fpde_grid,0.3347512182611949,0.9017741698443592,0.6182626940527771,0.006954794389998824,0.9998224373299195,5.3741733285761485e-17,0.75,0.6690476190476191,61,2,100
31,credit-g,lime,-0.12082505899179323,0.41514439042963064,0.1471596657189187,0.0150452242200015,0.5299712809558806,,0.75,0.6690476190476191,61,2,100
31,credit-g,shap,0.23900864102719,0.7634605466624759,0.5012345938448328,0.05948241655000288,4.518199811870665,,0.75,0.6690476190476191,61,2,100
