method,mean_deletion_drop_auc,std_deletion_drop_auc,mean_insertion_auc,std_insertion_auc,mean_combined_score,std_combined_score,mean_runtime_seconds,std_runtime_seconds,completed_instances,completed_tasks,mean_test_accuracy,mean_test_balanced_accuracy
aime,0.3546965708516581,0.21258094796350974,0.9082133829831676,0.08784840164688179,0.6314549769174129,0.08341102522081247,0.006240029429999367,0.00012303992082662057,100,1,0.75,0.6690476190476191
cos_fpde,0.33409780033011943,0.21648820525921425,0.90177123702391,0.09369944339097738,0.6179345186770147,0.08068816672979874,0.004560761289994843,0.00043748441921350476,100,1,0.75,0.6690476190476191
diff_fpde,0.33500539582363537,0.21503869084548613,0.9009193432289413,0.09540022366230512,0.6179623695262884,0.07978878621143311,0.004473413180003263,4.79438587874648e-05,100,1,0.75,0.6690476190476191
hyb_fpde_grid,0.3347512182611949,0.2163686623885152,0.9017741698443592,0.09353627363249467,0.6182626940527771,0.08082610737464488,0.006954794389998824,0.00046212340664312086,100,1,0.75,0.6690476190476191
lime,-0.12082505899179323,0.1478092109365678,0.41514439042963064,0.2614340372250077,0.1471596657189187,0.16139492191952692,0.0150452242200015,0.0004872662176942656,100,1,0.75,0.6690476190476191
shap,0.23900864102719,0.20944176548214216,0.7634605466624759,0.34828680918396243,0.5012345938448328,0.25736413164845257,0.05948241655000288,0.017929502116912875,100,1,0.75,0.6690476190476191
