task_id,dataset_name,method,deletion_drop_auc,insertion_auc,combined_score,runtime_seconds,attr_l1_norm,mean_abs_exactness_residual,test_accuracy,test_balanced_accuracy,n_features_transformed,n_classes,ok
146822,segment,aime,0.7010609377150591,0.7740102791667947,0.7375356084409269,0.0051658934049989115,4.043008519056233,,0.9523809523809522,0.9523809523809524,16,7,200
146822,segment,cos_fpde,0.6060225358597237,0.7063930403158433,0.6562077880877836,0.003980034535000598,0.7638797945174254,7.457576223224294e-17,0.9523809523809522,0.9523809523809524,16,7,200
146822,segment,diff_fpde,0.5869900166134974,0.6738612316686527,0.6304256241410751,0.003975508030000725,12.565677342652084,1.746242039857293e-15,0.9523809523809522,0.9523809523809524,16,7,200
146822,segment,hyb_fpde_grid,0.6044988482338536,0.7063088207705289,0.6554038345021912,0.006952987040001233,0.9873061836911882,6.452303968895734e-17,0.9523809523809522,0.9523809523809524,16,7,200
146822,segment,lime,0.4135028210166518,0.5264220870905332,0.4699624540535925,0.02140161923999919,0.3949893841512855,,0.9523809523809522,0.9523809523809524,16,7,200
146822,segment,shap,0.7359433557390218,0.8587431506986606,0.7973432532188413,0.40008490489000065,7.811720696660618,,0.9523809523809522,0.9523809523809524,16,7,200
