method,mean_deletion_drop_auc,std_deletion_drop_auc,mean_insertion_auc,std_insertion_auc,mean_combined_score,std_combined_score,mean_runtime_seconds,std_runtime_seconds,completed_instances,completed_tasks,mean_test_accuracy,mean_test_balanced_accuracy
aime,0.5043046861486398,0.13687774909546216,0.827673453099792,0.10905264304648773,0.6659890696242159,0.10182942436112606,0.015547848955000774,0.006948838295181604,200,1,0.8059502664298401,0.563049719505046
cos_fpde,0.519121188941797,0.13556303953309212,0.8462392942544653,0.10223435916135679,0.6826802415981312,0.10208168769927553,0.0130034956599998,0.004371669849817224,200,1,0.8059502664298401,0.563049719505046
diff_fpde,0.5194127090254761,0.13537862819261356,0.8486520600459773,0.09755170278179798,0.6840323845357267,0.09893441726341816,0.012541611014999746,0.005356548374990259,200,1,0.8059502664298401,0.563049719505046
hyb_fpde_grid,0.5194127090254761,0.13537862819261356,0.8486520600459773,0.09755170278179798,0.6840323845357267,0.09893441726341816,0.05800089000500023,0.005063103199990552,200,1,0.8059502664298401,0.563049719505046
lime,-0.12164651576457405,0.15217149344761102,0.21321988676787307,0.06434036080363555,0.04578668550164951,0.09670967621438603,0.03172239342999902,0.008328009104769154,200,1,0.8059502664298401,0.563049719505046
shap,0.5724871090129574,0.14777844761858921,0.8843411590227561,0.07179625142059905,0.7284141340178567,0.09797231476022976,0.1881442857200001,0.017421810024577305,200,1,0.8059502664298401,0.563049719505046
