task_id,dataset_name,method,deletion_drop_auc,insertion_auc,combined_score,runtime_seconds,attr_l1_norm,mean_abs_exactness_residual,test_accuracy,test_balanced_accuracy,n_features_transformed,n_classes,ok
146195,connect-4,aime,0.5043046861486398,0.827673453099792,0.6659890696242159,0.015547848955000774,10.862847120784899,,0.8059502664298401,0.563049719505046,126,3,200
146195,connect-4,cos_fpde,0.519121188941797,0.8462392942544653,0.6826802415981312,0.0130034956599998,1.1482830155476396,5.811106804087807e-17,0.8059502664298401,0.563049719505046,126,3,200
146195,connect-4,diff_fpde,0.5194127090254761,0.8486520600459773,0.6840323845357267,0.012541611014999746,2.0962909019111926,1.471752407444793e-15,0.8059502664298401,0.563049719505046,126,3,200
146195,connect-4,hyb_fpde_grid,0.5194127090254761,0.8486520600459773,0.6840323845357267,0.05800089000500023,1.0,4.872512983367106e-17,0.8059502664298401,0.563049719505046,126,3,200
146195,connect-4,lime,-0.12164651576457405,0.21321988676787307,0.04578668550164951,0.03172239342999902,0.8020448188725154,,0.8059502664298401,0.563049719505046,126,3,200
146195,connect-4,shap,0.5724871090129574,0.8843411590227561,0.7284141340178567,0.1881442857200001,2.899269099469633,,0.8059502664298401,0.563049719505046,126,3,200
