method,mean_deletion_drop_auc,std_deletion_drop_auc,mean_insertion_auc,std_insertion_auc,mean_combined_score,std_combined_score,mean_runtime_seconds,std_runtime_seconds,completed_instances,completed_tasks,mean_test_accuracy,mean_test_balanced_accuracy
aime,0.028320600206879952,0.01990049972345175,0.5261766270805008,0.014280024555071479,0.27724861364369036,0.014923984186045432,0.005419815650001567,0.00034684388310529825,200,1,0.511108803986711,0.5100979002826688
cos_fpde,0.029333103544325702,0.01991855737398839,0.5269302580808141,0.014411351908208593,0.27813168081256984,0.014915441255890923,0.004157904499999461,0.0002703918544837508,200,1,0.511108803986711,0.5100979002826688
diff_fpde,0.029333103544325702,0.01991855737398839,0.5269302580808141,0.014411351908208593,0.27813168081256984,0.014915441255890923,0.00412589156999843,0.00034802962038445873,200,1,0.511108803986711,0.5100979002826688
hyb_fpde_grid,0.029333103544325702,0.01991855737398839,0.5269302580808141,0.014411351908208593,0.27813168081256984,0.014915441255890923,0.03042745635999836,0.002210806408404494,200,1,0.511108803986711,0.5100979002826688
lime,0.016340866508773824,0.018608094703422853,0.5151509748004794,0.016346896849984402,0.2657459206546266,0.015638283456761888,0.010336919419999334,0.00037729342740389955,200,1,0.511108803986711,0.5100979002826688
shap,0.015823102536413333,0.02557874979223352,0.514918688717821,0.03273459029151326,0.2653708956271172,0.027562460702514956,0.06605227679500189,0.01395923604213991,200,1,0.511108803986711,0.5100979002826688
