task_id,dataset_name,method,deletion_drop_auc,insertion_auc,combined_score,runtime_seconds,attr_l1_norm,mean_abs_exactness_residual,test_accuracy,test_balanced_accuracy,n_features_transformed,n_classes,ok
14965,bank-marketing,aime,0.6045271814196693,0.7614291443049889,0.682978162862329,0.013489328714998123,6.823099113346358,,0.9068996019460416,0.7045744514147395,51,2,200
14965,bank-marketing,cos_fpde,0.5423774657704916,0.7198569221963947,0.6311171939834431,0.009573764679999784,0.9936864719856965,6.730293405921017e-17,0.9068996019460416,0.7045744514147395,51,2,200
14965,bank-marketing,diff_fpde,0.5541395356839424,0.73892043108588,0.6465299833849112,0.009466870334999555,5.800422635988745,2.4962670819306254e-15,0.9068996019460416,0.7045744514147395,51,2,200
14965,bank-marketing,hyb_fpde_grid,0.5541395356839424,0.73892043108588,0.6465299833849112,0.031191173629997026,1.0000000000000002,9.443834603217737e-17,0.9068996019460416,0.7045744514147395,51,2,200
14965,bank-marketing,lime,0.0993791899493848,0.2808738330760866,0.19012651151273569,0.019168466235003335,0.6703968833371364,,0.9068996019460416,0.7045744514147395,51,2,200
14965,bank-marketing,shap,0.13532423696855883,0.30042752908701953,0.21787588302778918,0.07241629641500054,3.2309027428198327,,0.9068996019460416,0.7045744514147395,51,2,200
