task_id,dataset_name,method,deletion_drop_auc,insertion_auc,combined_score,runtime_seconds,attr_l1_norm,mean_abs_exactness_residual,test_accuracy,test_balanced_accuracy,n_features_transformed,n_classes,ok
14,mfeat-fourier,aime,0.783621962453881,0.8720666737907737,0.8278443181223274,0.014117044384998252,11.824400933672647,,0.84,0.8400000000000002,76,10,200
14,mfeat-fourier,cos_fpde,0.7516514778426688,0.7916054118000099,0.7716284448213393,0.013239346014999143,0.7629009326379517,8.341851515103471e-17,0.84,0.8400000000000002,76,10,200
14,mfeat-fourier,diff_fpde,0.7259577020639782,0.770798504447317,0.7483781032556476,0.012108953810000146,45.118277764004624,9.837547443325434e-15,0.84,0.8400000000000002,76,10,200
14,mfeat-fourier,hyb_fpde_grid,0.7516514778426688,0.7916054118000099,0.7716284448213393,0.01760438467499867,1.0,5.97915814082306e-17,0.84,0.8400000000000002,76,10,200
14,mfeat-fourier,lime,0.6162725117241369,0.6400463105989247,0.6281594111615308,0.04396074772000233,0.6203354476245896,,0.84,0.8400000000000002,76,10,200
14,mfeat-fourier,shap,0.8113477151891686,0.9287326174395409,0.8700401663143548,0.5397895725349988,8.434658719823778,,0.84,0.8400000000000002,76,10,200
