task_id,dataset_name,method,deletion_drop_auc,insertion_auc,combined_score,runtime_seconds,attr_l1_norm,mean_abs_exactness_residual,test_accuracy,test_balanced_accuracy,n_features_transformed,n_classes,ok
125922,texture,aime,0.7877424147770197,0.7684888764863455,0.7781156456316826,0.01094092439500045,13.08339641324276,,0.9854545454545455,0.9854545454545455,40,11,200
125922,texture,cos_fpde,0.7965589968109467,0.7281528478236946,0.7623559223173205,0.011150017230000486,0.7515348515996026,1.1877651640013198e-16,0.9854545454545455,0.9854545454545455,40,11,200
125922,texture,diff_fpde,0.7105308182332553,0.6780293400425704,0.6942800791379129,0.00933099138000074,30.230695540821966,2.461086889837816e-15,0.9854545454545455,0.9854545454545455,40,11,200
125922,texture,hyb_fpde_grid,0.7937962237167052,0.7362569678446169,0.7650265957806611,0.016682063229998646,0.9666322057949646,5.285702431301331e-17,0.9854545454545455,0.9854545454545455,40,11,200
125922,texture,lime,0.4768680028460273,0.4819501208843512,0.4794090618651893,0.03210031006500032,0.46005025130845373,,0.9854545454545455,0.9854545454545455,40,11,200
125922,texture,shap,0.8664034434936555,0.9079903212751064,0.887196882384381,0.6523761888800003,9.714866758398461,,0.9854545454545455,0.9854545454545455,40,11,200
