method,mean_deletion_drop_auc,std_deletion_drop_auc,mean_insertion_auc,std_insertion_auc,mean_combined_score,std_combined_score,mean_runtime_seconds,std_runtime_seconds,completed_instances,completed_tasks,mean_test_accuracy,mean_test_balanced_accuracy
aime,0.3657217741952344,0.22821609441035273,0.6439353343826968,0.1732372526745457,0.5048285542889656,0.15383909616542607,0.005580349510415121,0.0002285691639670042,96,1,0.9583333333333334,0.9393939393939394
cos_fpde,0.3910559666630362,0.22953445076040616,0.6560144347557809,0.16375994604724406,0.5235352007094085,0.15178611805657838,0.004291648250000317,0.00041954050623832056,96,1,0.9583333333333334,0.9393939393939394
diff_fpde,0.3940425080208354,0.2286703266762324,0.668030907957449,0.17060560911071088,0.5310367079891422,0.15448659575171636,0.004198204572915938,0.00011836207719933195,96,1,0.9583333333333334,0.9393939393939394
hyb_fpde_grid,0.3940425080208354,0.2286703266762324,0.668030907957449,0.17060560911071088,0.5310367079891422,0.15448659575171636,0.006517264989583123,0.0004709478588285501,96,1,0.9583333333333334,0.9393939393939394
lime,0.049048333859567445,0.10052691634164329,0.29033786265638895,0.16834629114612745,0.1696930982579782,0.07663338797359555,0.010889064114583569,0.00029300464717223337,96,1,0.9583333333333334,0.9393939393939394
shap,0.4138078342358699,0.2884186387961141,0.7568352704163667,0.30294209425484275,0.5853215523261183,0.26535434164146915,0.043550471677082925,0.01916448380070365,96,1,0.9583333333333334,0.9393939393939394
