task_id,dataset_name,method,deletion_drop_auc,insertion_auc,combined_score,runtime_seconds,attr_l1_norm,mean_abs_exactness_residual,test_accuracy,test_balanced_accuracy,n_features_transformed,n_classes,ok
49,tic-tac-toe,aime,0.3657217741952344,0.6439353343826968,0.5048285542889656,0.005580349510415121,6.84994414515941,,0.9583333333333334,0.9393939393939394,27,2,96
49,tic-tac-toe,cos_fpde,0.3910559666630362,0.6560144347557809,0.5235352007094085,0.004291648250000317,1.5378979028272692,7.452986434027438e-17,0.9583333333333334,0.9393939393939394,27,2,96
49,tic-tac-toe,diff_fpde,0.3940425080208354,0.668030907957449,0.5310367079891422,0.004198204572915938,2.5545586341026985,1.094176832472371e-15,0.9583333333333334,0.9393939393939394,27,2,96
49,tic-tac-toe,hyb_fpde_grid,0.3940425080208354,0.668030907957449,0.5310367079891422,0.006517264989583123,1.0,5.135504290339673e-17,0.9583333333333334,0.9393939393939394,27,2,96
49,tic-tac-toe,lime,0.049048333859567445,0.29033786265638895,0.1696930982579782,0.010889064114583569,0.6484987438651656,,0.9583333333333334,0.9393939393939394,27,2,96
49,tic-tac-toe,shap,0.4138078342358699,0.7568352704163667,0.5853215523261183,0.043550471677082925,7.8652651882776174,,0.9583333333333334,0.9393939393939394,27,2,96
