task_id,dataset_name,method,deletion_drop_auc,insertion_auc,combined_score,runtime_seconds,attr_l1_norm,mean_abs_exactness_residual,test_accuracy,test_balanced_accuracy,n_features_transformed,n_classes,ok
3560,analcatdata_dmft,aime,0.1730932374259234,0.277052644572924,0.2250729409994237,0.003952038162499605,4.262922266265858,,0.2,0.1981074481074481,21,6,80
3560,analcatdata_dmft,cos_fpde,0.1723677212937537,0.2648226710603817,0.2185951961770677,0.003023681174999915,0.9716321741089183,5.403663627667754e-17,0.2,0.1981074481074481,21,6,80
3560,analcatdata_dmft,diff_fpde,0.17139440765140895,0.27336199025265284,0.22237819895203087,0.0029727893499998715,0.6976188064988718,3.263014858312374e-16,0.2,0.1981074481074481,21,6,80
3560,analcatdata_dmft,hyb_fpde_grid,0.17343568177361252,0.26553124826150115,0.21948346501755683,0.004647434749999668,0.9970410842721685,5.603156827405086e-17,0.2,0.1981074481074481,21,6,80
3560,analcatdata_dmft,lime,0.021336574880998514,0.1377025081039886,0.07951954149249356,0.010988625537500418,0.14860857261991098,,0.2,0.1981074481074481,21,6,80
3560,analcatdata_dmft,shap,0.19378993397718547,0.30720200155197375,0.2504959677645796,0.1728408715375,1.6714047358935908,,0.2,0.1981074481074481,21,6,80
