method,mean_deletion_drop_auc,std_deletion_drop_auc,mean_insertion_auc,std_insertion_auc,mean_combined_score,std_combined_score,mean_runtime_seconds,std_runtime_seconds,completed_instances,completed_tasks,mean_test_accuracy,mean_test_balanced_accuracy
aime,0.1730932374259234,0.11495554737538652,0.277052644572924,0.08323433172613683,0.2250729409994237,0.06748061913912916,0.003952038162499605,9.583815915520407e-05,80,1,0.2,0.1981074481074481
cos_fpde,0.1723677212937537,0.1201057529524843,0.2648226710603817,0.08851447133950109,0.2185951961770677,0.0665671650903896,0.003023681174999915,0.000631819624127613,80,1,0.2,0.1981074481074481
diff_fpde,0.17139440765140895,0.11787713389259168,0.27336199025265284,0.08629499813497399,0.22237819895203087,0.06859223358636961,0.0029727893499998715,0.0003716898637416354,80,1,0.2,0.1981074481074481
hyb_fpde_grid,0.17343568177361252,0.12032501794346011,0.26553124826150115,0.08841515707261538,0.21948346501755683,0.06627398666525847,0.004647434749999668,0.00042650434596539443,80,1,0.2,0.1981074481074481
lime,0.021336574880998514,0.12610288842993225,0.1377025081039886,0.06170656420152058,0.07951954149249356,0.06513905133089913,0.010988625537500418,0.0011754290884342592,80,1,0.2,0.1981074481074481
shap,0.19378993397718547,0.11563226978996576,0.30720200155197375,0.08576534854660699,0.2504959677645796,0.07020315875920267,0.1728408715375,0.021869736782824774,80,1,0.2,0.1981074481074481
