method,mean_deletion_drop_auc,std_deletion_drop_auc,mean_insertion_auc,std_insertion_auc,mean_combined_score,std_combined_score,mean_runtime_seconds,std_runtime_seconds,completed_instances,completed_tasks,mean_test_accuracy,mean_test_balanced_accuracy
aime,0.05966274667897925,0.16627224927305212,0.9739225256243437,0.10106737590132471,0.5167926361516615,0.04883682272930649,0.013022566204998611,0.005932315311349016,200,1,0.937007874015748,0.6748949579831932
cos_fpde,0.06021343002739104,0.1663858219941831,0.9741784772842241,0.10012597315458807,0.5171959536558076,0.049251822313048726,0.01095912076499701,0.00470847038669569,200,1,0.937007874015748,0.6748949579831932
diff_fpde,0.05085088133914816,0.16132335355975175,0.972397548142649,0.10598606477143942,0.5116242147408986,0.045844245297901695,0.01242984993000391,0.004467610377484513,200,1,0.937007874015748,0.6748949579831932
hyb_fpde_grid,0.06021343002739104,0.1663858219941831,0.9741784772842241,0.10012597315458807,0.5171959536558076,0.049251822313048726,0.016852281270009258,0.0064495163795552915,200,1,0.937007874015748,0.6748949579831932
lime,0.020052703368932435,0.14594354152233086,0.9476040616657777,0.18636908367863836,0.483828382517355,0.05104359593083625,0.023194856839990053,0.005690445106047623,200,1,0.937007874015748,0.6748949579831932
shap,0.021094195583410823,0.1849107901658219,0.8656720498253212,0.19832147882648518,0.443383122704366,0.14455931636520755,0.07360171766999997,0.015857171487514546,200,1,0.937007874015748,0.6748949579831932
