method,mean_deletion_drop_auc,std_deletion_drop_auc,mean_insertion_auc,std_insertion_auc,mean_combined_score,std_combined_score,mean_runtime_seconds,std_runtime_seconds,completed_instances,completed_tasks,mean_test_accuracy,mean_test_balanced_accuracy
aime,0.2953066438506855,0.17648871677368447,0.46849698937116663,0.2194717071315022,0.3819018166109261,0.13793669921038937,0.006304509500000108,0.00012112049374334195,200,1,0.5866013071895425,0.4593692706970489
cos_fpde,0.2874171926035763,0.1713362897423597,0.45784194832985475,0.22397766220482904,0.3726295704667155,0.1348813400358149,0.004822564995000107,0.0013676702214603343,200,1,0.5866013071895425,0.4593692706970489
diff_fpde,0.28019883831445935,0.1732055363830701,0.4545500002808685,0.22094797096226496,0.3673744192976639,0.1323836199322028,0.004788141074999927,0.0017925991599224526,200,1,0.5866013071895425,0.4593692706970489
hyb_fpde_grid,0.2869874146410492,0.171228026458983,0.45711012390053346,0.22408281539110336,0.37204876927079134,0.13476468019884985,0.010712772154999755,0.0011768590712307296,200,1,0.5866013071895425,0.4593692706970489
lime,0.21215495251802804,0.17184579646638806,0.39542279132192293,0.22353615064402985,0.3037888719199755,0.13335888225680256,0.02354535904499947,0.000577444165379128,200,1,0.5866013071895425,0.4593692706970489
shap,0.38548982831600426,0.18216060406374301,0.589134890794344,0.18287235061394955,0.4873123595551741,0.14062609827100345,0.3432743956400007,0.015727167415291236,200,1,0.5866013071895425,0.4593692706970489
