task_id,dataset_name,method,deletion_drop_auc,insertion_auc,combined_score,runtime_seconds,attr_l1_norm,mean_abs_exactness_residual,test_accuracy,test_balanced_accuracy,n_features_transformed,n_classes,ok
9977,nomao,aime,0.30862247946092614,0.9443129048730803,0.6264676921670032,0.022805065445003266,25.59602366343776,,0.9677980852915579,0.9603794698117505,174,2,200
9977,nomao,cos_fpde,0.3209115501665902,0.9494614612832243,0.6351865057249072,0.018422516804999987,1.3080929718760035,1.157234030824128e-16,0.9677980852915579,0.9603794698117505,174,2,200
9977,nomao,diff_fpde,0.26503817320828227,0.9239384122943853,0.5944882927513339,0.019395798289998538,71.91717102784271,1.5845658118962546e-14,0.9677980852915579,0.9603794698117505,174,2,200
9977,nomao,hyb_fpde_grid,0.3209115501665902,0.9494614612832243,0.6351865057249072,0.041367269584999346,1.0,5.4452969910911976e-17,0.9677980852915579,0.9603794698117505,174,2,200
9977,nomao,lime,0.04711755609284692,0.7317743607688126,0.3894459584308298,0.067423626570001,1.3346115190555057,,0.9677980852915579,0.9603794698117505,174,2,200
9977,nomao,shap,0.17688354586295815,0.7510586347309622,0.4639710902969602,0.06737134721999993,5.467592769357908,,0.9677980852915579,0.9603794698117505,174,2,200
