method,mean_deletion_drop_auc,std_deletion_drop_auc,mean_insertion_auc,std_insertion_auc,mean_combined_score,std_combined_score,mean_runtime_seconds,std_runtime_seconds,completed_instances,completed_tasks,mean_test_accuracy,mean_test_balanced_accuracy
aime,0.30862247946092614,0.34509162195398746,0.9443129048730803,0.10699069269134467,0.6264676921670032,0.1566369674007246,0.022805065445003266,0.006152854367029683,200,1,0.9677980852915579,0.9603794698117505
cos_fpde,0.3209115501665902,0.3521859258986185,0.9494614612832243,0.09772327486439056,0.6351865057249072,0.1605898255677078,0.018422516804999987,0.004216199086630103,200,1,0.9677980852915579,0.9603794698117505
diff_fpde,0.26503817320828227,0.3365266208194613,0.9239384122943853,0.15863471959692357,0.5944882927513339,0.15670202052284685,0.019395798289998538,0.004282838992871193,200,1,0.9677980852915579,0.9603794698117505
hyb_fpde_grid,0.3209115501665902,0.3521859258986185,0.9494614612832243,0.09772327486439056,0.6351865057249072,0.1605898255677078,0.041367269584999346,0.0065036299262992295,200,1,0.9677980852915579,0.9603794698117505
lime,0.04711755609284692,0.09141928131286463,0.7317743607688126,0.3670209184507378,0.3894459584308298,0.1557032768557712,0.067423626570001,0.0444036986329291,200,1,0.9677980852915579,0.9603794698117505
shap,0.17688354586295815,0.21486812258564564,0.7510586347309622,0.3809382426384687,0.4639710902969602,0.238544087958885,0.06737134721999993,0.015001430640360759,200,1,0.9677980852915579,0.9603794698117505
