task_id,dataset_name,method,deletion_drop_auc,insertion_auc,combined_score,runtime_seconds,attr_l1_norm,mean_abs_exactness_residual,test_accuracy,test_balanced_accuracy,n_features_transformed,n_classes,ok
43,spambase,aime,0.5566961473696884,0.8897439270321376,0.7232200372009129,0.012950986814998231,6.854759286495125,,0.9284164859002169,0.919847177911694,57,2,200
43,spambase,cos_fpde,0.5572753223361157,0.8902441290817845,0.7237597257089502,0.009834599024998312,1.1851281403151814,6.909403604815622e-17,0.9284164859002169,0.919847177911694,57,2,200
43,spambase,diff_fpde,0.5573397450889074,0.8888600351441606,0.723099890116534,0.009419583230000797,18.719612291691977,9.701441039400294e-15,0.9284164859002169,0.919847177911694,57,2,200
43,spambase,hyb_fpde_grid,0.5572753223361157,0.8902441290817845,0.7237597257089502,0.015531609999998608,1.0,5.570197081361527e-17,0.9284164859002169,0.919847177911694,57,2,200
43,spambase,lime,0.025947350542181894,0.3974271193018329,0.21168723492200742,0.020116770595000163,0.7701797156597553,,0.9284164859002169,0.919847177911694,57,2,200
43,spambase,shap,0.29788512463319405,0.626545628798313,0.4622153767157535,0.07747491227999788,6.537445321030594,,0.9284164859002169,0.919847177911694,57,2,200
