task_id,dataset_name,method,deletion_drop_auc,insertion_auc,combined_score,runtime_seconds,attr_l1_norm,mean_abs_exactness_residual,test_accuracy,test_balanced_accuracy,n_features_transformed,n_classes,ok
32,pendigits,aime,0.7808509925203111,0.7409111335968146,0.7608810630585628,0.0054014181249957,4.891498115673154,,0.9918181818181818,0.9916148862722846,16,10,200
32,pendigits,cos_fpde,0.7650973561209296,0.6701174139769174,0.7176073850489234,0.004339785470001516,1.0679539461896004,8.854028621385623e-17,0.9918181818181818,0.9916148862722846,16,10,200
32,pendigits,diff_fpde,0.6838068408129265,0.5721413515506648,0.6279740961817957,0.0042891678449987584,20.36872993565662,1.874611577079577e-15,0.9918181818181818,0.9916148862722846,16,10,200
32,pendigits,hyb_fpde_grid,0.7650973561209296,0.6701174139769174,0.7176073850489234,0.013267997259998766,1.0,5.096617572419859e-17,0.9918181818181818,0.9916148862722846,16,10,200
32,pendigits,lime,0.45278694068264946,0.4607821886862176,0.4567845646844335,0.023626177215001862,0.36316486464102155,,0.9918181818181818,0.9916148862722846,16,10,200
32,pendigits,shap,0.8499220174091223,0.8925377714924586,0.8712298944507905,0.5648290928250015,9.563364230641337,,0.9918181818181818,0.9916148862722846,16,10,200
