task_id,dataset_name,method,deletion_drop_auc,insertion_auc,combined_score,runtime_seconds,attr_l1_norm,mean_abs_exactness_residual,test_accuracy,test_balanced_accuracy,n_features_transformed,n_classes,ok
49,tic-tac-toe,aime,0.4155291578129267,0.6804315553850694,0.547980356598998,0.005387522020833775,7.257731911062404,,0.96875,0.9545454545454546,27,2,96
49,tic-tac-toe,cos_fpde,0.42138325904945195,0.6896747315653373,0.5555289953073946,0.004175034083333973,1.5636055704334824,7.753852536892165e-17,0.96875,0.9545454545454546,27,2,96
49,tic-tac-toe,diff_fpde,0.42321694352667216,0.6934849918319849,0.5583509676793285,0.004113195427082772,2.5280581339533152,7.7050634391303185e-16,0.96875,0.9545454545454546,27,2,96
49,tic-tac-toe,hyb_fpde_grid,0.42321694352667216,0.6934849918319849,0.5583509676793285,0.00634795228124944,1.0,4.79036659876512e-17,0.96875,0.9545454545454546,27,2,96
49,tic-tac-toe,lime,0.06822658930617549,0.24374475560706974,0.15598567245662262,0.010419997687499608,0.6830636568167422,,0.96875,0.9545454545454546,27,2,96
49,tic-tac-toe,shap,0.4584059851762929,0.768926002082389,0.613665993629341,0.04058116130208352,7.320943262429946,,0.96875,0.9545454545454546,27,2,96
