task_id,dataset_name,method,deletion_drop_auc,insertion_auc,combined_score,runtime_seconds,attr_l1_norm,mean_abs_exactness_residual,test_accuracy,test_balanced_accuracy,n_features_transformed,n_classes,ok
146817,steel-plates-fault,aime,0.4557893946340872,0.6707558391383462,0.5632726168862168,0.005402013589743331,7.0699949199379155,,0.8102564102564103,0.8160567052870619,27,7,195
146817,steel-plates-fault,cos_fpde,0.501920303907852,0.7006259816773208,0.6012731427925864,0.004110050497436428,0.9396485133436345,7.260484948299852e-17,0.8102564102564103,0.8160567052870619,27,7,195
146817,steel-plates-fault,diff_fpde,0.4653565468807903,0.6772274201122467,0.5712919834965184,0.004071435420513143,17.675400456072154,2.6031883201755755e-15,0.8102564102564103,0.8160567052870619,27,7,195
146817,steel-plates-fault,hyb_fpde_grid,0.50132435561153,0.7028740717102518,0.6020992136608909,0.006985155723077405,0.9850644426912268,6.474521773414976e-17,0.8102564102564103,0.8160567052870619,27,7,195
146817,steel-plates-fault,lime,0.2575916747668662,0.4699100470400855,0.36375086090347586,0.024224660199999522,0.4085447652350928,,0.8102564102564103,0.8160567052870619,27,7,195
146817,steel-plates-fault,shap,0.6418889244335243,0.8526516083409538,0.747270266387239,0.39185301029230896,5.512892979631425,,0.8102564102564103,0.8160567052870619,27,7,195
