method,mean_deletion_drop_auc,std_deletion_drop_auc,mean_insertion_auc,std_insertion_auc,mean_combined_score,std_combined_score,mean_runtime_seconds,std_runtime_seconds,completed_instances,completed_tasks,mean_test_accuracy,mean_test_balanced_accuracy
aime,0.4557893946340872,0.24659958798218623,0.6707558391383462,0.19527810008405366,0.5632726168862168,0.1583756757640988,0.005402013589743331,0.00025799790171132506,195,1,0.8102564102564103,0.8160567052870619
cos_fpde,0.501920303907852,0.2425095364888655,0.7006259816773208,0.20728130929924346,0.6012731427925864,0.14976959240131354,0.004110050497436428,0.0002053832249087621,195,1,0.8102564102564103,0.8160567052870619
diff_fpde,0.4653565468807903,0.24320071637666144,0.6772274201122467,0.19491829237092642,0.5712919834965184,0.15477347953143344,0.004071435420513143,0.000316232068123762,195,1,0.8102564102564103,0.8160567052870619
hyb_fpde_grid,0.50132435561153,0.2399949394592522,0.7028740717102518,0.20511184180563277,0.6020992136608909,0.1503258428874057,0.006985155723077405,0.00048677728243171455,195,1,0.8102564102564103,0.8160567052870619
lime,0.2575916747668662,0.21710946800053338,0.4699100470400855,0.2823768487920478,0.36375086090347586,0.18154503948402587,0.024224660199999522,0.0005168815899208806,195,1,0.8102564102564103,0.8160567052870619
shap,0.6418889244335243,0.2503145341666097,0.8526516083409538,0.1212459960089737,0.747270266387239,0.15849750953392122,0.39185301029230896,0.021336526302657765,195,1,0.8102564102564103,0.8160567052870619
