task_id,dataset_name,method,deletion_drop_auc,insertion_auc,combined_score,runtime_seconds,attr_l1_norm,mean_abs_exactness_residual,test_accuracy,test_balanced_accuracy,n_features_transformed,n_classes,ok
9910,Bioresponse,aime,0.46243724794435837,0.8696133860963401,0.6660253170203493,0.06772342871499774,70.46461400851656,,0.800531914893617,0.7993046055631554,1776,2,200
9910,Bioresponse,cos_fpde,0.4709978398376525,0.8739078185875964,0.6724528292126244,0.031192247255003167,1.0961189171662165,3.795574965437254e-17,0.800531914893617,0.7993046055631554,1776,2,200
9910,Bioresponse,diff_fpde,0.4708040581818388,0.8738737640868567,0.6723389111343478,0.03117620620499963,165.3926253508585,1.304822916381454e-13,0.800531914893617,0.7993046055631554,1776,2,200
9910,Bioresponse,hyb_fpde_grid,0.47106426846896954,0.8739546931646265,0.672509480816798,0.06171260854000025,0.9999988362191037,2.90652918399914e-17,0.800531914893617,0.7993046055631554,1776,2,200
9910,Bioresponse,lime,0.03506246745300436,0.5171362327797854,0.27609935011639486,0.4182526366550016,5.548703110984709,,0.800531914893617,0.7993046055631554,1776,2,200
9910,Bioresponse,shap,0.2774595704698455,0.6025230267210684,0.4399912985954569,0.09705086600499982,5.2474771003162335,,0.800531914893617,0.7993046055631554,1776,2,200
