task_id,dataset_name,method,deletion_drop_auc,insertion_auc,combined_score,runtime_seconds,attr_l1_norm,mean_abs_exactness_residual,test_accuracy,test_balanced_accuracy,n_features_transformed,n_classes,ok
146825,Fashion-MNIST,aime,0.6768453141770125,0.6820401482364727,0.6794427312067427,0.06362966693499857,105.06380066955852,,0.8925714285714286,0.8925714285714286,784,10,200
146825,Fashion-MNIST,cos_fpde,0.7144179596857723,0.6234005305665618,0.6689092451261669,0.017953207774993984,0.6266882385483045,6.702104149436394e-17,0.8925714285714286,0.8925714285714286,784,10,200
146825,Fashion-MNIST,diff_fpde,0.6958404109787009,0.6121564277768696,0.6539984193777854,0.02012729897500037,486.0334083100242,6.149303288793817e-14,0.8925714285714286,0.8925714285714286,784,10,200
146825,Fashion-MNIST,hyb_fpde_grid,0.7144179596857723,0.6234005305665618,0.6689092451261669,0.3326107863149974,1.0,4.389284075090316e-17,0.8925714285714286,0.8925714285714286,784,10,200
146825,Fashion-MNIST,lime,0.2938462642681017,0.2735142326251193,0.2836802484466105,0.30897074018500403,2.678079414688508,,0.8925714285714286,0.8925714285714286,784,10,200
146825,Fashion-MNIST,shap,0.81822322771567,0.9080265999438866,0.8631249138297784,0.6155887178650061,7.9186748312976105,,0.8925714285714286,0.8925714285714286,784,10,200
