task_id,dataset_name,method,deletion_drop_auc,insertion_auc,combined_score,runtime_seconds,attr_l1_norm,mean_abs_exactness_residual,test_accuracy,test_balanced_accuracy,n_features_transformed,n_classes,ok
11,balance-scale,aime,0.477940669597336,0.8200535344229539,0.6489971020101449,0.004538490507934782,2.442383113810297,,0.9047619047619048,0.6551724137931035,4,3,63
11,balance-scale,cos_fpde,0.45767852722356733,0.8098345872701074,0.6337565572468373,0.00347916144444695,1.4334556930034177,8.048566222666996e-17,0.9047619047619048,0.6551724137931035,4,3,63
11,balance-scale,diff_fpde,0.46758155069644786,0.8114850303894637,0.6395332905429558,0.0034304203968251804,4.655025850861412,3.550951420031255e-16,0.9047619047619048,0.6551724137931035,4,3,63
11,balance-scale,hyb_fpde_grid,0.46758155069644786,0.8114850303894637,0.6395332905429558,0.0052147562857150715,1.0,5.0472192562944244e-17,0.9047619047619048,0.6551724137931035,4,3,63
11,balance-scale,lime,0.2737248518069773,0.6593146061224731,0.4665197289647252,0.023402088603174456,0.7879802320638737,,0.9047619047619048,0.6551724137931035,4,3,63
11,balance-scale,shap,0.5001159122670945,0.8280963578876307,0.6641061350773626,0.10529291169841383,4.04625337975927,,0.9047619047619048,0.6551724137931035,4,3,63
