method,mean_deletion_drop_auc,std_deletion_drop_auc,mean_insertion_auc,std_insertion_auc,mean_combined_score,std_combined_score,mean_runtime_seconds,std_runtime_seconds,completed_instances,completed_tasks,mean_test_accuracy,mean_test_balanced_accuracy
aime,0.4122827124316311,0.2045197446053006,0.9272625942477057,0.05782279306088782,0.6697726533396684,0.09179733778257929,0.004234559473684485,0.0008348297966287025,57,1,0.9649122807017544,0.9623015873015873
cos_fpde,0.4124981755579117,0.20440814165824672,0.9274312542033379,0.0579609521522034,0.6699647148806248,0.09172368856160427,0.0031203385789449626,0.0008210199409819046,57,1,0.9649122807017544,0.9623015873015873
diff_fpde,0.4244918002526326,0.20948412614314965,0.931939442359849,0.05724390781176549,0.6782156213062408,0.0947544543301943,0.002942605771929601,0.0003126746976355071,57,1,0.9649122807017544,0.9623015873015873
hyb_fpde_grid,0.4244918002526326,0.20948412614314965,0.931939442359849,0.05724390781176549,0.6782156213062408,0.0947544543301943,0.004314340631580898,4.6227065132463e-05,57,1,0.9649122807017544,0.9623015873015873
lime,0.11179750800753939,0.04714199949652056,0.5365866191445137,0.33441137623933914,0.32419206357602653,0.17079774647840745,0.008080047789471672,0.00028929091192516005,57,1,0.9649122807017544,0.9623015873015873
shap,0.16571026591773394,0.1470971658732918,0.5142454286694391,0.3659934954705463,0.33997784729358654,0.23429753613100573,0.029970960315790864,0.024741707245021265,57,1,0.9649122807017544,0.9623015873015873
