task_id,dataset_name,method,deletion_drop_auc,insertion_auc,combined_score,runtime_seconds,attr_l1_norm,mean_abs_exactness_residual,test_accuracy,test_balanced_accuracy,n_features_transformed,n_classes,ok
3903,pc3,aime,0.04527434197741996,0.9303698705052277,0.4878221062413239,0.011653950388535258,7.0137562441052586,,0.8789808917197452,0.600177304964539,37,2,157
3903,pc3,cos_fpde,0.04611096505647538,0.9295600661154975,0.48783551558598637,0.009515216165604539,1.4239501675623885,1.135857154970801e-16,0.8789808917197452,0.600177304964539,37,2,157
3903,pc3,diff_fpde,0.041626870065728724,0.9287572482740518,0.4851920591698902,0.009556609305732515,16.7547004951932,4.614850610639345e-15,0.8789808917197452,0.600177304964539,37,2,157
3903,pc3,hyb_fpde_grid,0.04566492048581868,0.9302476771605763,0.48795629882319747,0.01369992892356505,0.9970988776414227,7.186395852072072e-17,0.8789808917197452,0.600177304964539,37,2,157
3903,pc3,lime,0.05725789542904648,0.9060430096654652,0.48165045254725586,0.01754259391082871,0.2828840520182363,,0.8789808917197452,0.600177304964539,37,2,157
3903,pc3,shap,0.00836981590845573,0.799785057573487,0.4040774367409713,0.07930869424203839,4.413431378703208,,0.8789808917197452,0.600177304964539,37,2,157
