method,mean_deletion_drop_auc,std_deletion_drop_auc,mean_insertion_auc,std_insertion_auc,mean_combined_score,std_combined_score,mean_runtime_seconds,std_runtime_seconds,completed_instances,completed_tasks,mean_test_accuracy,mean_test_balanced_accuracy
aime,0.04527434197741996,0.16042165614813741,0.9303698705052277,0.14893966211445733,0.4878221062413239,0.053107277554460326,0.011653950388535258,0.005013256640223675,157,1,0.8789808917197452,0.600177304964539
cos_fpde,0.04611096505647538,0.16113355071534707,0.9295600661154975,0.15176534458330346,0.48783551558598637,0.05391967988798629,0.009515216165604539,0.00422676949026434,157,1,0.8789808917197452,0.600177304964539
diff_fpde,0.041626870065728724,0.16250920956246676,0.9287572482740518,0.149653503726415,0.4851920591698902,0.05433678891573449,0.009556609305732515,0.00458042426359462,157,1,0.8789808917197452,0.600177304964539
hyb_fpde_grid,0.04566492048581868,0.16174791053893503,0.9302476771605763,0.14978848939143183,0.48795629882319747,0.05363561544661933,0.01369992892356505,0.005252123349030595,157,1,0.8789808917197452,0.600177304964539
lime,0.05725789542904648,0.17213765856101232,0.9060430096654652,0.1274689890194155,0.48165045254725586,0.05916663725368982,0.01754259391082871,0.0058048288519985825,157,1,0.8789808917197452,0.600177304964539
shap,0.00836981590845573,0.2000045993386586,0.799785057573487,0.14690323425942042,0.4040774367409713,0.12559576805293673,0.07930869424203839,0.015847903678552162,157,1,0.8789808917197452,0.600177304964539
