task_id,dataset_name,method,deletion_drop_auc,insertion_auc,combined_score,runtime_seconds,attr_l1_norm,mean_abs_exactness_residual,test_accuracy,test_balanced_accuracy,n_features_transformed,n_classes,ok
9977,nomao,aime,0.3230095822298901,0.9459928713890239,0.634501226809457,0.024924449535001825,26.42091455420271,,0.961995938497244,0.9520476218769496,174,2,200
9977,nomao,cos_fpde,0.3237673532311788,0.9462183910319582,0.6349928721315684,0.01964892535500212,1.3355670848906025,1.5188371393914936e-16,0.961995938497244,0.9520476218769496,174,2,200
9977,nomao,diff_fpde,0.3207953380744986,0.9452460569682344,0.6330206975213666,0.02044906438499936,75.74929293303137,1.308175789915822e-14,0.961995938497244,0.9520476218769496,174,2,200
9977,nomao,hyb_fpde_grid,0.3237673532311788,0.9462183910319582,0.6349928721315684,0.04192937165500382,1.0,5.596651614370174e-17,0.961995938497244,0.9520476218769496,174,2,200
9977,nomao,lime,0.1725385652466785,0.786421626639545,0.47948009594311175,0.06535449489000399,1.3399571148728069,,0.961995938497244,0.9520476218769496,174,2,200
9977,nomao,shap,0.3051214150943199,0.758028101788011,0.5315747584411654,0.06946037784999788,5.388240538348015,,0.961995938497244,0.9520476218769496,174,2,200
