task_id,dataset_name,method,deletion_drop_auc,insertion_auc,combined_score,runtime_seconds,attr_l1_norm,mean_abs_exactness_residual,test_accuracy,test_balanced_accuracy,n_features_transformed,n_classes,ok
14970,har,aime,0.7118033607093228,0.8409740642038114,0.776388712456567,0.05651737637000039,108.985776947123,,0.9902912621359223,0.9901341495568188,561,6,200
14970,har,cos_fpde,0.8191345280751996,0.8764362193059084,0.847785373690554,0.014443752464998169,0.3699264177562055,9.577625151302449e-17,0.9902912621359223,0.9901341495568188,561,6,200
14970,har,diff_fpde,0.6858078190687157,0.793435295371587,0.7396215572201514,0.02098774324500127,242.1565495725789,2.7455815398980123e-14,0.9902912621359223,0.9901341495568188,561,6,200
14970,har,hyb_fpde_grid,0.8191345280751996,0.8764362193059084,0.847785373690554,0.04367335173999891,1.0,3.930883396563445e-17,0.9902912621359223,0.9901341495568188,561,6,200
14970,har,lime,0.4287997258643241,0.5226978233820808,0.4757487746232025,0.24496970896000136,3.8397305247836897,,0.9902912621359223,0.9901341495568188,561,6,200
14970,har,shap,0.8746739719949708,0.9751688273945334,0.9249213996947521,0.36454161317,8.378602389024675,,0.9902912621359223,0.9901341495568188,561,6,200
