method,mean_deletion_drop_auc,std_deletion_drop_auc,mean_insertion_auc,std_insertion_auc,mean_combined_score,std_combined_score,mean_runtime_seconds,std_runtime_seconds,completed_instances,completed_tasks,mean_test_accuracy,mean_test_balanced_accuracy
aime,0.8563811080960871,0.1747363798688248,0.8848236726179566,0.12085537710512982,0.8706023903570218,0.12608644820029102,0.06133206061999886,0.00930706481037299,200,1,0.9461538461538461,0.9461538461538461
cos_fpde,0.8527419496170756,0.1725473669115299,0.7540040646586548,0.23845674954957874,0.8033730071378652,0.1553341576002854,0.01587579249499754,0.001488138040471871,200,1,0.9461538461538461,0.9461538461538461
diff_fpde,0.7845312354417183,0.22470906778001232,0.6917816674768764,0.22101665002484883,0.7381564514592973,0.1767383994020209,0.01852656005000199,0.005305759682796825,200,1,0.9461538461538461,0.9461538461538461
hyb_fpde_grid,0.8527419496170756,0.1725473669115299,0.7540040646586548,0.23845674954957874,0.8033730071378652,0.1553341576002854,0.04217692186499732,0.0025701175960291924,200,1,0.9461538461538461,0.9461538461538461
lime,0.6576181015528004,0.30678305961653635,0.5603279345071219,0.31356372856038056,0.6089730180299612,0.2624633475782688,0.3534625049449966,0.07640342246767001,200,1,0.9461538461538461,0.9461538461538461
shap,0.9009994702885872,0.13154251566978725,0.9633131086174741,0.03474032375617419,0.9321562894530306,0.07911521927487647,1.5116322593099953,0.037697665532326695,200,1,0.9461538461538461,0.9461538461538461
