task_id,dataset_name,method,deletion_drop_auc,insertion_auc,combined_score,runtime_seconds,attr_l1_norm,mean_abs_exactness_residual,test_accuracy,test_balanced_accuracy,n_features_transformed,n_classes,ok
14954,cylinder-bands,aime,0.48711643828046425,0.8647758630119966,0.6759461506462303,0.02347422898148071,9.864512943972908,,0.7777777777777778,0.7559607293127631,153,2,54
14954,cylinder-bands,cos_fpde,0.48523122277183217,0.8710963295726137,0.678163776172223,0.02146367935185262,1.3491642897297902,8.177293718701782e-17,0.7777777777777778,0.7559607293127631,153,2,54
14954,cylinder-bands,diff_fpde,0.4856578795095815,0.8713844269875456,0.6785211532485634,0.02158024207407452,6.456563396677085,2.6732731254978884e-15,0.7777777777777778,0.7559607293127631,153,2,54
14954,cylinder-bands,hyb_fpde_grid,0.4856578795095815,0.8713844269875456,0.6785211532485634,0.021566923962961886,1.0,6.168307248722161e-17,0.7777777777777778,0.7559607293127631,153,2,54
14954,cylinder-bands,lime,0.0015290435102948243,0.4206794619900511,0.21110425275017294,0.05625145920370387,1.1251899027317942,,0.7777777777777778,0.7559607293127631,153,2,54
14954,cylinder-bands,shap,0.3918243416411547,0.7076690362121167,0.5497466889266357,0.036584978037037134,4.433629870600242,,0.7777777777777778,0.7559607293127631,153,2,54
