method,mean_deletion_drop_auc,std_deletion_drop_auc,mean_insertion_auc,std_insertion_auc,mean_combined_score,std_combined_score,mean_runtime_seconds,std_runtime_seconds,completed_instances,completed_tasks,mean_test_accuracy,mean_test_balanced_accuracy
aime,0.48711643828046425,0.13648382831260245,0.8647758630119966,0.058936696848301676,0.6759461506462303,0.09004801706554201,0.02347422898148071,0.004635579818301461,54,1,0.7777777777777778,0.7559607293127631
cos_fpde,0.48523122277183217,0.14665951290831053,0.8710963295726137,0.06370529119032971,0.678163776172223,0.0957022112882042,0.02146367935185262,0.0050096163194196,54,1,0.7777777777777778,0.7559607293127631
diff_fpde,0.4856578795095815,0.14621683891891815,0.8713844269875456,0.0638224668892993,0.6785211532485634,0.0956194453172932,0.02158024207407452,0.005242061508381434,54,1,0.7777777777777778,0.7559607293127631
hyb_fpde_grid,0.4856578795095815,0.14621683891891815,0.8713844269875456,0.0638224668892993,0.6785211532485634,0.0956194453172932,0.021566923962961886,0.0073200446207921585,54,1,0.7777777777777778,0.7559607293127631
lime,0.0015290435102948243,0.10549584245745523,0.4206794619900511,0.15395132594432737,0.21110425275017294,0.11410579570203219,0.05625145920370387,0.029536842270917126,54,1,0.7777777777777778,0.7559607293127631
shap,0.3918243416411547,0.3097809958579658,0.7076690362121167,0.30356424686746597,0.5497466889266357,0.3030970972248816,0.036584978037037134,0.02535438265049271,54,1,0.7777777777777778,0.7559607293127631
