task_id,dataset_name,method,deletion_drop_auc,insertion_auc,combined_score,runtime_seconds,attr_l1_norm,mean_abs_exactness_residual,test_accuracy,test_balanced_accuracy,n_features_transformed,n_classes,ok
49,tic-tac-toe,aime,0.4161421534683127,0.6853479900839486,0.5507450717761305,0.005062351395832702,7.334622274773808,,0.9791666666666666,0.9696969696969697,27,2,96
49,tic-tac-toe,cos_fpde,0.4306175625588118,0.7073130723110062,0.568965317434909,0.003777131552082776,1.5550636649981737,6.765421556309548e-17,0.9791666666666666,0.9696969696969697,27,2,96
49,tic-tac-toe,diff_fpde,0.43263041531551066,0.7172898819614404,0.5749601486384756,0.0037151866979160766,2.4694673263593283,7.7021722333370235e-16,0.9791666666666666,0.9696969696969697,27,2,96
49,tic-tac-toe,hyb_fpde_grid,0.43263041531551066,0.7172898819614404,0.5749601486384756,0.0057682954791680174,1.0,4.868067754459915e-17,0.9791666666666666,0.9696969696969697,27,2,96
49,tic-tac-toe,lime,0.07111428618320742,0.28354338853644756,0.1773288373598275,0.010090305666666724,0.6252292893429215,,0.9791666666666666,0.9696969696969697,27,2,96
49,tic-tac-toe,shap,0.4432356124828123,0.7628190337185415,0.6030273231006769,0.04269442970833085,7.479526070894433,,0.9791666666666666,0.9696969696969697,27,2,96
