task_id,dataset_name,method,deletion_drop_auc,insertion_auc,combined_score,runtime_seconds,attr_l1_norm,mean_abs_exactness_residual,test_accuracy,test_balanced_accuracy,n_features_transformed,n_classes,ok
3902,pc4,aime,0.14269315412922925,0.9393081308009812,0.5410006424651053,0.011390649657534653,7.697501400449735,,0.910958904109589,0.7582465277777778,37,2,146
3902,pc4,cos_fpde,0.14142207303781462,0.9395431768088597,0.5404826249233372,0.009019923054795185,1.4551148332382087,1.2975969233659392e-16,0.910958904109589,0.7582465277777778,37,2,146
3902,pc4,diff_fpde,0.14258840960738983,0.9382188660645142,0.540403637835952,0.009088052958904587,18.035648095250114,3.2234489050589304e-15,0.910958904109589,0.7582465277777778,37,2,146
3902,pc4,hyb_fpde_grid,0.14408158532024468,0.9396882737975569,0.5418849295589008,0.013228858965754696,0.9949905248067163,8.806692057493215e-17,0.910958904109589,0.7582465277777778,37,2,146
3902,pc4,lime,0.0034314252347932618,0.6472293428787417,0.32533038405676745,0.017739942061641707,0.37692788084145334,,0.910958904109589,0.7582465277777778,37,2,146
3902,pc4,shap,0.040894205656895395,0.6029516640798254,0.3219229348683604,0.07368484110958694,4.786148103250996,,0.910958904109589,0.7582465277777778,37,2,146
