method,mean_deletion_drop_auc,std_deletion_drop_auc,mean_insertion_auc,std_insertion_auc,mean_combined_score,std_combined_score,mean_runtime_seconds,std_runtime_seconds,completed_instances,completed_tasks,mean_test_accuracy,mean_test_balanced_accuracy
aime,0.14269315412922925,0.21167678396691145,0.9393081308009812,0.13303571492764418,0.5410006424651053,0.0993514888306202,0.011390649657534653,0.004568043643665844,146,1,0.910958904109589,0.7582465277777778
cos_fpde,0.14142207303781462,0.21201543688039268,0.9395431768088597,0.13202596186955495,0.5404826249233372,0.09977048686090584,0.009019923054795185,0.004332629615365632,146,1,0.910958904109589,0.7582465277777778
diff_fpde,0.14258840960738983,0.21111384585842474,0.9382188660645142,0.13597099914059377,0.540403637835952,0.09862656319183807,0.009088052958904587,0.004716555246473533,146,1,0.910958904109589,0.7582465277777778
hyb_fpde_grid,0.14408158532024468,0.2119936573688272,0.9396882737975569,0.13162015847423536,0.5418849295589008,0.09872443966817691,0.013228858965754696,0.005168407981932741,146,1,0.910958904109589,0.7582465277777778
lime,0.0034314252347932618,0.14351673758238878,0.6472293428787417,0.23653309731375802,0.32533038405676745,0.1329595776097539,0.017739942061641707,0.006378048734607649,146,1,0.910958904109589,0.7582465277777778
shap,0.040894205656895395,0.23827152944531535,0.6029516640798254,0.21591889082204746,0.3219229348683604,0.18496463435597776,0.07368484110958694,0.020690673974926504,146,1,0.910958904109589,0.7582465277777778
