method,mean_deletion_drop_auc,std_deletion_drop_auc,mean_insertion_auc,std_insertion_auc,mean_combined_score,std_combined_score,mean_runtime_seconds,std_runtime_seconds,completed_instances,completed_tasks,mean_test_accuracy,mean_test_balanced_accuracy
aime,0.7799451341060046,0.21059404330916712,0.8732754674913911,0.133022166305844,0.8266103007986978,0.1547838296890899,0.013737853400001115,0.003088203635884837,200,1,0.85,0.85
cos_fpde,0.735113320527986,0.2407821974554363,0.8088760924498176,0.21020970374003908,0.7719947064889019,0.19371831425547978,0.012650967054998859,0.0038033809609342,200,1,0.85,0.85
diff_fpde,0.7103154910972884,0.24829969646107927,0.780137219127429,0.18663729792947148,0.7452263551123586,0.18658063556645674,0.0115017737300019,0.004863841669098859,200,1,0.85,0.85
hyb_fpde_grid,0.735113320527986,0.2407821974554363,0.8088760924498176,0.21020970374003908,0.7719947064889019,0.19371831425547978,0.017035637895000944,0.005052500821048595,200,1,0.85,0.85
lime,0.5888941337528033,0.3512984633752658,0.5853894260183157,0.329691493503921,0.5871417798855595,0.2835879046580794,0.041650831010000645,0.003715217668538922,200,1,0.85,0.85
shap,0.8083798834928002,0.1908209661590025,0.9332364832684712,0.06732109502923025,0.8708081833806357,0.11626602607147131,0.5355890446300016,0.01636574473693202,200,1,0.85,0.85
