task_id,dataset_name,method,deletion_drop_auc,insertion_auc,combined_score,runtime_seconds,attr_l1_norm,mean_abs_exactness_residual,test_accuracy,test_balanced_accuracy,n_features_transformed,n_classes,ok
3549,analcatdata_authorship,aime,0.5773682302840367,0.9500262865254668,0.7636972584047517,0.011861437023529722,11.29571019172143,,0.9764705882352941,0.9833333333333334,70,4,85
3549,analcatdata_authorship,cos_fpde,0.5922048123603074,0.9394154993654411,0.7658101558628742,0.010512680917647083,1.1784574878166774,9.012398670486565e-17,0.9764705882352941,0.9833333333333334,70,4,85
3549,analcatdata_authorship,diff_fpde,0.5723287159150352,0.9193226630374353,0.7458256894762352,0.01158468460000008,74.28011503558048,1.199040866595169e-14,0.9764705882352941,0.9833333333333334,70,4,85
3549,analcatdata_authorship,hyb_fpde_grid,0.5922048123603074,0.9394154993654411,0.7658101558628742,0.014841207011765037,1.0,7.902175645861409e-17,0.9764705882352941,0.9833333333333334,70,4,85
3549,analcatdata_authorship,lime,0.15058150252234032,0.6811246435282015,0.41585307302527086,0.02731393052941254,1.0624925884693441,,0.9764705882352941,0.9833333333333334,70,4,85
3549,analcatdata_authorship,shap,0.5929684237434834,0.9661209370733599,0.7795446804084216,0.20549717100000114,5.926785722192078,,0.9764705882352941,0.9833333333333334,70,4,85
