method,mean_deletion_drop_auc,std_deletion_drop_auc,mean_insertion_auc,std_insertion_auc,mean_combined_score,std_combined_score,mean_runtime_seconds,std_runtime_seconds,completed_instances,completed_tasks,mean_test_accuracy,mean_test_balanced_accuracy
aime,0.6038674787077783,0.2666816343897817,0.7134553614002247,0.20266239690624904,0.6586614200540015,0.16630713679771678,0.01022463067500034,0.004332204254923784,200,1,0.9237947122861585,0.909543081397386
cos_fpde,0.4947499216125806,0.28029394489784465,0.5951177108070578,0.2690863785995638,0.5449338162098192,0.20211988424495198,0.008913950980000038,0.0032808624367364524,200,1,0.9237947122861585,0.909543081397386
diff_fpde,0.508374183929392,0.26438539794208277,0.6172073774926461,0.2257464607365104,0.5627907807110191,0.16348557165820712,0.009714837440000252,0.004134502776947791,200,1,0.9237947122861585,0.909543081397386
hyb_fpde_grid,0.508374183929392,0.26438539794208277,0.6172073774926461,0.2257464607365104,0.5627907807110191,0.16348557165820712,0.015751330494999893,0.0050093967947615285,200,1,0.9237947122861585,0.909543081397386
lime,0.38357196394646415,0.32007668471613326,0.4912533956422277,0.3070800145933724,0.43741267979434595,0.26123548575160693,0.027127507689999605,0.0050180403043190895,200,1,0.9237947122861585,0.909543081397386
shap,0.674314288102131,0.272960127068414,0.8307711953661506,0.1476607485323382,0.7525427417341407,0.14270072555360006,0.37260121587499867,0.02331303234073036,200,1,0.9237947122861585,0.909543081397386
