task_id,dataset_name,method,deletion_drop_auc,insertion_auc,combined_score,runtime_seconds,attr_l1_norm,mean_abs_exactness_residual,test_accuracy,test_balanced_accuracy,n_features_transformed,n_classes,ok
2074,satimage,aime,0.6038674787077783,0.7134553614002247,0.6586614200540015,0.01022463067500034,14.510865176014848,,0.9237947122861585,0.909543081397386,36,6,200
2074,satimage,cos_fpde,0.4947499216125806,0.5951177108070578,0.5449338162098192,0.008913950980000038,0.7620789219399551,1.1391929066739692e-16,0.9237947122861585,0.909543081397386,36,6,200
2074,satimage,diff_fpde,0.508374183929392,0.6172073774926461,0.5627907807110191,0.009714837440000252,37.317621856440795,4.740791093027497e-15,0.9237947122861585,0.909543081397386,36,6,200
2074,satimage,hyb_fpde_grid,0.508374183929392,0.6172073774926461,0.5627907807110191,0.015751330494999893,1.0,8.435092901937224e-17,0.9237947122861585,0.909543081397386,36,6,200
2074,satimage,lime,0.38357196394646415,0.4912533956422277,0.43741267979434595,0.027127507689999605,0.6053474404457933,,0.9237947122861585,0.909543081397386,36,6,200
2074,satimage,shap,0.674314288102131,0.8307711953661506,0.7525427417341407,0.37260121587499867,6.749327594213665,,0.9237947122861585,0.909543081397386,36,6,200
