task_id,dataset_name,method,deletion_drop_auc,insertion_auc,combined_score,runtime_seconds,attr_l1_norm,mean_abs_exactness_residual,test_accuracy,test_balanced_accuracy,n_features_transformed,n_classes,ok
219,electricity,aime,0.3499212293652852,0.7029951312495861,0.5264581803074356,0.004937977870001049,2.837440004623072,,0.8601059135039718,0.8560952705891356,14,2,200
219,electricity,cos_fpde,0.33981957058539647,0.6866380280034261,0.5132287992944113,0.0039313611450000965,1.2044826494872256,1.1740608485411032e-16,0.8601059135039718,0.8560952705891356,14,2,200
219,electricity,diff_fpde,0.33585351430153343,0.6854217444738636,0.5106376293876985,0.0038880611699990196,3.7345157505890865,8.109832250191573e-16,0.8601059135039718,0.8560952705891356,14,2,200
219,electricity,hyb_fpde_grid,0.33981957058539647,0.6866380280034261,0.5132287992944113,0.018021424854999992,1.0,9.213116380912822e-17,0.8601059135039718,0.8560952705891356,14,2,200
219,electricity,lime,0.08216553947398322,0.48046783988258135,0.2813166896782823,0.009342490109999204,0.49905482099159704,,0.8601059135039718,0.8560952705891356,14,2,200
219,electricity,shap,0.19855656672513,0.5021424518630417,0.35034950929408587,0.06302893202499944,3.225419196566418,,0.8601059135039718,0.8560952705891356,14,2,200
