method,mean_deletion_drop_auc,std_deletion_drop_auc,mean_insertion_auc,std_insertion_auc,mean_combined_score,std_combined_score,mean_runtime_seconds,std_runtime_seconds,completed_instances,completed_tasks,mean_test_accuracy,mean_test_balanced_accuracy
aime,0.3499212293652852,0.25956456644375436,0.7029951312495861,0.21693067638318578,0.5264581803074356,0.14996383197944818,0.004937977870001049,0.00016210036923129532,200,1,0.8601059135039718,0.8560952705891356
cos_fpde,0.33981957058539647,0.26406711387909815,0.6866380280034261,0.23436767510329418,0.5132287992944113,0.15320382245012076,0.0039313611450000965,0.0008591984819210207,200,1,0.8601059135039718,0.8560952705891356
diff_fpde,0.33585351430153343,0.2660793309576297,0.6854217444738636,0.23637733281418702,0.5106376293876985,0.15515886948084,0.0038880611699990196,0.0010101225767871786,200,1,0.8601059135039718,0.8560952705891356
hyb_fpde_grid,0.33981957058539647,0.26406711387909815,0.6866380280034261,0.23436767510329418,0.5132287992944113,0.15320382245012076,0.018021424854999992,0.0007510809804180386,200,1,0.8601059135039718,0.8560952705891356
lime,0.08216553947398322,0.1425965104237297,0.48046783988258135,0.30914543460277194,0.2813166896782823,0.1356376290589799,0.009342490109999204,0.0002829332583224091,200,1,0.8601059135039718,0.8560952705891356
shap,0.19855656672513,0.21637769319658207,0.5021424518630417,0.3419516372664662,0.35034950929408587,0.24268787210379694,0.06302893202499944,0.012787491573614591,200,1,0.8601059135039718,0.8560952705891356
