method,mean_deletion_drop_auc,std_deletion_drop_auc,mean_insertion_auc,std_insertion_auc,mean_combined_score,std_combined_score,mean_runtime_seconds,std_runtime_seconds,completed_instances,completed_tasks,mean_test_accuracy,mean_test_balanced_accuracy
aime,0.504944301510395,0.4115030520136761,0.9746234413269448,0.03241650657051322,0.7397838714186701,0.1977118627043791,0.03728972799000019,0.01036835011275697,200,1,0.9561128526645768,0.9461290136623047
cos_fpde,0.5029277455575407,0.4130498113495345,0.9482646928526758,0.11177663158401087,0.7255962192051082,0.19446545733137177,0.014251138880000411,0.005599573178002966,200,1,0.9561128526645768,0.9461290136623047
diff_fpde,0.4915231010992144,0.41928384313583184,0.9418504196436338,0.12407894979547915,0.7166867603714241,0.19713391946072184,0.02246021985499837,0.006770002917060125,200,1,0.9561128526645768,0.9461290136623047
hyb_fpde_grid,0.5023233693182145,0.4133632028095179,0.9483190927548306,0.1119217778423583,0.7253212310365226,0.19468075208786306,0.01897664511000201,0.0027216399714212833,200,1,0.9561128526645768,0.9461290136623047
lime,0.050966620925900506,0.1079224340008192,0.549751790595245,0.4080926154338468,0.3003592057605728,0.17703501515316689,0.1873326632749999,0.07156126301448033,200,1,0.9561128526645768,0.9461290136623047
shap,0.5151675316283543,0.4053428858753897,0.967042768780722,0.05389954521244182,0.7411051502045382,0.19284895330449278,0.1787689861950014,0.018635572327647634,200,1,0.9561128526645768,0.9461290136623047
