task_id,dataset_name,method,deletion_drop_auc,insertion_auc,combined_score,runtime_seconds,attr_l1_norm,mean_abs_exactness_residual,test_accuracy,test_balanced_accuracy,n_features_transformed,n_classes,ok
167140,dna,aime,0.504944301510395,0.9746234413269448,0.7397838714186701,0.03728972799000019,36.18186159741737,,0.9561128526645768,0.9461290136623047,360,3,200
167140,dna,cos_fpde,0.5029277455575407,0.9482646928526758,0.7255962192051082,0.014251138880000411,0.9791419281645638,3.499370931914214e-17,0.9561128526645768,0.9461290136623047,360,3,200
167140,dna,diff_fpde,0.4915231010992144,0.9418504196436338,0.7166867603714241,0.02246021985499837,21.485395968744946,6.759592885430265e-15,0.9561128526645768,0.9461290136623047,360,3,200
167140,dna,hyb_fpde_grid,0.5023233693182145,0.9483190927548306,0.7253212310365226,0.01897664511000201,0.9979475511021356,2.798325807185087e-17,0.9561128526645768,0.9461290136623047,360,3,200
167140,dna,lime,0.050966620925900506,0.549751790595245,0.3003592057605728,0.1873326632749999,1.7724674960705875,,0.9561128526645768,0.9461290136623047,360,3,200
167140,dna,shap,0.5151675316283543,0.967042768780722,0.7411051502045382,0.1787689861950014,5.8046624178689,,0.9561128526645768,0.9461290136623047,360,3,200
