task_id,dataset_name,method,deletion_drop_auc,insertion_auc,combined_score,runtime_seconds,attr_l1_norm,mean_abs_exactness_residual,test_accuracy,test_balanced_accuracy,n_features_transformed,n_classes,ok
9981,cnae-9,aime,0.8034714617834643,0.9067068773045471,0.8550891695440057,0.060003185074072374,4.671573752620695,,0.8796296296296297,0.8796296296296295,856,9,108
9981,cnae-9,cos_fpde,0.7375336286628761,0.5214627033490385,0.6294981660059572,0.017262181657407893,0.4074950549924858,1.1467646534015198e-16,0.8796296296296297,0.8796296296296295,856,9,108
9981,cnae-9,diff_fpde,0.7486470289894804,0.5330508318969238,0.6408489304432022,0.0180043815833323,100.75213098834713,7.088979609088036e-14,0.8796296296296297,0.8796296296296295,856,9,108
9981,cnae-9,hyb_fpde_grid,0.7486470289894804,0.5330508318969238,0.6408489304432022,0.02675981268518486,1.0,4.071379935863159e-17,0.8796296296296297,0.8796296296296295,856,9,108
9981,cnae-9,lime,0.47101595379361566,0.3343298168141988,0.4026728853039072,0.3099011481018505,4.89316795277581,,0.8796296296296297,0.8796296296296295,856,9,108
9981,cnae-9,shap,0.7971551106041617,0.7192600102165587,0.7582075604103602,0.328242728481482,7.2243194216289055,,0.8796296296296297,0.8796296296296295,856,9,108
