task_id,dataset_name,method,deletion_drop_auc,insertion_auc,combined_score,runtime_seconds,attr_l1_norm,mean_abs_exactness_residual,test_accuracy,test_balanced_accuracy,n_features_transformed,n_classes,ok
219,electricity,aime,0.3489456004841387,0.7037134140250614,0.5263295072546,0.005047755464999994,2.768559192410044,,0.861650485436893,0.8566875629759064,14,2,200
219,electricity,cos_fpde,0.3381586085544131,0.6950515632010797,0.5166050858777463,0.003956124854999814,1.20563983253678,1.3058998327153404e-16,0.861650485436893,0.8566875629759064,14,2,200
219,electricity,diff_fpde,0.3316076616472871,0.6915430836535079,0.5115753726503975,0.003893336595000676,3.7921329976257097,9.860515182147366e-16,0.861650485436893,0.8566875629759064,14,2,200
219,electricity,hyb_fpde_grid,0.33733027046297254,0.6945013697906492,0.5159158201268109,0.01814680587999973,0.9982890771088598,9.287709490379825e-17,0.861650485436893,0.8566875629759064,14,2,200
219,electricity,lime,0.08774503417554332,0.47310268455262994,0.28042385936408665,0.009606480264999107,0.5022057869043631,,0.861650485436893,0.8566875629759064,14,2,200
219,electricity,shap,0.1786990796849474,0.48890102853168976,0.3338000541083186,0.06446989657500098,3.1612660952571305,,0.861650485436893,0.8566875629759064,14,2,200
