task_id,dataset_name,method,deletion_drop_auc,insertion_auc,combined_score,runtime_seconds,attr_l1_norm,mean_abs_exactness_residual,test_accuracy,test_balanced_accuracy,n_features_transformed,n_classes,ok
146195,connect-4,aime,0.4801315953779203,0.8234714357791094,0.6518015155785148,0.01460849842500167,10.590308515104896,,0.8072824156305507,0.5668877288916884,126,3,200
146195,connect-4,cos_fpde,0.5062573584492788,0.842499591476702,0.6743784749629904,0.012458374919999926,1.1607328341109246,5.5294310796760726e-17,0.8072824156305507,0.5668877288916884,126,3,200
146195,connect-4,diff_fpde,0.5076849270311962,0.8452083098822147,0.6764466184567055,0.011828482714999922,2.087587829870656,1.2295026108333218e-15,0.8072824156305507,0.5668877288916884,126,3,200
146195,connect-4,hyb_fpde_grid,0.5076849270311962,0.8452083098822147,0.6764466184567055,0.054105372569999165,1.0,5.619853540861364e-17,0.8072824156305507,0.5668877288916884,126,3,200
146195,connect-4,lime,-0.11418923098491002,0.21443027030171638,0.050120519658403195,0.030684385469999426,0.7964216601676134,,0.8072824156305507,0.5668877288916884,126,3,200
146195,connect-4,shap,0.5747514319239384,0.880299245960509,0.7275253389422237,0.17992050764999903,2.925932583258167,,0.8072824156305507,0.5668877288916884,126,3,200
