method,mean_deletion_drop_auc,std_deletion_drop_auc,mean_insertion_auc,std_insertion_auc,mean_combined_score,std_combined_score,mean_runtime_seconds,std_runtime_seconds,completed_instances,completed_tasks,mean_test_accuracy,mean_test_balanced_accuracy
aime,0.4801315953779203,0.1331778881072731,0.8234714357791094,0.1077779374742783,0.6518015155785148,0.09539998479234799,0.01460849842500167,0.006373649340675858,200,1,0.8072824156305507,0.5668877288916884
cos_fpde,0.5062573584492788,0.1329728475898616,0.842499591476702,0.10856353008878461,0.6743784749629904,0.10199381993996909,0.012458374919999926,0.004590759503385779,200,1,0.8072824156305507,0.5668877288916884
diff_fpde,0.5076849270311962,0.13204221287382234,0.8452083098822147,0.10105253250428896,0.6764466184567055,0.09639623661382003,0.011828482714999922,0.005001359145605656,200,1,0.8072824156305507,0.5668877288916884
hyb_fpde_grid,0.5076849270311962,0.13204221287382234,0.8452083098822147,0.10105253250428896,0.6764466184567055,0.09639623661382003,0.054105372569999165,0.00481872158092274,200,1,0.8072824156305507,0.5668877288916884
lime,-0.11418923098491002,0.15327999269866002,0.21443027030171638,0.06265822770727035,0.050120519658403195,0.09833999959551075,0.030684385469999426,0.00899234355210483,200,1,0.8072824156305507,0.5668877288916884
shap,0.5747514319239384,0.1498963938468301,0.880299245960509,0.07700109283480822,0.7275253389422237,0.10039955659382784,0.17992050764999903,0.017359753859319857,200,1,0.8072824156305507,0.5668877288916884
