method,mean_deletion_drop_auc,std_deletion_drop_auc,mean_insertion_auc,std_insertion_auc,mean_combined_score,std_combined_score,mean_runtime_seconds,std_runtime_seconds,completed_instances,completed_tasks,mean_test_accuracy,mean_test_balanced_accuracy
aime,0.21441273561718283,0.10943180771177648,0.2984569516318627,0.05406480738186795,0.25643484362452273,0.06266956287862582,0.005473481874999564,7.02751372977652e-05,80,1,0.2125,0.22332875457875456
cos_fpde,0.2009635531578539,0.11298119153227223,0.27195593687129593,0.06422398088180667,0.2364597450145749,0.06135252909498508,0.0042570967000001405,3.1873808656940134e-05,80,1,0.2125,0.22332875457875456
diff_fpde,0.20143365012745554,0.11327127888903789,0.2766360430083,0.06500599124071085,0.23903484656787777,0.06450484102537894,0.004209886462498602,3.987112890388548e-05,80,1,0.2125,0.22332875457875456
hyb_fpde_grid,0.20188608184891269,0.11313100209637758,0.2758065430018522,0.06488854711755672,0.23884631242538243,0.064029175375227,0.006593522187500334,4.5122814284832026e-05,80,1,0.2125,0.22332875457875456
lime,0.019158613804255646,0.11021425306152713,0.12198345783098667,0.046047555822629226,0.07057103581762117,0.06309623430011914,0.01583537977500136,0.00021602663646751156,80,1,0.2125,0.22332875457875456
shap,0.2347267945398611,0.10551857741232303,0.32191369800181935,0.05449297425824734,0.27832024627084023,0.0657453381356184,0.21798277632500068,0.022663612502131107,80,1,0.2125,0.22332875457875456
