task_id,dataset_name,method,deletion_drop_auc,insertion_auc,combined_score,runtime_seconds,attr_l1_norm,mean_abs_exactness_residual,test_accuracy,test_balanced_accuracy,n_features_transformed,n_classes,ok
3560,analcatdata_dmft,aime,0.21441273561718283,0.2984569516318627,0.25643484362452273,0.005473481874999564,4.133574109213137,,0.2125,0.22332875457875456,21,6,80
3560,analcatdata_dmft,cos_fpde,0.2009635531578539,0.27195593687129593,0.2364597450145749,0.0042570967000001405,0.9491128520633059,6.956241138666997e-17,0.2125,0.22332875457875456,21,6,80
3560,analcatdata_dmft,diff_fpde,0.20143365012745554,0.2766360430083,0.23903484656787777,0.004209886462498602,0.6260440909268151,3.209238430557093e-16,0.2125,0.22332875457875456,21,6,80
3560,analcatdata_dmft,hyb_fpde_grid,0.20188608184891269,0.2758065430018522,0.23884631242538243,0.006593522187500334,0.996691359895026,4.7357950894166835e-17,0.2125,0.22332875457875456,21,6,80
3560,analcatdata_dmft,lime,0.019158613804255646,0.12198345783098667,0.07057103581762117,0.01583537977500136,0.1471043580952897,,0.2125,0.22332875457875456,21,6,80
3560,analcatdata_dmft,shap,0.2347267945398611,0.32191369800181935,0.27832024627084023,0.21798277632500068,1.7703251052625226,,0.2125,0.22332875457875456,21,6,80
