task_id,dataset_name,method,deletion_drop_auc,insertion_auc,combined_score,runtime_seconds,attr_l1_norm,mean_abs_exactness_residual,test_accuracy,test_balanced_accuracy,n_features_transformed,n_classes,ok
3,kr-vs-kp,aime,0.7517080263823833,0.9642953784725953,0.8580017024274893,0.009331330544999546,11.206308716738745,,0.99375,0.993738014167743,73,2,200
3,kr-vs-kp,cos_fpde,0.73915641656327,0.960231856463918,0.8496941365135939,0.008477174909999973,1.3311276959209233,5.801565824969934e-17,0.99375,0.993738014167743,73,2,200
3,kr-vs-kp,diff_fpde,0.7384079019003975,0.9600852863797728,0.8492465941400852,0.009793571359998693,4.354193073082715,1.0396544736224201e-15,0.99375,0.993738014167743,73,2,200
3,kr-vs-kp,hyb_fpde_grid,0.7400163150745059,0.9596360699407165,0.8498261925076114,0.014004229324999713,1.0,3.8191021525801894e-17,0.99375,0.993738014167743,73,2,200
3,kr-vs-kp,lime,0.06428688196680507,0.22321378119974206,0.14375033158327358,0.017953261114999747,1.0884286001317518,,0.99375,0.993738014167743,73,2,200
3,kr-vs-kp,shap,0.43203695454077135,0.5877383207520392,0.5098876376464053,0.06237823419999849,9.251561145872028,,0.99375,0.993738014167743,73,2,200
