method,mean_deletion_drop_auc,std_deletion_drop_auc,mean_insertion_auc,std_insertion_auc,mean_combined_score,std_combined_score,mean_runtime_seconds,std_runtime_seconds,completed_instances,completed_tasks,mean_test_accuracy,mean_test_balanced_accuracy
aime,0.7517080263823833,0.20976703203415017,0.9642953784725953,0.04016027925239072,0.8580017024274893,0.10680760431560404,0.009331330544999546,0.004880730963772181,200,1,0.99375,0.993738014167743
cos_fpde,0.73915641656327,0.2131995882232037,0.960231856463918,0.051177086597851376,0.8496941365135939,0.10994601576916276,0.008477174909999973,0.004637614736947544,200,1,0.99375,0.993738014167743
diff_fpde,0.7384079019003975,0.21383776519690229,0.9600852863797728,0.05168531715738167,0.8492465941400852,0.11039670621131648,0.009793571359998693,0.004304819814045719,200,1,0.99375,0.993738014167743
hyb_fpde_grid,0.7400163150745059,0.21246380317108923,0.9596360699407165,0.05204465172685721,0.8498261925076114,0.10998919794043546,0.014004229324999713,0.004472388042542606,200,1,0.99375,0.993738014167743
lime,0.06428688196680507,0.0772578965696234,0.22321378119974206,0.12310692614625135,0.14375033158327358,0.06351605417499817,0.017953261114999747,0.0027954888516186997,200,1,0.99375,0.993738014167743
shap,0.43203695454077135,0.32149885694129865,0.5877383207520392,0.41375524364039973,0.5098876376464053,0.3613503832321353,0.06237823419999849,0.011099089315338118,200,1,0.99375,0.993738014167743
