method,mean_deletion_drop_auc,std_deletion_drop_auc,mean_insertion_auc,std_insertion_auc,mean_combined_score,std_combined_score,mean_runtime_seconds,std_runtime_seconds,completed_instances,completed_tasks,mean_test_accuracy,mean_test_balanced_accuracy
aime,0.1059870973452579,0.23895230159522746,0.8024145183882265,0.15610269324267706,0.4542008078667422,0.12110235373116944,0.011150450890000769,0.0035051104786945086,200,1,0.94,0.8156146179401993
cos_fpde,0.09746677415590634,0.22478286568649938,0.7466928995171203,0.16651535558328787,0.42207983683651334,0.13052612206491226,0.008720031960000228,0.0043442321676011655,200,1,0.94,0.8156146179401993
diff_fpde,0.09806410483354577,0.22768941876865553,0.751412792475895,0.16892465118253974,0.4247384486547203,0.1313909671798388,0.008466190350000886,0.004249238918903275,200,1,0.94,0.8156146179401993
hyb_fpde_grid,0.09806410483354577,0.22768941876865553,0.751412792475895,0.16892465118253974,0.4247384486547203,0.1313909671798388,0.015345116715000842,0.006047989183562917,200,1,0.94,0.8156146179401993
lime,0.022171663788740536,0.13997304916972678,0.584024609737103,0.3240605246304349,0.30309813676292174,0.15446322000653415,0.016193119844998733,0.00779608886658911,200,1,0.94,0.8156146179401993
shap,0.0945783155129742,0.24968426289763976,0.8241975480927773,0.1729292233306093,0.45938793180287574,0.15018123025928026,0.07897608875999979,0.014379417752677665,200,1,0.94,0.8156146179401993
