task_id,dataset_name,method,deletion_drop_auc,insertion_auc,combined_score,runtime_seconds,attr_l1_norm,mean_abs_exactness_residual,test_accuracy,test_balanced_accuracy,n_features_transformed,n_classes,ok
9960,wall-robot-navigation,aime,0.573963800995537,0.749259282265532,0.6616115416305345,0.005590921494998611,5.2764720764610535,,0.9908424908424908,0.9923670781633479,24,4,200
9960,wall-robot-navigation,cos_fpde,0.5600569167130245,0.7041100033557446,0.6320834600343845,0.004355913790002148,1.1897032624064592,7.324002515574079e-17,0.9908424908424908,0.9923670781633479,24,4,200
9960,wall-robot-navigation,diff_fpde,0.5554015590329521,0.6904148489808161,0.6229082040068841,0.004304972749998796,11.633947472604705,2.098460294419624e-15,0.9908424908424908,0.9923670781633479,24,4,200
9960,wall-robot-navigation,hyb_fpde_grid,0.5598954348490096,0.7029928085125526,0.6314441216807811,0.008648344784998017,0.9972102082009026,5.787037515858628e-17,0.9908424908424908,0.9923670781633479,24,4,200
9960,wall-robot-navigation,lime,0.1787072444828221,0.5111404854825445,0.3449238649826833,0.015712987105000593,0.6160757994575985,,0.9908424908424908,0.9923670781633479,24,4,200
9960,wall-robot-navigation,shap,0.8320119068055429,0.9527611834904554,0.8923865451479992,0.23303144920500216,6.055047759285657,,0.9908424908424908,0.9923670781633479,24,4,200
