method,mean_deletion_drop_auc,std_deletion_drop_auc,mean_insertion_auc,std_insertion_auc,mean_combined_score,std_combined_score,mean_runtime_seconds,std_runtime_seconds,completed_instances,completed_tasks,mean_test_accuracy,mean_test_balanced_accuracy
aime,0.573963800995537,0.328746998207303,0.749259282265532,0.2240771617631974,0.6616115416305345,0.2527275442024017,0.005590921494998611,0.0003389421090293529,200,1,0.9908424908424908,0.9923670781633479
cos_fpde,0.5600569167130245,0.3285203735129786,0.7041100033557446,0.2786363052026685,0.6320834600343845,0.2769628337321672,0.004355913790002148,0.00032359636992828364,200,1,0.9908424908424908,0.9923670781633479
diff_fpde,0.5554015590329521,0.3224393010277214,0.6904148489808161,0.27167023108945815,0.6229082040068841,0.2719485323386889,0.004304972749998796,0.0003014919873049661,200,1,0.9908424908424908,0.9923670781633479
hyb_fpde_grid,0.5598954348490096,0.3268359869064776,0.7029928085125526,0.2751622888244302,0.6314441216807811,0.27489243293863924,0.008648344784998017,0.0005266635004223054,200,1,0.9908424908424908,0.9923670781633479
lime,0.1787072444828221,0.13805561981663467,0.5111404854825445,0.38799197742182273,0.3449238649826833,0.21785537354927517,0.015712987105000593,0.00027422731224254106,200,1,0.9908424908424908,0.9923670781633479
shap,0.8320119068055429,0.22067013989186712,0.9527611834904554,0.03054527611676939,0.8923865451479992,0.10861795954440587,0.23303144920500216,0.0160879357391367,200,1,0.9908424908424908,0.9923670781633479
