task_id,dataset_name,method,deletion_drop_auc,insertion_auc,combined_score,runtime_seconds,attr_l1_norm,mean_abs_exactness_residual,test_accuracy,test_balanced_accuracy,n_features_transformed,n_classes,ok
14970,har,aime,0.6962594159272487,0.8507896564998704,0.7735245362135597,0.055293054239999154,108.69941038297365,,0.9883495145631067,0.988579366222225,561,6,200
14970,har,cos_fpde,0.8143843684716933,0.889572918034803,0.8519786432532481,0.0126003190499992,0.3307015701743737,7.973005936023902e-17,0.9883495145631067,0.988579366222225,561,6,200
14970,har,diff_fpde,0.6664698185811976,0.7997242613860422,0.7330970399836199,0.01821034842000074,220.25766452161216,3.5261238373607286e-14,0.9883495145631067,0.988579366222225,561,6,200
14970,har,hyb_fpde_grid,0.8143843684716933,0.889572918034803,0.8519786432532481,0.042146536974998414,1.0,3.699623073172287e-17,0.9883495145631067,0.988579366222225,561,6,200
14970,har,lime,0.3823782628157238,0.5384928363973741,0.4604355496065489,0.23815215589999952,4.142207730074322,,0.9883495145631067,0.988579366222225,561,6,200
14970,har,shap,0.8930652695861244,0.9751714953837057,0.9341183824849151,0.34219668713500284,8.374978759598308,,0.9883495145631067,0.988579366222225,561,6,200
