method,mean_deletion_drop_auc,std_deletion_drop_auc,mean_insertion_auc,std_insertion_auc,mean_combined_score,std_combined_score,mean_runtime_seconds,std_runtime_seconds,completed_instances,completed_tasks,mean_test_accuracy,mean_test_balanced_accuracy
aime,0.6962594159272487,0.18500701598834196,0.8507896564998704,0.15774255687857983,0.7735245362135597,0.13874058957354327,0.055293054239999154,0.010342407779739457,200,1,0.9883495145631067,0.988579366222225
cos_fpde,0.8143843684716933,0.151840756421712,0.889572918034803,0.1033883458324061,0.8519786432532481,0.10074862538011269,0.0126003190499992,0.001097861162227045,200,1,0.9883495145631067,0.988579366222225
diff_fpde,0.6664698185811976,0.2623119493002134,0.7997242613860422,0.17356001232095628,0.7330970399836199,0.17858374603811528,0.01821034842000074,0.007155358983071084,200,1,0.9883495145631067,0.988579366222225
hyb_fpde_grid,0.8143843684716933,0.151840756421712,0.889572918034803,0.1033883458324061,0.8519786432532481,0.10074862538011269,0.042146536974998414,0.0011496525659988395,200,1,0.9883495145631067,0.988579366222225
lime,0.3823782628157238,0.2502337155000425,0.5384928363973741,0.37609360453150964,0.4604355496065489,0.2877494507363495,0.23815215589999952,0.06796585405726899,200,1,0.9883495145631067,0.988579366222225
shap,0.8930652695861244,0.09412371694786995,0.9751714953837057,0.015898843940046106,0.9341183824849151,0.049194177663450175,0.34219668713500284,0.019585227611104233,200,1,0.9883495145631067,0.988579366222225
