task_id,dataset_name,method,deletion_drop_auc,insertion_auc,combined_score,runtime_seconds,attr_l1_norm,mean_abs_exactness_residual,test_accuracy,test_balanced_accuracy,n_features_transformed,n_classes,ok
15,breast-w,aime,0.2443979906163046,0.9152190200585384,0.5798085053374216,0.004919990114286016,5.043027640202207,,0.9714285714285714,0.9682971014492754,9,2,70
15,breast-w,cos_fpde,0.2443979906163046,0.9152190200585384,0.5798085053374216,0.0038711142999996386,1.806900536235216,1.554312234475219e-16,0.9714285714285714,0.9682971014492754,9,2,70
15,breast-w,diff_fpde,0.252844743499598,0.917145164484976,0.584994953992287,0.0038288015142865918,23.404662420951905,1.5670004976137923e-15,0.9714285714285714,0.9682971014492754,9,2,70
15,breast-w,hyb_fpde_grid,0.252844743499598,0.917145164484976,0.584994953992287,0.005849334071429065,1.0,7.018195548523311e-17,0.9714285714285714,0.9682971014492754,9,2,70
15,breast-w,lime,0.12992319874979782,0.7958989321573764,0.46291106545358707,0.00919820865714241,0.6888191709499417,,0.9714285714285714,0.9682971014492754,9,2,70
15,breast-w,shap,0.1574927245678465,0.7999415986297899,0.47871716159881816,0.04121493712857257,5.229199568562063,,0.9714285714285714,0.9682971014492754,9,2,70
