method,mean_deletion_drop_auc,std_deletion_drop_auc,mean_insertion_auc,std_insertion_auc,mean_combined_score,std_combined_score,mean_runtime_seconds,std_runtime_seconds,completed_instances,completed_tasks,mean_test_accuracy,mean_test_balanced_accuracy
aime,0.06404589555919088,0.23295544152487743,0.8411623369495888,0.22122079486383492,0.45260411625438984,0.06561936872465562,0.0035774169999993385,0.0001676002409062285,59,1,0.7288135593220338,0.6169467787114846
cos_fpde,0.07857531962128113,0.23080649659151964,0.8542769312413026,0.21204373088810577,0.46642612543129186,0.05626613690501041,0.0027362389830503323,0.0003111317844447546,59,1,0.7288135593220338,0.6169467787114846
diff_fpde,0.08140282217103421,0.2335318975247536,0.8565492469184643,0.20820144851155217,0.4689760345447493,0.05797521327030346,0.002806360050847084,0.0006295806245490956,59,1,0.7288135593220338,0.6169467787114846
hyb_fpde_grid,0.0803261597473653,0.2344999847363935,0.8563737418262888,0.20810586286238078,0.468349950786827,0.05785095906147246,0.004092639525423398,0.0004434501264427783,59,1,0.7288135593220338,0.6169467787114846
lime,-0.032101471134345805,0.20725943462706703,0.754325264727116,0.279303352713762,0.36111189679638517,0.0993718061115522,0.0070146746779659284,0.0004958282731536293,59,1,0.7288135593220338,0.6169467787114846
shap,-0.014476116104371498,0.30422023411954213,0.7500702929779793,0.17321208191243526,0.3677970884368039,0.1325273213416961,0.026567815440676254,0.0238723933258701,59,1,0.7288135593220338,0.6169467787114846
