task_id,dataset_name,method,deletion_drop_auc,insertion_auc,combined_score,runtime_seconds,attr_l1_norm,mean_abs_exactness_residual,test_accuracy,test_balanced_accuracy,n_features_transformed,n_classes,ok
9971,ilpd,aime,0.06404589555919088,0.8411623369495888,0.45260411625438984,0.0035774169999993385,4.1925943390483065,,0.7288135593220338,0.6169467787114846,11,2,59
9971,ilpd,cos_fpde,0.07857531962128113,0.8542769312413026,0.46642612543129186,0.0027362389830503323,1.341567223377747,1.2148944750400283e-16,0.7288135593220338,0.6169467787114846,11,2,59
9971,ilpd,diff_fpde,0.08140282217103421,0.8565492469184643,0.4689760345447493,0.002806360050847084,4.218857980590548,2.345346139520643e-15,0.7288135593220338,0.6169467787114846,11,2,59
9971,ilpd,hyb_fpde_grid,0.0803261597473653,0.8563737418262888,0.468349950786827,0.004092639525423398,0.9985652328789267,6.694856533557949e-17,0.7288135593220338,0.6169467787114846,11,2,59
9971,ilpd,lime,-0.032101471134345805,0.754325264727116,0.36111189679638517,0.0070146746779659284,0.2983542842445253,,0.7288135593220338,0.6169467787114846,11,2,59
9971,ilpd,shap,-0.014476116104371498,0.7500702929779793,0.3677970884368039,0.026567815440676254,2.9729407483567956,,0.7288135593220338,0.6169467787114846,11,2,59
