method,mean_deletion_drop_auc,std_deletion_drop_auc,mean_insertion_auc,std_insertion_auc,mean_combined_score,std_combined_score,mean_runtime_seconds,std_runtime_seconds,completed_instances,completed_tasks,mean_test_accuracy,mean_test_balanced_accuracy
aime,0.6182339944475657,0.13608955394643177,0.754621987214926,0.11790382322411556,0.6864279908312458,0.1040110172282756,0.011572808384999576,0.005042922351162125,200,1,0.90734188412207,0.7048248896817068
cos_fpde,0.5577587372310117,0.13157987708858646,0.7041270399769245,0.14511632126805016,0.6309428886039681,0.1118875778356816,0.009434425790001057,0.003794859078200453,200,1,0.90734188412207,0.7048248896817068
diff_fpde,0.5723872130762228,0.13287910614253726,0.7262302053692234,0.1345144507557633,0.6493087092227231,0.10873823317998131,0.010411796239999944,0.0034483630028341273,200,1,0.90734188412207,0.7048248896817068
hyb_fpde_grid,0.5723872130762228,0.13287910614253726,0.7262302053692234,0.1345144507557633,0.6493087092227231,0.10873823317998131,0.030693655085000417,0.005233804408571832,200,1,0.90734188412207,0.7048248896817068
lime,0.10674970790116628,0.10811058467829705,0.29603754045359665,0.08218775772019564,0.20139362417738144,0.06522140550705048,0.01736255753499961,0.006082190613669389,200,1,0.90734188412207,0.7048248896817068
shap,0.1311984839424962,0.12061828380477492,0.30977255975118023,0.1344236024673281,0.2204855218468382,0.11099109652701317,0.07653497618000003,0.013763313968531019,200,1,0.90734188412207,0.7048248896817068
