task_id,dataset_name,method,deletion_drop_auc,insertion_auc,combined_score,runtime_seconds,attr_l1_norm,mean_abs_exactness_residual,test_accuracy,test_balanced_accuracy,n_features_transformed,n_classes,ok
14965,bank-marketing,aime,0.6182339944475657,0.754621987214926,0.6864279908312458,0.011572808384999576,7.281507455369433,,0.90734188412207,0.7048248896817068,51,2,200
14965,bank-marketing,cos_fpde,0.5577587372310117,0.7041270399769245,0.6309428886039681,0.009434425790001057,0.9811411079823408,7.862200473995884e-17,0.90734188412207,0.7048248896817068,51,2,200
14965,bank-marketing,diff_fpde,0.5723872130762228,0.7262302053692234,0.6493087092227231,0.010411796239999944,5.29945857243616,2.584391034510247e-15,0.90734188412207,0.7048248896817068,51,2,200
14965,bank-marketing,hyb_fpde_grid,0.5723872130762228,0.7262302053692234,0.6493087092227231,0.030693655085000417,1.0,9.621426919070863e-17,0.90734188412207,0.7048248896817068,51,2,200
14965,bank-marketing,lime,0.10674970790116628,0.29603754045359665,0.20139362417738144,0.01736255753499961,0.6651552554465644,,0.90734188412207,0.7048248896817068,51,2,200
14965,bank-marketing,shap,0.1311984839424962,0.30977255975118023,0.2204855218468382,0.07653497618000003,3.240112798237756,,0.90734188412207,0.7048248896817068,51,2,200
