task_id,dataset_name,method,deletion_drop_auc,insertion_auc,combined_score,runtime_seconds,attr_l1_norm,mean_abs_exactness_residual,test_accuracy,test_balanced_accuracy,n_features_transformed,n_classes,ok
14969,GesturePhaseSegmentationProcessed,aime,0.28860636872564116,0.5474110182360465,0.41800869348084385,0.00549685461999907,5.040675322703283,,0.6336032388663968,0.5717206601647704,32,5,200
14969,GesturePhaseSegmentationProcessed,cos_fpde,0.28922323323912386,0.5421527659252621,0.41568799958219294,0.0043297163999996965,0.6913373423185276,5.700301342059788e-17,0.6336032388663968,0.5717206601647704,32,5,200
14969,GesturePhaseSegmentationProcessed,diff_fpde,0.2840745352032068,0.5326878580477871,0.40838119662549693,0.004272934000000675,5.754526717685275,2.891818728922857e-15,0.6336032388663968,0.5717206601647704,32,5,200
14969,GesturePhaseSegmentationProcessed,hyb_fpde_grid,0.28829421524813353,0.5414882954822459,0.41489125536518967,0.010787914954999422,0.9951078314098948,4.4673466315092727e-17,0.6336032388663968,0.5717206601647704,32,5,200
14969,GesturePhaseSegmentationProcessed,lime,0.12532860068705132,0.4073804154728697,0.26635450807996053,0.018578009415000808,0.362019560399308,,0.6336032388663968,0.5717206601647704,32,5,200
14969,GesturePhaseSegmentationProcessed,shap,0.33922138456967743,0.6347508693771546,0.48698612697341603,0.2828065892299986,2.3649290134820347,,0.6336032388663968,0.5717206601647704,32,5,200
