method,mean_deletion_drop_auc,std_deletion_drop_auc,mean_insertion_auc,std_insertion_auc,mean_combined_score,std_combined_score,mean_runtime_seconds,std_runtime_seconds,completed_instances,completed_tasks,mean_test_accuracy,mean_test_balanced_accuracy
aime,0.06110400133183572,0.22182771108277735,0.9929118796633556,0.060241630287828335,0.5270079404975957,0.10564100577963041,0.010725729529999626,0.005367449126609109,200,1,0.9947089947089947,0.9565217391304348
cos_fpde,0.06250291738499719,0.22327045748078583,0.9926722722862604,0.06024428490918934,0.5275875948356288,0.10541775806174804,0.009511294524999912,0.004025499355653751,200,1,0.9947089947089947,0.9565217391304348
diff_fpde,0.06236061366590413,0.22303315471043528,0.9927641240374955,0.060250452178610435,0.5275623688516997,0.10529169028107883,0.010204065404999553,0.003838672975093122,200,1,0.9947089947089947,0.9565217391304348
hyb_fpde_grid,0.06251673417099003,0.22316518199127933,0.9927670983178964,0.060247334079402255,0.5276419162444432,0.10537107845095706,0.015337951264999745,0.00591749227554885,200,1,0.9947089947089947,0.9565217391304348
lime,0.011466405625943343,0.045575474061762905,0.9371988119972005,0.21734671013662044,0.47433260881157197,0.09204936314769045,0.01821708886499998,0.005369922488352498,200,1,0.9947089947089947,0.9565217391304348
shap,0.055454316884172884,0.22561144997848623,0.9732506159773887,0.10977700582040555,0.5143524664307807,0.12357454603868813,0.07182389591499963,0.013318942622526761,200,1,0.9947089947089947,0.9565217391304348
