task_id,dataset_name,method,deletion_drop_auc,insertion_auc,combined_score,runtime_seconds,attr_l1_norm,mean_abs_exactness_residual,test_accuracy,test_balanced_accuracy,n_features_transformed,n_classes,ok
3913,kc2,aime,0.06652192939626926,0.869727632159812,0.4681247807780406,0.0050976912641534184,7.227196257334003,,0.7924528301886793,0.6341991341991342,21,2,53
3913,kc2,cos_fpde,0.06615868702330202,0.8697358669219202,0.4679472769726111,0.004049395339631512,1.6795425417753793,1.131170628863367e-16,0.7924528301886793,0.6341991341991342,21,2,53
3913,kc2,diff_fpde,0.06759680416924428,0.8694158673505509,0.46850633575989764,0.004029533188680438,21.68350464778178,3.1211930314933646e-15,0.7924528301886793,0.6341991341991342,21,2,53
3913,kc2,hyb_fpde_grid,0.06615868702330202,0.8697358669219202,0.4679472769726111,0.005955295849053888,1.0,1.2306717489948668e-16,0.7924528301886793,0.6341991341991342,21,2,53
3913,kc2,lime,0.053570697300943854,0.8480427831241568,0.45080674021255035,0.009718223773581555,0.5152537967131374,,0.7924528301886793,0.6341991341991342,21,2,53
3913,kc2,shap,0.04284344774932267,0.8158700224302063,0.4293567350897646,0.03044665196226316,3.7997169572781213,,0.7924528301886793,0.6341991341991342,21,2,53
