method,mean_deletion_drop_auc,std_deletion_drop_auc,mean_insertion_auc,std_insertion_auc,mean_combined_score,std_combined_score,mean_runtime_seconds,std_runtime_seconds,completed_instances,completed_tasks,mean_test_accuracy,mean_test_balanced_accuracy
aime,0.06652192939626926,0.20314366222574462,0.869727632159812,0.19827153190255214,0.4681247807780406,0.06810875813223081,0.0050976912641534184,0.0001241962860516034,53,1,0.7924528301886793,0.6341991341991342
cos_fpde,0.06615868702330202,0.2029164888609879,0.8697358669219202,0.19827683942181737,0.4679472769726111,0.06770335177169277,0.004049395339631512,0.00034645060191591006,53,1,0.7924528301886793,0.6341991341991342
diff_fpde,0.06759680416924428,0.20127239556879106,0.8694158673505509,0.2009711805290659,0.46850633575989764,0.06711814209263288,0.004029533188680438,0.0005512076866286575,53,1,0.7924528301886793,0.6341991341991342
hyb_fpde_grid,0.06615868702330202,0.2029164888609879,0.8697358669219202,0.19827683942181737,0.4679472769726111,0.06770335177169277,0.005955295849053888,3.91481063471903e-05,53,1,0.7924528301886793,0.6341991341991342
lime,0.053570697300943854,0.23442498465367134,0.8480427831241568,0.14008129745288023,0.45080674021255035,0.07789448810819055,0.009718223773581555,0.00014775614422512688,53,1,0.7924528301886793,0.6341991341991342
shap,0.04284344774932267,0.27809018909365585,0.8158700224302063,0.11395663853561568,0.4293567350897646,0.12268831822572941,0.03044665196226316,0.012480810455990598,53,1,0.7924528301886793,0.6341991341991342
