task_id,dataset_name,method,deletion_drop_auc,insertion_auc,combined_score,runtime_seconds,attr_l1_norm,mean_abs_exactness_residual,test_accuracy,test_balanced_accuracy,n_features_transformed,n_classes,ok
9976,madelon,aime,0.42716990382706477,0.83615157796367,0.6316607408953674,0.051587124605001124,35.04668525404955,,0.826923076923077,0.826923076923077,500,2,200
9976,madelon,cos_fpde,0.43290311628949824,0.8385154086515114,0.6357092624705047,0.013805755685001486,1.0802492604274434,2.2635972957152362e-17,0.826923076923077,0.826923076923077,500,2,200
9976,madelon,diff_fpde,0.43290311628949824,0.8385154086515114,0.6357092624705047,0.024170227649999276,34.42241053408809,4.170011558279896e-14,0.826923076923077,0.826923076923077,500,2,200
9976,madelon,hyb_fpde_grid,0.43290311628949824,0.8385154086515114,0.6357092624705047,0.023471313835002547,1.0,1.4393868041917556e-17,0.826923076923077,0.826923076923077,500,2,200
9976,madelon,lime,0.17186261069310255,0.5556358962326385,0.3637492534628705,0.20097207865999991,3.313483908031755,,0.826923076923077,0.826923076923077,500,2,200
9976,madelon,shap,0.2106001412672473,0.5520905856868173,0.3813453634770323,0.07621100431499712,5.262329264606061,,0.826923076923077,0.826923076923077,500,2,200
