method,mean_deletion_drop_auc,std_deletion_drop_auc,mean_insertion_auc,std_insertion_auc,mean_combined_score,std_combined_score,mean_runtime_seconds,std_runtime_seconds,completed_instances,completed_tasks,mean_test_accuracy,mean_test_balanced_accuracy
aime,0.42716990382706477,0.14252644697598463,0.83615157796367,0.08088924642479406,0.6316607408953674,0.09963814941800257,0.051587124605001124,0.012073094611038936,200,1,0.826923076923077,0.826923076923077
cos_fpde,0.43290311628949824,0.13818404165540185,0.8385154086515114,0.07966924123902203,0.6357092624705047,0.09835239893926351,0.013805755685001486,0.0030948596601948117,200,1,0.826923076923077,0.826923076923077
diff_fpde,0.43290311628949824,0.13818404165540185,0.8385154086515114,0.07966924123902203,0.6357092624705047,0.09835239893926351,0.024170227649999276,0.008861184645447752,200,1,0.826923076923077,0.826923076923077
hyb_fpde_grid,0.43290311628949824,0.13818404165540185,0.8385154086515114,0.07966924123902203,0.6357092624705047,0.09835239893926351,0.023471313835002547,0.0012177404184677944,200,1,0.826923076923077,0.826923076923077
lime,0.17186261069310255,0.15323293280568162,0.5556358962326385,0.1607105764716741,0.3637492534628705,0.1245924097011557,0.20097207865999991,0.08132436276475995,200,1,0.826923076923077,0.826923076923077
shap,0.2106001412672473,0.3813110187521661,0.5520905856868173,0.3478562132621523,0.3813453634770323,0.3621730434265293,0.07621100431499712,0.014574790388414116,200,1,0.826923076923077,0.826923076923077
