task_id,dataset_name,method,deletion_drop_auc,insertion_auc,combined_score,runtime_seconds,attr_l1_norm,mean_abs_exactness_residual,test_accuracy,test_balanced_accuracy,n_features_transformed,n_classes,ok
11,balance-scale,aime,0.42254174553576945,0.8575823484238775,0.6400620469798235,0.004487700761904267,2.4630121296249414,,0.873015873015873,0.632183908045977,4,3,63
11,balance-scale,cos_fpde,0.39161167806040587,0.8447043034037535,0.6181579907320797,0.003442492666665197,1.4062909459981894,8.08436210391731e-17,0.873015873015873,0.632183908045977,4,3,63
11,balance-scale,diff_fpde,0.42124909599120947,0.853523407711404,0.6373862518513067,0.003420129587300696,4.373358234660238,4.0355725815739817e-16,0.873015873015873,0.632183908045977,4,3,63
11,balance-scale,hyb_fpde_grid,0.42124909599120947,0.853523407711404,0.6373862518513067,0.0051970849047617345,1.0,4.711288678406852e-17,0.873015873015873,0.632183908045977,4,3,63
11,balance-scale,lime,0.15446948783445993,0.6393919306806308,0.3969307092575454,0.02345443677777818,0.7759143551840368,,0.873015873015873,0.632183908045977,4,3,63
11,balance-scale,shap,0.4295547047376611,0.8623657010019037,0.6459602028697824,0.10500915533333342,3.9981220003972058,,0.873015873015873,0.632183908045977,4,3,63
