method,mean_deletion_drop_auc,std_deletion_drop_auc,mean_insertion_auc,std_insertion_auc,mean_combined_score,std_combined_score,mean_runtime_seconds,std_runtime_seconds,completed_instances,completed_tasks,mean_test_accuracy,mean_test_balanced_accuracy
aime,0.42254174553576945,0.18154864803245357,0.8575823484238775,0.13068479300669417,0.6400620469798235,0.098975410506061,0.004487700761904267,8.15516337276742e-05,63,1,0.873015873015873,0.632183908045977
cos_fpde,0.39161167806040587,0.19332903146140068,0.8447043034037535,0.15027182947055667,0.6181579907320797,0.12141366891424334,0.003442492666665197,2.865996204204047e-05,63,1,0.873015873015873,0.632183908045977
diff_fpde,0.42124909599120947,0.18101706324681333,0.853523407711404,0.13796494096173592,0.6373862518513067,0.10133597916041252,0.003420129587300696,3.993793992546906e-05,63,1,0.873015873015873,0.632183908045977
hyb_fpde_grid,0.42124909599120947,0.18101706324681333,0.853523407711404,0.13796494096173592,0.6373862518513067,0.10133597916041252,0.0051970849047617345,3.7812286021107016e-05,63,1,0.873015873015873,0.632183908045977
lime,0.15446948783445993,0.21263848889203313,0.6393919306806308,0.2598169052838002,0.3969307092575454,0.1832481414121511,0.02345443677777818,0.0002443892397013834,63,1,0.873015873015873,0.632183908045977
shap,0.4295547047376611,0.18198852730146897,0.8623657010019037,0.12811968515997083,0.6459602028697824,0.09794305917128668,0.10500915533333342,0.027487792514160246,63,1,0.873015873015873,0.632183908045977
