task_id,dataset_name,method,deletion_drop_auc,insertion_auc,combined_score,runtime_seconds,attr_l1_norm,mean_abs_exactness_residual,test_accuracy,test_balanced_accuracy,n_features_transformed,n_classes,ok
3481,isolet,aime,0.8712419361813916,0.8765448001407801,0.8738933681610859,0.05898448728999739,66.90951359310775,,0.9512820512820512,0.9512820512820512,617,26,200
3481,isolet,cos_fpde,0.8621025525928876,0.7481761678588877,0.8051393602258876,0.015430382830002145,0.6210151252451971,9.84455572616838e-17,0.9512820512820512,0.9512820512820512,617,26,200
3481,isolet,diff_fpde,0.7990415500384636,0.6855656342253594,0.7423035921319115,0.018257692905000625,384.5833472072569,3.955946681344358e-14,0.9512820512820512,0.9512820512820512,617,26,200
3481,isolet,hyb_fpde_grid,0.8621025525928876,0.7481761678588877,0.8051393602258876,0.049361362345004524,1.0,3.782998220236422e-17,0.9512820512820512,0.9512820512820512,617,26,200
3481,isolet,lime,0.6618441771279461,0.5309698459106379,0.596407011519292,0.3442512461050018,1.8807684905289777,,0.9512820512820512,0.9512820512820512,617,26,200
3481,isolet,shap,0.9019779852361519,0.9563361887468865,0.9291570869915192,1.4908711552550042,11.154301437591771,,0.9512820512820512,0.9512820512820512,617,26,200
