method,mean_deletion_drop_auc,std_deletion_drop_auc,mean_insertion_auc,std_insertion_auc,mean_combined_score,std_combined_score,mean_runtime_seconds,std_runtime_seconds,completed_instances,completed_tasks,mean_test_accuracy,mean_test_balanced_accuracy
aime,0.8712419361813916,0.15579698182842378,0.8765448001407801,0.14328036389729165,0.8738933681610859,0.1316367457048621,0.05898448728999739,0.00966855092262746,200,1,0.9512820512820512,0.9512820512820512
cos_fpde,0.8621025525928876,0.17641328115232002,0.7481761678588877,0.2621970237237367,0.8051393602258876,0.17171964455424193,0.015430382830002145,0.0010594540810981293,200,1,0.9512820512820512,0.9512820512820512
diff_fpde,0.7990415500384636,0.2126355596951252,0.6855656342253594,0.24100844047421607,0.7423035921319115,0.18530997208751526,0.018257692905000625,0.005129352191873443,200,1,0.9512820512820512,0.9512820512820512
hyb_fpde_grid,0.8621025525928876,0.17641328115232002,0.7481761678588877,0.2621970237237367,0.8051393602258876,0.17171964455424193,0.049361362345004524,0.0030938675622665755,200,1,0.9512820512820512,0.9512820512820512
lime,0.6618441771279461,0.28903961792056315,0.5309698459106379,0.31158288755056135,0.596407011519292,0.25382723210133784,0.3442512461050018,0.06781488946724551,200,1,0.9512820512820512,0.9512820512820512
shap,0.9019779852361519,0.1431083977535596,0.9563361887468865,0.08214798940996473,0.9291570869915192,0.10341077785277943,1.4908711552550042,0.04294911369898348,200,1,0.9512820512820512,0.9512820512820512
