method,mean_deletion_drop_auc,std_deletion_drop_auc,mean_insertion_auc,std_insertion_auc,mean_combined_score,std_combined_score,mean_runtime_seconds,std_runtime_seconds,completed_instances,completed_tasks,mean_test_accuracy,mean_test_balanced_accuracy
aime,0.755909104446983,0.2305098833035262,0.6731169901714157,0.16804089306251202,0.7145130473091993,0.16713915062745224,0.06204933098000765,0.00974146271433606,200,1,0.8865217391304347,0.886521739130435
cos_fpde,0.7399508723715574,0.2299182602578803,0.4537691432334326,0.22360653321987725,0.596860007802495,0.17650695105431172,0.023648960025009273,0.0009222464822731932,200,1,0.8865217391304347,0.886521739130435
diff_fpde,0.7278095055806767,0.22731860304442983,0.4835510367439686,0.19900302928158364,0.6056802711623227,0.17442920401134573,0.024539242235005077,0.0026506584211510886,200,1,0.8865217391304347,0.886521739130435
hyb_fpde_grid,0.7278095055806767,0.22731860304442983,0.4835510367439686,0.19900302928158364,0.6056802711623227,0.17442920401134573,0.6720397176750111,0.018650446555178342,200,1,0.8865217391304347,0.886521739130435
lime,0.5386778865857251,0.23133232935934425,0.20974677150196133,0.14454579997497843,0.37421232904384316,0.12951957618578613,0.46848594267497445,0.0804619055916633,200,1,0.8865217391304347,0.886521739130435
shap,0.7876042634784405,0.2384305729420095,0.8513850321282633,0.11820989847521807,0.8194946478033519,0.16625581917014584,2.678661666405012,0.050340809896715966,200,1,0.8865217391304347,0.886521739130435
