task_id,dataset_name,method,deletion_drop_auc,insertion_auc,combined_score,runtime_seconds,attr_l1_norm,mean_abs_exactness_residual,test_accuracy,test_balanced_accuracy,n_features_transformed,n_classes,ok
167121,Devnagari-Script,aime,0.755909104446983,0.6731169901714157,0.7145130473091993,0.06204933098000765,116.16980740636757,,0.8865217391304347,0.886521739130435,1024,46,200
167121,Devnagari-Script,cos_fpde,0.7399508723715574,0.4537691432334326,0.596860007802495,0.023648960025009273,0.7995849397281946,4.498137973207861e-17,0.8865217391304347,0.886521739130435,1024,46,200
167121,Devnagari-Script,diff_fpde,0.7278095055806767,0.4835510367439686,0.6056802711623227,0.024539242235005077,406.9309388678168,6.183054068742421e-14,0.8865217391304347,0.886521739130435,1024,46,200
167121,Devnagari-Script,hyb_fpde_grid,0.7278095055806767,0.4835510367439686,0.6056802711623227,0.6720397176750111,1.0,3.5945638826584416e-17,0.8865217391304347,0.886521739130435,1024,46,200
167121,Devnagari-Script,lime,0.5386778865857251,0.20974677150196133,0.37421232904384316,0.46848594267497445,2.732322738752608,,0.8865217391304347,0.886521739130435,1024,46,200
167121,Devnagari-Script,shap,0.7876042634784405,0.8513850321282633,0.8194946478033519,2.678661666405012,10.27067880334535,,0.8865217391304347,0.886521739130435,1024,46,200
