method,mean_deletion_drop_auc,std_deletion_drop_auc,mean_insertion_auc,std_insertion_auc,mean_combined_score,std_combined_score,mean_runtime_seconds,std_runtime_seconds,completed_instances,completed_tasks,mean_test_accuracy,mean_test_balanced_accuracy
aime,0.5985547577125283,0.26246420938415216,0.5480235006479789,0.19980609322561443,0.5732891291802535,0.20267326796997315,0.005478344284999821,0.00023773224805023483,200,1,0.66,0.6599999999999998
cos_fpde,0.4976321664480963,0.2532086606713476,0.454482590934448,0.23113620426795042,0.4760573786912722,0.21738681135095303,0.004398476105000384,0.0004806837928763523,200,1,0.66,0.6599999999999998
diff_fpde,0.5184808682093458,0.24572366655460345,0.4791430036588739,0.26053498012588466,0.4988119359341099,0.22952165527214707,0.004319983319999494,0.00031195632882469345,200,1,0.66,0.6599999999999998
hyb_fpde_grid,0.5184808682093458,0.24572366655460345,0.4791430036588739,0.26053498012588466,0.4988119359341099,0.22952165527214707,0.0077275979900004186,0.0005290554827372576,200,1,0.66,0.6599999999999998
lime,0.5602202886704716,0.26112955246590397,0.4829462924621522,0.24296312895772737,0.5215832905663119,0.214926532772849,0.056179133069999804,0.0017741615828929915,200,1,0.66,0.6599999999999998
shap,0.6731598462240459,0.18619189620901863,0.6045995126933414,0.20435781541160117,0.6388796794586936,0.1671823251550169,0.5886336493499995,0.023893264892037056,200,1,0.66,0.6599999999999998
