method,mean_deletion_drop_auc,std_deletion_drop_auc,mean_insertion_auc,std_insertion_auc,mean_combined_score,std_combined_score,mean_runtime_seconds,std_runtime_seconds,completed_instances,completed_tasks,mean_test_accuracy,mean_test_balanced_accuracy
aime,0.7562929302990236,0.24108181858522731,0.812466745538594,0.16741057172739737,0.7843798379188088,0.15518722885930744,0.012915868703699486,0.005430713616330958,108,1,0.9537037037037037,0.9527389277389278
cos_fpde,0.7495161293881529,0.19297639572469577,0.7097710499204775,0.24108479349709297,0.7296435896543152,0.16490320881246265,0.011770683953701922,0.0033754069001669666,108,1,0.9537037037037037,0.9527389277389278
diff_fpde,0.6771896659042609,0.21486090948971406,0.6486463531295277,0.23552530979015748,0.6629180095168943,0.17528979103953662,0.01066789001851547,0.004167769565135131,108,1,0.9537037037037037,0.9527389277389278
hyb_fpde_grid,0.7495161293881529,0.19297639572469577,0.7097710499204775,0.24108479349709297,0.7296435896543152,0.16490320881246265,0.01714168067592865,0.005515703520261468,108,1,0.9537037037037037,0.9527389277389278
lime,0.43475074699493993,0.31273341830511164,0.43573974497817286,0.34833212374778943,0.4352452459865564,0.30336647147495405,0.03845511227777365,0.007426071724332675,108,1,0.9537037037037037,0.9527389277389278
shap,0.8347287533611586,0.18928208641448788,0.917982232399239,0.09083125656987509,0.8763554928801989,0.11021329252219833,0.4727740355833313,0.021817511886417923,108,1,0.9537037037037037,0.9527389277389278
