task_id,dataset_name,method,deletion_drop_auc,insertion_auc,combined_score,runtime_seconds,attr_l1_norm,mean_abs_exactness_residual,test_accuracy,test_balanced_accuracy,n_features_transformed,n_classes,ok
146800,MiceProtein,aime,0.7562929302990236,0.812466745538594,0.7843798379188088,0.012915868703699486,13.940580191296858,,0.9537037037037037,0.9527389277389278,77,8,108
146800,MiceProtein,cos_fpde,0.7495161293881529,0.7097710499204775,0.7296435896543152,0.011770683953701922,0.6978710501900699,9.990722241273834e-17,0.9537037037037037,0.9527389277389278,77,8,108
146800,MiceProtein,diff_fpde,0.6771896659042609,0.6486463531295277,0.6629180095168943,0.01066789001851547,43.35709608374681,1.0848189630547406e-14,0.9537037037037037,0.9527389277389278,77,8,108
146800,MiceProtein,hyb_fpde_grid,0.7495161293881529,0.7097710499204775,0.7296435896543152,0.01714168067592865,1.0,5.202564202489702e-17,0.9537037037037037,0.9527389277389278,77,8,108
146800,MiceProtein,lime,0.43475074699493993,0.43573974497817286,0.4352452459865564,0.03845511227777365,0.716116189792878,,0.9537037037037037,0.9527389277389278,77,8,108
146800,MiceProtein,shap,0.8347287533611586,0.917982232399239,0.8763554928801989,0.4727740355833313,8.181270294131227,,0.9537037037037037,0.9527389277389278,77,8,108
