task_id,dataset_name,method,deletion_drop_auc,insertion_auc,combined_score,runtime_seconds,attr_l1_norm,mean_abs_exactness_residual,test_accuracy,test_balanced_accuracy,n_features_transformed,n_classes,ok
9977,nomao,aime,0.30139534854550803,0.9596130435647504,0.6305041960551292,0.023418409010002392,26.075129084357012,,0.9634464751958225,0.9555036491290614,174,2,200
9977,nomao,cos_fpde,0.30662316978181603,0.9608352518193074,0.6337292108005618,0.01920755343499991,1.335307485533142,1.3840491253080955e-16,0.9634464751958225,0.9555036491290614,174,2,200
9977,nomao,diff_fpde,0.299304564046448,0.9581212975250567,0.6287129307857523,0.019556700719998047,73.50079562957298,1.2994050280212833e-14,0.9634464751958225,0.9555036491290614,174,2,200
9977,nomao,hyb_fpde_grid,0.30662316978181603,0.9608352518193074,0.6337292108005618,0.04112452731499786,1.0,6.169544042311514e-17,0.9634464751958225,0.9555036491290614,174,2,200
9977,nomao,lime,0.1502168217559051,0.780948486535936,0.4655826541459205,0.06158462628999757,1.3533055070846791,,0.9634464751958225,0.9555036491290614,174,2,200
9977,nomao,shap,0.29257576381876604,0.7511136878350817,0.521844725826924,0.0680586082449986,5.325025431075138,,0.9634464751958225,0.9555036491290614,174,2,200
