method,mean_deletion_drop_auc,std_deletion_drop_auc,mean_insertion_auc,std_insertion_auc,mean_combined_score,std_combined_score,mean_runtime_seconds,std_runtime_seconds,completed_instances,completed_tasks,mean_test_accuracy,mean_test_balanced_accuracy
aime,0.30139534854550803,0.2936269709171486,0.9596130435647504,0.06117142448410096,0.6305041960551292,0.13251918375318683,0.023418409010002392,0.006380851731635466,200,1,0.9634464751958225,0.9555036491290614
cos_fpde,0.30662316978181603,0.3026935119972835,0.9608352518193074,0.061218466250584705,0.6337292108005618,0.13777324478580874,0.01920755343499991,0.0044147644840403346,200,1,0.9634464751958225,0.9555036491290614
diff_fpde,0.299304564046448,0.29277352025334075,0.9581212975250567,0.06698872522216263,0.6287129307857523,0.13148975304533114,0.019556700719998047,0.004549038647254084,200,1,0.9634464751958225,0.9555036491290614
hyb_fpde_grid,0.30662316978181603,0.3026935119972835,0.9608352518193074,0.061218466250584705,0.6337292108005618,0.13777324478580874,0.04112452731499786,0.0062807541662629335,200,1,0.9634464751958225,0.9555036491290614
lime,0.1502168217559051,0.1130211733043138,0.780948486535936,0.3066822159384068,0.4655826541459205,0.16682764116995916,0.06158462628999757,0.040452412241869615,200,1,0.9634464751958225,0.9555036491290614
shap,0.29257576381876604,0.20896953022564607,0.7511136878350817,0.37157343584019864,0.521844725826924,0.26137665640966673,0.0680586082449986,0.015916417873560688,200,1,0.9634464751958225,0.9555036491290614
