method,mean_deletion_drop_auc,std_deletion_drop_auc,mean_insertion_auc,std_insertion_auc,mean_combined_score,std_combined_score,mean_runtime_seconds,std_runtime_seconds,completed_instances,completed_tasks,mean_test_accuracy,mean_test_balanced_accuracy
aime,0.14695937573503126,0.19712966418509276,0.9113081088897389,0.17132993172556066,0.5291337423123851,0.10192768131511766,0.011708415157534442,0.005767610866257726,146,1,0.9178082191780822,0.8098958333333333
cos_fpde,0.1494372721804546,0.1960068518233852,0.9126349006807498,0.16946585792226693,0.5310360864306022,0.10021821513087696,0.009246110089041033,0.004197068910118338,146,1,0.9178082191780822,0.8098958333333333
diff_fpde,0.15348229721034198,0.2005965850065693,0.9146871389735659,0.16784334307644214,0.534084718091954,0.10403075278874173,0.00889731088356337,0.004252008375568078,146,1,0.9178082191780822,0.8098958333333333
hyb_fpde_grid,0.15176666281056422,0.1995402970506463,0.912923563674487,0.1691263387365333,0.5323451132425256,0.1041205098389138,0.012607675054793068,0.004876613565216757,146,1,0.9178082191780822,0.8098958333333333
lime,0.03462367775006701,0.1571588570368875,0.7551988743862926,0.21914398568692972,0.39491127606817983,0.12153112754414391,0.01771178620548064,0.006521503228764656,146,1,0.9178082191780822,0.8098958333333333
shap,0.06330344943731855,0.24041964910511565,0.6701579984601357,0.17800889782359955,0.3667307239487271,0.17155530093791277,0.07666618271917619,0.016351120544606513,146,1,0.9178082191780822,0.8098958333333333
