task_id,dataset_name,method,deletion_drop_auc,insertion_auc,combined_score,runtime_seconds,attr_l1_norm,mean_abs_exactness_residual,test_accuracy,test_balanced_accuracy,n_features_transformed,n_classes,ok
3902,pc4,aime,0.14695937573503126,0.9113081088897389,0.5291337423123851,0.011708415157534442,8.406566702640188,,0.9178082191780822,0.8098958333333333,37,2,146
3902,pc4,cos_fpde,0.1494372721804546,0.9126349006807498,0.5310360864306022,0.009246110089041033,1.470865884555687,1.1796119636642288e-16,0.9178082191780822,0.8098958333333333,37,2,146
3902,pc4,diff_fpde,0.15348229721034198,0.9146871389735659,0.534084718091954,0.00889731088356337,21.97850129913878,4.007686496212172e-15,0.9178082191780822,0.8098958333333333,37,2,146
3902,pc4,hyb_fpde_grid,0.15176666281056422,0.912923563674487,0.5323451132425256,0.012607675054793068,0.9929528493269407,8.414597025251882e-17,0.9178082191780822,0.8098958333333333,37,2,146
3902,pc4,lime,0.03462367775006701,0.7551988743862926,0.39491127606817983,0.01771178620548064,0.3726185626629815,,0.9178082191780822,0.8098958333333333,37,2,146
3902,pc4,shap,0.06330344943731855,0.6701579984601357,0.3667307239487271,0.07666618271917619,4.5469096201929,,0.9178082191780822,0.8098958333333333,37,2,146
