task_id,dataset_name,method,deletion_drop_auc,insertion_auc,combined_score,runtime_seconds,attr_l1_norm,mean_abs_exactness_residual,test_accuracy,test_balanced_accuracy,n_features_transformed,n_classes,ok
14952,PhishingWebsites,aime,0.6072007002028549,0.9262428937555639,0.7667217969792094,0.010782740065000667,9.719320164532846,,0.953887884267631,0.9512987012987013,68,2,200
14952,PhishingWebsites,cos_fpde,0.6110451379024802,0.9237896414300767,0.7674173896662784,0.0097742917650001,1.313064160006527,8.356379824214777e-17,0.953887884267631,0.9512987012987013,68,2,200
14952,PhishingWebsites,diff_fpde,0.6140137206981904,0.9260524924527701,0.7700331065754803,0.010160713484998496,6.714947911371529,1.6735224317443454e-15,0.953887884267631,0.9512987012987013,68,2,200
14952,PhishingWebsites,hyb_fpde_grid,0.613919973556821,0.9260727025373935,0.7699963380471072,0.017810972665000976,1.0,7.05772246201164e-17,0.953887884267631,0.9512987012987013,68,2,200
14952,PhishingWebsites,lime,0.05309599663992146,0.3771203668641388,0.21510818175203017,0.016336690564999968,0.7070940773598177,,0.953887884267631,0.9512987012987013,68,2,200
14952,PhishingWebsites,shap,0.47563259654972617,0.7929089417800903,0.6342707691649082,0.07090727695999618,7.355654820181536,,0.953887884267631,0.9512987012987013,68,2,200
