task_id,dataset_name,method,deletion_drop_auc,insertion_auc,combined_score,runtime_seconds,attr_l1_norm,mean_abs_exactness_residual,test_accuracy,test_balanced_accuracy,n_features_transformed,n_classes,ok
146195,connect-4,aime,0.4836651544957302,0.7808843910587645,0.6322747727772474,0.014584725284998682,10.606183062167325,,0.8050621669626998,0.56418185369477,126,3,200
146195,connect-4,cos_fpde,0.501700551143276,0.8246156629643968,0.6631581070538364,0.012257675400000067,1.171345392231678,5.724045369637221e-17,0.8050621669626998,0.56418185369477,126,3,200
146195,connect-4,diff_fpde,0.5008297258957901,0.8258390949051657,0.6633344104004779,0.011871995984998449,2.1162304358935176,1.320662329495903e-15,0.8050621669626998,0.56418185369477,126,3,200
146195,connect-4,hyb_fpde_grid,0.5008297258957901,0.8258390949051657,0.6633344104004779,0.056783082320000344,1.0,5.026361271642799e-17,0.8050621669626998,0.56418185369477,126,3,200
146195,connect-4,lime,-0.12899039211193675,0.2026690501035246,0.03683932899579392,0.03111972446499891,0.7901579877876591,,0.8050621669626998,0.56418185369477,126,3,200
146195,connect-4,shap,0.5664777905369642,0.8677295748142076,0.7171036826755859,0.18226804163999916,2.9351198364150934,,0.8050621669626998,0.56418185369477,126,3,200
