method,mean_deletion_drop_auc,std_deletion_drop_auc,mean_insertion_auc,std_insertion_auc,mean_combined_score,std_combined_score,mean_runtime_seconds,std_runtime_seconds,completed_instances,completed_tasks,mean_test_accuracy,mean_test_balanced_accuracy
aime,0.4836651544957302,0.1311180607705659,0.7808843910587645,0.121511110121202,0.6322747727772474,0.10329886790471521,0.014584725284998682,0.006558963978205899,200,1,0.8050621669626998,0.56418185369477
cos_fpde,0.501700551143276,0.13052083166562037,0.8246156629643968,0.10594098147165101,0.6631581070538364,0.10125004090681068,0.012257675400000067,0.004338683986958456,200,1,0.8050621669626998,0.56418185369477
diff_fpde,0.5008297258957901,0.1323920100988455,0.8258390949051657,0.10133413003138146,0.6633344104004779,0.09957788582297843,0.011871995984998449,0.004862970998633007,200,1,0.8050621669626998,0.56418185369477
hyb_fpde_grid,0.5008297258957901,0.1323920100988455,0.8258390949051657,0.10133413003138146,0.6633344104004779,0.09957788582297843,0.056783082320000344,0.005022770746251645,200,1,0.8050621669626998,0.56418185369477
lime,-0.12899039211193675,0.14941080555784883,0.2026690501035246,0.06047807075311241,0.03683932899579392,0.09639892274449438,0.03111972446499891,0.008147339610089807,200,1,0.8050621669626998,0.56418185369477
shap,0.5664777905369642,0.14497463593315868,0.8677295748142076,0.07957213624933662,0.7171036826755859,0.10001168063212129,0.18226804163999916,0.01991299423209223,200,1,0.8050621669626998,0.56418185369477
