task_id,dataset_name,method,deletion_drop_auc,insertion_auc,combined_score,runtime_seconds,attr_l1_norm,mean_abs_exactness_residual,test_accuracy,test_balanced_accuracy,n_features_transformed,n_classes,ok
9978,ozone-level-8hr,aime,0.05624740800720218,0.9780267552054426,0.5171370816063223,0.014753498615000638,22.588643560837973,,0.9291338582677166,0.6706932773109244,72,2,200
9978,ozone-level-8hr,cos_fpde,0.056448192187422634,0.9780466129830795,0.517247402585251,0.013564889850000199,1.4460633475311375,8.992806499463769e-17,0.9291338582677166,0.6706932773109244,72,2,200
9978,ozone-level-8hr,diff_fpde,0.048793942585839724,0.976403589641134,0.5125987661134869,0.012931970080000426,60.41501763745166,5.961342530724778e-15,0.9291338582677166,0.6706932773109244,72,2,200
9978,ozone-level-8hr,hyb_fpde_grid,0.056448192187422634,0.9780466129830795,0.517247402585251,0.018848567890000043,1.0,4.865031988376956e-17,0.9291338582677166,0.6706932773109244,72,2,200
9978,ozone-level-8hr,lime,0.029127098330236908,0.9549190238585542,0.49202306109439564,0.024303340089998925,0.19863755783922582,,0.9291338582677166,0.6706932773109244,72,2,200
9978,ozone-level-8hr,shap,0.020454201554279922,0.8731607201206875,0.4468074608374837,0.07454299828999972,4.88903043398779,,0.9291338582677166,0.6706932773109244,72,2,200
