method,mean_deletion_drop_auc,std_deletion_drop_auc,mean_insertion_auc,std_insertion_auc,mean_combined_score,std_combined_score,mean_runtime_seconds,std_runtime_seconds,completed_instances,completed_tasks,mean_test_accuracy,mean_test_balanced_accuracy
aime,0.05624740800720218,0.16476439071260082,0.9780267552054426,0.08955406885650699,0.5171370816063223,0.04898806405019619,0.014753498615000638,0.006237482058206909,200,1,0.9291338582677166,0.6706932773109244
cos_fpde,0.056448192187422634,0.16486850635330436,0.9780466129830795,0.08952174180846463,0.517247402585251,0.04916986651490425,0.013564889850000199,0.004023878611441476,200,1,0.9291338582677166,0.6706932773109244
diff_fpde,0.048793942585839724,0.1590467067106831,0.976403589641134,0.09607696207259626,0.5125987661134869,0.043365630688153106,0.012931970080000426,0.0049214635656657756,200,1,0.9291338582677166,0.6706932773109244
hyb_fpde_grid,0.056448192187422634,0.16486850635330436,0.9780466129830795,0.08952174180846463,0.517247402585251,0.04916986651490425,0.018848567890000043,0.006465493005187956,200,1,0.9291338582677166,0.6706932773109244
lime,0.029127098330236908,0.1390633505501763,0.9549190238585542,0.16984609753823385,0.49202306109439564,0.037226058878215756,0.024303340089998925,0.0057535479781867915,200,1,0.9291338582677166,0.6706932773109244
shap,0.020454201554279922,0.17394935910281908,0.8731607201206875,0.1832369181354675,0.4468074608374837,0.13211840513186138,0.07454299828999972,0.014059216881499076,200,1,0.9291338582677166,0.6706932773109244
