method,mean_deletion_drop_auc,std_deletion_drop_auc,mean_insertion_auc,std_insertion_auc,mean_combined_score,std_combined_score,mean_runtime_seconds,std_runtime_seconds,completed_instances,completed_tasks,mean_test_accuracy,mean_test_balanced_accuracy
aime,0.24994251181235205,0.13345819943682588,0.9176320818815975,0.05716083902336786,0.5837872968469747,0.06898348273403462,0.004973689957144854,8.27000260398012e-05,70,1,0.9714285714285714,0.9682971014492754
cos_fpde,0.2505900128494486,0.13320601289035663,0.9177469161025089,0.057146743279857935,0.5841684644759788,0.06887384869221252,0.003913764542858595,3.5353871462708384e-05,70,1,0.9714285714285714,0.9682971014492754
diff_fpde,0.25689182753815576,0.13278656190388052,0.9201400900999654,0.05608530399021856,0.5885159588190606,0.06758582091908076,0.003861423514284671,3.501040302915315e-05,70,1,0.9714285714285714,0.9682971014492754
hyb_fpde_grid,0.25689182753815576,0.13278656190388052,0.9201400900999654,0.05608530399021856,0.5885159588190606,0.06758582091908076,0.005916681428571126,4.406925054680441e-05,70,1,0.9714285714285714,0.9682971014492754
lime,0.13761987493726954,0.1479159040487462,0.8311247829652497,0.12214258299341846,0.4843723289512597,0.11550159834313266,0.009268831457143684,0.0001987710938102246,70,1,0.9714285714285714,0.9682971014492754
shap,0.15802454592183443,0.18951772083555146,0.7980320601158718,0.11974609343468662,0.4780283030188531,0.14250681796870698,0.04102866335714351,0.019756633548239217,70,1,0.9714285714285714,0.9682971014492754
