task_id,dataset_name,method,deletion_drop_auc,insertion_auc,combined_score,runtime_seconds,attr_l1_norm,mean_abs_exactness_residual,test_accuracy,test_balanced_accuracy,n_features_transformed,n_classes,ok
3022,vowel,aime,0.7774507658204837,0.8056989162220243,0.7915748410212541,0.0060623226868663305,3.6838013451377596,,0.9090909090909091,0.9090909090909091,27,11,99
3022,vowel,cos_fpde,0.7085628764932898,0.5671193101490012,0.6378410933211455,0.004725777555552672,0.6059259741406482,1.130549077474986e-16,0.9090909090909091,0.9090909090909091,27,11,99
3022,vowel,diff_fpde,0.7007938011864632,0.616062818805966,0.6584283099962146,0.004673905424240986,5.358314903434336,1.08120583193609e-15,0.9090909090909091,0.9090909090909091,27,11,99
3022,vowel,hyb_fpde_grid,0.7074860364590562,0.5665392519658613,0.6370126442124587,0.007574227575755938,0.9872108658466816,5.540601647513802e-17,0.9090909090909091,0.9090909090909091,27,11,99
3022,vowel,lime,0.5205363426828767,0.3465893355748757,0.4335628391288762,0.03347722382828048,0.3464419375723043,,0.9090909090909091,0.9090909090909091,27,11,99
3022,vowel,shap,0.8074143830457252,0.8575269431252442,0.8324706630854848,0.6058748493434372,7.448328945291638,,0.9090909090909091,0.9090909090909091,27,11,99
