method,mean_deletion_drop_auc,std_deletion_drop_auc,mean_insertion_auc,std_insertion_auc,mean_combined_score,std_combined_score,mean_runtime_seconds,std_runtime_seconds,completed_instances,completed_tasks,mean_test_accuracy,mean_test_balanced_accuracy
aime,0.7774507658204837,0.2530677851429035,0.8056989162220243,0.189501783139326,0.7915748410212541,0.19090814719914162,0.0060623226868663305,0.00013057161072453418,99,1,0.9090909090909091,0.9090909090909091
cos_fpde,0.7085628764932898,0.26970687816984906,0.5671193101490012,0.31667725197490676,0.6378410933211455,0.23020354402226675,0.004725777555552672,7.876616612014304e-05,99,1,0.9090909090909091,0.9090909090909091
diff_fpde,0.7007938011864632,0.27465283908833504,0.616062818805966,0.2964753745242323,0.6584283099962146,0.23352616302470286,0.004673905424240986,7.76541504637575e-05,99,1,0.9090909090909091,0.9090909090909091
hyb_fpde_grid,0.7074860364590562,0.27268783075812497,0.5665392519658613,0.3171861033855485,0.6370126442124587,0.2317831259712163,0.007574227575755938,0.00011525670013791976,99,1,0.9090909090909091,0.9090909090909091
lime,0.5205363426828767,0.3402488750119917,0.3465893355748757,0.2840270976452726,0.4335628391288762,0.23781021701376978,0.03347722382828048,0.0009057674938322835,99,1,0.9090909090909091,0.9090909090909091
shap,0.8074143830457252,0.24531293739117302,0.8575269431252442,0.1214941539650092,0.8324706630854848,0.14964076974234602,0.6058748493434372,0.024986026060779723,99,1,0.9090909090909091,0.9090909090909091
