method,mean_deletion_drop_auc,std_deletion_drop_auc,mean_insertion_auc,std_insertion_auc,mean_combined_score,std_combined_score,mean_runtime_seconds,std_runtime_seconds,completed_instances,completed_tasks,mean_test_accuracy,mean_test_balanced_accuracy
aime,0.42637064397929203,0.18186060180930033,0.7870010592401451,0.18170411436223327,0.6066858516097186,0.13959057409058695,0.00508578657499811,0.0009749807470034261,200,1,0.8538598839803658,0.7971863935558976
cos_fpde,0.4230088096317312,0.18495078083465302,0.7736194498705603,0.19730265868782584,0.5983141297511457,0.14628596565889532,0.004123565270000711,0.0014250809558281124,200,1,0.8538598839803658,0.7971863935558976
diff_fpde,0.42077806465433654,0.1859506533758069,0.7722313830967584,0.19352311695862173,0.5965047238755475,0.14520050544072285,0.003987565814997822,0.0010291481324927565,200,1,0.8538598839803658,0.7971863935558976
hyb_fpde_grid,0.42347517918770694,0.18481188354943826,0.7735526486569807,0.1973958029346811,0.5985139139223439,0.14644285288758013,0.01879478479999932,0.0018851183393580027,200,1,0.8538598839803658,0.7971863935558976
lime,0.2398077272140377,0.2136388581106504,0.635312032518,0.25492303166997116,0.4375598798660188,0.19695878024982197,0.04196418995499812,0.0008661465540589263,200,1,0.8538598839803658,0.7971863935558976
shap,0.4469773160456154,0.1775311514986417,0.8031849614393232,0.1664044187069966,0.6250811387424693,0.1357085073675138,0.18157344830999989,0.016597460283157024,200,1,0.8538598839803658,0.7971863935558976
