task_id,dataset_name,method,deletion_drop_auc,insertion_auc,combined_score,runtime_seconds,attr_l1_norm,mean_abs_exactness_residual,test_accuracy,test_balanced_accuracy,n_features_transformed,n_classes,ok
167119,jungle_chess_2pcs_raw_endgame_complete,aime,0.42637064397929203,0.7870010592401451,0.6066858516097186,0.00508578657499811,1.99394747605112,,0.8538598839803658,0.7971863935558976,6,3,200
167119,jungle_chess_2pcs_raw_endgame_complete,cos_fpde,0.4230088096317312,0.7736194498705603,0.5983141297511457,0.004123565270000711,1.202913673934553,7.103692634125026e-17,0.8538598839803658,0.7971863935558976,6,3,200
167119,jungle_chess_2pcs_raw_endgame_complete,diff_fpde,0.42077806465433654,0.7722313830967584,0.5965047238755475,0.003987565814997822,3.4805338514799367,5.968836536140998e-16,0.8538598839803658,0.7971863935558976,6,3,200
167119,jungle_chess_2pcs_raw_endgame_complete,hyb_fpde_grid,0.42347517918770694,0.7735526486569807,0.5985139139223439,0.01879478479999932,0.9996286794898493,6.7914424084492e-17,0.8538598839803658,0.7971863935558976,6,3,200
167119,jungle_chess_2pcs_raw_endgame_complete,lime,0.2398077272140377,0.635312032518,0.4375598798660188,0.04196418995499812,0.5070338660844035,,0.8538598839803658,0.7971863935558976,6,3,200
167119,jungle_chess_2pcs_raw_endgame_complete,shap,0.4469773160456154,0.8031849614393232,0.6250811387424693,0.18157344830999989,2.819949389574981,,0.8538598839803658,0.7971863935558976,6,3,200
