task_id,dataset_name,method,deletion_drop_auc,insertion_auc,combined_score,runtime_seconds,attr_l1_norm,mean_abs_exactness_residual,test_accuracy,test_balanced_accuracy,n_features_transformed,n_classes,ok
18,mfeat-morphological,aime,0.6084248774480573,0.5186962541916801,0.5635605658198687,0.005129832924999249,3.0148933193735474,,0.65,0.6499999999999999,6,10,200
18,mfeat-morphological,cos_fpde,0.5430631945482572,0.44957459618786133,0.4963188953680593,0.004107320224999569,0.4384002578063189,8.858365430075565e-17,0.65,0.6499999999999999,6,10,200
18,mfeat-morphological,diff_fpde,0.535269276360053,0.44424859274714856,0.4897589345536007,0.004053568930001035,3.3906341175386414,3.78837586301195e-16,0.65,0.6499999999999999,6,10,200
18,mfeat-morphological,hyb_fpde_grid,0.5430631945482572,0.44957459618786133,0.4963188953680593,0.00704802776000065,1.0,5.949451001296957e-17,0.65,0.6499999999999999,6,10,200
18,mfeat-morphological,lime,0.647065790035192,0.5139406323940324,0.5805032112146122,0.05208690963499954,0.31148431225893475,,0.65,0.6499999999999999,6,10,200
18,mfeat-morphological,shap,0.6921607554314901,0.6403030444793021,0.6662318999553962,0.5417349938499997,6.811526661225693,,0.65,0.6499999999999999,6,10,200
