method,mean_deletion_drop_auc,std_deletion_drop_auc,mean_insertion_auc,std_insertion_auc,mean_combined_score,std_combined_score,mean_runtime_seconds,std_runtime_seconds,completed_instances,completed_tasks,mean_test_accuracy,mean_test_balanced_accuracy
aime,0.6084248774480573,0.22385154777676758,0.5186962541916801,0.21535645848641957,0.5635605658198687,0.17847727899867863,0.005129832924999249,0.00012904302154911928,200,1,0.65,0.6499999999999999
cos_fpde,0.5430631945482572,0.2259621510353406,0.44957459618786133,0.22604266817895924,0.4963188953680593,0.19456767116129856,0.004107320224999569,0.0008691787784687767,200,1,0.65,0.6499999999999999
diff_fpde,0.535269276360053,0.2385838563606721,0.44424859274714856,0.25784128436382164,0.4897589345536007,0.21738768735594094,0.004053568930001035,0.001016501221228357,200,1,0.65,0.6499999999999999
hyb_fpde_grid,0.5430631945482572,0.2259621510353406,0.44957459618786133,0.22604266817895924,0.4963188953680593,0.19456767116129856,0.00704802776000065,0.0011390030695792596,200,1,0.65,0.6499999999999999
lime,0.647065790035192,0.22128573807182098,0.5139406323940324,0.27845900560431397,0.5805032112146122,0.20680616793431086,0.05208690963499954,0.0006980820239996394,200,1,0.65,0.6499999999999999
shap,0.6921607554314901,0.1942403851659387,0.6403030444793021,0.19370627013833525,0.6662318999553962,0.17738320148810033,0.5417349938499997,0.01727364098917777,200,1,0.65,0.6499999999999999
