method,mean_deletion_drop_auc,std_deletion_drop_auc,mean_insertion_auc,std_insertion_auc,mean_combined_score,std_combined_score,mean_runtime_seconds,std_runtime_seconds,completed_instances,completed_tasks,mean_test_accuracy,mean_test_balanced_accuracy
aime,0.6156530841234875,0.3637168874971521,0.9406577198823957,0.054129705565603974,0.7781554020029416,0.1652237843871324,0.011197392700000393,0.005058393018253658,200,1,0.953887884267631,0.9517161410018553
cos_fpde,0.6180556171609551,0.36231110884119366,0.9401118527298203,0.053808561681966294,0.7790837349453876,0.1642903947779485,0.01175424579499932,0.0035112801463123007,200,1,0.953887884267631,0.9517161410018553
diff_fpde,0.6212108138651017,0.3639220770465337,0.9442256455161028,0.05386065196430383,0.7827182296906022,0.16701816774878767,0.009843091419997875,0.004119653461339347,200,1,0.953887884267631,0.9517161410018553
hyb_fpde_grid,0.6212125380403751,0.3639234881923764,0.9442434105931089,0.05384863439871723,0.782727974316742,0.1670252919282305,0.019912031490000714,0.005114917063630398,200,1,0.953887884267631,0.9517161410018553
lime,0.06479589880113619,0.10809863166566032,0.399810866853977,0.35328970095946144,0.2323033828275566,0.16066199400412476,0.019255328274998932,0.004757352890980036,200,1,0.953887884267631,0.9517161410018553
shap,0.5133794954030233,0.4750765817478676,0.838700817163497,0.24514757592011577,0.6760401562832601,0.3244498030466247,0.07843979172999938,0.015869636751172353,200,1,0.953887884267631,0.9517161410018553
