task_id,dataset_name,method,deletion_drop_auc,insertion_auc,combined_score,runtime_seconds,attr_l1_norm,mean_abs_exactness_residual,test_accuracy,test_balanced_accuracy,n_features_transformed,n_classes,ok
14952,PhishingWebsites,aime,0.6156530841234875,0.9406577198823957,0.7781554020029416,0.011197392700000393,9.781700250250063,,0.953887884267631,0.9517161410018553,68,2,200
14952,PhishingWebsites,cos_fpde,0.6180556171609551,0.9401118527298203,0.7790837349453876,0.01175424579499932,1.3134225247343332,8.592085376513126e-17,0.953887884267631,0.9517161410018553,68,2,200
14952,PhishingWebsites,diff_fpde,0.6212108138651017,0.9442256455161028,0.7827182296906022,0.009843091419997875,6.851189152375244,1.7166823518266483e-15,0.953887884267631,0.9517161410018553,68,2,200
14952,PhishingWebsites,hyb_fpde_grid,0.6212125380403751,0.9442434105931089,0.782727974316742,0.019912031490000714,1.0000000000000002,6.225922555280761e-17,0.953887884267631,0.9517161410018553,68,2,200
14952,PhishingWebsites,lime,0.06479589880113619,0.399810866853977,0.2323033828275566,0.019255328274998932,0.729371770603239,,0.953887884267631,0.9517161410018553,68,2,200
14952,PhishingWebsites,shap,0.5133794954030233,0.838700817163497,0.6760401562832601,0.07843979172999938,7.417172018799693,,0.953887884267631,0.9517161410018553,68,2,200
