task_id,dataset_name,method,deletion_drop_auc,insertion_auc,combined_score,runtime_seconds,attr_l1_norm,mean_abs_exactness_residual,test_accuracy,test_balanced_accuracy,n_features_transformed,n_classes,ok
2079,eucalyptus,aime,0.570568448431463,0.7577893066185875,0.6641788775250251,0.012529146391891096,8.163436317767177,,0.7027027027027027,0.6627594627594627,91,5,74
2079,eucalyptus,cos_fpde,0.5325565999435272,0.7189066925178133,0.6257316462306701,0.011544116391892057,0.6880907234609783,9.865067659161349e-17,0.7027027027027027,0.6627594627594627,91,5,74
2079,eucalyptus,diff_fpde,0.5356554107541596,0.6868691001730751,0.6112622554636173,0.010243929216215399,7.08270301161839,1.8551226620932515e-15,0.7027027027027027,0.6627594627594627,91,5,74
2079,eucalyptus,hyb_fpde_grid,0.5421738429032406,0.6952127746482968,0.6186933087757687,0.016877833918919605,0.9752218704772999,6.342289681426016e-17,0.7027027027027027,0.6627594627594627,91,5,74
2079,eucalyptus,lime,0.2198429274258576,0.46129481690981083,0.34056887216783427,0.032776004878378534,0.8114079521695705,,0.7027027027027027,0.6627594627594627,91,5,74
2079,eucalyptus,shap,0.6204914107634,0.8218825823513232,0.7211869965573616,0.23922279133783755,4.406514325451147,,0.7027027027027027,0.6627594627594627,91,5,74
