method,mean_deletion_drop_auc,std_deletion_drop_auc,mean_insertion_auc,std_insertion_auc,mean_combined_score,std_combined_score,mean_runtime_seconds,std_runtime_seconds,completed_instances,completed_tasks,mean_test_accuracy,mean_test_balanced_accuracy
aime,0.570568448431463,0.2595878695336919,0.7577893066185875,0.16686705163948162,0.6641788775250251,0.18888889771980727,0.012529146391891096,0.004266372823140393,74,1,0.7027027027027027,0.6627594627594627
cos_fpde,0.5325565999435272,0.25450564697706074,0.7189066925178133,0.24528911782674034,0.6257316462306701,0.20364799385553026,0.011544116391892057,0.003319615299492887,74,1,0.7027027027027027,0.6627594627594627
diff_fpde,0.5356554107541596,0.27035946670332767,0.6868691001730751,0.24411585974739405,0.6112622554636173,0.22167131370038992,0.010243929216215399,0.0038109917442060554,74,1,0.7027027027027027,0.6627594627594627
hyb_fpde_grid,0.5421738429032406,0.26665974220683875,0.6952127746482968,0.24232998653070698,0.6186933087757687,0.22123072938868377,0.016877833918919605,0.0053328471737346785,74,1,0.7027027027027027,0.6627594627594627
lime,0.2198429274258576,0.32263191040220385,0.46129481690981083,0.3034209602502393,0.34056887216783427,0.264699141348025,0.032776004878378534,0.005057746086717744,74,1,0.7027027027027027,0.6627594627594627
shap,0.6204914107634,0.23402831646095937,0.8218825823513232,0.14176376808902152,0.7211869965573616,0.16502915330884516,0.23922279133783755,0.026568452833559512,74,1,0.7027027027027027,0.6627594627594627
