method,mean_deletion_drop_auc,std_deletion_drop_auc,mean_insertion_auc,std_insertion_auc,mean_combined_score,std_combined_score,mean_runtime_seconds,std_runtime_seconds,completed_instances,completed_tasks,mean_test_accuracy,mean_test_balanced_accuracy
aime,0.4288914938667918,0.2632608318381826,0.618701200700794,0.20375268314341244,0.5237963472837929,0.14819161328550334,0.005611011594872177,0.00015894505872270928,195,1,0.7948717948717948,0.8347472248148584
cos_fpde,0.4730269927214922,0.25282542501742156,0.6782030576798488,0.19620137648696198,0.5756150252006704,0.1500185203895762,0.004444510476924553,0.0009754965166374487,195,1,0.7948717948717948,0.8347472248148584
diff_fpde,0.4462230286296563,0.26838483807203983,0.6595743550606672,0.18835820853103244,0.5528986918451617,0.1637126251408821,0.004355893287180233,0.0005014317397175972,195,1,0.7948717948717948,0.8347472248148584
hyb_fpde_grid,0.4828474435642504,0.25360138477439675,0.6816147326725808,0.1978927748963048,0.5822310881184156,0.155084695827655,0.0073282423025644375,0.0009149515396414048,195,1,0.7948717948717948,0.8347472248148584
lime,0.3001030548122045,0.26455159268693307,0.45521959395724665,0.2692778287987038,0.3776613243847256,0.15686481616702797,0.02250133926153837,0.0011212219752265848,195,1,0.7948717948717948,0.8347472248148584
shap,0.6311872290325311,0.26833960202826523,0.8572106142694635,0.11488015461207962,0.7441989216509972,0.16084761665827416,0.38404187279487145,0.01588079275219763,195,1,0.7948717948717948,0.8347472248148584
