task_id,dataset_name,method,deletion_drop_auc,insertion_auc,combined_score,runtime_seconds,attr_l1_norm,mean_abs_exactness_residual,test_accuracy,test_balanced_accuracy,n_features_transformed,n_classes,ok
9978,ozone-level-8hr,aime,0.03968750719372944,0.9703818351838952,0.5050346711888123,0.014073749734999695,23.28618602520397,,0.9409448818897637,0.6769957983193278,72,2,200
9978,ozone-level-8hr,cos_fpde,0.03985773448358068,0.9705494997149597,0.5052036170992702,0.013717059085000045,1.4621815371601588,9.520650327138336e-17,0.9409448818897637,0.6769957983193278,72,2,200
9978,ozone-level-8hr,diff_fpde,0.03560547654400898,0.9701015573545356,0.5028535169492724,0.012800427174999811,64.72100910852,7.146505609512133e-15,0.9409448818897637,0.6769957983193278,72,2,200
9978,ozone-level-8hr,hyb_fpde_grid,0.038863696679958565,0.9699565652993476,0.5044101309896531,0.01888830387999931,0.979732867860306,5.587544316121296e-17,0.9409448818897637,0.6769957983193278,72,2,200
9978,ozone-level-8hr,lime,0.019475069309862363,0.9550856453350975,0.48728035732248,0.023657622899998218,0.22165821314388257,,0.9409448818897637,0.6769957983193278,72,2,200
9978,ozone-level-8hr,shap,0.016720636032341033,0.870376813163137,0.44354872459773903,0.07341633634499999,5.064406624930276,,0.9409448818897637,0.6769957983193278,72,2,200
