task_id,dataset_name,method,deletion_drop_auc,insertion_auc,combined_score,runtime_seconds,attr_l1_norm,mean_abs_exactness_residual,test_accuracy,test_balanced_accuracy,n_features_transformed,n_classes,ok
29,credit-approval,aime,0.42838691060595524,0.9257439658566557,0.6770654382313055,0.01368424772464018,6.503665691251707,,0.8695652173913043,0.8692307692307693,46,2,69
29,credit-approval,cos_fpde,0.4209693012872626,0.9211827370266292,0.6710760191569459,0.010508006275360287,1.3527864481329848,1.1916796052362414e-16,0.8695652173913043,0.8692307692307693,46,2,69
29,credit-approval,diff_fpde,0.418377841486072,0.9185024203034758,0.6684401308947738,0.010593148594203374,6.404210899256976,1.267504619780387e-15,0.8695652173913043,0.8692307692307693,46,2,69
29,credit-approval,hyb_fpde_grid,0.4209693012872626,0.9211827370266292,0.6710760191569459,0.014687195434781688,1.0,8.336729052665351e-17,0.8695652173913043,0.8692307692307693,46,2,69
29,credit-approval,lime,-0.026101554011331615,0.4758798056568676,0.22488912582276804,0.019702125130435108,0.6172593504218743,,0.8695652173913043,0.8692307692307693,46,2,69
29,credit-approval,shap,0.142035104459854,0.6055722025914682,0.3738036535256611,0.05085139976811544,5.1877759879761065,,0.8695652173913043,0.8692307692307693,46,2,69
