method,mean_deletion_drop_auc,std_deletion_drop_auc,mean_insertion_auc,std_insertion_auc,mean_combined_score,std_combined_score,mean_runtime_seconds,std_runtime_seconds,completed_instances,completed_tasks,mean_test_accuracy,mean_test_balanced_accuracy
aime,0.42838691060595524,0.29441664930467193,0.9257439658566557,0.036336609531646843,0.6770654382313055,0.1559675298907085,0.01368424772464018,0.0053958163778356225,69,1,0.8695652173913043,0.8692307692307693
cos_fpde,0.4209693012872626,0.29574913311383777,0.9211827370266292,0.041183827928257415,0.6710760191569459,0.1566704697181631,0.010508006275360287,0.004961867499840526,69,1,0.8695652173913043,0.8692307692307693
diff_fpde,0.418377841486072,0.29377273802374704,0.9185024203034758,0.0414624426289757,0.6684401308947738,0.1552374164771684,0.010593148594203374,0.005127767599945651,69,1,0.8695652173913043,0.8692307692307693
hyb_fpde_grid,0.4209693012872626,0.29574913311383777,0.9211827370266292,0.041183827928257415,0.6710760191569459,0.1566704697181631,0.014687195434781688,0.0062641493427905365,69,1,0.8695652173913043,0.8692307692307693
lime,-0.026101554011331615,0.13062735308215628,0.4758798056568676,0.2986261205097891,0.22488912582276804,0.184381245932579,0.019702125130435108,0.007899378913603513,69,1,0.8695652173913043,0.8692307692307693
shap,0.142035104459854,0.20564041406523142,0.6055722025914682,0.3829424333631907,0.3738036535256611,0.2781310469153924,0.05085139976811544,0.021929416169424037,69,1,0.8695652173913043,0.8692307692307693
