method,mean_deletion_drop_auc,std_deletion_drop_auc,mean_insertion_auc,std_insertion_auc,mean_combined_score,std_combined_score,mean_runtime_seconds,std_runtime_seconds,completed_instances,completed_tasks,mean_test_accuracy,mean_test_balanced_accuracy
aime,0.31640752695547747,0.1602986534787253,0.4624038267229907,0.20371557888032713,0.3894056768392341,0.14649323544599754,0.010831865749993312,0.004098955957885688,200,1,0.6143790849673203,0.47627161362560616
cos_fpde,0.302159210101814,0.16061500851768676,0.4530123073191119,0.20370165773182158,0.37758575871046296,0.1461106536950439,0.011195350375003273,0.002944366938659234,200,1,0.6143790849673203,0.47627161362560616
diff_fpde,0.2941707112226502,0.16092063784280977,0.4450648557264628,0.19881259887895422,0.3696177834745565,0.1425829792595941,0.009757417099997952,0.0033911885548187637,200,1,0.6143790849673203,0.47627161362560616
hyb_fpde_grid,0.302159210101814,0.16061500851768676,0.4530123073191119,0.20370165773182158,0.37758575871046296,0.1461106536950439,0.018250161515000515,0.005385820959263108,200,1,0.6143790849673203,0.47627161362560616
lime,0.21711460847459998,0.15776396772369453,0.36838299238373884,0.1746647044221374,0.2927488004291694,0.12747062099594936,0.03174591918500482,0.005394500190665242,200,1,0.6143790849673203,0.47627161362560616
shap,0.4190522309821559,0.180048240374854,0.5887091089599763,0.18668715769338645,0.5038806699710661,0.1634641442383359,0.38648833284500145,0.018276984299885706,200,1,0.6143790849673203,0.47627161362560616
