task_id,dataset_name,method,deletion_drop_auc,insertion_auc,combined_score,runtime_seconds,attr_l1_norm,mean_abs_exactness_residual,test_accuracy,test_balanced_accuracy,n_features_transformed,n_classes,ok
9985,first-order-theorem-proving,aime,0.31640752695547747,0.4624038267229907,0.3894056768392341,0.010831865749993312,8.476187025999806,,0.6143790849673203,0.47627161362560616,51,6,200
9985,first-order-theorem-proving,cos_fpde,0.302159210101814,0.4530123073191119,0.37758575871046296,0.011195350375003273,1.0065841318889521,6.192962809237202e-17,0.6143790849673203,0.47627161362560616,51,6,200
9985,first-order-theorem-proving,diff_fpde,0.2941707112226502,0.4450648557264628,0.3696177834745565,0.009757417099997952,11.383060913557287,8.214956492835768e-15,0.6143790849673203,0.47627161362560616,51,6,200
9985,first-order-theorem-proving,hyb_fpde_grid,0.302159210101814,0.4530123073191119,0.37758575871046296,0.018250161515000515,1.0,6.09061412415457e-17,0.6143790849673203,0.47627161362560616,51,6,200
9985,first-order-theorem-proving,lime,0.21711460847459998,0.36838299238373884,0.2927488004291694,0.03174591918500482,0.4964707066505348,,0.6143790849673203,0.47627161362560616,51,6,200
9985,first-order-theorem-proving,shap,0.4190522309821559,0.5887091089599763,0.5038806699710661,0.38648833284500145,2.865025049930761,,0.6143790849673203,0.47627161362560616,51,6,200
