task_id,dataset_name,method,deletion_drop_auc,insertion_auc,combined_score,runtime_seconds,attr_l1_norm,mean_abs_exactness_residual,test_accuracy,test_balanced_accuracy,n_features_transformed,n_classes,ok
3902,pc4,aime,0.12044973275288139,0.9402233711730345,0.5303365519629579,0.01080002294520474,7.807507992478519,,0.9246575342465754,0.7660590277777778,37,2,146
3902,pc4,cos_fpde,0.1217885017954612,0.9410240863807675,0.5314062940881144,0.00886421622602859,1.431424879968873,7.791403557341036e-17,0.9246575342465754,0.7660590277777778,37,2,146
3902,pc4,diff_fpde,0.11970365403976745,0.9411208701627481,0.5304122621012578,0.008577774568493039,18.744345365278654,3.723049266140251e-15,0.9246575342465754,0.7660590277777778,37,2,146
3902,pc4,hyb_fpde_grid,0.1215356070049681,0.9402842352241733,0.5309099211145706,0.013040029404109338,0.9974110940015074,8.015372992424343e-17,0.9246575342465754,0.7660590277777778,37,2,146
3902,pc4,lime,-0.002442571138287384,0.7497022459549116,0.3736298374083121,0.017368316636987454,0.36848420208226074,,0.9246575342465754,0.7660590277777778,37,2,146
3902,pc4,shap,0.027363319424042142,0.6802682950281262,0.35381580722608424,0.07249556704794545,4.713622359092044,,0.9246575342465754,0.7660590277777778,37,2,146
