method,mean_deletion_drop_auc,std_deletion_drop_auc,mean_insertion_auc,std_insertion_auc,mean_combined_score,std_combined_score,mean_runtime_seconds,std_runtime_seconds,completed_instances,completed_tasks,mean_test_accuracy,mean_test_balanced_accuracy
aime,0.8192762168472109,0.2244866340785352,0.8368055191705384,0.0849824640654621,0.8280408680088747,0.1034392866623789,0.061214905494981625,0.0074106861004653675,200,1,0.97,0.9697889281159697
cos_fpde,0.8283697131140945,0.20723943207145137,0.6909831226416913,0.2325839365174549,0.7596764178778928,0.12428883970337348,0.016174783454997625,0.0017860410449222354,200,1,0.97,0.9697889281159697
diff_fpde,0.8180463843031958,0.20983349978945479,0.7014925746947466,0.1934287253026443,0.7597694794989711,0.11654367577681526,0.017224745959996426,0.0032189189742617844,200,1,0.97,0.9697889281159697
hyb_fpde_grid,0.8283697131140945,0.20723943207145137,0.6909831226416913,0.2325839365174549,0.7596764178778928,0.12428883970337348,0.337183765694997,0.009610640849450887,200,1,0.97,0.9697889281159697
lime,0.38325615815592456,0.2498313437310433,0.25820975461512724,0.20965079048263865,0.32073295638552585,0.11148088299623456,0.27990308742999676,0.07006622593279364,200,1,0.97,0.9697889281159697
shap,0.8612803685892615,0.20541604581354708,0.9092034848769102,0.06370694479834944,0.8852419267330858,0.10436105054845411,0.5843147126599956,0.02071406328828543,200,1,0.97,0.9697889281159697
