task_id,dataset_name,method,deletion_drop_auc,insertion_auc,combined_score,runtime_seconds,attr_l1_norm,mean_abs_exactness_residual,test_accuracy,test_balanced_accuracy,n_features_transformed,n_classes,ok
9952,phoneme,aime,0.21694047838212097,0.7910016109494097,0.5039710446657653,0.004993603799999136,2.496665343224544,,0.8835489833641403,0.8716454279034542,5,2,200
9952,phoneme,cos_fpde,0.21703768194506917,0.7911501393639568,0.504093910654513,0.003900318559999505,1.6378723190626354,9.631184738623234e-17,0.8835489833641403,0.8716454279034542,5,2,200
9952,phoneme,diff_fpde,0.21489691478180661,0.7863520934115928,0.5006245040966997,0.0038570696400007875,4.566175772440605,5.985489881510376e-16,0.8835489833641403,0.8716454279034542,5,2,200
9952,phoneme,hyb_fpde_grid,0.21703768194506917,0.7911501393639568,0.504093910654513,0.007364156755000195,0.998802650116711,6.601490187829739e-17,0.8835489833641403,0.8716454279034542,5,2,200
9952,phoneme,lime,0.17149366644555042,0.7690307606870905,0.4702622135663204,0.030711646920000037,0.3415044021188146,,0.8835489833641403,0.8716454279034542,5,2,200
9952,phoneme,shap,0.15198271026654356,0.7127494831292167,0.4323660966978801,0.06925284887999951,3.3673626599454827,,0.8835489833641403,0.8716454279034542,5,2,200
