method,mean_deletion_drop_auc,std_deletion_drop_auc,mean_insertion_auc,std_insertion_auc,mean_combined_score,std_combined_score,mean_runtime_seconds,std_runtime_seconds,completed_instances,completed_tasks,mean_test_accuracy,mean_test_balanced_accuracy
aime,0.21694047838212097,0.153594082698321,0.7910016109494097,0.1478378149302602,0.5039710446657653,0.1137934570897444,0.004993603799999136,0.00013698938859307012,200,1,0.8835489833641403,0.8716454279034542
cos_fpde,0.21703768194506917,0.1535290165436056,0.7911501393639568,0.14761421807990172,0.504093910654513,0.11361776848362133,0.003900318559999505,8.735733197269237e-05,200,1,0.8835489833641403,0.8716454279034542
diff_fpde,0.21489691478180661,0.14951765503650305,0.7863520934115928,0.15375322013881335,0.5006245040966997,0.1151535842905841,0.0038570696400007875,6.0065655707609054e-05,200,1,0.8835489833641403,0.8716454279034542
hyb_fpde_grid,0.21703768194506917,0.1535290165436056,0.7911501393639568,0.14761421807990172,0.504093910654513,0.11361776848362133,0.007364156755000195,8.88108044845595e-05,200,1,0.8835489833641403,0.8716454279034542
lime,0.17149366644555042,0.15303879636768322,0.7690307606870905,0.15746733295113838,0.4702622135663204,0.09930095498760802,0.030711646920000037,0.0007121591859543286,200,1,0.8835489833641403,0.8716454279034542
shap,0.15198271026654356,0.1806745437716879,0.7127494831292167,0.15267809869946558,0.4323660966978801,0.125415736230482,0.06925284887999951,0.01352755506009049,200,1,0.8835489833641403,0.8716454279034542
