task_id,dataset_name,method,deletion_drop_auc,insertion_auc,combined_score,runtime_seconds,attr_l1_norm,mean_abs_exactness_residual,test_accuracy,test_balanced_accuracy,n_features_transformed,n_classes,ok
167141,churn,aime,0.12126214410109767,0.7991382111629796,0.4602001776320386,0.011565637090000393,6.984902351906268,,0.946,0.8370431893687708,33,2,200
167141,churn,cos_fpde,0.10817315026394313,0.7366977422908182,0.42243544627738067,0.009255365049999966,1.145908274967863,5.880278902692382e-17,0.946,0.8370431893687708,33,2,200
167141,churn,diff_fpde,0.11036485244411966,0.7381852028968691,0.4242750276704943,0.009177804009999733,5.350465561943964,1.835198659705384e-15,0.946,0.8370431893687708,33,2,200
167141,churn,hyb_fpde_grid,0.10817315026394313,0.7366977422908182,0.42243544627738067,0.0150917182149999,1.0,5.3811122224800555e-17,0.946,0.8370431893687708,33,2,200
167141,churn,lime,0.04624104677021437,0.6353037641571629,0.3407724054636887,0.017717284624997803,0.5100326130085026,,0.946,0.8370431893687708,33,2,200
167141,churn,shap,0.09460979103223593,0.7994923807087414,0.4470510858704887,0.07692555750500034,3.181192023305152,,0.946,0.8370431893687708,33,2,200
