method,mean_deletion_drop_auc,std_deletion_drop_auc,mean_insertion_auc,std_insertion_auc,mean_combined_score,std_combined_score,mean_runtime_seconds,std_runtime_seconds,completed_instances,completed_tasks,mean_test_accuracy,mean_test_balanced_accuracy
aime,0.12126214410109767,0.23180088822166678,0.7991382111629796,0.14211876584121524,0.4602001776320386,0.12447378601409903,0.011565637090000393,0.004387753472070033,200,1,0.946,0.8370431893687708
cos_fpde,0.10817315026394313,0.21586103277778654,0.7366977422908182,0.16216487131262086,0.42243544627738067,0.13378929385144653,0.009255365049999966,0.004771002931951242,200,1,0.946,0.8370431893687708
diff_fpde,0.11036485244411966,0.21444875456338225,0.7381852028968691,0.1619098987687082,0.4242750276704943,0.13239773541522035,0.009177804009999733,0.004962741571350141,200,1,0.946,0.8370431893687708
hyb_fpde_grid,0.10817315026394313,0.21586103277778654,0.7366977422908182,0.16216487131262086,0.42243544627738067,0.13378929385144653,0.0150917182149999,0.005803400903283717,200,1,0.946,0.8370431893687708
lime,0.04624104677021437,0.11160046047191076,0.6353037641571629,0.286259372204793,0.3407724054636887,0.14250062191865434,0.017717284624997803,0.00933636562245936,200,1,0.946,0.8370431893687708
shap,0.09460979103223593,0.22319716661982447,0.7994923807087414,0.19747429894290822,0.4470510858704887,0.15540792023401706,0.07692555750500034,0.014741287764132673,200,1,0.946,0.8370431893687708
