task_id,dataset_name,method,deletion_drop_auc,insertion_auc,combined_score,runtime_seconds,attr_l1_norm,mean_abs_exactness_residual,test_accuracy,test_balanced_accuracy,n_features_transformed,n_classes,ok
28,optdigits,aime,0.8471627024453704,0.9239889805189727,0.8855758414821716,0.010816997405000847,10.158330559978706,,0.9839857651245552,0.984145709100337,64,10,200
28,optdigits,cos_fpde,0.8379210076922459,0.8501824430892292,0.8440517253907375,0.011594916314999324,1.0115779865698078,6.175615574477434e-17,0.9839857651245552,0.984145709100337,64,10,200
28,optdigits,diff_fpde,0.8012482318339543,0.8134326606249062,0.8073404462294304,0.010385185754999355,50.27600654987261,4.1944225870338415e-15,0.9839857651245552,0.984145709100337,64,10,200
28,optdigits,hyb_fpde_grid,0.8379210076922459,0.8501824430892292,0.8440517253907375,0.017591167755001323,1.0,4.616966531312272e-17,0.9839857651245552,0.984145709100337,64,10,200
28,optdigits,lime,0.32835223122679147,0.39064312708024507,0.35949767915351827,0.034958802589999324,0.575330651453152,,0.9839857651245552,0.984145709100337,64,10,200
28,optdigits,shap,0.8752812704964267,0.9521658202767259,0.9137235453865762,0.5727358892149987,9.47468458186244,,0.9839857651245552,0.984145709100337,64,10,200
