method,mean_deletion_drop_auc,std_deletion_drop_auc,mean_insertion_auc,std_insertion_auc,mean_combined_score,std_combined_score,mean_runtime_seconds,std_runtime_seconds,completed_instances,completed_tasks,mean_test_accuracy,mean_test_balanced_accuracy
aime,0.8471627024453704,0.1413801754462227,0.9239889805189727,0.05821105662796487,0.8855758414821716,0.07600062685600924,0.010816997405000847,0.006475768032913889,200,1,0.9839857651245552,0.984145709100337
cos_fpde,0.8379210076922459,0.1414016000141534,0.8501824430892292,0.148683665574499,0.8440517253907375,0.10582410454958488,0.011594916314999324,0.0032810477270415785,200,1,0.9839857651245552,0.984145709100337
diff_fpde,0.8012482318339543,0.15915598067288228,0.8134326606249062,0.14807122971877157,0.8073404462294304,0.11022068508500288,0.010385185754999355,0.005024801060296714,200,1,0.9839857651245552,0.984145709100337
hyb_fpde_grid,0.8379210076922459,0.1414016000141534,0.8501824430892292,0.148683665574499,0.8440517253907375,0.10582410454958488,0.017591167755001323,0.004853906943858653,200,1,0.9839857651245552,0.984145709100337
lime,0.32835223122679147,0.28990690086110316,0.39064312708024507,0.29379719144432953,0.35949767915351827,0.22640944010271952,0.034958802589999324,0.0063891258049190046,200,1,0.9839857651245552,0.984145709100337
shap,0.8752812704964267,0.1250556037412743,0.9521658202767259,0.04667320736813035,0.9137235453865762,0.06960412728485249,0.5727358892149987,0.01994109656240731,200,1,0.9839857651245552,0.984145709100337
