task_id,dataset_name,method,deletion_drop_auc,insertion_auc,combined_score,runtime_seconds,attr_l1_norm,mean_abs_exactness_residual,test_accuracy,test_balanced_accuracy,n_features_transformed,n_classes,ok
7592,adult,aime,0.3003793237481804,0.8901653916577434,0.5952723577029619,0.013701683780000308,8.296467466903968,,0.8741044012282498,0.7923624149517358,104,2,200
7592,adult,cos_fpde,0.29314009308297395,0.8908926910848307,0.5920163920839023,0.012580865619999741,1.302998427539695,1.1443970771018996e-16,0.8741044012282498,0.7923624149517358,104,2,200
7592,adult,diff_fpde,0.29208029836347416,0.8897326313229407,0.5909064648432074,0.011314152849999743,6.565615979189767,2.1899149160731214e-15,0.8741044012282498,0.7923624149517358,104,2,200
7592,adult,hyb_fpde_grid,0.29314009308297395,0.8908926910848307,0.5920163920839023,0.04276841639999986,1.0,8.503614479238309e-17,0.8741044012282498,0.7923624149517358,104,2,200
7592,adult,lime,0.06945547565949625,0.6864758588783714,0.3779656672689338,0.02562912609500003,1.0128702185618894,,0.8741044012282498,0.7923624149517358,104,2,200
7592,adult,shap,0.08308257280578049,0.5825663391509142,0.3328244559783473,0.07326866207500003,3.7742536720093876,,0.8741044012282498,0.7923624149517358,104,2,200
