task_id,dataset_name,method,deletion_drop_auc,insertion_auc,combined_score,runtime_seconds,attr_l1_norm,mean_abs_exactness_residual,test_accuracy,test_balanced_accuracy,n_features_transformed,n_classes,ok
28,optdigits,aime,0.8571026126741822,0.9217810037049293,0.8894418081895558,0.010471357469999987,9.780459791962402,,0.9768683274021354,0.9770957566329617,64,10,200
28,optdigits,cos_fpde,0.8557406085311888,0.8607721410364987,0.8582563747838436,0.01113937836500085,0.9834315615752509,4.829470157119431e-17,0.9768683274021354,0.9770957566329617,64,10,200
28,optdigits,diff_fpde,0.8147160840883834,0.8259388556199849,0.8203274698541841,0.00970916733999701,50.55138418834511,5.160316618457727e-15,0.9768683274021354,0.9770957566329617,64,10,200
28,optdigits,hyb_fpde_grid,0.8557406085311888,0.8607721410364987,0.8582563747838436,0.01804698520999878,1.0,5.204170427930421e-17,0.9768683274021354,0.9770957566329617,64,10,200
28,optdigits,lime,0.3178483269182737,0.38731300392010426,0.352580665419189,0.03488803433999934,0.5819099961425263,,0.9768683274021354,0.9770957566329617,64,10,200
28,optdigits,shap,0.8807156395596302,0.9469562619568086,0.9138359507582193,0.5837591946300005,9.440258479523973,,0.9768683274021354,0.9770957566329617,64,10,200
