method,mean_deletion_drop_auc,std_deletion_drop_auc,mean_insertion_auc,std_insertion_auc,mean_combined_score,std_combined_score,mean_runtime_seconds,std_runtime_seconds,completed_instances,completed_tasks,mean_test_accuracy,mean_test_balanced_accuracy
aime,0.8571026126741822,0.13533887608591913,0.9217810037049293,0.061792210924134505,0.8894418081895558,0.06863372310220457,0.010471357469999987,0.005205534051598599,200,1,0.9768683274021354,0.9770957566329617
cos_fpde,0.8557406085311888,0.1254820986401103,0.8607721410364987,0.14169040012905948,0.8582563747838436,0.08571241247780584,0.01113937836500085,0.002840042116024957,200,1,0.9768683274021354,0.9770957566329617
diff_fpde,0.8147160840883834,0.15377307197109583,0.8259388556199849,0.13854625591804207,0.8203274698541841,0.09864188032148426,0.00970916733999701,0.004323524377421156,200,1,0.9768683274021354,0.9770957566329617
hyb_fpde_grid,0.8557406085311888,0.1254820986401103,0.8607721410364987,0.14169040012905948,0.8582563747838436,0.08571241247780584,0.01804698520999878,0.004916491920462884,200,1,0.9768683274021354,0.9770957566329617
lime,0.3178483269182737,0.27714064703821034,0.38731300392010426,0.28599618619400335,0.352580665419189,0.21707194788442213,0.03488803433999934,0.005400379251768552,200,1,0.9768683274021354,0.9770957566329617
shap,0.8807156395596302,0.13422215177566435,0.9469562619568086,0.048552160275799436,0.9138359507582193,0.06732685326483537,0.5837591946300005,0.01978312582239803,200,1,0.9768683274021354,0.9770957566329617
