task_id,dataset_name,method,deletion_drop_auc,insertion_auc,combined_score,runtime_seconds,attr_l1_norm,mean_abs_exactness_residual,test_accuracy,test_balanced_accuracy,n_features_transformed,n_classes,ok
3560,analcatdata_dmft,aime,0.19969986491149377,0.29899685410008214,0.249348359505788,0.0054380378374887075,4.214550715163977,,0.2625,0.2702228327228327,21,6,80
3560,analcatdata_dmft,cos_fpde,0.20423462889096583,0.2898797117708049,0.24705717033088534,0.0042230811375034705,0.9375023419967112,4.848552115355176e-17,0.2625,0.2702228327228327,21,6,80
3560,analcatdata_dmft,diff_fpde,0.2031794437640433,0.2865873727758167,0.24488340826993,0.004189335850004738,0.62540939812041,3.995935526912575e-16,0.2625,0.2702228327228327,21,6,80
3560,analcatdata_dmft,hyb_fpde_grid,0.20423462889096583,0.2898797117708049,0.24705717033088534,0.0065501575750047895,1.0,4.705437428587089e-17,0.2625,0.2702228327228327,21,6,80
3560,analcatdata_dmft,lime,-3.267002731816536e-05,0.1339420979091807,0.06695471394093129,0.015935195687508497,0.14997698588286001,,0.2625,0.2702228327228327,21,6,80
3560,analcatdata_dmft,shap,0.21567154269850222,0.322508506737239,0.2690900247178706,0.22020329722500379,1.7327144216340673,,0.2625,0.2702228327228327,21,6,80
