task_id,dataset_name,method,deletion_drop_auc,insertion_auc,combined_score,runtime_seconds,attr_l1_norm,mean_abs_exactness_residual,test_accuracy,test_balanced_accuracy,n_features_transformed,n_classes,ok
3917,kc1,aime,0.13808606936615284,0.7304209612121536,0.4342535152891533,0.005299433505001048,9.883393816854994,,0.8483412322274881,0.6283170391061452,21,2,200
3917,kc1,cos_fpde,0.1377804741078065,0.7305746915379814,0.434177582822894,0.004148713294996469,1.78486966264616,1.4550860516493457e-16,0.8483412322274881,0.6283170391061452,21,2,200
3917,kc1,diff_fpde,0.12876190788834063,0.7218606702154975,0.425311289051919,0.004092871379998542,27.29271878849926,4.597988656485086e-15,0.8483412322274881,0.6283170391061452,21,2,200
3917,kc1,hyb_fpde_grid,0.13115880645259848,0.7259098247602102,0.42853431560640426,0.006709036084995432,0.9903546132893516,9.33975119465913e-17,0.8483412322274881,0.6283170391061452,21,2,200
3917,kc1,lime,0.07810465595274876,0.6197564271330741,0.3489305415429114,0.010997167665000801,0.31586292449136744,,0.8483412322274881,0.6283170391061452,21,2,200
3917,kc1,shap,0.07049442772424759,0.5623464176430651,0.31642042268365633,0.0686930141049993,3.162361167585903,,0.8483412322274881,0.6283170391061452,21,2,200
