method,mean_deletion_drop_auc,std_deletion_drop_auc,mean_insertion_auc,std_insertion_auc,mean_combined_score,std_combined_score,mean_runtime_seconds,std_runtime_seconds,completed_instances,completed_tasks,mean_test_accuracy,mean_test_balanced_accuracy
aime,0.20152552569247928,0.19770721725574072,0.9630265701324894,0.13144457004588883,0.5822760479124842,0.1143363526318302,0.004730074165000459,9.089905995644654e-05,200,1,0.9731404958677686,0.8225562646960027
cos_fpde,0.20177175512514955,0.19772335164736757,0.9630306683773405,0.13144541874148646,0.582401211751245,0.11435834086923859,0.003796523360000137,0.00019501268037626753,200,1,0.9731404958677686,0.8225562646960027
diff_fpde,0.17380799309306988,0.19417655279505078,0.9571523590191765,0.13310808419526676,0.5654801760561232,0.11302767622142038,0.0037348894649996823,2.759072684214657e-05,200,1,0.9731404958677686,0.8225562646960027
hyb_fpde_grid,0.19809637862072513,0.193686051599851,0.9610508182485021,0.13650218584724505,0.5795735984346136,0.11414793268208558,0.006909439029999831,8.283089994135999e-05,200,1,0.9731404958677686,0.8225562646960027
lime,0.07575529293384645,0.1861209077669639,0.6433791006436301,0.3348461104501707,0.3595671967887382,0.2216880021734221,0.028918034794999343,0.0001864077519800593,200,1,0.9731404958677686,0.8225562646960027
shap,0.04914055678822246,0.1776971514414352,0.6531481982996334,0.29199338880984976,0.3511443775439279,0.1882490848253566,0.06388733790499991,0.01259724892783955,200,1,0.9731404958677686,0.8225562646960027
