task_id,dataset_name,method,deletion_drop_auc,insertion_auc,combined_score,runtime_seconds,attr_l1_norm,mean_abs_exactness_residual,test_accuracy,test_balanced_accuracy,n_features_transformed,n_classes,ok
146820,wilt,aime,0.20152552569247928,0.9630265701324894,0.5822760479124842,0.004730074165000459,1.7581539233700445,,0.9731404958677686,0.8225562646960027,5,2,200
146820,wilt,cos_fpde,0.20177175512514955,0.9630306683773405,0.582401211751245,0.003796523360000137,1.3959304343131944,8.694434061595757e-17,0.9731404958677686,0.8225562646960027,5,2,200
146820,wilt,diff_fpde,0.17380799309306988,0.9571523590191765,0.5654801760561232,0.0037348894649996823,2.1785209168904376,4.008599008287206e-16,0.9731404958677686,0.8225562646960027,5,2,200
146820,wilt,hyb_fpde_grid,0.19809637862072513,0.9610508182485021,0.5795735984346136,0.006909439029999831,0.9884247223093253,7.289308046054544e-17,0.9731404958677686,0.8225562646960027,5,2,200
146820,wilt,lime,0.07575529293384645,0.6433791006436301,0.3595671967887382,0.028918034794999343,0.48778633511387987,,0.9731404958677686,0.8225562646960027,5,2,200
146820,wilt,shap,0.04914055678822246,0.6531481982996334,0.3511443775439279,0.06388733790499991,3.7347411304870484,,0.9731404958677686,0.8225562646960027,5,2,200
