task_id,dataset_name,method,deletion_drop_auc,insertion_auc,combined_score,runtime_seconds,attr_l1_norm,mean_abs_exactness_residual,test_accuracy,test_balanced_accuracy,n_features_transformed,n_classes,ok
146820,wilt,aime,0.20277264750937815,0.9739239182451143,0.5883482828772462,0.004400490510001873,1.7942309198279875,,0.9752066115702479,0.8236479677527713,5,2,200
146820,wilt,cos_fpde,0.20297292827851204,0.9739239431737851,0.5884484357261486,0.0034141717600002152,1.409838875704017,8.545247842661751e-17,0.9752066115702479,0.8236479677527713,5,2,200
146820,wilt,diff_fpde,0.17312666895910467,0.9669236848431665,0.5700251769011355,0.0033779182749992744,2.0364818791077437,5.236783229278785e-16,0.9752066115702479,0.8236479677527713,5,2,200
146820,wilt,hyb_fpde_grid,0.20411945254311395,0.9739247766070076,0.5890221145750608,0.006278057914999238,0.9947606886335082,6.793177131925176e-17,0.9752066115702479,0.8236479677527713,5,2,200
146820,wilt,lime,0.0647840151228962,0.6422726258602269,0.3535283204915616,0.025354875619999006,0.5039311649828662,,0.9752066115702479,0.8236479677527713,5,2,200
146820,wilt,shap,0.0624601510343469,0.6915251085421894,0.37699262978826814,0.06342400076999923,3.41113891499363,,0.9752066115702479,0.8236479677527713,5,2,200
