method,mean_deletion_drop_auc,std_deletion_drop_auc,mean_insertion_auc,std_insertion_auc,mean_combined_score,std_combined_score,mean_runtime_seconds,std_runtime_seconds,completed_instances,completed_tasks,mean_test_accuracy,mean_test_balanced_accuracy
aime,0.5687274635289878,0.20657860111086157,0.8997920349711098,0.11831979645339434,0.7342597492500489,0.08844546192486819,0.010775436534999799,0.005363488057371455,200,1,0.9370932754880694,0.9298810508487928
cos_fpde,0.5692612424452779,0.20684400821493004,0.8999960806280173,0.11801292925672371,0.7346286615366476,0.0884446256747235,0.010667811985000313,0.0038399400839036805,200,1,0.9370932754880694,0.9298810508487928
diff_fpde,0.5756830516473643,0.20706835717710792,0.9015950426698457,0.11726556710941372,0.738639047158605,0.09040161973193342,0.010077934625000182,0.00412178408883204,200,1,0.9370932754880694,0.9298810508487928
hyb_fpde_grid,0.5756830516473643,0.20706835717710792,0.9015950426698457,0.11726556710941372,0.738639047158605,0.09040161973193342,0.016203997289999918,0.0051102202741743746,200,1,0.9370932754880694,0.9298810508487928
lime,0.02785362146402842,0.11930234490755212,0.44635138766888105,0.278906237006075,0.2371025045664547,0.14330558186520834,0.019781750720000914,0.006189899809029455,200,1,0.9370932754880694,0.9298810508487928
shap,0.28465459556532624,0.4334915574478016,0.5946328441823538,0.2985924834168914,0.43964371987384004,0.3475676558156847,0.08516916278999957,0.01478607665181687,200,1,0.9370932754880694,0.9298810508487928
