task_id,dataset_name,method,deletion_drop_auc,insertion_auc,combined_score,runtime_seconds,attr_l1_norm,mean_abs_exactness_residual,test_accuracy,test_balanced_accuracy,n_features_transformed,n_classes,ok
43,spambase,aime,0.5687274635289878,0.8997920349711098,0.7342597492500489,0.010775436534999799,7.061994860519816,,0.9370932754880694,0.9298810508487928,57,2,200
43,spambase,cos_fpde,0.5692612424452779,0.8999960806280173,0.7346286615366476,0.010667811985000313,1.211439109396311,6.901163668304733e-17,0.9370932754880694,0.9298810508487928,57,2,200
43,spambase,diff_fpde,0.5756830516473643,0.9015950426698457,0.738639047158605,0.010077934625000182,19.13806655300384,9.088008123825375e-15,0.9370932754880694,0.9298810508487928,57,2,200
43,spambase,hyb_fpde_grid,0.5756830516473643,0.9015950426698457,0.738639047158605,0.016203997289999918,1.0,4.68033814829405e-17,0.9370932754880694,0.9298810508487928,57,2,200
43,spambase,lime,0.02785362146402842,0.44635138766888105,0.2371025045664547,0.019781750720000914,0.7161233945684932,,0.9370932754880694,0.9298810508487928,57,2,200
43,spambase,shap,0.28465459556532624,0.5946328441823538,0.43964371987384004,0.08516916278999957,6.793062484500099,,0.9370932754880694,0.9298810508487928,57,2,200
