method,mean_deletion_drop_auc,std_deletion_drop_auc,mean_insertion_auc,std_insertion_auc,mean_combined_score,std_combined_score,mean_runtime_seconds,std_runtime_seconds,completed_instances,completed_tasks,mean_test_accuracy,mean_test_balanced_accuracy
aime,0.39691886912707747,0.22932686117688658,0.7161815495507041,0.1798413878935761,0.5565502093388908,0.13072836201341606,0.005102824385000701,0.0001320731660616858,200,1,0.8620917917034422,0.8571391560271928
cos_fpde,0.4119650117607147,0.22656172885963355,0.7264458677813024,0.17110071671751567,0.5692054397710085,0.12761116513612095,0.004044454315001644,0.0009951219304217406,200,1,0.8620917917034422,0.8571391560271928
diff_fpde,0.3913109854112921,0.22470722106215027,0.7126119266945089,0.1843087667260654,0.5519614560529005,0.13167060982128323,0.00402159003500131,0.0010704007072882302,200,1,0.8620917917034422,0.8571391560271928
hyb_fpde_grid,0.4119650117607147,0.22656172885963355,0.7264458677813024,0.17110071671751567,0.5692054397710085,0.12761116513612095,0.018494227944998443,0.0012921325977302575,200,1,0.8620917917034422,0.8571391560271928
lime,0.09327334790426,0.13991531642327934,0.4705073942880806,0.2982113730108397,0.28189037109617027,0.13341684730112222,0.009731440205000582,0.00013837012553803574,200,1,0.8620917917034422,0.8571391560271928
shap,0.1863128583260996,0.2205441709827176,0.4862766936227095,0.33303515498120845,0.33629477597440455,0.24577946993741484,0.06538766881500038,0.013319237439937532,200,1,0.8620917917034422,0.8571391560271928
