task_id,dataset_name,method,deletion_drop_auc,insertion_auc,combined_score,runtime_seconds,attr_l1_norm,mean_abs_exactness_residual,test_accuracy,test_balanced_accuracy,n_features_transformed,n_classes,ok
219,electricity,aime,0.39691886912707747,0.7161815495507041,0.5565502093388908,0.005102824385000701,2.802410219927418,,0.8620917917034422,0.8571391560271928,14,2,200
219,electricity,cos_fpde,0.4119650117607147,0.7264458677813024,0.5692054397710085,0.004044454315001644,1.1559350635157555,1.0984052209450646e-16,0.8620917917034422,0.8571391560271928,14,2,200
219,electricity,diff_fpde,0.3913109854112921,0.7126119266945089,0.5519614560529005,0.00402159003500131,3.495695110866166,1.0320563847976417e-15,0.8620917917034422,0.8571391560271928,14,2,200
219,electricity,hyb_fpde_grid,0.4119650117607147,0.7264458677813024,0.5692054397710085,0.018494227944998443,1.0,1.0119509397110704e-16,0.8620917917034422,0.8571391560271928,14,2,200
219,electricity,lime,0.09327334790426,0.4705073942880806,0.28189037109617027,0.009731440205000582,0.5013513033449655,,0.8620917917034422,0.8571391560271928,14,2,200
219,electricity,shap,0.1863128583260996,0.4862766936227095,0.33629477597440455,0.06538766881500038,3.125331904335892,,0.8620917917034422,0.8571391560271928,14,2,200
