method,mean_deletion_drop_auc,std_deletion_drop_auc,mean_insertion_auc,std_insertion_auc,mean_combined_score,std_combined_score,mean_runtime_seconds,std_runtime_seconds,completed_instances,completed_tasks,mean_test_accuracy,mean_test_balanced_accuracy
aime,0.31333252149809837,0.15647280368977473,0.4177928585725416,0.17452910576248068,0.36556269003531994,0.1411505930392271,0.011869588220001788,0.006380330320794162,200,1,0.5964052287581699,0.45849285176633325
cos_fpde,0.29918871129803737,0.15629662585662454,0.411530489418337,0.17417846739579543,0.3553596003581872,0.13973432376810913,0.011110306225000954,0.004499583994610963,200,1,0.5964052287581699,0.45849285176633325
diff_fpde,0.2945913793060763,0.1542419729990183,0.41078973079996317,0.16780451523109477,0.35269055505301977,0.13485851125794945,0.010877718244999527,0.00462248854274903,200,1,0.5964052287581699,0.45849285176633325
hyb_fpde_grid,0.29918871129803737,0.15629662585662454,0.411530489418337,0.17417846739579543,0.3553596003581872,0.13973432376810913,0.017875456109997287,0.006584819100759101,200,1,0.5964052287581699,0.45849285176633325
lime,0.18946259131478818,0.14643588522373077,0.3130256630237179,0.13316258474783257,0.25124412716925304,0.1105986480431565,0.03283365688000231,0.008619718028158167,200,1,0.5964052287581699,0.45849285176633325
shap,0.4034762077774172,0.16791517189225744,0.552796764130569,0.15416091530776532,0.47813648595399316,0.14568095276090723,0.3710761056150008,0.021968394917647873,200,1,0.5964052287581699,0.45849285176633325
