task_id,dataset_name,method,deletion_drop_auc,insertion_auc,combined_score,runtime_seconds,attr_l1_norm,mean_abs_exactness_residual,test_accuracy,test_balanced_accuracy,n_features_transformed,n_classes,ok
9985,first-order-theorem-proving,aime,0.31333252149809837,0.4177928585725416,0.36556269003531994,0.011869588220001788,8.493825373166361,,0.5964052287581699,0.45849285176633325,51,6,200
9985,first-order-theorem-proving,cos_fpde,0.29918871129803737,0.411530489418337,0.3553596003581872,0.011110306225000954,1.035984725795693,7.564695397865862e-17,0.5964052287581699,0.45849285176633325,51,6,200
9985,first-order-theorem-proving,diff_fpde,0.2945913793060763,0.41078973079996317,0.35269055505301977,0.010877718244999527,10.725293608168164,5.595524044110789e-15,0.5964052287581699,0.45849285176633325,51,6,200
9985,first-order-theorem-proving,hyb_fpde_grid,0.29918871129803737,0.411530489418337,0.3553596003581872,0.017875456109997287,1.0,6.088879400678593e-17,0.5964052287581699,0.45849285176633325,51,6,200
9985,first-order-theorem-proving,lime,0.18946259131478818,0.3130256630237179,0.25124412716925304,0.03283365688000231,0.48898640083344574,,0.5964052287581699,0.45849285176633325,51,6,200
9985,first-order-theorem-proving,shap,0.4034762077774172,0.552796764130569,0.47813648595399316,0.3710761056150008,2.706125354303556,,0.5964052287581699,0.45849285176633325,51,6,200
