task_id,dataset_name,method,deletion_drop_auc,insertion_auc,combined_score,runtime_seconds,attr_l1_norm,mean_abs_exactness_residual,test_accuracy,test_balanced_accuracy,n_features_transformed,n_classes,ok
22,mfeat-zernike,aime,0.7489563152787032,0.7793135989134145,0.7641349570960588,0.010883265060001151,9.602380395312185,,0.795,0.7950000000000002,47,10,200
22,mfeat-zernike,cos_fpde,0.7192122515202436,0.6985422333850088,0.7088772424526262,0.011254355444998225,0.7405796576158299,1.0593034695943748e-16,0.795,0.7950000000000002,47,10,200
22,mfeat-zernike,diff_fpde,0.6982010276583794,0.6665236079233031,0.6823623177908413,0.01013538397999838,33.67160704695872,6.361230986406952e-15,0.795,0.7950000000000002,47,10,200
22,mfeat-zernike,hyb_fpde_grid,0.7192122515202436,0.6985422333850088,0.7088772424526262,0.015649110014997518,1.0,6.770408886302981e-17,0.795,0.7950000000000002,47,10,200
22,mfeat-zernike,lime,0.512703751145596,0.47325701714308704,0.49298038414434153,0.040077231239998096,0.5065499280323411,,0.795,0.7950000000000002,47,10,200
22,mfeat-zernike,shap,0.7832052514153289,0.8458541008931096,0.8145296761542195,0.5995312986150008,8.02429306106064,,0.795,0.7950000000000002,47,10,200
