task_id,dataset_name,method,deletion_drop_auc,insertion_auc,combined_score,runtime_seconds,attr_l1_norm,mean_abs_exactness_residual,test_accuracy,test_balanced_accuracy,n_features_transformed,n_classes,ok
146800,MiceProtein,aime,0.7584035436364309,0.8529857410813224,0.8056946423588768,0.015175175879633159,13.67491250508915,,0.9259259259259259,0.9289835164835165,77,8,108
146800,MiceProtein,cos_fpde,0.7614482332186107,0.7385186807502848,0.7499834569844478,0.01441156275925666,0.6787568158138461,8.354781629901261e-17,0.9259259259259259,0.9289835164835165,77,8,108
146800,MiceProtein,diff_fpde,0.6861412728365058,0.6652866417258007,0.6757139572811532,0.013823673851849481,41.43402502972094,1.1400474186084319e-14,0.9259259259259259,0.9289835164835165,77,8,108
146800,MiceProtein,hyb_fpde_grid,0.7614482332186107,0.7385186807502848,0.7499834569844478,0.019126291009260714,1.0,5.53465131235841e-17,0.9259259259259259,0.9289835164835165,77,8,108
146800,MiceProtein,lime,0.42462991131215344,0.44399817934504554,0.4343140453285996,0.03696053186111267,0.7214450505707096,,0.9259259259259259,0.9289835164835165,77,8,108
146800,MiceProtein,shap,0.8234304525252021,0.9140677957334378,0.86874912412932,0.4284381578425896,8.152698926803822,,0.9259259259259259,0.9289835164835165,77,8,108
