method,mean_deletion_drop_auc,std_deletion_drop_auc,mean_insertion_auc,std_insertion_auc,mean_combined_score,std_combined_score,mean_runtime_seconds,std_runtime_seconds,completed_instances,completed_tasks,mean_test_accuracy,mean_test_balanced_accuracy
aime,0.09062961553632835,0.2109342214023762,0.8753434073602879,0.1650562800574929,0.4829865114483082,0.09895535231537916,0.005278476679244863,0.00041930188406261295,53,1,0.8113207547169812,0.6461038961038961
cos_fpde,0.08963746534815945,0.21112400470714263,0.8749800663562852,0.1652100198509567,0.4823087658522224,0.0988830538580618,0.004084119433961896,0.0004584032249330226,53,1,0.8113207547169812,0.6461038961038961
diff_fpde,0.10416409672131831,0.19320005795896864,0.8775320344295502,0.1712448679086982,0.49084806557543426,0.09153530718318494,0.004030395716981965,0.0005830657174343425,53,1,0.8113207547169812,0.6461038961038961
hyb_fpde_grid,0.10416409672131831,0.19320005795896864,0.8775320344295502,0.1712448679086982,0.49084806557543426,0.09153530718318494,0.005959216735850007,9.250622951563057e-05,53,1,0.8113207547169812,0.6461038961038961
lime,0.05286013675626797,0.25048342345780905,0.7374754616561301,0.13172065286949144,0.3951677992061991,0.1409164416745666,0.01019068671698084,0.0006257733959642065,53,1,0.8113207547169812,0.6461038961038961
shap,0.04331363298218262,0.26796814628974963,0.788120579757202,0.09891496979518107,0.41571710636969234,0.14366342540814686,0.03055739749056653,0.013622302757041767,53,1,0.8113207547169812,0.6461038961038961
