task_id,dataset_name,method,deletion_drop_auc,insertion_auc,combined_score,runtime_seconds,attr_l1_norm,mean_abs_exactness_residual,test_accuracy,test_balanced_accuracy,n_features_transformed,n_classes,ok
3913,kc2,aime,0.09062961553632835,0.8753434073602879,0.4829865114483082,0.005278476679244863,6.8129103032850225,,0.8113207547169812,0.6461038961038961,21,2,53
3913,kc2,cos_fpde,0.08963746534815945,0.8749800663562852,0.4823087658522224,0.004084119433961896,1.686502556676784,1.6548607348186294e-16,0.8113207547169812,0.6461038961038961,21,2,53
3913,kc2,diff_fpde,0.10416409672131831,0.8775320344295502,0.49084806557543426,0.004030395716981965,21.32261957582179,3.725531413765737e-15,0.8113207547169812,0.6461038961038961,21,2,53
3913,kc2,hyb_fpde_grid,0.10416409672131831,0.8775320344295502,0.49084806557543426,0.005959216735850007,1.0,8.851181056434492e-17,0.8113207547169812,0.6461038961038961,21,2,53
3913,kc2,lime,0.05286013675626797,0.7374754616561301,0.3951677992061991,0.01019068671698084,0.483090899465372,,0.8113207547169812,0.6461038961038961,21,2,53
3913,kc2,shap,0.04331363298218262,0.788120579757202,0.41571710636969234,0.03055739749056653,4.000680907441505,,0.8113207547169812,0.6461038961038961,21,2,53
