task_id,dataset_name,method,deletion_drop_auc,insertion_auc,combined_score,runtime_seconds,attr_l1_norm,mean_abs_exactness_residual,test_accuracy,test_balanced_accuracy,n_features_transformed,n_classes,ok
14970,har,aime,0.6792709750763066,0.8463641667911819,0.7628175709337442,0.054884574649995556,110.06657112301964,,0.9922330097087378,0.9923361653255246,561,6,200
14970,har,cos_fpde,0.8068602203479028,0.87283504417479,0.8398476322613465,0.012621191050010338,0.3506067998066774,7.356311740314148e-17,0.9922330097087378,0.9923361653255246,561,6,200
14970,har,diff_fpde,0.6680913275377766,0.7885516311530429,0.7283214793454098,0.01869068759999891,217.101153216328,2.934430476386751e-14,0.9922330097087378,0.9923361653255246,561,6,200
14970,har,hyb_fpde_grid,0.8068602203479028,0.87283504417479,0.8398476322613465,0.044475998685003335,1.0,4.148591192798534e-17,0.9922330097087378,0.9923361653255246,561,6,200
14970,har,lime,0.45142610211362966,0.5717101965962147,0.5115681493549222,0.2238911480700051,3.6058380150035947,,0.9922330097087378,0.9923361653255246,561,6,200
14970,har,shap,0.8832706805899019,0.9762006730722429,0.9297356768310724,0.34992712925500086,8.438077925531495,,0.9922330097087378,0.9923361653255246,561,6,200
