method,mean_deletion_drop_auc,std_deletion_drop_auc,mean_insertion_auc,std_insertion_auc,mean_combined_score,std_combined_score,mean_runtime_seconds,std_runtime_seconds,completed_instances,completed_tasks,mean_test_accuracy,mean_test_balanced_accuracy
aime,0.6792709750763066,0.21224648492492587,0.8463641667911819,0.15612019354560194,0.7628175709337442,0.14464806174142383,0.054884574649995556,0.00939985998815072,200,1,0.9922330097087378,0.9923361653255246
cos_fpde,0.8068602203479028,0.16856525395622773,0.87283504417479,0.114191405972594,0.8398476322613465,0.09963192662384937,0.012621191050010338,0.0009773661886506788,200,1,0.9922330097087378,0.9923361653255246
diff_fpde,0.6680913275377766,0.28640996524130236,0.7885516311530429,0.17680440615031257,0.7283214793454098,0.17864741366827147,0.01869068759999891,0.006494126257838977,200,1,0.9922330097087378,0.9923361653255246
hyb_fpde_grid,0.8068602203479028,0.16856525395622773,0.87283504417479,0.114191405972594,0.8398476322613465,0.09963192662384937,0.044475998685003335,0.0012384159131190605,200,1,0.9922330097087378,0.9923361653255246
lime,0.45142610211362966,0.2909119213508784,0.5717101965962147,0.33887020873373597,0.5115681493549222,0.2866256030349122,0.2238911480700051,0.07992371496679629,200,1,0.9922330097087378,0.9923361653255246
shap,0.8832706805899019,0.1437884095600682,0.9762006730722429,0.01036048071387244,0.9297356768310724,0.07051725936889253,0.34992712925500086,0.02108495722292685,200,1,0.9922330097087378,0.9923361653255246
