method,mean_deletion_drop_auc,std_deletion_drop_auc,mean_insertion_auc,std_insertion_auc,mean_combined_score,std_combined_score,mean_runtime_seconds,std_runtime_seconds,completed_instances,completed_tasks,mean_test_accuracy,mean_test_balanced_accuracy
aime,0.7754395020308712,0.12975304206299912,0.7546646045828864,0.1779879869612412,0.7650520533068788,0.11779791267942677,0.005479061254999351,0.00023677700821819294,200,1,0.990909090909091,0.9908943400338418
cos_fpde,0.7486869766805951,0.17219319647491843,0.6453805125373988,0.22534240629003607,0.6970337446089969,0.14442939785545483,0.004403464014999941,0.0009705997648126806,200,1,0.990909090909091,0.9908943400338418
diff_fpde,0.6571263313833567,0.21121799113638173,0.5394397995705178,0.22862126530309773,0.5982830654769373,0.1516667131264413,0.0043720270699989785,0.0010135098008716636,200,1,0.990909090909091,0.9908943400338418
hyb_fpde_grid,0.7486869766805951,0.17219319647491843,0.6453805125373988,0.22534240629003607,0.6970337446089969,0.14442939785545483,0.013501322615000078,0.0015696389387811556,200,1,0.990909090909091,0.9908943400338418
lime,0.4728952203912387,0.3250355200904185,0.4734691396869504,0.32379942877110995,0.47318218003909457,0.2904227717017714,0.023661693004999193,0.001388890723087156,200,1,0.990909090909091,0.9908943400338418
shap,0.8614586005749146,0.07382166192415075,0.8975564452283767,0.08589540281411383,0.8795075229016456,0.05381531708297082,0.5733785431050016,0.020500699902949553,200,1,0.990909090909091,0.9908943400338418
