task_id,dataset_name,method,deletion_drop_auc,insertion_auc,combined_score,runtime_seconds,attr_l1_norm,mean_abs_exactness_residual,test_accuracy,test_balanced_accuracy,n_features_transformed,n_classes,ok
32,pendigits,aime,0.7754395020308712,0.7546646045828864,0.7650520533068788,0.005479061254999351,4.890341245965112,,0.990909090909091,0.9908943400338418,16,10,200
32,pendigits,cos_fpde,0.7486869766805951,0.6453805125373988,0.6970337446089969,0.004403464014999941,1.0146108678023251,7.282369152150636e-17,0.990909090909091,0.9908943400338418,16,10,200
32,pendigits,diff_fpde,0.6571263313833567,0.5394397995705178,0.5982830654769373,0.0043720270699989785,19.07890496382504,1.5604184611106575e-15,0.990909090909091,0.9908943400338418,16,10,200
32,pendigits,hyb_fpde_grid,0.7486869766805951,0.6453805125373988,0.6970337446089969,0.013501322615000078,1.0,6.040523983785739e-17,0.990909090909091,0.9908943400338418,16,10,200
32,pendigits,lime,0.4728952203912387,0.4734691396869504,0.47318218003909457,0.023661693004999193,0.37092045199097723,,0.990909090909091,0.9908943400338418,16,10,200
32,pendigits,shap,0.8614586005749146,0.8975564452283767,0.8795075229016456,0.5733785431050016,9.61364041052701,,0.990909090909091,0.9908943400338418,16,10,200
