task_id,dataset_name,method,deletion_drop_auc,insertion_auc,combined_score,runtime_seconds,attr_l1_norm,mean_abs_exactness_residual,test_accuracy,test_balanced_accuracy,n_features_transformed,n_classes,ok
29,credit-approval,aime,0.43959024443066247,0.9248521360712462,0.6822211902509544,0.014180057362319157,6.4142573241539855,,0.8840579710144928,0.8782051282051282,46,2,69
29,credit-approval,cos_fpde,0.4300432802925399,0.9179724651498251,0.6740078727211826,0.01062384631884091,1.3438246128071027,1.298277105789019e-16,0.8840579710144928,0.8782051282051282,46,2,69
29,credit-approval,diff_fpde,0.4304714491122375,0.9183848395501037,0.6744281443311707,0.010936364159420009,6.525170746753039,1.6090188762683429e-15,0.8840579710144928,0.8782051282051282,46,2,69
29,credit-approval,hyb_fpde_grid,0.43005139926517294,0.9180658983077871,0.67405864878648,0.015206644086956666,0.9999971557476393,9.473098634029868e-17,0.8840579710144928,0.8782051282051282,46,2,69
29,credit-approval,lime,-0.02509084506235871,0.4481672193205082,0.21153818712907474,0.018625271260869724,0.6436881462558864,,0.8840579710144928,0.8782051282051282,46,2,69
29,credit-approval,shap,0.19113416750503673,0.6384668017168197,0.4148004846109282,0.05047278221739162,5.073079674550029,,0.8840579710144928,0.8782051282051282,46,2,69
