method,mean_deletion_drop_auc,std_deletion_drop_auc,mean_insertion_auc,std_insertion_auc,mean_combined_score,std_combined_score,mean_runtime_seconds,std_runtime_seconds,completed_instances,completed_tasks,mean_test_accuracy,mean_test_balanced_accuracy
aime,0.43959024443066247,0.30168739597033806,0.9248521360712462,0.04511492480179973,0.6822211902509544,0.16213364529827604,0.014180057362319157,0.005530695376688035,69,1,0.8840579710144928,0.8782051282051282
cos_fpde,0.4300432802925399,0.30600643627323443,0.9179724651498251,0.05393883969168376,0.6740078727211826,0.16540829244958055,0.01062384631884091,0.0052834828811794115,69,1,0.8840579710144928,0.8782051282051282
diff_fpde,0.4304714491122375,0.3055041580479038,0.9183848395501037,0.05321576936481982,0.6744281443311707,0.16482082345896515,0.010936364159420009,0.0054864002748411566,69,1,0.8840579710144928,0.8782051282051282
hyb_fpde_grid,0.43005139926517294,0.3060000455068028,0.9180658983077871,0.05400240124760865,0.67405864878648,0.1653769548359565,0.015206644086956666,0.00617097521056229,69,1,0.8840579710144928,0.8782051282051282
lime,-0.02509084506235871,0.13392611023891396,0.4481672193205082,0.2836305192222919,0.21153818712907474,0.1767112779912245,0.018625271260869724,0.006871608034206604,69,1,0.8840579710144928,0.8782051282051282
shap,0.19113416750503673,0.20603257276753115,0.6384668017168197,0.38499993822877676,0.4148004846109282,0.2794719303149825,0.05047278221739162,0.022250762305311617,69,1,0.8840579710144928,0.8782051282051282
