method,mean_deletion_drop_auc,std_deletion_drop_auc,mean_insertion_auc,std_insertion_auc,mean_combined_score,std_combined_score,mean_runtime_seconds,std_runtime_seconds,completed_instances,completed_tasks,mean_test_accuracy,mean_test_balanced_accuracy
aime,0.11745687005635924,0.17221816902549295,0.8294088175747043,0.15716176722625846,0.4734328438155318,0.06869769709989518,0.0042955944799935725,8.329403173890373e-05,75,1,0.7733333333333333,0.6228070175438596
cos_fpde,0.13714678762890087,0.17617092534800607,0.8339815256226585,0.15908676448850148,0.4855641566257796,0.07681450146697032,0.0033426430399974075,3.408032638231074e-05,75,1,0.7733333333333333,0.6228070175438596
diff_fpde,0.13669024253859802,0.1743428539131362,0.8325093293670223,0.16739055614577253,0.4845997859528101,0.07558840784384233,0.003311433906659052,4.2782895608450423e-05,75,1,0.7733333333333333,0.6228070175438596
hyb_fpde_grid,0.13799220923200956,0.1740277657726319,0.8355185661891337,0.1605843538052007,0.4867553877105716,0.07537464236748913,0.005144107160003841,0.0005469541366260164,75,1,0.7733333333333333,0.6228070175438596
lime,-0.004877497412175389,0.13479789020923041,0.6966818191947315,0.23147168484449104,0.34590216089127807,0.10207311441046472,0.019657585426672692,0.0003488141388115157,75,1,0.7733333333333333,0.6228070175438596
shap,0.01146983710178529,0.19879788387836342,0.7051483574859287,0.15421662638558298,0.358309097293857,0.09711576731821102,0.03539562014666899,0.02287982320518879,75,1,0.7733333333333333,0.6228070175438596
