task_id,dataset_name,method,deletion_drop_auc,insertion_auc,combined_score,runtime_seconds,attr_l1_norm,mean_abs_exactness_residual,test_accuracy,test_balanced_accuracy,n_features_transformed,n_classes,ok
10101,blood-transfusion-service-center,aime,0.11745687005635924,0.8294088175747043,0.4734328438155318,0.0042955944799935725,2.3105427160576872,,0.7733333333333333,0.6228070175438596,4,2,75
10101,blood-transfusion-service-center,cos_fpde,0.13714678762890087,0.8339815256226585,0.4855641566257796,0.0033426430399974075,1.5811735960599522,9.2796141141586e-17,0.7733333333333333,0.6228070175438596,4,2,75
10101,blood-transfusion-service-center,diff_fpde,0.13669024253859802,0.8325093293670223,0.4845997859528101,0.003311433906659052,2.170197630737232,2.102022259956963e-16,0.7733333333333333,0.6228070175438596,4,2,75
10101,blood-transfusion-service-center,hyb_fpde_grid,0.13799220923200956,0.8355185661891337,0.4867553877105716,0.005144107160003841,0.9976437561514832,6.402286108671736e-17,0.7733333333333333,0.6228070175438596,4,2,75
10101,blood-transfusion-service-center,lime,-0.004877497412175389,0.6966818191947315,0.34590216089127807,0.019657585426672692,0.2484598054324784,,0.7733333333333333,0.6228070175438596,4,2,75
10101,blood-transfusion-service-center,shap,0.01146983710178529,0.7051483574859287,0.358309097293857,0.03539562014666899,1.857228341594633,,0.7733333333333333,0.6228070175438596,4,2,75
