task_id,dataset_name,method,deletion_drop_auc,insertion_auc,combined_score,runtime_seconds,attr_l1_norm,mean_abs_exactness_residual,test_accuracy,test_balanced_accuracy,n_features_transformed,n_classes,ok
45,splice,aime,0.7284237061171289,0.8802699155731244,0.8043468108451266,0.035244013709999036,22.65027505596168,,0.9467084639498434,0.9494949494949495,287,3,200
45,splice,cos_fpde,0.738108024267126,0.8076917942429348,0.7728999092550304,0.016613276185001313,0.9641995018373276,5.342948306008566e-17,0.9467084639498434,0.9494949494949495,287,3,200
45,splice,diff_fpde,0.7244922542957168,0.8488075051364813,0.786649879716099,0.02319719606999989,13.837475351101448,4.010125564946065e-15,0.9467084639498434,0.9494949494949495,287,3,200
45,splice,hyb_fpde_grid,0.7284297224768879,0.8476029325064492,0.7880163274916686,0.01893777952499974,0.9968744784698977,3.452967078931835e-17,0.9467084639498434,0.9494949494949495,287,3,200
45,splice,lime,0.1308511048313021,0.2812433258314554,0.20604721533137876,0.18887685679500044,2.479014835926621,,0.9467084639498434,0.9494949494949495,287,3,200
45,splice,shap,0.80686265004554,0.9377111346038639,0.8722868923247019,0.1846287755000006,5.8811718906384325,,0.9467084639498434,0.9494949494949495,287,3,200
