method,mean_deletion_drop_auc,std_deletion_drop_auc,mean_insertion_auc,std_insertion_auc,mean_combined_score,std_combined_score,mean_runtime_seconds,std_runtime_seconds,completed_instances,completed_tasks,mean_test_accuracy,mean_test_balanced_accuracy
aime,0.7284237061171289,0.24526482355350207,0.8802699155731244,0.038254455423142326,0.8043468108451266,0.12892833063982564,0.035244013709999036,0.010202364889535494,200,1,0.9467084639498434,0.9494949494949495
cos_fpde,0.738108024267126,0.22078551842798844,0.8076917942429348,0.1412054191973981,0.7728999092550304,0.14754472904157534,0.016613276185001313,0.0064383802750683375,200,1,0.9467084639498434,0.9494949494949495
diff_fpde,0.7244922542957168,0.21142795907033432,0.8488075051364813,0.06592509056157903,0.786649879716099,0.12073724974004396,0.02319719606999989,0.005956755737702165,200,1,0.9467084639498434,0.9494949494949495
hyb_fpde_grid,0.7284297224768879,0.21255613497752643,0.8476029325064492,0.07736030168558655,0.7880163274916686,0.12466260077777927,0.01893777952499974,0.0050618443282823425,200,1,0.9467084639498434,0.9494949494949495
lime,0.1308511048313021,0.06880771472013798,0.2812433258314554,0.16019245903644308,0.20604721533137876,0.08368096213311742,0.18887685679500044,0.07306055189732184,200,1,0.9467084639498434,0.9494949494949495
shap,0.80686265004554,0.1702285162873108,0.9377111346038639,0.032275379546079855,0.8722868923247019,0.09274229761025907,0.1846287755000006,0.016312402357872076,200,1,0.9467084639498434,0.9494949494949495
