task_id,dataset_name,method,deletion_drop_auc,insertion_auc,combined_score,runtime_seconds,attr_l1_norm,mean_abs_exactness_residual,test_accuracy,test_balanced_accuracy,n_features_transformed,n_classes,ok
32,pendigits,aime,0.7798950280761775,0.743894380716783,0.7618947043964802,0.004990718559998015,4.84508244424832,,0.989090909090909,0.9889743225989505,16,10,200
32,pendigits,cos_fpde,0.7416884815327565,0.641491087301153,0.6915897844169548,0.0038716895050038146,1.005045859362807,7.05165092984572e-17,0.989090909090909,0.9889743225989505,16,10,200
32,pendigits,diff_fpde,0.6415300992853615,0.531129997057377,0.5863300481713692,0.0038338609749999364,19.257081256348844,1.3772316620475066e-15,0.989090909090909,0.9889743225989505,16,10,200
32,pendigits,hyb_fpde_grid,0.7416884815327565,0.641491087301153,0.6915897844169548,0.012473619469999165,1.0,5.554150889208742e-17,0.989090909090909,0.9889743225989505,16,10,200
32,pendigits,lime,0.46975615638006135,0.4529136429849925,0.4613348996825269,0.024072924379999562,0.366696619901432,,0.989090909090909,0.9889743225989505,16,10,200
32,pendigits,shap,0.862547052806117,0.8933197740317478,0.8779334134189324,0.5501550883599964,9.643869220535283,,0.989090909090909,0.9889743225989505,16,10,200
