method,mean_deletion_drop_auc,std_deletion_drop_auc,mean_insertion_auc,std_insertion_auc,mean_combined_score,std_combined_score,mean_runtime_seconds,std_runtime_seconds,completed_instances,completed_tasks,mean_test_accuracy,mean_test_balanced_accuracy
aime,0.7798950280761775,0.11485294012297453,0.743894380716783,0.19518227195350318,0.7618947043964802,0.11663936028642018,0.004990718559998015,5.760739215703244e-05,200,1,0.989090909090909,0.9889743225989505
cos_fpde,0.7416884815327565,0.14822751012912486,0.641491087301153,0.24473498854534181,0.6915897844169548,0.1623344298426827,0.0038716895050038146,0.00016931428992625325,200,1,0.989090909090909,0.9889743225989505
diff_fpde,0.6415300992853615,0.21265534845269565,0.531129997057377,0.2417841235674561,0.5863300481713692,0.17908270885328942,0.0038338609749999364,0.0001623997147788117,200,1,0.989090909090909,0.9889743225989505
hyb_fpde_grid,0.7416884815327565,0.14822751012912486,0.641491087301153,0.24473498854534181,0.6915897844169548,0.1623344298426827,0.012473619469999165,0.0003487736916643244,200,1,0.989090909090909,0.9889743225989505
lime,0.46975615638006135,0.33352007961100116,0.4529136429849925,0.3203083970484552,0.4613348996825269,0.28679961769529033,0.024072924379999562,0.0002596748413758876,200,1,0.989090909090909,0.9889743225989505
shap,0.862547052806117,0.0838003929332468,0.8933197740317478,0.09536606112749343,0.8779334134189324,0.05850295593948979,0.5501550883599964,0.02012761513238508,200,1,0.989090909090909,0.9889743225989505
