method,mean_deletion_drop_auc,std_deletion_drop_auc,mean_insertion_auc,std_insertion_auc,mean_combined_score,std_combined_score,mean_runtime_seconds,std_runtime_seconds,completed_instances,completed_tasks,mean_test_accuracy,mean_test_balanced_accuracy
aime,0.34325558364979286,0.25083406429778055,0.9393125837865429,0.0895589331474618,0.6412840837181679,0.11838165287105847,0.023018278785001057,0.006896096378889828,200,1,0.9637365825355382,0.9560117792103623
cos_fpde,0.3474018425168457,0.25291996396782207,0.9406660743215532,0.08950076916782485,0.6440339584191994,0.11962293016521086,0.018498393590001286,0.004149450045882368,200,1,0.9637365825355382,0.9560117792103623
diff_fpde,0.3503617280247749,0.24614962631341009,0.9399789248432873,0.0886549934607516,0.6451703264340312,0.11454047747109301,0.01875746239000179,0.004392299899626768,200,1,0.9637365825355382,0.9560117792103623
hyb_fpde_grid,0.3508838985261676,0.24927467381869467,0.9401975769858965,0.08866151699781112,0.645540737756032,0.11655187791034118,0.04237954916499945,0.006268973621293332,200,1,0.9637365825355382,0.9560117792103623
lime,0.2261759347527116,0.17234032947229178,0.8042187082445001,0.26786051467956296,0.5151973214986058,0.1845594010434396,0.06390982377499937,0.040085235113615406,200,1,0.9637365825355382,0.9560117792103623
shap,0.3645086720637583,0.25051321253951303,0.7651364127268512,0.353698158767405,0.5648225423953047,0.28007678297780836,0.06676217761499913,0.01457028165564869,200,1,0.9637365825355382,0.9560117792103623
