task_id,dataset_name,method,deletion_drop_auc,insertion_auc,combined_score,runtime_seconds,attr_l1_norm,mean_abs_exactness_residual,test_accuracy,test_balanced_accuracy,n_features_transformed,n_classes,ok
9977,nomao,aime,0.34325558364979286,0.9393125837865429,0.6412840837181679,0.023018278785001057,25.93873742454924,,0.9637365825355382,0.9560117792103623,174,2,200
9977,nomao,cos_fpde,0.3474018425168457,0.9406660743215532,0.6440339584191994,0.018498393590001286,1.2981888791886533,1.1112638587107427e-16,0.9637365825355382,0.9560117792103623,174,2,200
9977,nomao,diff_fpde,0.3503617280247749,0.9399789248432873,0.6451703264340312,0.01875746239000179,73.59121732233216,1.3135048604340227e-14,0.9637365825355382,0.9560117792103623,174,2,200
9977,nomao,hyb_fpde_grid,0.3508838985261676,0.9401975769858965,0.645540737756032,0.04237954916499945,0.9965653779946372,6.605826996519681e-17,0.9637365825355382,0.9560117792103623,174,2,200
9977,nomao,lime,0.2261759347527116,0.8042187082445001,0.5151973214986058,0.06390982377499937,1.378502659155559,,0.9637365825355382,0.9560117792103623,174,2,200
9977,nomao,shap,0.3645086720637583,0.7651364127268512,0.5648225423953047,0.06676217761499913,5.348855454009257,,0.9637365825355382,0.9560117792103623,174,2,200
