task_id,dataset_name,method,deletion_drop_auc,insertion_auc,combined_score,runtime_seconds,attr_l1_norm,mean_abs_exactness_residual,test_accuracy,test_balanced_accuracy,n_features_transformed,n_classes,ok
146825,Fashion-MNIST,aime,0.6935499929516502,0.6822471511411109,0.6878985720463805,0.06096127787000341,105.64569319175857,,0.8941428571428571,0.8941428571428572,784,10,200
146825,Fashion-MNIST,cos_fpde,0.7142738581122177,0.6147180723740249,0.6644959652431213,0.01635643401500488,0.6491005806083789,6.281433706512019e-17,0.8941428571428571,0.8941428571428572,784,10,200
146825,Fashion-MNIST,diff_fpde,0.6943191700117276,0.6141593743714663,0.6542392721915969,0.018045067354989897,478.14111058804554,5.918820988881635e-14,0.8941428571428571,0.8941428571428572,784,10,200
146825,Fashion-MNIST,hyb_fpde_grid,0.7142738581122177,0.6147180723740249,0.6644959652431213,0.33649019580500067,1.0,4.399258735077183e-17,0.8941428571428571,0.8941428571428572,784,10,200
146825,Fashion-MNIST,lime,0.29841966796192587,0.25279540159419317,0.2756075347780595,0.28548068477499894,2.656037354612098,,0.8941428571428571,0.8941428571428572,784,10,200
146825,Fashion-MNIST,shap,0.8227874805594998,0.8920452072405963,0.8574163439000481,0.5977826861050016,7.923273690406174,,0.8941428571428571,0.8941428571428572,784,10,200
