method,mean_deletion_drop_auc,std_deletion_drop_auc,mean_insertion_auc,std_insertion_auc,mean_combined_score,std_combined_score,mean_runtime_seconds,std_runtime_seconds,completed_instances,completed_tasks,mean_test_accuracy,mean_test_balanced_accuracy
aime,0.7809781881974303,0.2114050264357584,0.9225907009370262,0.13623635444212198,0.8517844445672282,0.15218864119637474,0.05821700757407542,0.00675867681761279,108,1,0.8796296296296297,0.8796296296296297
cos_fpde,0.6904094786517635,0.26646051947817034,0.5211793958092357,0.2589750156832934,0.6057944372304996,0.21127507095284961,0.01859192295370454,0.0007210439868931322,108,1,0.8796296296296297,0.8796296296296297
diff_fpde,0.700420712361464,0.23950980626707297,0.4659478164392308,0.21743861655292748,0.5831842644003473,0.1759089390756879,0.0187014169814806,0.0007670465057630952,108,1,0.8796296296296297,0.8796296296296297
hyb_fpde_grid,0.6904094786517635,0.26646051947817034,0.5211793958092357,0.2589750156832934,0.6057944372304996,0.21127507095284961,0.02793297843518556,0.0008928500090807059,108,1,0.8796296296296297,0.8796296296296297
lime,0.41868823647160935,0.3579391941442798,0.2674470495992523,0.18325522305699105,0.3430676430354308,0.22621108594871842,0.32335414981481503,0.05560113022890449,108,1,0.8796296296296297,0.8796296296296297
shap,0.7375439153352632,0.24255876200050547,0.5134122458689562,0.16981050847511428,0.6254780806021096,0.16016168786914636,0.33585525948148254,0.017367594524122464,108,1,0.8796296296296297,0.8796296296296297
