task_id,dataset_name,method,deletion_drop_auc,insertion_auc,combined_score,runtime_seconds,attr_l1_norm,mean_abs_exactness_residual,test_accuracy,test_balanced_accuracy,n_features_transformed,n_classes,ok
9981,cnae-9,aime,0.7809781881974303,0.9225907009370262,0.8517844445672282,0.05821700757407542,4.8300484100356,,0.8796296296296297,0.8796296296296297,856,9,108
9981,cnae-9,cos_fpde,0.6904094786517635,0.5211793958092357,0.6057944372304996,0.01859192295370454,0.40989289917850685,7.269776344695397e-17,0.8796296296296297,0.8796296296296297,856,9,108
9981,cnae-9,diff_fpde,0.700420712361464,0.4659478164392308,0.5831842644003473,0.0187014169814806,101.36327403806483,4.309310110396904e-14,0.8796296296296297,0.8796296296296297,856,9,108
9981,cnae-9,hyb_fpde_grid,0.6904094786517635,0.5211793958092357,0.6057944372304996,0.02793297843518556,1.0,8.700923212376263e-17,0.8796296296296297,0.8796296296296297,856,9,108
9981,cnae-9,lime,0.41868823647160935,0.2674470495992523,0.3430676430354308,0.32335414981481503,4.852752625397721,,0.8796296296296297,0.8796296296296297,856,9,108
9981,cnae-9,shap,0.7375439153352632,0.5134122458689562,0.6254780806021096,0.33585525948148254,7.457807160321818,,0.8796296296296297,0.8796296296296297,856,9,108
