method,mean_deletion_drop_auc,std_deletion_drop_auc,mean_insertion_auc,std_insertion_auc,mean_combined_score,std_combined_score,mean_runtime_seconds,std_runtime_seconds,completed_instances,completed_tasks,mean_test_accuracy,mean_test_balanced_accuracy
aime,0.053328499142807635,0.11355262180984348,0.9613345529281931,0.13035272183744334,0.5073315260355004,0.0453184861493685,0.006033026540540239,0.0038214596083871945,111,1,0.954954954954955,0.709478021978022
cos_fpde,0.05134296782032312,0.11154903329071128,0.9615346184478015,0.12840917170453808,0.5064387931340623,0.04285385263218817,0.004493653081081203,0.00205947783725049,111,1,0.954954954954955,0.709478021978022
diff_fpde,0.04281398072806105,0.11498816023829751,0.9600235460276894,0.12856812120024158,0.5014187633778753,0.04527975969913614,0.004411122558557942,0.0019167903231913038,111,1,0.954954954954955,0.709478021978022
hyb_fpde_grid,0.05134296782032312,0.11154903329071128,0.9615346184478015,0.12840917170453808,0.5064387931340623,0.04285385263218817,0.006898382540540964,0.0029852783407171503,111,1,0.954954954954955,0.709478021978022
lime,0.027706909765067247,0.09180480837842327,0.8669861010966388,0.18823917531169637,0.447346505430853,0.0901782025719643,0.011432332828828702,0.0016649522183949162,111,1,0.954954954954955,0.709478021978022
shap,0.013282844127231384,0.1293217910443083,0.8092166314302806,0.14985164961894726,0.411249737778756,0.0907183404993147,0.0671325433783791,0.01827450035658279,111,1,0.954954954954955,0.709478021978022
