task_id,dataset_name,method,deletion_drop_auc,insertion_auc,combined_score,runtime_seconds,attr_l1_norm,mean_abs_exactness_residual,test_accuracy,test_balanced_accuracy,n_features_transformed,n_classes,ok
3918,pc1,aime,0.053328499142807635,0.9613345529281931,0.5073315260355004,0.006033026540540239,8.249087363852915,,0.954954954954955,0.709478021978022,21,2,111
3918,pc1,cos_fpde,0.05134296782032312,0.9615346184478015,0.5064387931340623,0.004493653081081203,1.5977203099505983,1.472170733666804e-16,0.954954954954955,0.709478021978022,21,2,111
3918,pc1,diff_fpde,0.04281398072806105,0.9600235460276894,0.5014187633778753,0.004411122558557942,23.046812502891072,3.0726172357193523e-15,0.954954954954955,0.709478021978022,21,2,111
3918,pc1,hyb_fpde_grid,0.05134296782032312,0.9615346184478015,0.5064387931340623,0.006898382540540964,1.0,8.320421428919388e-17,0.954954954954955,0.709478021978022,21,2,111
3918,pc1,lime,0.027706909765067247,0.8669861010966388,0.447346505430853,0.011432332828828702,0.3320013657668237,,0.954954954954955,0.709478021978022,21,2,111
3918,pc1,shap,0.013282844127231384,0.8092166314302806,0.411249737778756,0.0671325433783791,4.390898224764599,,0.954954954954955,0.709478021978022,21,2,111
