task_id,dataset_name,method,deletion_drop_auc,insertion_auc,combined_score,runtime_seconds,attr_l1_norm,mean_abs_exactness_residual,test_accuracy,test_balanced_accuracy,n_features_transformed,n_classes,ok
9960,wall-robot-navigation,aime,0.5789585460638422,0.7560948348393756,0.6675266904516088,0.0050411656700035225,5.465061565232147,,0.9963369963369964,0.995760743321719,24,4,200
9960,wall-robot-navigation,cos_fpde,0.5521235157876367,0.72702312081607,0.6395733183018534,0.0038739362450007776,1.1816882816736822,6.434089372397978e-17,0.9963369963369964,0.995760743321719,24,4,200
9960,wall-robot-navigation,diff_fpde,0.5596391957683732,0.7225136656567835,0.6410764307125782,0.003856951659996355,12.054114367986791,2.139954879964989e-15,0.9963369963369964,0.995760743321719,24,4,200
9960,wall-robot-navigation,hyb_fpde_grid,0.5521235157876367,0.72702312081607,0.6395733183018534,0.007774537114997031,1.0,5.226288152249126e-17,0.9963369963369964,0.995760743321719,24,4,200
9960,wall-robot-navigation,lime,0.371944713280443,0.5040131537411273,0.43797893351078515,0.01366320258499968,0.5783891282146234,,0.9963369963369964,0.995760743321719,24,4,200
9960,wall-robot-navigation,shap,0.8244785929243571,0.9527426426412242,0.8886106177827906,0.22428881984000099,6.007839403601601,,0.9963369963369964,0.995760743321719,24,4,200
