task_id,dataset_name,method,deletion_drop_auc,insertion_auc,combined_score,runtime_seconds,attr_l1_norm,mean_abs_exactness_residual,test_accuracy,test_balanced_accuracy,n_features_transformed,n_classes,ok
167141,churn,aime,0.14792058373318057,0.8038135167911455,0.4758670502621631,0.005390376865000093,7.557927244136262,,0.94,0.8215946843853821,33,2,200
167141,churn,cos_fpde,0.12622552627428385,0.7240316352987866,0.4251285807865352,0.004081687130000518,1.1564641501372792,6.381180306380684e-17,0.94,0.8215946843853821,33,2,200
167141,churn,diff_fpde,0.12959172147572073,0.7306697602871327,0.4301307408814267,0.004032025524999412,5.155037901812077,1.6966983373833956e-15,0.94,0.8215946843853821,33,2,200
167141,churn,hyb_fpde_grid,0.13002853148843377,0.7316087153086162,0.430818623398525,0.007926383805000442,0.9984161046667601,5.37851013726609e-17,0.94,0.8215946843853821,33,2,200
167141,churn,lime,0.03423449221040577,0.5904268481075429,0.3123306701589743,0.012374096800000345,0.5589863927027892,,0.94,0.8215946843853821,33,2,200
167141,churn,shap,0.09989743183859394,0.7578808114136528,0.4288891216261234,0.0636419904249994,3.1655962661200867,,0.94,0.8215946843853821,33,2,200
