task_id,dataset_name,method,deletion_drop_auc,insertion_auc,combined_score,runtime_seconds,attr_l1_norm,mean_abs_exactness_residual,test_accuracy,test_balanced_accuracy,n_features_transformed,n_classes,ok
12,mfeat-factors,aime,0.8342999597585719,0.9390891610632396,0.8866945604109057,0.0315143907599996,36.67694344352774,,0.955,0.955,216,10,200
12,mfeat-factors,cos_fpde,0.8231942219245515,0.899671924450905,0.8614330731877282,0.018302927684999446,0.8920176807055041,9.580877757819905e-17,0.955,0.955,216,10,200
12,mfeat-factors,diff_fpde,0.7110986548407585,0.809224428922725,0.7601615418817418,0.022950489205001076,216.77513089988915,1.9011459073681182e-14,0.955,0.955,216,10,200
12,mfeat-factors,hyb_fpde_grid,0.8231942219245515,0.899671924450905,0.8614330731877282,0.0181698677299984,1.0,4.351553839487821e-17,0.955,0.955,216,10,200
12,mfeat-factors,lime,0.40957277939260955,0.5378510659455451,0.47371192266907725,0.15335560148999747,1.2027112906556843,,0.955,0.955,216,10,200
12,mfeat-factors,shap,0.8682296799360734,0.9586890183982506,0.9134593491671619,0.5704669266149984,9.276863989934686,,0.955,0.955,216,10,200
