method,mean_deletion_drop_auc,std_deletion_drop_auc,mean_insertion_auc,std_insertion_auc,mean_combined_score,std_combined_score,mean_runtime_seconds,std_runtime_seconds,completed_instances,completed_tasks,mean_test_accuracy,mean_test_balanced_accuracy
aime,0.8117743614722982,0.2055040110849829,0.8151457806661614,0.1845785158646883,0.8134600710692298,0.16353900740442262,0.005842311131314343,0.00013470420404145038,99,1,0.9191919191919192,0.919191919191919
cos_fpde,0.7669051932664926,0.22138314276514093,0.5859658380967927,0.33817713267153615,0.6764355156816426,0.22518063428808746,0.004562655252519709,6.079753076661772e-05,99,1,0.9191919191919192,0.919191919191919
diff_fpde,0.7346435636765483,0.2589159048288482,0.6075462116153226,0.30783543380667144,0.6710948876459354,0.23052039418150203,0.004508379626259691,0.00011101069474803431,99,1,0.9191919191919192,0.919191919191919
hyb_fpde_grid,0.7560934419302239,0.2233670194522117,0.5785257052010436,0.33940460423683505,0.6673095735656337,0.2228308341901368,0.007184669131314167,9.847066628028368e-05,99,1,0.9191919191919192,0.919191919191919
lime,0.5761560472881312,0.30155153743285745,0.408237790138622,0.3154671801852134,0.4921969187133766,0.2516097426140758,0.03598172615151795,0.0019417242051135057,99,1,0.9191919191919192,0.919191919191919
shap,0.8222230469840417,0.22895882604644435,0.858924473286319,0.1319983944713213,0.8405737601351804,0.14653371593888798,0.5871048823030306,0.02028317808888208,99,1,0.9191919191919192,0.919191919191919
