task_id,dataset_name,method,deletion_drop_auc,insertion_auc,combined_score,runtime_seconds,attr_l1_norm,mean_abs_exactness_residual,test_accuracy,test_balanced_accuracy,n_features_transformed,n_classes,ok
3022,vowel,aime,0.8117743614722982,0.8151457806661614,0.8134600710692298,0.005842311131314343,3.6146238968421356,,0.9191919191919192,0.919191919191919,27,11,99
3022,vowel,cos_fpde,0.7669051932664926,0.5859658380967927,0.6764355156816426,0.004562655252519709,0.5863642453044803,1.051172336604532e-16,0.9191919191919192,0.919191919191919,27,11,99
3022,vowel,diff_fpde,0.7346435636765483,0.6075462116153226,0.6710948876459354,0.004508379626259691,5.220817442444724,1.139520576663876e-15,0.9191919191919192,0.919191919191919,27,11,99
3022,vowel,hyb_fpde_grid,0.7560934419302239,0.5785257052010436,0.6673095735656337,0.007184669131314167,0.9696963001621183,5.593169025573705e-17,0.9191919191919192,0.919191919191919,27,11,99
3022,vowel,lime,0.5761560472881312,0.408237790138622,0.4921969187133766,0.03598172615151795,0.33730041519200893,,0.9191919191919192,0.919191919191919,27,11,99
3022,vowel,shap,0.8222230469840417,0.858924473286319,0.8405737601351804,0.5871048823030306,7.290045667497331,,0.9191919191919192,0.919191919191919,27,11,99
