task_id,dataset_name,method,deletion_drop_auc,insertion_auc,combined_score,runtime_seconds,attr_l1_norm,mean_abs_exactness_residual,test_accuracy,test_balanced_accuracy,n_features_transformed,n_classes,ok
9952,phoneme,aime,0.21399782346444124,0.7706975755962878,0.4923476995303645,0.004469411314999334,2.474234574674387,,0.8946395563770796,0.8813345846093056,5,2,200
9952,phoneme,cos_fpde,0.21447178422696583,0.7709447924026592,0.49270828831481256,0.003411727519999914,1.6444289180332452,9.051787097646979e-17,0.8946395563770796,0.8813345846093056,5,2,200
9952,phoneme,diff_fpde,0.2160095206391208,0.7723202951406494,0.4941649078898851,0.003395290224998817,4.4169973301341745,5.202088759759249e-16,0.8946395563770796,0.8813345846093056,5,2,200
9952,phoneme,hyb_fpde_grid,0.2160095206391208,0.7723202951406494,0.4941649078898851,0.00661361400999958,1.0,5.788338558465611e-17,0.8946395563770796,0.8813345846093056,5,2,200
9952,phoneme,lime,0.18460087843183204,0.7620572110360975,0.47332904473396475,0.026419510534999233,0.32945069168532837,,0.8946395563770796,0.8813345846093056,5,2,200
9952,phoneme,shap,0.14559201043318798,0.7047265454678642,0.42515927795052605,0.06564530336999923,3.2919762255339013,,0.8946395563770796,0.8813345846093056,5,2,200
