task_id,dataset_name,method,deletion_drop_auc,insertion_auc,combined_score,runtime_seconds,attr_l1_norm,mean_abs_exactness_residual,test_accuracy,test_balanced_accuracy,n_features_transformed,n_classes,ok
146819,climate-model-simulation-crashes,aime,0.09652583413141001,0.9792385651453358,0.5378821996383729,0.005122942092592782,3.963437714079864,,0.9814814814814815,0.875,18,2,54
146819,climate-model-simulation-crashes,cos_fpde,0.09661060046934694,0.9792349903931498,0.5379227954312483,0.004024627685184244,1.25260468916501,6.591949208711867e-17,0.9814814814814815,0.875,18,2,54
146819,climate-model-simulation-crashes,diff_fpde,0.09124985962602061,0.9696190561611461,0.5304344578935833,0.0039822064074081075,11.018191786103758,2.3258144381614968e-15,0.9814814814814815,0.875,18,2,54
146819,climate-model-simulation-crashes,hyb_fpde_grid,0.09661060046934694,0.9792349903931498,0.5379227954312483,0.006005776148147601,1.0,4.5825611823720656e-17,0.9814814814814815,0.875,18,2,54
146819,climate-model-simulation-crashes,lime,0.023845051191433316,0.9468348326183688,0.4853399419049011,0.009933189592592154,0.2222289987607883,,0.9814814814814815,0.875,18,2,54
146819,climate-model-simulation-crashes,shap,0.06585081090440327,0.9465798663422039,0.5062153386233036,0.03294493294444473,4.693151715325965,,0.9814814814814815,0.875,18,2,54
