task_id,dataset_name,method,deletion_drop_auc,insertion_auc,combined_score,runtime_seconds,attr_l1_norm,mean_abs_exactness_residual,test_accuracy,test_balanced_accuracy,n_features_transformed,n_classes,ok
3021,sick,aime,0.049566892048744544,0.9931896221200524,0.5213782570843984,0.011988383150002732,6.037357763123987,,0.9920634920634922,0.934782608695652,52,2,200
3021,sick,cos_fpde,0.05050561358381889,0.9931191230845648,0.5218123683341919,0.011897534239997185,1.129263732047909,1.029037965949442e-16,0.9920634920634922,0.934782608695652,52,2,200
3021,sick,diff_fpde,0.05137944515128685,0.9930624581904965,0.5222209516708917,0.010727251919999787,7.873415238874295,3.0309088572266774e-15,0.9920634920634922,0.934782608695652,52,2,200
3021,sick,hyb_fpde_grid,0.050528166058195136,0.9931292495121339,0.5218287077851645,0.017151035705000196,0.9813583139741121,9.440365156265785e-17,0.9920634920634922,0.934782608695652,52,2,200
3021,sick,lime,0.005346696021639782,0.9511616358743618,0.47825416594800074,0.021216047185001516,0.3133954886156769,,0.9920634920634922,0.934782608695652,52,2,200
3021,sick,shap,0.03879334145462094,0.9724519666582934,0.5056226540564572,0.07390085569999912,2.370391117208983,,0.9920634920634922,0.934782608695652,52,2,200
