method,mean_deletion_drop_auc,std_deletion_drop_auc,mean_insertion_auc,std_insertion_auc,mean_combined_score,std_combined_score,mean_runtime_seconds,std_runtime_seconds,completed_instances,completed_tasks,mean_test_accuracy,mean_test_balanced_accuracy
aime,0.8394335214072389,0.11652941579417943,0.924247810911031,0.08744615313231571,0.8818406661591349,0.09331657245499275,0.010730672265001573,0.005601792260581126,200,1,0.945,0.945
cos_fpde,0.828460867055785,0.12929536949704742,0.8568050384781418,0.16082469662414264,0.8426329527669634,0.12134356591634692,0.011595053720002824,0.0035885325146161108,200,1,0.945,0.945
diff_fpde,0.768359507793829,0.1474264506942162,0.7929427881077932,0.1814493293789699,0.7806511479508111,0.14138360638328443,0.010182562224999003,0.004559538933404653,200,1,0.945,0.945
hyb_fpde_grid,0.828460867055785,0.12929536949704742,0.8568050384781418,0.16082469662414264,0.8426329527669634,0.12134356591634692,0.016259317330000016,0.005177902345256395,200,1,0.945,0.945
lime,0.33927205744198746,0.2862007813317703,0.4329839808485595,0.2997561734625314,0.38612801914527345,0.2761165813091203,0.043432481989999445,0.0056414240939791655,200,1,0.945,0.945
shap,0.8539140245241011,0.11555561338945844,0.9512252103819431,0.06282294166779151,0.9025696174530221,0.08364207003779636,0.5521436308850021,0.020328298711077577,200,1,0.945,0.945
