task_id,dataset_name,method,deletion_drop_auc,insertion_auc,combined_score,runtime_seconds,attr_l1_norm,mean_abs_exactness_residual,test_accuracy,test_balanced_accuracy,n_features_transformed,n_classes,ok
16,mfeat-karhunen,aime,0.8394335214072389,0.924247810911031,0.8818406661591349,0.010730672265001573,9.688196470541573,,0.945,0.945,64,10,200
16,mfeat-karhunen,cos_fpde,0.828460867055785,0.8568050384781418,0.8426329527669634,0.011595053720002824,0.9037415933524268,5.136516212367326e-17,0.945,0.945,64,10,200
16,mfeat-karhunen,diff_fpde,0.768359507793829,0.7929427881077932,0.7806511479508111,0.010182562224999003,50.63566420534813,5.367928324062632e-15,0.945,0.945,64,10,200
16,mfeat-karhunen,hyb_fpde_grid,0.828460867055785,0.8568050384781418,0.8426329527669634,0.016259317330000016,1.0,4.841179540582274e-17,0.945,0.945,64,10,200
16,mfeat-karhunen,lime,0.33927205744198746,0.4329839808485595,0.38612801914527345,0.043432481989999445,0.6170162409133372,,0.945,0.945,64,10,200
16,mfeat-karhunen,shap,0.8539140245241011,0.9512252103819431,0.9025696174530221,0.5521436308850021,8.785325542545207,,0.945,0.945,64,10,200
