task_id,dataset_name,method,deletion_drop_auc,insertion_auc,combined_score,runtime_seconds,attr_l1_norm,mean_abs_exactness_residual,test_accuracy,test_balanced_accuracy,n_features_transformed,n_classes,ok
219,electricity,aime,0.3909822010280433,0.7322202567983986,0.5616012289132208,0.005199060144998669,2.8075219013328647,,0.8570167696381289,0.8523207020139536,14,2,200
219,electricity,cos_fpde,0.37022884904093767,0.7206496668317002,0.545439257936319,0.004061209189998749,1.2125164777742647,1.088799189696843e-16,0.8570167696381289,0.8523207020139536,14,2,200
219,electricity,diff_fpde,0.3670482365043765,0.7197087646276027,0.5433785005659896,0.00399474800500002,3.9289762701256152,1.3140183385829119e-15,0.8570167696381289,0.8523207020139536,14,2,200
219,electricity,hyb_fpde_grid,0.37022884904093767,0.7206496668317002,0.545439257936319,0.019559347400001457,1.0,9.577408310867952e-17,0.8570167696381289,0.8523207020139536,14,2,200
219,electricity,lime,0.09874550140377066,0.49280677817439966,0.2957761397890852,0.010025995104999765,0.49376445410714104,,0.8570167696381289,0.8523207020139536,14,2,200
219,electricity,shap,0.21650468106080464,0.5130026585920314,0.364753669826418,0.06777573753000297,3.250269724786131,,0.8570167696381289,0.8523207020139536,14,2,200
