task_id,dataset_name,method,deletion_drop_auc,insertion_auc,combined_score,runtime_seconds,attr_l1_norm,mean_abs_exactness_residual,test_accuracy,test_balanced_accuracy,n_features_transformed,n_classes,ok
167119,jungle_chess_2pcs_raw_endgame_complete,aime,0.4058126790098013,0.8082851687909067,0.6070489239003539,0.004521201769999692,1.936954807608552,,0.8525211958946899,0.794881343923972,6,3,200
167119,jungle_chess_2pcs_raw_endgame_complete,cos_fpde,0.39385028442269254,0.7802702818196222,0.5870602831211573,0.0035153100849986173,1.173036199208741,6.699502064222429e-17,0.8525211958946899,0.794881343923972,6,3,200
167119,jungle_chess_2pcs_raw_endgame_complete,diff_fpde,0.39370322902141636,0.7785468454275563,0.5861250372244863,0.003481123219999773,3.5170518332768346,5.632994071191888e-16,0.8525211958946899,0.794881343923972,6,3,200
167119,jungle_chess_2pcs_raw_endgame_complete,hyb_fpde_grid,0.3956016258962798,0.7795097147532937,0.5875556703247867,0.019039605625001173,0.9993398022451281,5.62093774303385e-17,0.8525211958946899,0.794881343923972,6,3,200
167119,jungle_chess_2pcs_raw_endgame_complete,lime,0.19395634276811216,0.5921852010142198,0.39307077189116596,0.03581693627500144,0.5039768231368743,,0.8525211958946899,0.794881343923972,6,3,200
167119,jungle_chess_2pcs_raw_endgame_complete,shap,0.4470649151921016,0.8278101196355021,0.6374375174138018,0.17899115435499952,2.9395333051495554,,0.8525211958946899,0.794881343923972,6,3,200
