method,mean_deletion_drop_auc,std_deletion_drop_auc,mean_insertion_auc,std_insertion_auc,mean_combined_score,std_combined_score,mean_runtime_seconds,std_runtime_seconds,completed_instances,completed_tasks,mean_test_accuracy,mean_test_balanced_accuracy
aime,0.4058126790098013,0.2142599924460005,0.8082851687909067,0.17301575663064253,0.6070489239003539,0.1199450975697708,0.004521201769999692,7.533024748498566e-05,200,1,0.8525211958946899,0.794881343923972
cos_fpde,0.39385028442269254,0.2165391984626713,0.7802702818196222,0.1992108932014968,0.5870602831211573,0.12838002309701343,0.0035153100849986173,0.000958356498713934,200,1,0.8525211958946899,0.794881343923972
diff_fpde,0.39370322902141636,0.21572961541916574,0.7785468454275563,0.20244728922840663,0.5861250372244863,0.12832914955515717,0.003481123219999773,0.0008243549361301537,200,1,0.8525211958946899,0.794881343923972
hyb_fpde_grid,0.3956016258962798,0.21446181412966983,0.7795097147532937,0.20165223338207094,0.5875556703247867,0.12820658692208084,0.019039605625001173,0.0019530372601332421,200,1,0.8525211958946899,0.794881343923972
lime,0.19395634276811216,0.23053490553432562,0.5921852010142198,0.2745381812857973,0.39307077189116596,0.18529439709280085,0.03581693627500144,0.0005097130391283793,200,1,0.8525211958946899,0.794881343923972
shap,0.4470649151921016,0.20821614096040825,0.8278101196355021,0.16288171966301923,0.6374375174138018,0.12429857938536981,0.17899115435499952,0.01938093163040489,200,1,0.8525211958946899,0.794881343923972
