method,mean_deletion_drop_auc,std_deletion_drop_auc,mean_insertion_auc,std_insertion_auc,mean_combined_score,std_combined_score,mean_runtime_seconds,std_runtime_seconds,completed_instances,completed_tasks,mean_test_accuracy,mean_test_balanced_accuracy
aime,0.8321763001260325,0.20546059930577296,0.839004430575098,0.0939259082636272,0.8355903653505652,0.09525231572252109,0.06339994264000495,0.0074265721518552265,200,1,0.9694285714285713,0.9692230591047426
cos_fpde,0.8452714972196925,0.18135567552351164,0.7216336141693848,0.2237099129691573,0.7834525556945385,0.12017420262687441,0.017082977194991144,0.0007783972911506142,200,1,0.9694285714285713,0.9692230591047426
diff_fpde,0.8376394036601167,0.17885223274338197,0.7105830530057672,0.20165931016076433,0.7741112283329419,0.11502964028537771,0.01809664489000454,0.0026792921393775557,200,1,0.9694285714285713,0.9692230591047426
hyb_fpde_grid,0.8452714972196925,0.18135567552351164,0.7216336141693848,0.2237099129691573,0.7834525556945385,0.12017420262687441,0.3747355005450044,0.016856981775226643,200,1,0.9694285714285713,0.9692230591047426
lime,0.37583698000818716,0.2350482604797335,0.26324961635105026,0.20340196327315896,0.3195432981796187,0.10153139529989717,0.2820240297849972,0.0669883966246314,200,1,0.9694285714285713,0.9692230591047426
shap,0.8753196874383912,0.1801959668116655,0.9179637407385488,0.06071841478356257,0.8966417140884699,0.08895024535364973,0.6016258347300032,0.02476467312536262,200,1,0.9694285714285713,0.9692230591047426
