task_id,dataset_name,method,deletion_drop_auc,insertion_auc,combined_score,runtime_seconds,attr_l1_norm,mean_abs_exactness_residual,test_accuracy,test_balanced_accuracy,n_features_transformed,n_classes,ok
3573,mnist_784,aime,0.8321763001260325,0.839004430575098,0.8355903653505652,0.06339994264000495,44.148590298491364,,0.9694285714285713,0.9692230591047426,784,10,200
3573,mnist_784,cos_fpde,0.8452714972196925,0.7216336141693848,0.7834525556945385,0.017082977194991144,0.8277463805996575,4.310787837802366e-17,0.9694285714285713,0.9692230591047426,784,10,200
3573,mnist_784,diff_fpde,0.8376394036601167,0.7105830530057672,0.7741112283329419,0.01809664489000454,302.742061769113,5.256239887785341e-14,0.9694285714285713,0.9692230591047426,784,10,200
3573,mnist_784,hyb_fpde_grid,0.8452714972196925,0.7216336141693848,0.7834525556945385,0.3747355005450044,1.0,4.0046091442924593e-17,0.9694285714285713,0.9692230591047426,784,10,200
3573,mnist_784,lime,0.37583698000818716,0.26324961635105026,0.3195432981796187,0.2820240297849972,2.613882934211659,,0.9694285714285713,0.9692230591047426,784,10,200
3573,mnist_784,shap,0.8753196874383912,0.9179637407385488,0.8966417140884699,0.6016258347300032,8.325560710002101,,0.9694285714285713,0.9692230591047426,784,10,200
