task_id,dataset_name,method,deletion_drop_auc,insertion_auc,combined_score,runtime_seconds,attr_l1_norm,mean_abs_exactness_residual,test_accuracy,test_balanced_accuracy,n_features_transformed,n_classes,ok
3,kr-vs-kp,aime,0.7352408355238191,0.9697102932601714,0.8524755643919952,0.011930435774996227,11.485369368663902,,0.99375,0.993738014167743,73,2,200
3,kr-vs-kp,cos_fpde,0.7311377003926708,0.9687488398737584,0.8499432701332146,0.01024572597999736,1.3403911498216372,5.840000791984545e-17,0.99375,0.993738014167743,73,2,200
3,kr-vs-kp,diff_fpde,0.731521974417022,0.9688720649653517,0.8501970196911869,0.010848247469998852,4.331977411482298,1.3793133302186789e-15,0.99375,0.993738014167743,73,2,200
3,kr-vs-kp,hyb_fpde_grid,0.7319224301668089,0.9687853659765975,0.8503538980717031,0.016281058539999265,1.0,3.676529566898346e-17,0.99375,0.993738014167743,73,2,200
3,kr-vs-kp,lime,0.0624325816380073,0.27702007562395564,0.16972632863098147,0.024210016134999533,1.0540991887394753,,0.99375,0.993738014167743,73,2,200
3,kr-vs-kp,shap,0.41335494259528327,0.5913736686183995,0.5023643056068414,0.07926826803500261,9.22760987160675,,0.99375,0.993738014167743,73,2,200
