task_id,dataset_name,method,deletion_drop_auc,insertion_auc,combined_score,runtime_seconds,attr_l1_norm,mean_abs_exactness_residual,test_accuracy,test_balanced_accuracy,n_features_transformed,n_classes,ok
7592,adult,aime,0.28102950662325116,0.9045595033552399,0.5927945049892456,0.013650357299996757,8.06688331663672,,0.8722620266120777,0.7893924591229659,105,2,200
7592,adult,cos_fpde,0.27347560456383396,0.9053824115122855,0.5894290080380596,0.012128139260000524,1.2865512291368797,1.2447941982740572e-16,0.8722620266120777,0.7893924591229659,105,2,200
7592,adult,diff_fpde,0.27282052604167945,0.9051559978143072,0.5889882619279934,0.01106787679999968,6.460040748453281,2.088067132394178e-15,0.8722620266120777,0.7893924591229659,105,2,200
7592,adult,hyb_fpde_grid,0.27347560456383396,0.9053824115122855,0.5894290080380596,0.03986512122500216,1.0,8.429021369771306e-17,0.8722620266120777,0.7893924591229659,105,2,200
7592,adult,lime,0.05665248358301769,0.6992630291537363,0.377957756368377,0.025063266095000074,1.0665198231156168,,0.8722620266120777,0.7893924591229659,105,2,200
7592,adult,shap,0.08186785180262078,0.562443338642046,0.32215559522233334,0.07076202133000009,3.808275633249831,,0.8722620266120777,0.7893924591229659,105,2,200
