method,mean_deletion_drop_auc,std_deletion_drop_auc,mean_insertion_auc,std_insertion_auc,mean_combined_score,std_combined_score,mean_runtime_seconds,std_runtime_seconds,completed_instances,completed_tasks,mean_test_accuracy,mean_test_balanced_accuracy
aime,0.28102950662325116,0.20863174193451414,0.9045595033552399,0.15087503683891895,0.5927945049892456,0.11652198750828353,0.013650357299996757,0.005837755453004171,200,1,0.8722620266120777,0.7893924591229659
cos_fpde,0.27347560456383396,0.21406426853183086,0.9053824115122855,0.14962624595510612,0.5894290080380596,0.12035396733027422,0.012128139260000524,0.00398369637591142,200,1,0.8722620266120777,0.7893924591229659
diff_fpde,0.27282052604167945,0.21368606921658279,0.9051559978143072,0.14983255351643235,0.5889882619279934,0.12024407201052573,0.01106787679999968,0.0052999570453969545,200,1,0.8722620266120777,0.7893924591229659
hyb_fpde_grid,0.27347560456383396,0.21406426853183086,0.9053824115122855,0.14962624595510612,0.5894290080380596,0.12035396733027422,0.03986512122500216,0.005896933889381139,200,1,0.8722620266120777,0.7893924591229659
lime,0.05665248358301769,0.21091242398455376,0.6992630291537363,0.1621943317143867,0.377957756368377,0.13155799806005988,0.025063266095000074,0.00808992946642368,200,1,0.8722620266120777,0.7893924591229659
shap,0.08186785180262078,0.30215378573038393,0.562443338642046,0.16110665640574598,0.32215559522233334,0.2216815557704932,0.07076202133000009,0.015958672516197547,200,1,0.8722620266120777,0.7893924591229659
