task_id,dataset_name,method,deletion_drop_auc,insertion_auc,combined_score,runtime_seconds,attr_l1_norm,mean_abs_exactness_residual,test_accuracy,test_balanced_accuracy,n_features_transformed,n_classes,ok
167125,Internet-Advertisements,aime,0.28878043792462854,0.9802177564036565,0.6344990971641424,0.08448479855000017,54.47969510558122,,0.9695121951219512,0.9094973789700894,3113,2,200
167125,Internet-Advertisements,cos_fpde,0.2959593526751673,0.9831605730706907,0.639559962872929,0.045461782880001064,0.6028475908362744,2.4347169245986234e-16,0.9695121951219512,0.9094973789700894,3113,2,200
167125,Internet-Advertisements,diff_fpde,0.29398084097076954,0.9808146344787173,0.6373977377247434,0.045555097395002096,9.160141583448537,2.7555735471196386e-15,0.9695121951219512,0.9094973789700894,3113,2,200
167125,Internet-Advertisements,hyb_fpde_grid,0.293109757477702,0.9821411155034814,0.6376254364905917,0.0802332940599996,0.9917640173402973,7.806255641895632e-17,0.9695121951219512,0.9094973789700894,3113,2,200
167125,Internet-Advertisements,lime,0.052176036009139004,0.7951045945446826,0.4236403152769108,0.5665506615650022,2.9213410801380553,,0.9695121951219512,0.9094973789700894,3113,2,200
167125,Internet-Advertisements,shap,0.29630110650758923,0.8958477194328636,0.5960744129702263,0.10496613159500143,3.688199427321843,,0.9695121951219512,0.9094973789700894,3113,2,200
