method,mean_deletion_drop_auc,std_deletion_drop_auc,mean_insertion_auc,std_insertion_auc,mean_combined_score,std_combined_score,mean_runtime_seconds,std_runtime_seconds,completed_instances,completed_tasks,mean_test_accuracy,mean_test_balanced_accuracy
aime,0.28878043792462854,0.22822055689338958,0.9802177564036565,0.021523970234960124,0.6344990971641424,0.1089058317827657,0.08448479855000017,0.014542972503410533,200,1,0.9695121951219512,0.9094973789700894
cos_fpde,0.2959593526751673,0.22688197762937398,0.9831605730706907,0.021470242191158482,0.639559962872929,0.10770453235395043,0.045461782880001064,0.0006967194145503833,200,1,0.9695121951219512,0.9094973789700894
diff_fpde,0.29398084097076954,0.22383784781824298,0.9808146344787173,0.02203043135546187,0.6373977377247434,0.10675225512467748,0.045555097395002096,0.0012623271901933072,200,1,0.9695121951219512,0.9094973789700894
hyb_fpde_grid,0.293109757477702,0.22606463630253856,0.9821411155034814,0.02156337086195144,0.6376254364905917,0.107535988005336,0.0802332940599996,0.0015302018859882367,200,1,0.9695121951219512,0.9094973789700894
lime,0.052176036009139004,0.09148879881040875,0.7951045945446826,0.1586142754512159,0.4236403152769108,0.08737023052613939,0.5665506615650022,0.06237490908090079,200,1,0.9695121951219512,0.9094973789700894
shap,0.29630110650758923,0.15363654007460337,0.8958477194328636,0.26640600776218576,0.5960744129702263,0.18537249574561496,0.10496613159500143,0.005994294674906914,200,1,0.9695121951219512,0.9094973789700894
