method,mean_deletion_drop_auc,std_deletion_drop_auc,mean_insertion_auc,std_insertion_auc,mean_combined_score,std_combined_score,mean_runtime_seconds,std_runtime_seconds,completed_instances,completed_tasks,mean_test_accuracy,mean_test_balanced_accuracy
aime,0.07057330376957366,0.1792652823024355,0.8451401916723615,0.20607325620323316,0.4578567477209676,0.08123009577570922,0.005383430981133183,0.0005331942632763932,53,1,0.7547169811320755,0.5768398268398268
cos_fpde,0.06943908401210422,0.17808945119663236,0.843379935722867,0.2083964461069681,0.45640950986748563,0.08066518879391983,0.004202766981130558,0.0005097458238456071,53,1,0.7547169811320755,0.5768398268398268
diff_fpde,0.08021822457342546,0.1670727624886474,0.8461087457548071,0.21200640771295393,0.4631634851641163,0.0796197469186199,0.004156181811320597,0.0003784371645757197,53,1,0.7547169811320755,0.5768398268398268
hyb_fpde_grid,0.07847085986026597,0.16739083115879952,0.8466479996525046,0.21141281095254374,0.4625594297563853,0.07890674519918228,0.006235274226418356,0.0005961498636652283,53,1,0.7547169811320755,0.5768398268398268
lime,0.07436762249324169,0.21440574741831625,0.8221562090969519,0.1567039155565426,0.4482619157950968,0.08205794421651903,0.010022412113209315,0.00020128600774610108,53,1,0.7547169811320755,0.5768398268398268
shap,0.03539977055241205,0.2654535895589055,0.7812037330693923,0.1329049947830546,0.40830175181090217,0.13570503035724288,0.03187380173585016,0.013258813813944045,53,1,0.7547169811320755,0.5768398268398268
