task_id,dataset_name,method,deletion_drop_auc,insertion_auc,combined_score,runtime_seconds,attr_l1_norm,mean_abs_exactness_residual,test_accuracy,test_balanced_accuracy,n_features_transformed,n_classes,ok
3913,kc2,aime,0.07057330376957366,0.8451401916723615,0.4578567477209676,0.005383430981133183,6.993451689614377,,0.7547169811320755,0.5768398268398268,21,2,53
3913,kc2,cos_fpde,0.06943908401210422,0.843379935722867,0.45640950986748563,0.004202766981130558,1.6913171853480642,1.4925168019724982e-16,0.7547169811320755,0.5768398268398268,21,2,53
3913,kc2,diff_fpde,0.08021822457342546,0.8461087457548071,0.4631634851641163,0.004156181811320597,20.89213076944241,2.4089744873942076e-15,0.7547169811320755,0.5768398268398268,21,2,53
3913,kc2,hyb_fpde_grid,0.07847085986026597,0.8466479996525046,0.4625594297563853,0.006235274226418356,0.9893863283891441,7.475676262511372e-17,0.7547169811320755,0.5768398268398268,21,2,53
3913,kc2,lime,0.07436762249324169,0.8221562090969519,0.4482619157950968,0.010022412113209315,0.5343837594501417,,0.7547169811320755,0.5768398268398268,21,2,53
3913,kc2,shap,0.03539977055241205,0.7812037330693923,0.40830175181090217,0.03187380173585016,3.801539136627476,,0.7547169811320755,0.5768398268398268,21,2,53
