method,mean_deletion_drop_auc,std_deletion_drop_auc,mean_insertion_auc,std_insertion_auc,mean_combined_score,std_combined_score,mean_runtime_seconds,std_runtime_seconds,completed_instances,completed_tasks,mean_test_accuracy,mean_test_balanced_accuracy
aime,0.8567097535234517,0.15130105483416167,0.9277041231373573,0.06495468981632462,0.8922069383304045,0.08272570259958358,0.011050852979999491,0.005369932003816997,200,1,0.9786476868327402,0.9788490033862084
cos_fpde,0.8519524313586144,0.1370892035714938,0.8565696175974432,0.14433717493944628,0.8542610244780288,0.09682399628021546,0.011387654815000587,0.0030785179237267715,200,1,0.9786476868327402,0.9788490033862084
diff_fpde,0.8123047487099782,0.15319540309678478,0.8158088485920554,0.14723002346453004,0.8140567986510168,0.10896895733884965,0.009921922405000174,0.0038374464570418445,200,1,0.9786476868327402,0.9788490033862084
hyb_fpde_grid,0.8519524313586144,0.1370892035714938,0.8565696175974432,0.14433717493944628,0.8542610244780288,0.09682399628021546,0.01853132600999892,0.005541476946114396,200,1,0.9786476868327402,0.9788490033862084
lime,0.3263819096989332,0.2717501341236273,0.3990885070911993,0.2815788914301344,0.3627352083950663,0.21263632063752227,0.03463558646499969,0.004907578385055061,200,1,0.9786476868327402,0.9788490033862084
shap,0.8668917584260211,0.15620108757834883,0.9486058711323399,0.06340729613405281,0.9077488147791806,0.08515142576493615,0.5825429896249991,0.019692034336375508,200,1,0.9786476868327402,0.9788490033862084
