task_id,dataset_name,method,deletion_drop_auc,insertion_auc,combined_score,runtime_seconds,attr_l1_norm,mean_abs_exactness_residual,test_accuracy,test_balanced_accuracy,n_features_transformed,n_classes,ok
28,optdigits,aime,0.8567097535234517,0.9277041231373573,0.8922069383304045,0.011050852979999491,10.091489044380372,,0.9786476868327402,0.9788490033862084,64,10,200
28,optdigits,cos_fpde,0.8519524313586144,0.8565696175974432,0.8542610244780288,0.011387654815000587,0.9829138413039641,5.931019564364703e-17,0.9786476868327402,0.9788490033862084,64,10,200
28,optdigits,diff_fpde,0.8123047487099782,0.8158088485920554,0.8140567986510168,0.009921922405000174,49.636926618835744,4.6718184876226585e-15,0.9786476868327402,0.9788490033862084,64,10,200
28,optdigits,hyb_fpde_grid,0.8519524313586144,0.8565696175974432,0.8542610244780288,0.01853132600999892,1.0,4.842046902320263e-17,0.9786476868327402,0.9788490033862084,64,10,200
28,optdigits,lime,0.3263819096989332,0.3990885070911993,0.3627352083950663,0.03463558646499969,0.5747164814635165,,0.9786476868327402,0.9788490033862084,64,10,200
28,optdigits,shap,0.8668917584260211,0.9486058711323399,0.9077488147791806,0.5825429896249991,9.444659832987726,,0.9786476868327402,0.9788490033862084,64,10,200
