method,mean_deletion_drop_auc,std_deletion_drop_auc,mean_insertion_auc,std_insertion_auc,mean_combined_score,std_combined_score,mean_runtime_seconds,std_runtime_seconds,completed_instances,completed_tasks,mean_test_accuracy,mean_test_balanced_accuracy
aime,0.6010949339560462,0.2561046720222288,0.7243812005166288,0.19037394166611465,0.6627380672363375,0.14208390865052303,0.011211489070000767,0.0035710416502666505,200,1,0.911353032659409,0.8970031978943159
cos_fpde,0.48897125867450586,0.2706419385533813,0.5835669079980539,0.2651966273015487,0.5362690833362799,0.1955295671036988,0.008363597214999458,0.002739790859121789,200,1,0.911353032659409,0.8970031978943159
diff_fpde,0.494898133917066,0.26476617269887054,0.6021893621728485,0.22058781574840458,0.5485437480449573,0.15301880844273424,0.009904831465004236,0.003467444687733687,200,1,0.911353032659409,0.8970031978943159
hyb_fpde_grid,0.494898133917066,0.26476617269887054,0.6021893621728485,0.22058781574840458,0.5485437480449573,0.15301880844273424,0.01431123799499801,0.004290297596699723,200,1,0.911353032659409,0.8970031978943159
lime,0.36809248955003654,0.325668104684322,0.47517295036774315,0.3059222329560676,0.42163271995888985,0.26356913131582804,0.023649193230002082,0.00400212331148236,200,1,0.911353032659409,0.8970031978943159
shap,0.6853248959743822,0.24517952477216542,0.8439653668991144,0.13495716586556045,0.7646451314367482,0.12284687754614841,0.35922326105500135,0.01993753588348765,200,1,0.911353032659409,0.8970031978943159
