task_id,dataset_name,method,deletion_drop_auc,insertion_auc,combined_score,runtime_seconds,attr_l1_norm,mean_abs_exactness_residual,test_accuracy,test_balanced_accuracy,n_features_transformed,n_classes,ok
2074,satimage,aime,0.6010949339560462,0.7243812005166288,0.6627380672363375,0.011211489070000767,14.429670402288592,,0.911353032659409,0.8970031978943159,36,6,200
2074,satimage,cos_fpde,0.48897125867450586,0.5835669079980539,0.5362690833362799,0.008363597214999458,0.7998156279607551,1.1336417915508433e-16,0.911353032659409,0.8970031978943159,36,6,200
2074,satimage,diff_fpde,0.494898133917066,0.6021893621728485,0.5485437480449573,0.009904831465004236,37.77057335623821,4.197753256107717e-15,0.911353032659409,0.8970031978943159,36,6,200
2074,satimage,hyb_fpde_grid,0.494898133917066,0.6021893621728485,0.5485437480449573,0.01431123799499801,1.0,8.75037889369601e-17,0.911353032659409,0.8970031978943159,36,6,200
2074,satimage,lime,0.36809248955003654,0.47517295036774315,0.42163271995888985,0.023649193230002082,0.6150381641465238,,0.911353032659409,0.8970031978943159,36,6,200
2074,satimage,shap,0.6853248959743822,0.8439653668991144,0.7646451314367482,0.35922326105500135,6.7164708350066,,0.911353032659409,0.8970031978943159,36,6,200
