method,mean_deletion_drop_auc,std_deletion_drop_auc,mean_insertion_auc,std_insertion_auc,mean_combined_score,std_combined_score,mean_runtime_seconds,std_runtime_seconds,completed_instances,completed_tasks,mean_test_accuracy,mean_test_balanced_accuracy
aime,0.49241220698271704,0.4176742908228208,0.9737404010854068,0.03505356954415312,0.733076304034062,0.20121749301173603,0.0451268540699985,0.009795847158985212,200,1,0.9498432601880877,0.93973501662151
cos_fpde,0.4922601096724691,0.4184827856399014,0.954262012522655,0.09349021463055081,0.7232610610975619,0.19766503450402925,0.01057122642000138,0.002660890404812239,200,1,0.9498432601880877,0.93973501662151
diff_fpde,0.4848336549463241,0.42263946389714874,0.9490597318039596,0.10827010372410059,0.7169466933751418,0.19928768776571382,0.01721348126500274,0.006900543359539677,200,1,0.9498432601880877,0.93973501662151
hyb_fpde_grid,0.4865243063044156,0.42201205978580014,0.9545529293975754,0.0940922832725887,0.7205386178509956,0.1995978573009905,0.018737355185002257,0.0012539328683900542,200,1,0.9498432601880877,0.93973501662151
lime,0.04612810896277637,0.12491542601984741,0.5481115736084213,0.40782934742512733,0.2971198412855988,0.17976745329895097,0.17550963661999916,0.06067789484755816,200,1,0.9498432601880877,0.93973501662151
shap,0.502103533219544,0.41283377610041705,0.9713138714349455,0.03859631775613218,0.7367087023272448,0.19763595564036787,0.17828714511999963,0.014531242330623341,200,1,0.9498432601880877,0.93973501662151
