task_id,dataset_name,method,deletion_drop_auc,insertion_auc,combined_score,runtime_seconds,attr_l1_norm,mean_abs_exactness_residual,test_accuracy,test_balanced_accuracy,n_features_transformed,n_classes,ok
167140,dna,aime,0.49241220698271704,0.9737404010854068,0.733076304034062,0.0451268540699985,35.702133050711666,,0.9498432601880877,0.93973501662151,360,3,200
167140,dna,cos_fpde,0.4922601096724691,0.954262012522655,0.7232610610975619,0.01057122642000138,0.9748854677783079,3.6472561082412367e-17,0.9498432601880877,0.93973501662151,360,3,200
167140,dna,diff_fpde,0.4848336549463241,0.9490597318039596,0.7169466933751418,0.01721348126500274,21.20695436258804,6.502021143717229e-15,0.9498432601880877,0.93973501662151,360,3,200
167140,dna,hyb_fpde_grid,0.4865243063044156,0.9545529293975754,0.7205386178509956,0.018737355185002257,0.9944642436994207,2.985459102156085e-17,0.9498432601880877,0.93973501662151,360,3,200
167140,dna,lime,0.04612810896277637,0.5481115736084213,0.2971198412855988,0.17550963661999916,1.7321478769416014,,0.9498432601880877,0.93973501662151,360,3,200
167140,dna,shap,0.502103533219544,0.9713138714349455,0.7367087023272448,0.17828714511999963,5.762417471507041,,0.9498432601880877,0.93973501662151,360,3,200
