task_id,dataset_name,method,deletion_drop_auc,insertion_auc,combined_score,runtime_seconds,attr_l1_norm,mean_abs_exactness_residual,test_accuracy,test_balanced_accuracy,n_features_transformed,n_classes,ok
3021,sick,aime,0.06239510294972537,0.9922682090621092,0.5273316560059172,0.005836797869999231,5.74031258633541,,0.9920634920634922,0.934782608695652,52,2,200
3021,sick,cos_fpde,0.07612930427843584,0.9944954365995601,0.5353123704389979,0.004307059310000554,1.1723729549826978,9.46465128492946e-17,0.9920634920634922,0.934782608695652,52,2,200
3021,sick,diff_fpde,0.07723528193798324,0.9948375514196166,0.5360364166787999,0.004261515900000106,8.259112024374,3.0839220066525286e-15,0.9920634920634922,0.934782608695652,52,2,200
3021,sick,hyb_fpde_grid,0.07730356322040906,0.9948392168692435,0.5360713900448263,0.00787676467499999,0.9849675796705732,9.922618282587337e-17,0.9920634920634922,0.934782608695652,52,2,200
3021,sick,lime,0.005600732037695812,0.9478527338031624,0.4767267329204291,0.013489805640000298,0.30887954016612457,,0.9920634920634922,0.934782608695652,52,2,200
3021,sick,shap,0.03687123464156731,0.9509722167632642,0.4939217257024157,0.0558942679299998,2.3115646870268,,0.9920634920634922,0.934782608695652,52,2,200
