method,mean_deletion_drop_auc,std_deletion_drop_auc,mean_insertion_auc,std_insertion_auc,mean_combined_score,std_combined_score,mean_runtime_seconds,std_runtime_seconds,completed_instances,completed_tasks,mean_test_accuracy,mean_test_balanced_accuracy
aime,0.8149340760060562,0.20856128669268778,0.9375642542054914,0.06667713114410134,0.8762491651057738,0.11540385141558589,0.031972553889999346,0.008540086122695566,200,1,0.955,0.9549999999999998
cos_fpde,0.8099715894121511,0.1902395512740841,0.8995797878430736,0.09681930868445757,0.8547756886276123,0.10793680078406212,0.016677818905000096,0.005822956203868473,200,1,0.955,0.9549999999999998
diff_fpde,0.7261265786607535,0.2162433995466613,0.8339176868897422,0.13508347278069657,0.7800221327752479,0.13839235691592525,0.022845112815001158,0.005797043852685201,200,1,0.955,0.9549999999999998
hyb_fpde_grid,0.8099715894121511,0.1902395512740841,0.8995797878430736,0.09681930868445757,0.8547756886276123,0.10793680078406212,0.015095181560000129,0.004283750744268985,200,1,0.955,0.9549999999999998
lime,0.3981004803717779,0.28865578450876833,0.6148606664936914,0.26582922944411813,0.5064805734327347,0.22716670533475886,0.14474523083499988,0.06151407432021925,200,1,0.955,0.9549999999999998
shap,0.8559420081984768,0.17035791285483592,0.9672928476796879,0.03793367955923377,0.9116174279390823,0.09212296702968685,0.550625675014999,0.01991378342332694,200,1,0.955,0.9549999999999998
