task_id,dataset_name,method,deletion_drop_auc,insertion_auc,combined_score,runtime_seconds,attr_l1_norm,mean_abs_exactness_residual,test_accuracy,test_balanced_accuracy,n_features_transformed,n_classes,ok
12,mfeat-factors,aime,0.8149340760060562,0.9375642542054914,0.8762491651057738,0.031972553889999346,36.655697471113285,,0.955,0.9549999999999998,216,10,200
12,mfeat-factors,cos_fpde,0.8099715894121511,0.8995797878430736,0.8547756886276123,0.016677818905000096,0.9162379772808957,1.0865440491780731e-16,0.955,0.9549999999999998,216,10,200
12,mfeat-factors,diff_fpde,0.7261265786607535,0.8339176868897422,0.7800221327752479,0.022845112815001158,213.037783842116,1.7160717291631044e-14,0.955,0.9549999999999998,216,10,200
12,mfeat-factors,hyb_fpde_grid,0.8099715894121511,0.8995797878430736,0.8547756886276123,0.015095181560000129,1.0,4.6034817667919836e-17,0.955,0.9549999999999998,216,10,200
12,mfeat-factors,lime,0.3981004803717779,0.6148606664936914,0.5064805734327347,0.14474523083499988,1.1936233701106636,,0.955,0.9549999999999998,216,10,200
12,mfeat-factors,shap,0.8559420081984768,0.9672928476796879,0.9116174279390823,0.550625675014999,9.313377112711505,,0.955,0.9549999999999998,216,10,200
