task_id,dataset_name,method,deletion_drop_auc,insertion_auc,combined_score,runtime_seconds,attr_l1_norm,mean_abs_exactness_residual,test_accuracy,test_balanced_accuracy,n_features_transformed,n_classes,ok
167121,Devnagari-Script,aime,0.7717140985813005,0.667289859258281,0.7195019789197907,0.06337030575499852,113.60448854695613,,0.8909782608695651,0.890978260869565,1024,46,200
167121,Devnagari-Script,cos_fpde,0.7547251617788898,0.47062491934395284,0.6126750405614213,0.02307153833499683,0.8089621836299742,4.269154474378922e-17,0.8909782608695651,0.890978260869565,1024,46,200
167121,Devnagari-Script,diff_fpde,0.7473313153603192,0.5069249923368708,0.627128153848595,0.023568674989994633,421.3775857067797,6.52189413585802e-14,0.8909782608695651,0.890978260869565,1024,46,200
167121,Devnagari-Script,hyb_fpde_grid,0.7547251617788898,0.47062491934395284,0.6126750405614213,0.6620417718849854,1.0,3.069159509871966e-17,0.8909782608695651,0.890978260869565,1024,46,200
167121,Devnagari-Script,lime,0.5494814556058247,0.2015396179526474,0.3755105367792361,0.49437232351498894,2.5510467431309545,,0.8909782608695651,0.890978260869565,1024,46,200
167121,Devnagari-Script,shap,0.8059194619904089,0.8618553122025472,0.8338873870964781,2.6694993021850166,10.385015061526977,,0.8909782608695651,0.890978260869565,1024,46,200
