method,mean_deletion_drop_auc,std_deletion_drop_auc,mean_insertion_auc,std_insertion_auc,mean_combined_score,std_combined_score,mean_runtime_seconds,std_runtime_seconds,completed_instances,completed_tasks,mean_test_accuracy,mean_test_balanced_accuracy
aime,0.7717140985813005,0.21627646720804108,0.667289859258281,0.16261512890450058,0.7195019789197907,0.15965274354720518,0.06337030575499852,0.008447872660698377,200,1,0.8909782608695651,0.890978260869565
cos_fpde,0.7547251617788898,0.2228124224374708,0.47062491934395284,0.22232391079491043,0.6126750405614213,0.17451693938470328,0.02307153833499683,0.0006491187261457229,200,1,0.8909782608695651,0.890978260869565
diff_fpde,0.7473313153603192,0.21712402461727381,0.5069249923368708,0.19715606520784557,0.627128153848595,0.16850734955428864,0.023568674989994633,0.0024736776268043893,200,1,0.8909782608695651,0.890978260869565
hyb_fpde_grid,0.7547251617788898,0.2228124224374708,0.47062491934395284,0.22232391079491043,0.6126750405614213,0.17451693938470328,0.6620417718849854,0.018683457518596316,200,1,0.8909782608695651,0.890978260869565
lime,0.5494814556058247,0.22382146193914254,0.2015396179526474,0.11419492158684415,0.3755105367792361,0.1252021518370631,0.49437232351498894,0.06864288740826552,200,1,0.8909782608695651,0.890978260869565
shap,0.8059194619904089,0.22383828802068761,0.8618553122025472,0.10873042760528355,0.8338873870964781,0.1561929014048568,2.6694993021850166,0.054794839154852996,200,1,0.8909782608695651,0.890978260869565
