method,mean_deletion_drop_auc,std_deletion_drop_auc,mean_insertion_auc,std_insertion_auc,mean_combined_score,std_combined_score,mean_runtime_seconds,std_runtime_seconds,completed_instances,completed_tasks,mean_test_accuracy,mean_test_balanced_accuracy
aime,0.7586181826890417,0.16511496491770764,0.7774335996061637,0.10323565257694421,0.7680258911476027,0.09378556660496404,0.03623812346875068,0.009096012880736346,160,1,0.8875,0.8875
cos_fpde,0.7706786791297702,0.17974009981979544,0.6937443863740997,0.15683695033296266,0.732211532751935,0.11616765173288675,0.01613105026875008,0.005232022693538747,160,1,0.8875,0.8875
diff_fpde,0.7556902664399784,0.18273395339703544,0.649079789410732,0.16078572677493572,0.7023850279253552,0.11751972491433431,0.021852275093749894,0.0057231037525882315,160,1,0.8875,0.8875
hyb_fpde_grid,0.7706786791297702,0.17974009981979544,0.6937443863740997,0.15683695033296266,0.732211532751935,0.11616765173288675,0.016716734281249847,0.004942830054441181,160,1,0.8875,0.8875
lime,0.29658626266790983,0.2506714842545309,0.2552548996797738,0.19657140554636793,0.2759205811738418,0.13102614125757497,0.204102192181249,0.0625682091190677,160,1,0.8875,0.8875
shap,0.8257283933994233,0.17418654173582754,0.9079452474278511,0.05267900722996567,0.8668368204136373,0.0994070116139909,0.5673744341500011,0.01778625318636753,160,1,0.8875,0.8875
