task_id,dataset_name,method,deletion_drop_auc,insertion_auc,combined_score,runtime_seconds,attr_l1_norm,mean_abs_exactness_residual,test_accuracy,test_balanced_accuracy,n_features_transformed,n_classes,ok
10093,banknote-authentication,aime,0.3755190951274262,0.8492386664109747,0.6123788807692004,0.004363427195652798,1.7279012002492429,,0.9927536231884058,0.9935064935064934,4,2,138
10093,banknote-authentication,cos_fpde,0.3755190951274262,0.8492386664109747,0.6123788807692004,0.003385599695654353,1.3033695102674925,9.035646627044413e-17,0.9927536231884058,0.9935064935064934,4,2,138
10093,banknote-authentication,diff_fpde,0.38093798676037294,0.8514115073351228,0.6161747470477479,0.0033345972318837057,4.619517779402466,4.802921345661003e-16,0.9927536231884058,0.9935064935064934,4,2,138
10093,banknote-authentication,hyb_fpde_grid,0.3823270315865999,0.8528412571439737,0.6175841443652867,0.005316707862322267,0.9997204323910488,6.788048384257071e-17,0.9927536231884058,0.9935064935064934,4,2,138
10093,banknote-authentication,lime,0.21604697024566413,0.7155250082963098,0.46578598927098697,0.01990799514492358,0.6601596580008224,,0.9927536231884058,0.9935064935064934,4,2,138
10093,banknote-authentication,shap,0.3153581943085308,0.7234542288657725,0.5194062115871516,0.06325963254347569,6.497042062304327,,0.9927536231884058,0.9935064935064934,4,2,138
