method,mean_deletion_drop_auc,std_deletion_drop_auc,mean_insertion_auc,std_insertion_auc,mean_combined_score,std_combined_score,mean_runtime_seconds,std_runtime_seconds,completed_instances,completed_tasks,mean_test_accuracy,mean_test_balanced_accuracy
aime,0.3755190951274262,0.2755025991535326,0.8492386664109747,0.20623376951061279,0.6123788807692004,0.1606046810657206,0.004363427195652798,0.00027575313518511327,138,1,0.9927536231884058,0.9935064935064934
cos_fpde,0.3755190951274262,0.2755025991535326,0.8492386664109747,0.20623376951061279,0.6123788807692004,0.1606046810657206,0.003385599695654353,0.0003234057860987829,138,1,0.9927536231884058,0.9935064935064934
diff_fpde,0.38093798676037294,0.2718390584035934,0.8514115073351228,0.1978729039706642,0.6161747470477479,0.1508375245321216,0.0033345972318837057,0.00014614548516086342,138,1,0.9927536231884058,0.9935064935064934
hyb_fpde_grid,0.3823270315865999,0.27311816698280433,0.8528412571439737,0.19537999958022062,0.6175841443652867,0.15040745289715915,0.005316707862322267,0.00045497759098896894,138,1,0.9927536231884058,0.9935064935064934
lime,0.21604697024566413,0.1415091020238835,0.7155250082963098,0.2888587951295465,0.46578598927098697,0.15291044528423486,0.01990799514492358,0.00017160660841737327,138,1,0.9927536231884058,0.9935064935064934
shap,0.3153581943085308,0.3673463105584738,0.7234542288657725,0.19574587604430968,0.5194062115871516,0.24860355725572036,0.06325963254347569,0.016882021987144263,138,1,0.9927536231884058,0.9935064935064934
