task_id,dataset_name,method,deletion_drop_auc,insertion_auc,combined_score,runtime_seconds,attr_l1_norm,mean_abs_exactness_residual,test_accuracy,test_balanced_accuracy,n_features_transformed,n_classes,ok
16,mfeat-karhunen,aime,0.8485855123615798,0.9290317000438073,0.8888086062026936,0.011912445195000884,9.741927173758773,,0.97,0.97,64,10,200
16,mfeat-karhunen,cos_fpde,0.8446596787930558,0.8669393155059705,0.8557994971495131,0.011351601474999598,0.9108096509646747,4.7913062406479414e-17,0.97,0.97,64,10,200
16,mfeat-karhunen,diff_fpde,0.7784187111901439,0.7891924079388619,0.7838055595645029,0.010297563954998595,51.2508994085849,6.1650684557434944e-15,0.97,0.97,64,10,200
16,mfeat-karhunen,hyb_fpde_grid,0.8446596787930558,0.8669393155059705,0.8557994971495131,0.016932464084998742,1.0,4.987438413650569e-17,0.97,0.97,64,10,200
16,mfeat-karhunen,lime,0.3742715849587196,0.47353604280978245,0.42390381388425097,0.04227447326499956,0.6265395223160621,,0.97,0.97,64,10,200
16,mfeat-karhunen,shap,0.8563348545899463,0.9537968188671091,0.9050658367285277,0.5957584614300024,8.766480554863726,,0.97,0.97,64,10,200
