method,mean_deletion_drop_auc,std_deletion_drop_auc,mean_insertion_auc,std_insertion_auc,mean_combined_score,std_combined_score,mean_runtime_seconds,std_runtime_seconds,completed_instances,completed_tasks,mean_test_accuracy,mean_test_balanced_accuracy
aime,0.8485855123615798,0.11104602383181401,0.9290317000438073,0.07654066715541159,0.8888086062026936,0.0843992418417145,0.011912445195000884,0.005491127556983099,200,1,0.97,0.97
cos_fpde,0.8446596787930558,0.11282746110557706,0.8669393155059705,0.1411228631301223,0.8557994971495131,0.10675128117002844,0.011351601474999598,0.003367788768891131,200,1,0.97,0.97
diff_fpde,0.7784187111901439,0.13956253301667035,0.7891924079388619,0.18785184631821047,0.7838055595645029,0.13892327783433334,0.010297563954998595,0.0036329264259153953,200,1,0.97,0.97
hyb_fpde_grid,0.8446596787930558,0.11282746110557706,0.8669393155059705,0.1411228631301223,0.8557994971495131,0.10675128117002844,0.016932464084998742,0.00557315029345478,200,1,0.97,0.97
lime,0.3742715849587196,0.3112963311775586,0.47353604280978245,0.3185853927186373,0.42390381388425097,0.29961846046371743,0.04227447326499956,0.005086015007406275,200,1,0.97,0.97
shap,0.8563348545899463,0.11558981165128232,0.9537968188671091,0.06124299941879636,0.9050658367285277,0.08230295905859346,0.5957584614300024,0.020536910050851318,200,1,0.97,0.97
