task_id,dataset_name,method,deletion_drop_auc,insertion_auc,combined_score,runtime_seconds,attr_l1_norm,mean_abs_exactness_residual,test_accuracy,test_balanced_accuracy,n_features_transformed,n_classes,ok
43,spambase,aime,0.550304284150494,0.8879195566857497,0.7191119204181219,0.01233431229000061,7.354060383537069,,0.9370932754880694,0.9298810508487928,57,2,200
43,spambase,cos_fpde,0.548811655878056,0.8847356068466888,0.7167736313623725,0.011247881529998836,1.2072761697476873,6.998308182959434e-17,0.9370932754880694,0.9298810508487928,57,2,200
43,spambase,diff_fpde,0.5574832611613685,0.8852851235484945,0.7213841923549315,0.010475406879999127,17.64242971716466,7.867179130371937e-15,0.9370932754880694,0.9298810508487928,57,2,200
43,spambase,hyb_fpde_grid,0.5569010831356501,0.8850472680268352,0.7209741755812427,0.017520446014999892,0.9996915762003006,4.9942688873372275e-17,0.9370932754880694,0.9298810508487928,57,2,200
43,spambase,lime,0.008580069651139647,0.35678608940536605,0.18268307952825286,0.021111179494999917,0.7272522365925128,,0.9370932754880694,0.9298810508487928,57,2,200
43,spambase,shap,0.29198503995695996,0.6156042677060516,0.45379465383150575,0.08025786176500027,6.623609520394804,,0.9370932754880694,0.9298810508487928,57,2,200
