task_id,dataset_name,method,deletion_drop_auc,insertion_auc,combined_score,runtime_seconds,attr_l1_norm,mean_abs_exactness_residual,test_accuracy,test_balanced_accuracy,n_features_transformed,n_classes,ok
146824,mfeat-pixel,aime,0.8103470651178413,0.8604833439225956,0.8354152045202184,0.033257022349999804,47.77344860686192,,0.965,0.9650000000000002,240,10,200
146824,mfeat-pixel,cos_fpde,0.8030844692783663,0.7700934806601364,0.7865889749692514,0.013280753110000489,0.9959400366654849,5.2111093218343284e-17,0.965,0.9650000000000002,240,10,200
146824,mfeat-pixel,diff_fpde,0.7665898649868015,0.7251553631987018,0.7458726140927516,0.02406305101500074,243.71034651290162,2.05702122002549e-14,0.965,0.9650000000000002,240,10,200
146824,mfeat-pixel,hyb_fpde_grid,0.8030844692783663,0.7700934806601364,0.7865889749692514,0.014712963590000641,1.0,3.6593991725730744e-17,0.965,0.9650000000000002,240,10,200
146824,mfeat-pixel,lime,0.4255642425581231,0.3957555675123007,0.4106599050352118,0.10756718783499934,1.0915283990265818,,0.965,0.9650000000000002,240,10,200
146824,mfeat-pixel,shap,0.8511817677855469,0.9368557145832105,0.8940187411843787,0.5340177354150012,9.508572165707488,,0.965,0.9650000000000002,240,10,200
