method,mean_deletion_drop_auc,std_deletion_drop_auc,mean_insertion_auc,std_insertion_auc,mean_combined_score,std_combined_score,mean_runtime_seconds,std_runtime_seconds,completed_instances,completed_tasks,mean_test_accuracy,mean_test_balanced_accuracy
aime,0.8103470651178413,0.2024315136488705,0.8604833439225956,0.11250084378843257,0.8354152045202184,0.11184621777823718,0.033257022349999804,0.006870560459658293,200,1,0.965,0.9650000000000002
cos_fpde,0.8030844692783663,0.22192902069248102,0.7700934806601364,0.17466199081755526,0.7865889749692514,0.1286265718098782,0.013280753110000489,0.0052021650710498074,200,1,0.965,0.9650000000000002
diff_fpde,0.7665898649868015,0.23764108844443071,0.7251553631987018,0.18924042868472174,0.7458726140927516,0.1441643662825916,0.02406305101500074,0.004802811828791652,200,1,0.965,0.9650000000000002
hyb_fpde_grid,0.8030844692783663,0.22192902069248102,0.7700934806601364,0.17466199081755526,0.7865889749692514,0.1286265718098782,0.014712963590000641,0.002524849301153677,200,1,0.965,0.9650000000000002
lime,0.4255642425581231,0.27578642354780253,0.3957555675123007,0.3009277972429269,0.4106599050352118,0.2185421202084155,0.10756718783499934,0.050731998704646196,200,1,0.965,0.9650000000000002
shap,0.8511817677855469,0.2051952198357815,0.9368557145832105,0.06518597513290408,0.8940187411843787,0.11098756572834724,0.5340177354150012,0.015953532111371613,200,1,0.965,0.9650000000000002
