task_id,dataset_name,method,deletion_drop_auc,insertion_auc,combined_score,runtime_seconds,attr_l1_norm,mean_abs_exactness_residual,test_accuracy,test_balanced_accuracy,n_features_transformed,n_classes,ok
2074,satimage,aime,0.5777882319005236,0.722685488436476,0.6502368601684998,0.010343316494999897,14.504665076166066,,0.9206842923794712,0.9031894950769123,36,6,200
2074,satimage,cos_fpde,0.4650827415399079,0.6040648867422215,0.5345738141410646,0.009730002080000445,0.7253958072421308,1.1885891576524088e-16,0.9206842923794712,0.9031894950769123,36,6,200
2074,satimage,diff_fpde,0.4674768171967852,0.6291396177913664,0.5483082174940758,0.00994037680499943,37.88029734290735,4.203443149108921e-15,0.9206842923794712,0.9031894950769123,36,6,200
2074,satimage,hyb_fpde_grid,0.4674768171967852,0.6291396177913664,0.5483082174940758,0.016525320505000565,1.0,7.877812985279675e-17,0.9206842923794712,0.9031894950769123,36,6,200
2074,satimage,lime,0.3484936530405278,0.5114049207082587,0.42994928687439327,0.028250912370000946,0.6019185475887389,,0.9206842923794712,0.9031894950769123,36,6,200
2074,satimage,shap,0.6582953002462495,0.8627803516015959,0.7605378259239227,0.385209859725,6.724885794908508,,0.9206842923794712,0.9031894950769123,36,6,200
