task_id,dataset_name,method,deletion_drop_auc,insertion_auc,combined_score,runtime_seconds,attr_l1_norm,mean_abs_exactness_residual,test_accuracy,test_balanced_accuracy,n_features_transformed,n_classes,ok
14,mfeat-fourier,aime,0.7747881798878108,0.8909186750537752,0.8328534274707929,0.012529852439998023,11.774168244652849,,0.81,0.81,76,10,200
14,mfeat-fourier,cos_fpde,0.7540180889928558,0.8311576836802108,0.7925878863365332,0.011594945255001292,0.7631829734325477,7.987100564266214e-17,0.81,0.81,76,10,200
14,mfeat-fourier,diff_fpde,0.7234439474705866,0.7915571873939841,0.7575005674322852,0.010706574820000654,44.99122269786606,1.0357270596728086e-14,0.81,0.81,76,10,200
14,mfeat-fourier,hyb_fpde_grid,0.7540180889928558,0.8311576836802108,0.7925878863365332,0.017617639884998936,1.0,5.990650683851406e-17,0.81,0.81,76,10,200
14,mfeat-fourier,lime,0.6086623657567459,0.6567715239734011,0.6327169448650735,0.0448112401800001,0.6418134871975819,,0.81,0.81,76,10,200
14,mfeat-fourier,shap,0.8154795019884281,0.9391584316244961,0.877318966806462,0.5540483332000001,8.374676437858488,,0.81,0.81,76,10,200
