method,mean_deletion_drop_auc,std_deletion_drop_auc,mean_insertion_auc,std_insertion_auc,mean_combined_score,std_combined_score,mean_runtime_seconds,std_runtime_seconds,completed_instances,completed_tasks,mean_test_accuracy,mean_test_balanced_accuracy
aime,0.7747881798878108,0.23434000102165256,0.8909186750537752,0.107341825784725,0.8328534274707929,0.14863127705418872,0.012529852439998023,0.005771181276776724,200,1,0.81,0.81
cos_fpde,0.7540180889928558,0.2302981560931542,0.8311576836802108,0.168169745462226,0.7925878863365332,0.17334737713691334,0.011594945255001292,0.00397703158135405,200,1,0.81,0.81
diff_fpde,0.7234439474705866,0.2493602816271331,0.7915571873939841,0.18813011594567494,0.7575005674322852,0.1904466340660095,0.010706574820000654,0.004274838353189677,200,1,0.81,0.81
hyb_fpde_grid,0.7540180889928558,0.2302981560931542,0.8311576836802108,0.168169745462226,0.7925878863365332,0.17334737713691334,0.017617639884998936,0.0057970632673441614,200,1,0.81,0.81
lime,0.6086623657567459,0.3453696227720744,0.6567715239734011,0.28332573242604475,0.6327169448650735,0.266211687288271,0.0448112401800001,0.007825416348723047,200,1,0.81,0.81
shap,0.8154795019884281,0.19710731364720796,0.9391584316244961,0.07123265174013285,0.877318966806462,0.11854179275386817,0.5540483332000001,0.020214102537785765,200,1,0.81,0.81
