task_id,dataset_name,method,deletion_drop_auc,insertion_auc,combined_score,runtime_seconds,attr_l1_norm,mean_abs_exactness_residual,test_accuracy,test_balanced_accuracy,n_features_transformed,n_classes,ok
3021,sick,aime,0.060542120847171504,0.9929446283518898,0.5267433745995307,0.011235318790001685,6.0157866251842185,,0.9947089947089947,0.9565217391304348,53,2,200
3021,sick,cos_fpde,0.06306207962439409,0.9927660360702175,0.5279140578473058,0.008910696990000844,1.1499323484204702,8.937512188667008e-17,0.9947089947089947,0.9565217391304348,53,2,200
3021,sick,diff_fpde,0.06400506853483488,0.9927766409174356,0.5283908547261352,0.008942839740000891,7.815188637085494,2.802202914153895e-15,0.9947089947089947,0.9565217391304348,53,2,200
3021,sick,hyb_fpde_grid,0.0640067469344251,0.992791830333647,0.5283992886340361,0.014098402500000589,0.9703160280428108,9.46465128492946e-17,0.9947089947089947,0.9565217391304348,53,2,200
3021,sick,lime,0.010311922628149466,0.9474593137967321,0.47888561821244074,0.017875908545001665,0.3456867045172195,,0.9947089947089947,0.9565217391304348,53,2,200
3021,sick,shap,0.050033381390300974,0.963683803834562,0.5068585926124315,0.06750854565499978,2.3691421414877207,,0.9947089947089947,0.9565217391304348,53,2,200
