method,mean_deletion_drop_auc,std_deletion_drop_auc,mean_insertion_auc,std_insertion_auc,mean_combined_score,std_combined_score,mean_runtime_seconds,std_runtime_seconds,completed_instances,completed_tasks,mean_test_accuracy,mean_test_balanced_accuracy
aime,0.060542120847171504,0.2130547230837541,0.9929446283518898,0.05520021240225761,0.5267433745995307,0.09905633913231723,0.011235318790001685,0.005254744076548118,200,1,0.9947089947089947,0.9565217391304348
cos_fpde,0.06306207962439409,0.21717557282758704,0.9927660360702175,0.055494981559583045,0.5279140578473058,0.10061291389785242,0.008910696990000844,0.004259728365867067,200,1,0.9947089947089947,0.9565217391304348
diff_fpde,0.06400506853483488,0.21732339738912645,0.9927766409174356,0.055504888062232804,0.5283908547261352,0.10068593953316225,0.008942839740000891,0.00445875819851066,200,1,0.9947089947089947,0.9565217391304348
hyb_fpde_grid,0.0640067469344251,0.21732314785313925,0.992791830333647,0.055498267854414834,0.5283992886340361,0.10071451174668102,0.014098402500000589,0.005852696464494525,200,1,0.9947089947089947,0.9565217391304348
lime,0.010311922628149466,0.04712422011714065,0.9474593137967321,0.19482167116856483,0.47888561821244074,0.07723898909027932,0.017875908545001665,0.00579110647705922,200,1,0.9947089947089947,0.9565217391304348
shap,0.050033381390300974,0.2140244822577692,0.963683803834562,0.1406054819936507,0.5068585926124315,0.12585781082983916,0.06750854565499978,0.014584868089629492,200,1,0.9947089947089947,0.9565217391304348
