method,mean_deletion_drop_auc,std_deletion_drop_auc,mean_insertion_auc,std_insertion_auc,mean_combined_score,std_combined_score,mean_runtime_seconds,std_runtime_seconds,completed_instances,completed_tasks,mean_test_accuracy,mean_test_balanced_accuracy
aime,0.16895144196557293,0.17021900950589822,0.9326331843792761,0.11033308043702464,0.5507923131724246,0.09232380557598381,0.010461315554794784,0.0035653404165255707,146,1,0.9315068493150684,0.7699652777777778
cos_fpde,0.16955324292786514,0.16903669287113057,0.9334900190314662,0.10956643606527669,0.5515216309796657,0.09088035647797531,0.008490623136987816,0.004148265136032044,146,1,0.9315068493150684,0.7699652777777778
diff_fpde,0.17299043484252383,0.16766441506153285,0.9338303913961888,0.11472068668421923,0.5534104131193563,0.09352463972587505,0.008367848095890633,0.004290704314814465,146,1,0.9315068493150684,0.7699652777777778
hyb_fpde_grid,0.17442698753736988,0.16786368741206087,0.9343161903603012,0.11295177705905204,0.5543715889488355,0.09316853817827486,0.013046750657533043,0.004842734892018349,146,1,0.9315068493150684,0.7699652777777778
lime,0.02794082914600415,0.13243584453472124,0.7721801455035069,0.19395877727375938,0.4000604873247555,0.12592529936926355,0.016646948054794348,0.00579708975529779,146,1,0.9315068493150684,0.7699652777777778
shap,0.0351944661401296,0.20638046111991049,0.5975221796218699,0.1796719633162738,0.3163583228809998,0.168947648338808,0.07372527629452102,0.017422144747558464,146,1,0.9315068493150684,0.7699652777777778
