task_id,dataset_name,method,deletion_drop_auc,insertion_auc,combined_score,runtime_seconds,attr_l1_norm,mean_abs_exactness_residual,test_accuracy,test_balanced_accuracy,n_features_transformed,n_classes,ok
53,vehicle,aime,0.5267607011623662,0.7205885478464809,0.6236746245044236,0.004995432788234499,6.239823563008763,,0.8,0.8002705627705629,18,4,85
53,vehicle,cos_fpde,0.57284076146168,0.7132697081352574,0.6430552347984686,0.0038370777764710927,0.8706120917105905,1.013996892987149e-16,0.8,0.8002705627705629,18,4,85
53,vehicle,diff_fpde,0.5390438710901782,0.6843206058831042,0.6116822384866412,0.0038087541176467124,8.999808524941342,2.0841988265959465e-15,0.8,0.8002705627705629,18,4,85
53,vehicle,hyb_fpde_grid,0.57284076146168,0.7132697081352574,0.6430552347984686,0.00584931678823583,1.0,6.629704954953715e-17,0.8,0.8002705627705629,18,4,85
53,vehicle,lime,0.46859290051946845,0.5363173803507864,0.5024551404351274,0.015876839882353225,0.6009623803207732,,0.8,0.8002705627705629,18,4,85
53,vehicle,shap,0.653251682030769,0.8260138528021088,0.7396327674164389,0.19690530124706043,5.047389912484368,,0.8,0.8002705627705629,18,4,85
