task_id,dataset_name,method,deletion_drop_auc,insertion_auc,combined_score,runtime_seconds,attr_l1_norm,mean_abs_exactness_residual,test_accuracy,test_balanced_accuracy,n_features_transformed,n_classes,ok
23,cmc,aime,0.3567095864516283,0.6044695920530784,0.48058958925235334,0.005258086304054182,5.730887450922018,,0.5540540540540541,0.5326797385620915,24,3,148
23,cmc,cos_fpde,0.37749286778288454,0.6048474967103257,0.49117018224660514,0.0038856566959467507,1.1859806243759605,7.569489329633933e-17,0.5540540540540541,0.5326797385620915,24,3,148
23,cmc,diff_fpde,0.3766365908053041,0.5799911297347441,0.4783138602700241,0.0038557993310806603,2.0327216962739256,5.488290002644461e-16,0.5540540540540541,0.5326797385620915,24,3,148
23,cmc,hyb_fpde_grid,0.37750294377356197,0.6048531516045956,0.49117804768907886,0.0061834506081068896,1.0,5.2053425383871626e-17,0.5540540540540541,0.5326797385620915,24,3,148
23,cmc,lime,0.029777927269362563,0.26011096460803196,0.14494444593869726,0.013511559128380361,0.459252275794884,,0.5540540540540541,0.5326797385620915,24,3,148
23,cmc,shap,0.42143586298960073,0.6708692541386398,0.5461525585641203,0.19183818819594584,1.8239019481657388,,0.5540540540540541,0.5326797385620915,24,3,148
