method,mean_deletion_drop_auc,std_deletion_drop_auc,mean_insertion_auc,std_insertion_auc,mean_combined_score,std_combined_score,mean_runtime_seconds,std_runtime_seconds,completed_instances,completed_tasks,mean_test_accuracy,mean_test_balanced_accuracy
aime,0.8320644905090726,0.17222701382231767,0.800425016264914,0.20399211382543658,0.8162447533869932,0.15850878332461174,0.006188052424241939,0.00170800277905491,99,1,0.9191919191919192,0.9191919191919193
cos_fpde,0.7612187619260643,0.21995089804085827,0.5974334064845309,0.32142086003627096,0.6793260842052976,0.2146115630019021,0.004733601020202766,7.550502673143651e-05,99,1,0.9191919191919192,0.9191919191919193
diff_fpde,0.7465705661231059,0.2463540007658527,0.6335466823726117,0.2771933565010844,0.6900586242478588,0.2204955399196483,0.004700750676767087,0.00023958871745068276,99,1,0.9191919191919192,0.9191919191919193
hyb_fpde_grid,0.7593652505649631,0.22829278634066436,0.5858789495005431,0.32433624878373807,0.6726221000327531,0.21921587596590236,0.007717733262627645,0.0012493054813298308,99,1,0.9191919191919192,0.9191919191919193
lime,0.5297522053196246,0.3018040501119213,0.3750284005249902,0.2988289680521679,0.4523903029223074,0.2398840612177521,0.03451365556565543,0.002492812672783828,99,1,0.9191919191919192,0.9191919191919193
shap,0.8286213525637852,0.2061621625241817,0.8571433807197592,0.14846065695929705,0.8428823666417722,0.1421829474780833,0.6114508694444436,0.024008041210306377,99,1,0.9191919191919192,0.9191919191919193
