task_id,dataset_name,method,deletion_drop_auc,insertion_auc,combined_score,runtime_seconds,attr_l1_norm,mean_abs_exactness_residual,test_accuracy,test_balanced_accuracy,n_features_transformed,n_classes,ok
3022,vowel,aime,0.8320644905090726,0.800425016264914,0.8162447533869932,0.006188052424241939,3.5185668109493573,,0.9191919191919192,0.9191919191919193,27,11,99
3022,vowel,cos_fpde,0.7612187619260643,0.5974334064845309,0.6793260842052976,0.004733601020202766,0.6078558252813028,1.0765799026668185e-16,0.9191919191919192,0.9191919191919193,27,11,99
3022,vowel,diff_fpde,0.7465705661231059,0.6335466823726117,0.6900586242478588,0.004700750676767087,5.128752606395713,1.0889157140515424e-15,0.9191919191919192,0.9191919191919193,27,11,99
3022,vowel,hyb_fpde_grid,0.7593652505649631,0.5858789495005431,0.6726221000327531,0.007717733262627645,0.9684605443602025,5.696989597242015e-17,0.9191919191919192,0.9191919191919193,27,11,99
3022,vowel,lime,0.5297522053196246,0.3750284005249902,0.4523903029223074,0.03451365556565543,0.33896386132463496,,0.9191919191919192,0.9191919191919193,27,11,99
3022,vowel,shap,0.8286213525637852,0.8571433807197592,0.8428823666417722,0.6114508694444436,7.36953325829615,,0.9191919191919192,0.9191919191919193,27,11,99
