task_id,dataset_name,method,deletion_drop_auc,insertion_auc,combined_score,runtime_seconds,attr_l1_norm,mean_abs_exactness_residual,test_accuracy,test_balanced_accuracy,n_features_transformed,n_classes,ok
3904,jm1,aime,0.10718933428888937,0.7812841936703268,0.44423676397960804,0.004971421160000204,8.27730884939016,,0.8191000918273645,0.5781801595612605,21,2,200
3904,jm1,cos_fpde,0.10932179936801673,0.7823798172162264,0.4458508082921216,0.0037063231350002467,1.6468162625614489,1.43531020402321e-16,0.8191000918273645,0.5781801595612605,21,2,200
3904,jm1,diff_fpde,0.12290802149064514,0.7837020823670658,0.45330505192885545,0.003672339084999976,9.820433834637917,1.9972218323616174e-15,0.8191000918273645,0.5781801595612605,21,2,200
3904,jm1,hyb_fpde_grid,0.12290802149064514,0.7837020823670658,0.45330505192885545,0.009161681494999243,1.0,9.020562075079397e-17,0.8191000918273645,0.5781801595612605,21,2,200
3904,jm1,lime,0.05062837200488175,0.7184798802253236,0.3845541261151027,0.010563871724999957,0.33287984381397073,,0.8191000918273645,0.5781801595612605,21,2,200
3904,jm1,shap,0.010908714099530063,0.6793448754488612,0.34512679477419567,0.06729513428000161,1.727461375545308,,0.8191000918273645,0.5781801595612605,21,2,200
