method,mean_deletion_drop_auc,std_deletion_drop_auc,mean_insertion_auc,std_insertion_auc,mean_combined_score,std_combined_score,mean_runtime_seconds,std_runtime_seconds,completed_instances,completed_tasks,mean_test_accuracy,mean_test_balanced_accuracy
aime,0.10718933428888937,0.09642828785102577,0.7812841936703268,0.08776752608893468,0.44423676397960804,0.072284505247266,0.004971421160000204,0.00014194210471421602,200,1,0.8191000918273645,0.5781801595612605
cos_fpde,0.10932179936801673,0.09761841599436208,0.7823798172162264,0.0873386677128024,0.4458508082921216,0.07265129329735211,0.0037063231350002467,4.63859111571851e-05,200,1,0.8191000918273645,0.5781801595612605
diff_fpde,0.12290802149064514,0.10380464321678595,0.7837020823670658,0.08698919253791638,0.45330505192885545,0.07605436850861866,0.003672339084999976,6.561497863019337e-05,200,1,0.8191000918273645,0.5781801595612605
hyb_fpde_grid,0.12290802149064514,0.10380464321678595,0.7837020823670658,0.08698919253791638,0.45330505192885545,0.07605436850861866,0.009161681494999243,0.0003637643518174219,200,1,0.8191000918273645,0.5781801595612605
lime,0.05062837200488175,0.10648604374202876,0.7184798802253236,0.08068269378794747,0.3845541261151027,0.06575307495435632,0.010563871724999957,0.0003784640557111439,200,1,0.8191000918273645,0.5781801595612605
shap,0.010908714099530063,0.1392276009726373,0.6793448754488612,0.07590288099263492,0.34512679477419567,0.08994856688829608,0.06729513428000161,0.015485624640637694,200,1,0.8191000918273645,0.5781801595612605
