method,mean_deletion_drop_auc,std_deletion_drop_auc,mean_insertion_auc,std_insertion_auc,mean_combined_score,std_combined_score,mean_runtime_seconds,std_runtime_seconds,completed_instances,completed_tasks,mean_test_accuracy,mean_test_balanced_accuracy
aime,0.6958290389215079,0.2231108173716958,0.7641808991269003,0.21362565416165946,0.7300049690242042,0.17580486827646338,0.005403378960002953,0.00010654866313833264,200,1,0.9350649350649349,0.9350649350649352
cos_fpde,0.5957862763043429,0.3084065177025462,0.7046545990709907,0.26729108408193,0.6502204376876668,0.23043907228704336,0.0042911939600000434,0.0003624224402618961,200,1,0.9350649350649349,0.9350649350649352
diff_fpde,0.6076418627242179,0.2933926856286659,0.6769480977865026,0.3059608059176263,0.6422949802553604,0.25309449596815964,0.00425495484000038,0.0003822038116769453,200,1,0.9350649350649349,0.9350649350649352
hyb_fpde_grid,0.6076418627242179,0.2933926856286659,0.6769480977865026,0.3059608059176263,0.6422949802553604,0.25309449596815964,0.00746214092500054,0.0004032230053945536,200,1,0.9350649350649349,0.9350649350649352
lime,0.42921966042755666,0.35307366727555567,0.5556584135120635,0.340682941655341,0.49243903696981,0.31132676034716517,0.020535912315001213,0.0012050594491238484,200,1,0.9350649350649349,0.9350649350649352
shap,0.7397189795330257,0.243585567532963,0.8558123989417399,0.131721984845841,0.7977656892373828,0.1449095881377546,0.40480430046000065,0.018017676730665646,200,1,0.9350649350649349,0.9350649350649352
