task_id,dataset_name,method,deletion_drop_auc,insertion_auc,combined_score,runtime_seconds,attr_l1_norm,mean_abs_exactness_residual,test_accuracy,test_balanced_accuracy,n_features_transformed,n_classes,ok
146822,segment,aime,0.6958290389215079,0.7641808991269003,0.7300049690242042,0.005403378960002953,4.0528858412049535,,0.9350649350649349,0.9350649350649352,16,7,200
146822,segment,cos_fpde,0.5957862763043429,0.7046545990709907,0.6502204376876668,0.0042911939600000434,0.6789352707250867,8.593820099989102e-17,0.9350649350649349,0.9350649350649352,16,7,200
146822,segment,diff_fpde,0.6076418627242179,0.6769480977865026,0.6422949802553604,0.00425495484000038,11.761177044831756,2.237932061888159e-15,0.9350649350649349,0.9350649350649352,16,7,200
146822,segment,hyb_fpde_grid,0.6076418627242179,0.6769480977865026,0.6422949802553604,0.00746214092500054,1.0,5.804384750618397e-17,0.9350649350649349,0.9350649350649352,16,7,200
146822,segment,lime,0.42921966042755666,0.5556584135120635,0.49243903696981,0.020535912315001213,0.38161137025168584,,0.9350649350649349,0.9350649350649352,16,7,200
146822,segment,shap,0.7397189795330257,0.8558123989417399,0.7977656892373828,0.40480430046000065,7.717026053027119,,0.9350649350649349,0.9350649350649352,16,7,200
