task_id,dataset_name,method,deletion_drop_auc,insertion_auc,combined_score,runtime_seconds,attr_l1_norm,mean_abs_exactness_residual,test_accuracy,test_balanced_accuracy,n_features_transformed,n_classes,ok
9957,qsar-biodeg,aime,0.4106666434262772,0.8998149062175642,0.6552407748219207,0.013092267566038146,8.532536239976341,,0.8867924528301887,0.8603174603174604,41,2,106
9957,qsar-biodeg,cos_fpde,0.4141251972175495,0.9004604719236201,0.6572928345705847,0.010401843783017579,1.3293278296199917,8.757080490520656e-17,0.8867924528301887,0.8603174603174604,41,2,106
9957,qsar-biodeg,diff_fpde,0.40691420458620403,0.8983907142378479,0.652652459412026,0.010387009698112942,19.89490245433787,4.077189319914696e-15,0.8867924528301887,0.8603174603174604,41,2,106
9957,qsar-biodeg,hyb_fpde_grid,0.4141251972175495,0.9004604719236201,0.6572928345705847,0.014816813773584722,1.0,5.708222154912362e-17,0.8867924528301887,0.8603174603174604,41,2,106
9957,qsar-biodeg,lime,0.0040963003485515685,0.6194395044090312,0.3117679023787914,0.02127033626415144,0.6475239442098144,,0.8867924528301887,0.8603174603174604,41,2,106
9957,qsar-biodeg,shap,0.1861854916619846,0.6369270619453639,0.4115562768036743,0.07532543913207637,5.587775452900842,,0.8867924528301887,0.8603174603174604,41,2,106
