method,mean_deletion_drop_auc,std_deletion_drop_auc,mean_insertion_auc,std_insertion_auc,mean_combined_score,std_combined_score,mean_runtime_seconds,std_runtime_seconds,completed_instances,completed_tasks,mean_test_accuracy,mean_test_balanced_accuracy
aime,0.3472396496285141,0.24769984591591063,0.720722323089489,0.19208275398083635,0.5339809863590016,0.12769912693650154,0.004648529985001631,6.31090227623309e-05,200,1,0.8598852603706972,0.8553582930500108
cos_fpde,0.3216070918997584,0.24759933032821552,0.706137298794765,0.21421461309048806,0.5138721953472617,0.1394409667988012,0.003540941209999886,0.00019365731152719628,200,1,0.8598852603706972,0.8553582930500108
diff_fpde,0.3182147601379691,0.24869014809099937,0.7042080868012139,0.2180302193940763,0.5112114234695916,0.1420713264298537,0.003510667524999036,0.00022264801342956571,200,1,0.8598852603706972,0.8553582930500108
hyb_fpde_grid,0.3216070918997584,0.24759933032821552,0.706137298794765,0.21421461309048806,0.5138721953472617,0.1394409667988012,0.019099685809999867,0.0006077895703779042,200,1,0.8598852603706972,0.8553582930500108
lime,0.07053709729547615,0.15617248766114378,0.48167477873503245,0.30007575745562604,0.27610593801525435,0.13165325318454688,0.008989384515000864,0.00010787314604548319,200,1,0.8598852603706972,0.8553582930500108
shap,0.17258302271861417,0.20325404839247765,0.5103510379113549,0.33918987609643975,0.3414670303149846,0.22276067482110073,0.06394774121499879,0.014542457169989908,200,1,0.8598852603706972,0.8553582930500108
