task_id,dataset_name,method,deletion_drop_auc,insertion_auc,combined_score,runtime_seconds,attr_l1_norm,mean_abs_exactness_residual,test_accuracy,test_balanced_accuracy,n_features_transformed,n_classes,ok
219,electricity,aime,0.3472396496285141,0.720722323089489,0.5339809863590016,0.004648529985001631,2.865461558500471,,0.8598852603706972,0.8553582930500108,14,2,200
219,electricity,cos_fpde,0.3216070918997584,0.706137298794765,0.5138721953472617,0.003540941209999886,1.1677569288144447,1.302647226197884e-16,0.8598852603706972,0.8553582930500108,14,2,200
219,electricity,diff_fpde,0.3182147601379691,0.7042080868012139,0.5112114234695916,0.003510667524999036,3.551101329188113,1.2580735064826598e-15,0.8598852603706972,0.8553582930500108,14,2,200
219,electricity,hyb_fpde_grid,0.3216070918997584,0.706137298794765,0.5138721953472617,0.019099685809999867,1.0,1.014379552577438e-16,0.8598852603706972,0.8553582930500108,14,2,200
219,electricity,lime,0.07053709729547615,0.48167477873503245,0.27610593801525435,0.008989384515000864,0.5165636535147735,,0.8598852603706972,0.8553582930500108,14,2,200
219,electricity,shap,0.17258302271861417,0.5103510379113549,0.3414670303149846,0.06394774121499879,3.1641113127065563,,0.8598852603706972,0.8553582930500108,14,2,200
