task_id,dataset_name,method,deletion_drop_auc,insertion_auc,combined_score,runtime_seconds,attr_l1_norm,mean_abs_exactness_residual,test_accuracy,test_balanced_accuracy,n_features_transformed,n_classes,ok
3021,sick,aime,0.06955698310461787,0.9966808187238985,0.5331189009142582,0.010962341549999336,5.803689138356523,,0.9894179894179893,0.9130434782608696,53,2,200
3021,sick,cos_fpde,0.07200456645831661,0.996440643454835,0.5342226049565758,0.009051677770000311,1.1758897117799587,8.469841581565385e-17,0.9894179894179893,0.9130434782608696,53,2,200
3021,sick,diff_fpde,0.07178687285047898,0.9967147543477823,0.5342508135991306,0.008962522485001614,7.989641633360249,1.7083556791419595e-15,0.9894179894179893,0.9130434782608696,53,2,200
3021,sick,hyb_fpde_grid,0.07200452021814127,0.9966892833663199,0.5343469017922307,0.014903236779999815,0.9585985627667591,8.444633881055097e-17,0.9894179894179893,0.9130434782608696,53,2,200
3021,sick,lime,0.01155559364496908,0.9434735679984928,0.4775145808217309,0.017190024104999965,0.3592077160424193,,0.9894179894179893,0.9130434782608696,53,2,200
3021,sick,shap,0.04627569875568823,0.9590501402141876,0.5026629194849379,0.06923856656000282,2.300309540949966,,0.9894179894179893,0.9130434782608696,53,2,200
