method,mean_deletion_drop_auc,std_deletion_drop_auc,mean_insertion_auc,std_insertion_auc,mean_combined_score,std_combined_score,mean_runtime_seconds,std_runtime_seconds,completed_instances,completed_tasks,mean_test_accuracy,mean_test_balanced_accuracy
aime,0.8452913661578344,0.1355001349989569,0.9293859542725389,0.05411576504013577,0.8873386602151867,0.06989171523359809,0.01133695071499659,0.0075328527837203955,200,1,0.9733096085409252,0.9734605322082637
cos_fpde,0.8357958395791257,0.1600353503087233,0.8761148302765857,0.12030587162845728,0.8559553349278558,0.10072726824466291,0.011409875079998529,0.0031801560184536812,200,1,0.9733096085409252,0.9734605322082637
diff_fpde,0.7966910136244536,0.18261640080173375,0.8349214809493902,0.126794930539466,0.8158062472869219,0.11298153349830992,0.010428616629999396,0.005821473370976867,200,1,0.9733096085409252,0.9734605322082637
hyb_fpde_grid,0.8357958395791257,0.1600353503087233,0.8761148302765857,0.12030587162845728,0.8559553349278558,0.10072726824466291,0.017462173174997986,0.004977790412105332,200,1,0.9733096085409252,0.9734605322082637
lime,0.3243412075758598,0.279819712606757,0.40325833881153356,0.29041977845293143,0.3637997731936967,0.24027534831823202,0.03514691864999861,0.006449272717151022,200,1,0.9733096085409252,0.9734605322082637
shap,0.8670878790541302,0.13385276863499024,0.9543624247198419,0.04111233148033402,0.910725151886986,0.06788804813170152,0.5753855342499997,0.019518837608544927,200,1,0.9733096085409252,0.9734605322082637
