task_id,dataset_name,method,deletion_drop_auc,insertion_auc,combined_score,runtime_seconds,attr_l1_norm,mean_abs_exactness_residual,test_accuracy,test_balanced_accuracy,n_features_transformed,n_classes,ok
28,optdigits,aime,0.8452913661578344,0.9293859542725389,0.8873386602151867,0.01133695071499659,9.98868222137851,,0.9733096085409252,0.9734605322082637,64,10,200
28,optdigits,cos_fpde,0.8357958395791257,0.8761148302765857,0.8559553349278558,0.011409875079998529,0.988944061953936,6.196432256189155e-17,0.9733096085409252,0.9734605322082637,64,10,200
28,optdigits,diff_fpde,0.7966910136244536,0.8349214809493902,0.8158062472869219,0.010428616629999396,51.252742206302365,5.60218538225854e-15,0.9733096085409252,0.9734605322082637,64,10,200
28,optdigits,hyb_fpde_grid,0.8357958395791257,0.8761148302765857,0.8559553349278558,0.017462173174997986,1.0,5.013350845572972e-17,0.9733096085409252,0.9734605322082637,64,10,200
28,optdigits,lime,0.3243412075758598,0.40325833881153356,0.3637997731936967,0.03514691864999861,0.5939340347429497,,0.9733096085409252,0.9734605322082637,64,10,200
28,optdigits,shap,0.8670878790541302,0.9543624247198419,0.910725151886986,0.5753855342499997,9.512266159569986,,0.9733096085409252,0.9734605322082637,64,10,200
