method,mean_deletion_drop_auc,std_deletion_drop_auc,mean_insertion_auc,std_insertion_auc,mean_combined_score,std_combined_score,mean_runtime_seconds,std_runtime_seconds,completed_instances,completed_tasks,mean_test_accuracy,mean_test_balanced_accuracy
aime,0.6928023462368644,0.20869709340426448,0.7714552981192854,0.18501777823666862,0.7321288221780748,0.1449748812098133,0.0055488566600007515,0.00013744892793425724,200,1,0.9393939393939393,0.9393939393939393
cos_fpde,0.5878221345755799,0.3229602344376659,0.7228309187960811,0.2145627657265966,0.6553265266858306,0.20433431961478152,0.004404906474998924,0.0003528650153073004,200,1,0.9393939393939393,0.9393939393939393
diff_fpde,0.5790633498313089,0.3054361970213841,0.6704758302195141,0.28730812716843224,0.6247695900254115,0.24984989330524893,0.004348310964999058,0.00042191265129980194,200,1,0.9393939393939393,0.9393939393939393
hyb_fpde_grid,0.5878221345755799,0.3229602344376659,0.7228309187960811,0.2145627657265966,0.6553265266858306,0.20433431961478152,0.007646423855000393,0.0006085254751320554,200,1,0.9393939393939393,0.9393939393939393
lime,0.4444739899014496,0.3421147450691671,0.5269441485727422,0.2984867315500373,0.48570906923709584,0.2802602624081092,0.021576209104998086,0.0005767924305781714,200,1,0.9393939393939393,0.9393939393939393
shap,0.7211291477612463,0.2403215093712006,0.8558264512926455,0.1254030230499774,0.7884777995269459,0.13483781406168663,0.4135379792400002,0.018496188367649755,200,1,0.9393939393939393,0.9393939393939393
