task_id,dataset_name,method,deletion_drop_auc,insertion_auc,combined_score,runtime_seconds,attr_l1_norm,mean_abs_exactness_residual,test_accuracy,test_balanced_accuracy,n_features_transformed,n_classes,ok
146822,segment,aime,0.6928023462368644,0.7714552981192854,0.7321288221780748,0.0055488566600007515,4.07357986861011,,0.9393939393939393,0.9393939393939393,16,7,200
146822,segment,cos_fpde,0.5878221345755799,0.7228309187960811,0.6553265266858306,0.004404906474998924,0.7225028304882893,7.214714936587541e-17,0.9393939393939393,0.9393939393939393,16,7,200
146822,segment,diff_fpde,0.5790633498313089,0.6704758302195141,0.6247695900254115,0.004348310964999058,12.097064354468767,3.4552916083896433e-15,0.9393939393939393,0.9393939393939393,16,7,200
146822,segment,hyb_fpde_grid,0.5878221345755799,0.7228309187960811,0.6553265266858306,0.007646423855000393,1.0,5.3394788590566124e-17,0.9393939393939393,0.9393939393939393,16,7,200
146822,segment,lime,0.4444739899014496,0.5269441485727422,0.48570906923709584,0.021576209104998086,0.3810427427207675,,0.9393939393939393,0.9393939393939393,16,7,200
146822,segment,shap,0.7211291477612463,0.8558264512926455,0.7884777995269459,0.4135379792400002,7.781787279863084,,0.9393939393939393,0.9393939393939393,16,7,200
