method,mean_deletion_drop_auc,std_deletion_drop_auc,mean_insertion_auc,std_insertion_auc,mean_combined_score,std_combined_score,mean_runtime_seconds,std_runtime_seconds,completed_instances,completed_tasks,mean_test_accuracy,mean_test_balanced_accuracy
aime,0.17073882841360988,0.22748625845373655,0.981406098754571,0.06584413677609909,0.5760724635840904,0.0969677380036812,0.005223034388888192,8.489076465092119e-05,54,1,0.9444444444444444,0.74
cos_fpde,0.171079573368575,0.2277773240983877,0.9814049013711004,0.06583743386510103,0.5762422373698376,0.0971534528427772,0.004050564777775923,2.9823450392238217e-05,54,1,0.9444444444444444,0.74
diff_fpde,0.1665982583313767,0.22272809710388897,0.9692009624538721,0.1156418879863323,0.5678996103926244,0.08404253004846726,0.004013178574071903,8.983886901364341e-05,54,1,0.9444444444444444,0.74
hyb_fpde_grid,0.17261740024601052,0.22848686756965975,0.9814083745344147,0.06583831602038755,0.5770128873902125,0.09763310248501644,0.006066461851852346,8.153420500806267e-05,54,1,0.9444444444444444,0.74
lime,0.03266312445315235,0.19055142690445415,0.946954258762055,0.16419499642798294,0.48980869160760365,0.037227888045422666,0.010146632129628111,0.00014135823542802293,54,1,0.9444444444444444,0.74
shap,0.1393265146111032,0.17442652401350592,0.9479015868092913,0.20001657702147277,0.5436140507101972,0.1378899795462444,0.034218617166665674,0.024668657832145186,54,1,0.9444444444444444,0.74
