method,mean_deletion_drop_auc,std_deletion_drop_auc,mean_insertion_auc,std_insertion_auc,mean_combined_score,std_combined_score,mean_runtime_seconds,std_runtime_seconds,completed_instances,completed_tasks,mean_test_accuracy,mean_test_balanced_accuracy
aime,0.4406296380055422,0.18404000768885068,0.7917886014629143,0.1649964243282477,0.6162091197342283,0.14046996126522066,0.00496278146999856,9.782790114537499e-05,200,1,0.8509593931280678,0.8001862582758066
cos_fpde,0.4366075804235999,0.1862409555947438,0.7783488997586427,0.17850551523436198,0.6074782400911213,0.1479613364363282,0.0039876737199978154,0.0009942445072382052,200,1,0.8509593931280678,0.8001862582758066
diff_fpde,0.43730593342173085,0.1837475326865705,0.7800668290554507,0.17143205423124977,0.6086863812385908,0.1432585103147775,0.003946211149998646,0.001007543235740677,200,1,0.8509593931280678,0.8001862582758066
hyb_fpde_grid,0.43803157096047846,0.18340825561889512,0.7806334727785732,0.17410139780352085,0.6093325218695259,0.14462473875606272,0.018482496084999127,0.0013945357375890035,200,1,0.8509593931280678,0.8001862582758066
lime,0.23721426343754287,0.21762127209290122,0.6210554116337242,0.26180334446049913,0.42913483753563353,0.20804086297386679,0.04241649753499871,0.0010980371212938526,200,1,0.8509593931280678,0.8001862582758066
shap,0.4510533059398606,0.17930083372443478,0.8152118546765235,0.15401514815683612,0.6331325803081921,0.13832763363783723,0.17988248199000054,0.016117500464391338,200,1,0.8509593931280678,0.8001862582758066
