task_id,dataset_name,method,deletion_drop_auc,insertion_auc,combined_score,runtime_seconds,attr_l1_norm,mean_abs_exactness_residual,test_accuracy,test_balanced_accuracy,n_features_transformed,n_classes,ok
167119,jungle_chess_2pcs_raw_endgame_complete,aime,0.4406296380055422,0.7917886014629143,0.6162091197342283,0.00496278146999856,1.9415038297090128,,0.8509593931280678,0.8001862582758066,6,3,200
167119,jungle_chess_2pcs_raw_endgame_complete,cos_fpde,0.4366075804235999,0.7783488997586427,0.6074782400911213,0.0039876737199978154,1.20050163641821,8.500145032286355e-17,0.8509593931280678,0.8001862582758066,6,3,200
167119,jungle_chess_2pcs_raw_endgame_complete,diff_fpde,0.43730593342173085,0.7800668290554507,0.6086863812385908,0.003946211149998646,3.4703261770769736,5.600381269843524e-16,0.8509593931280678,0.8001862582758066,6,3,200
167119,jungle_chess_2pcs_raw_endgame_complete,hyb_fpde_grid,0.43803157096047846,0.7806334727785732,0.6093325218695259,0.018482496084999127,0.9993292232535674,5.439225458925279e-17,0.8509593931280678,0.8001862582758066,6,3,200
167119,jungle_chess_2pcs_raw_endgame_complete,lime,0.23721426343754287,0.6210554116337242,0.42913483753563353,0.04241649753499871,0.5177706694463438,,0.8509593931280678,0.8001862582758066,6,3,200
167119,jungle_chess_2pcs_raw_endgame_complete,shap,0.4510533059398606,0.8152118546765235,0.6331325803081921,0.17988248199000054,2.849088793873179,,0.8509593931280678,0.8001862582758066,6,3,200
