task_id,dataset_name,method,deletion_drop_auc,insertion_auc,combined_score,runtime_seconds,attr_l1_norm,mean_abs_exactness_residual,test_accuracy,test_balanced_accuracy,n_features_transformed,n_classes,ok
14954,cylinder-bands,aime,0.48691455229500585,0.8943872028357519,0.6906508775653789,0.02440096188888832,10.35498093110344,,0.8518518518518519,0.8373071528751752,155,2,54
14954,cylinder-bands,cos_fpde,0.48864347336206615,0.8982057445078789,0.6934246089349726,0.019929714203704582,1.3187995274038666,6.865007533634143e-17,0.8518518518518519,0.8373071528751752,155,2,54
14954,cylinder-bands,diff_fpde,0.49052047000890464,0.8984652473174535,0.694492858663179,0.02016951357407361,6.602840206875864,2.577413591195763e-15,0.8518518518518519,0.8373071528751752,155,2,54
14954,cylinder-bands,hyb_fpde_grid,0.4905518201760878,0.8985520368708295,0.6945519285234587,0.020294149648148827,0.999994180483427,6.553399798134605e-17,0.8518518518518519,0.8373071528751752,155,2,54
14954,cylinder-bands,lime,0.0025102714373841394,0.5591580169414143,0.2808341441893992,0.060276654222221546,1.1388152461040724,,0.8518518518518519,0.8373071528751752,155,2,54
14954,cylinder-bands,shap,0.3127902210054535,0.6712272785474673,0.4920087497764604,0.03293449214814833,4.753552466208752,,0.8518518518518519,0.8373071528751752,155,2,54
