method,mean_deletion_drop_auc,std_deletion_drop_auc,mean_insertion_auc,std_insertion_auc,mean_combined_score,std_combined_score,mean_runtime_seconds,std_runtime_seconds,completed_instances,completed_tasks,mean_test_accuracy,mean_test_balanced_accuracy
aime,0.48691455229500585,0.18501725908320757,0.8943872028357519,0.060553768459915204,0.6906508775653789,0.09745876590943979,0.02440096188888832,0.004921959973111069,54,1,0.8518518518518519,0.8373071528751752
cos_fpde,0.48864347336206615,0.1952542812859772,0.8982057445078789,0.05563409553401651,0.6934246089349726,0.1039052312667734,0.019929714203704582,0.005431160874359903,54,1,0.8518518518518519,0.8373071528751752
diff_fpde,0.49052047000890464,0.19237925190942085,0.8984652473174535,0.055927187205386,0.694492858663179,0.10265705891748758,0.02016951357407361,0.005249668848580487,54,1,0.8518518518518519,0.8373071528751752
hyb_fpde_grid,0.4905518201760878,0.1923880556518228,0.8985520368708295,0.0558029501941662,0.6945519285234587,0.1026495943458466,0.020294149648148827,0.007426882574166607,54,1,0.8518518518518519,0.8373071528751752
lime,0.0025102714373841394,0.16987038654190875,0.5591580169414143,0.2010396331468384,0.2808341441893992,0.1354970486180188,0.060276654222221546,0.03841765639424913,54,1,0.8518518518518519,0.8373071528751752
shap,0.3127902210054535,0.30454047571091697,0.6712272785474673,0.36740117647177206,0.4920087497764604,0.32772465288309494,0.03293449214814833,0.012484309371639038,54,1,0.8518518518518519,0.8373071528751752
