task_id,dataset_name,method,deletion_drop_auc,insertion_auc,combined_score,runtime_seconds,attr_l1_norm,mean_abs_exactness_residual,test_accuracy,test_balanced_accuracy,n_features_transformed,n_classes,ok
22,mfeat-zernike,aime,0.7335343769813275,0.7633471651310747,0.7484407710562011,0.006360481500000788,9.748215227876392,,0.77,0.77,47,10,200
22,mfeat-zernike,cos_fpde,0.6978749506128809,0.6787074412986912,0.688291195955786,0.004957583390001261,0.7309257418199314,1.1386724896311762e-16,0.77,0.77,47,10,200
22,mfeat-zernike,diff_fpde,0.6737660440602176,0.6484183726176608,0.661092208338939,0.004889965699999337,33.00769635008362,6.475375791126226e-15,0.77,0.77,47,10,200
22,mfeat-zernike,hyb_fpde_grid,0.6978749506128809,0.6787074412986912,0.688291195955786,0.008378810194998466,1.0,7.278466024329689e-17,0.77,0.77,47,10,200
22,mfeat-zernike,lime,0.5193358551061988,0.46532109684572026,0.4923284759759596,0.03818240108999902,0.5075150794753985,,0.77,0.77,47,10,200
22,mfeat-zernike,shap,0.7817915371240821,0.8455621394658663,0.8136768382949743,0.5365235318100003,7.87245961476383,,0.77,0.77,47,10,200
