method,mean_deletion_drop_auc,std_deletion_drop_auc,mean_insertion_auc,std_insertion_auc,mean_combined_score,std_combined_score,mean_runtime_seconds,std_runtime_seconds,completed_instances,completed_tasks,mean_test_accuracy,mean_test_balanced_accuracy
aime,0.7335343769813275,0.24335410960117168,0.7633471651310747,0.18492094279373014,0.7484407710562011,0.18986593746742603,0.006360481500000788,8.333395873854341e-05,200,1,0.77,0.77
cos_fpde,0.6978749506128809,0.26955482062411923,0.6787074412986912,0.21238617508594498,0.688291195955786,0.19470811660942958,0.004957583390001261,0.0004466736571024337,200,1,0.77,0.77
diff_fpde,0.6737660440602176,0.26949684107794053,0.6484183726176608,0.22692753054178635,0.661092208338939,0.19942674566781876,0.004889965699999337,0.00021830053938782143,200,1,0.77,0.77
hyb_fpde_grid,0.6978749506128809,0.26955482062411923,0.6787074412986912,0.21238617508594498,0.688291195955786,0.19470811660942958,0.008378810194998466,0.00039738485509625403,200,1,0.77,0.77
lime,0.5193358551061988,0.33082852722935,0.46532109684572026,0.2906751672640265,0.4923284759759596,0.2250810947755563,0.03818240108999902,0.0006068620076372521,200,1,0.77,0.77
shap,0.7817915371240821,0.21273701295164907,0.8455621394658663,0.1344548838016036,0.8136768382949743,0.1548588120276025,0.5365235318100003,0.01616876119622854,200,1,0.77,0.77
