task_id,dataset_name,method,deletion_drop_auc,insertion_auc,combined_score,runtime_seconds,attr_l1_norm,mean_abs_exactness_residual,test_accuracy,test_balanced_accuracy,n_features_transformed,n_classes,ok
3549,analcatdata_authorship,aime,0.5549552555611841,0.9358688047232555,0.7454120301422199,0.011788162929412451,11.4249902252207,,0.9882352941176471,0.9916666666666667,70,4,85
3549,analcatdata_authorship,cos_fpde,0.5674510413988282,0.9274779552979421,0.7474644983483851,0.010820447247059453,1.1706331366653493,9.959353603255081e-17,0.9882352941176471,0.9916666666666667,70,4,85
3549,analcatdata_authorship,diff_fpde,0.556753429604188,0.9094041517748276,0.7330787906895079,0.010681301294117837,73.70716092888549,1.2296046533907322e-14,0.9882352941176471,0.9916666666666667,70,4,85
3549,analcatdata_authorship,hyb_fpde_grid,0.5674510413988282,0.9274779552979421,0.7474644983483851,0.013826155694117487,1.0,7.914420752750657e-17,0.9882352941176471,0.9916666666666667,70,4,85
3549,analcatdata_authorship,lime,0.11784351793054432,0.4912522794014403,0.3045478986659923,0.02706238187058649,1.0532657775439722,,0.9882352941176471,0.9916666666666667,70,4,85
3549,analcatdata_authorship,shap,0.5756192107752957,0.9505972528558033,0.7631082318155494,0.20900170856470882,5.981632831564562,,0.9882352941176471,0.9916666666666667,70,4,85
