method,mean_deletion_drop_auc,std_deletion_drop_auc,mean_insertion_auc,std_insertion_auc,mean_combined_score,std_combined_score,mean_runtime_seconds,std_runtime_seconds,completed_instances,completed_tasks,mean_test_accuracy,mean_test_balanced_accuracy
aime,0.7386044960603424,0.24275428072610322,0.6641741853239909,0.17477990512250743,0.7013893406921666,0.1836463956985244,0.058007467454983724,0.008490886117237572,200,1,0.8914130434782609,0.8914130434782609
cos_fpde,0.7303839360788846,0.24529970956059252,0.44807302319010484,0.23257237311921738,0.5892284796344948,0.1926440762960111,0.021834470354999667,0.0006925576150167588,200,1,0.8914130434782609,0.8914130434782609
diff_fpde,0.7209114564283869,0.2417687141443277,0.4756159923923523,0.20145222209728436,0.5982637244103697,0.18948965229992829,0.022980312714996672,0.003184395570561126,200,1,0.8914130434782609,0.8914130434782609
hyb_fpde_grid,0.7209114564283869,0.2417687141443277,0.4756159923923523,0.20145222209728436,0.5982637244103697,0.18948965229992829,0.7541268863049936,0.013695724568608705,200,1,0.8914130434782609,0.8914130434782609
lime,0.5279569208324781,0.2225496539849044,0.2080920581979825,0.1437419368294604,0.3680244895152303,0.1403054560207939,0.4712434523049683,0.07693712438137779,200,1,0.8914130434782609,0.8914130434782609
shap,0.7714162730808853,0.25321472293449,0.856388513240492,0.12099378137526927,0.8139023931606886,0.17868174070676243,2.587938835095006,0.05842765159009236,200,1,0.8914130434782609,0.8914130434782609
