task_id,dataset_name,method,deletion_drop_auc,insertion_auc,combined_score,runtime_seconds,attr_l1_norm,mean_abs_exactness_residual,test_accuracy,test_balanced_accuracy,n_features_transformed,n_classes,ok
167121,Devnagari-Script,aime,0.7386044960603424,0.6641741853239909,0.7013893406921666,0.058007467454983724,112.6651278957983,,0.8914130434782609,0.8914130434782609,1024,46,200
167121,Devnagari-Script,cos_fpde,0.7303839360788846,0.44807302319010484,0.5892284796344948,0.021834470354999667,0.7704611987215328,4.950900800437807e-17,0.8914130434782609,0.8914130434782609,1024,46,200
167121,Devnagari-Script,diff_fpde,0.7209114564283869,0.4756159923923523,0.5982637244103697,0.022980312714996672,400.0143696829262,6.474598635008987e-14,0.8914130434782609,0.8914130434782609,1024,46,200
167121,Devnagari-Script,hyb_fpde_grid,0.7209114564283869,0.4756159923923523,0.5982637244103697,0.7541268863049936,1.0,3.044222859904799e-17,0.8914130434782609,0.8914130434782609,1024,46,200
167121,Devnagari-Script,lime,0.5279569208324781,0.2080920581979825,0.3680244895152303,0.4712434523049683,2.4862711213118645,,0.8914130434782609,0.8914130434782609,1024,46,200
167121,Devnagari-Script,shap,0.7714162730808853,0.856388513240492,0.8139023931606886,2.587938835095006,10.285116215555561,,0.8914130434782609,0.8914130434782609,1024,46,200
