method,mean_deletion_drop_auc,std_deletion_drop_auc,mean_insertion_auc,std_insertion_auc,mean_combined_score,std_combined_score,mean_runtime_seconds,std_runtime_seconds,completed_instances,completed_tasks,mean_test_accuracy,mean_test_balanced_accuracy
aime,0.20353700150921455,0.1814122582155793,0.8090007442442483,0.18685970492147794,0.5062688728767314,0.10048147339702554,0.004917925449999388,0.00010623760983738833,200,1,0.8946395563770796,0.8794988310448155
cos_fpde,0.20373498802750908,0.18186454502054739,0.8089865122307213,0.1868437727433778,0.5063607501291152,0.10064619514587646,0.0038711577800002316,8.533539496271874e-05,200,1,0.8946395563770796,0.8794988310448155
diff_fpde,0.20284496144528014,0.18168745448546145,0.8066629134646512,0.19083255043512914,0.5047539374549657,0.10309976796700474,0.003823399210000318,5.78823061922121e-05,200,1,0.8946395563770796,0.8794988310448155
hyb_fpde_grid,0.2028850214612717,0.18125098157671424,0.8069081258747569,0.1903469356391207,0.5048965736680143,0.10291390521737331,0.0072739501499996355,0.00015002837391594253,200,1,0.8946395563770796,0.8794988310448155
lime,0.14288251353824835,0.17599469326067668,0.7808031985395476,0.20153804050375573,0.46184285603889796,0.10125884481160032,0.030121415569999924,0.0003743693451645733,200,1,0.8946395563770796,0.8794988310448155
shap,0.13346079696591237,0.23404271267732585,0.7234095311396084,0.1644670788230872,0.4284351640527604,0.12772005635618586,0.06765264844500002,0.013094697220325672,200,1,0.8946395563770796,0.8794988310448155
