task_id,dataset_name,method,deletion_drop_auc,insertion_auc,combined_score,runtime_seconds,attr_l1_norm,mean_abs_exactness_residual,test_accuracy,test_balanced_accuracy,n_features_transformed,n_classes,ok
9952,phoneme,aime,0.20353700150921455,0.8090007442442483,0.5062688728767314,0.004917925449999388,2.5379086498357766,,0.8946395563770796,0.8794988310448155,5,2,200
9952,phoneme,cos_fpde,0.20373498802750908,0.8089865122307213,0.5063607501291152,0.0038711577800002316,1.6503899927986154,9.135921186231854e-17,0.8946395563770796,0.8794988310448155,5,2,200
9952,phoneme,diff_fpde,0.20284496144528014,0.8066629134646512,0.5047539374549657,0.003823399210000318,4.501068831611688,4.98212582300539e-16,0.8946395563770796,0.8794988310448155,5,2,200
9952,phoneme,hyb_fpde_grid,0.2028850214612717,0.8069081258747569,0.5048965736680143,0.0072739501499996355,0.9980332293837441,6.692563170318521e-17,0.8946395563770796,0.8794988310448155,5,2,200
9952,phoneme,lime,0.14288251353824835,0.7808031985395476,0.46184285603889796,0.030121415569999924,0.3452063377927461,,0.8946395563770796,0.8794988310448155,5,2,200
9952,phoneme,shap,0.13346079696591237,0.7234095311396084,0.4284351640527604,0.06765264844500002,3.422551570739118,,0.8946395563770796,0.8794988310448155,5,2,200
