task_id,dataset_name,method,deletion_drop_auc,insertion_auc,combined_score,runtime_seconds,attr_l1_norm,mean_abs_exactness_residual,test_accuracy,test_balanced_accuracy,n_features_transformed,n_classes,ok
7592,adult,aime,0.2761787691155607,0.8630123319512127,0.5695955505333867,0.013630397199995627,8.120834941846471,,0.8722620266120777,0.7870471574151405,105,2,200
7592,adult,cos_fpde,0.2672788507991844,0.8623062145684505,0.5647925326838175,0.01228518877499937,1.2616316809279524,1.340854510756273e-16,0.8722620266120777,0.7870471574151405,105,2,200
7592,adult,diff_fpde,0.2669251256909216,0.862231246417072,0.5645781860539968,0.011767192980002505,6.364570152371013,1.3259445624802524e-15,0.8722620266120777,0.7870471574151405,105,2,200
7592,adult,hyb_fpde_grid,0.26718179867134917,0.8622741878813873,0.5647279932763682,0.039399135630001754,0.9998606044474683,8.717202307217953e-17,0.8722620266120777,0.7870471574151405,105,2,200
7592,adult,lime,0.0618894550104283,0.6596820037739755,0.3607857293922019,0.024921080064998477,1.0807193617243227,,0.8722620266120777,0.7870471574151405,105,2,200
7592,adult,shap,0.08161860775937989,0.5778189354865777,0.3297187716229788,0.06972143900500555,3.760674146727946,,0.8722620266120777,0.7870471574151405,105,2,200
