task_id,dataset_name,method,deletion_drop_auc,insertion_auc,combined_score,runtime_seconds,attr_l1_norm,mean_abs_exactness_residual,test_accuracy,test_balanced_accuracy,n_features_transformed,n_classes,ok
22,mfeat-zernike,aime,0.7493326707160652,0.7775349118748358,0.7634337912954504,0.011690542729999009,9.543927233889185,,0.79,0.7899999999999998,47,10,200
22,mfeat-zernike,cos_fpde,0.7121223264072721,0.692414787498026,0.702268556952649,0.01008588083999868,0.7305874083291932,1.0653587387277064e-16,0.79,0.7899999999999998,47,10,200
22,mfeat-zernike,diff_fpde,0.6928044297841638,0.6624849228923892,0.6776446763382765,0.010752393464998703,32.52652335961701,6.517356099244864e-15,0.79,0.7899999999999998,47,10,200
22,mfeat-zernike,hyb_fpde_grid,0.7098249273472729,0.6837686682065183,0.6967967977768956,0.015518828374999601,0.9704492271212203,7.064756223605639e-17,0.79,0.7899999999999998,47,10,200
22,mfeat-zernike,lime,0.5282132581978047,0.453632149210386,0.49092270370409535,0.04042370783000024,0.5142332766668345,,0.79,0.7899999999999998,47,10,200
22,mfeat-zernike,shap,0.771107093803117,0.8433018024057126,0.8072044481044148,0.5663563579450002,7.93984231986412,,0.79,0.7899999999999998,47,10,200
