method,mean_deletion_drop_auc,std_deletion_drop_auc,mean_insertion_auc,std_insertion_auc,mean_combined_score,std_combined_score,mean_runtime_seconds,std_runtime_seconds,completed_instances,completed_tasks,mean_test_accuracy,mean_test_balanced_accuracy
aime,0.30007239319829554,0.1811300084964785,0.44058657286059366,0.15800184803915687,0.37032948302944463,0.1488142672299328,0.08916878229499843,0.0059770806032342656,200,1,0.5063333333333333,0.5063333333333333
cos_fpde,0.29099965540319667,0.17174330527214662,0.35902562410588224,0.17616528751036678,0.3250126397545394,0.1466135463324131,0.04614772074999109,0.0008669441553893426,200,1,0.5063333333333333,0.5063333333333333
diff_fpde,0.2780553291827662,0.17244889806100966,0.3452428613253534,0.15248543806618098,0.3116490952540598,0.13871598994252315,0.04635424497503891,0.0038577819346119853,200,1,0.5063333333333333,0.5063333333333333
hyb_fpde_grid,0.29099965540319667,0.17174330527214662,0.35902562410588224,0.17616528751036678,0.3250126397545394,0.1466135463324131,0.9600144364899938,0.018167001633991757,200,1,0.5063333333333333,0.5063333333333333
lime,0.17561341403908223,0.16419676551212312,0.21815658628518048,0.10052886737950734,0.19688500016213134,0.10845604034025222,0.6637176652949915,0.07190607600684262,200,1,0.5063333333333333,0.5063333333333333
shap,0.3513496462070599,0.18594694155704564,0.6705996520245976,0.14419498024071709,0.5109746491158288,0.1506075112126081,0.6425173020699845,0.016508321917888508,200,1,0.5063333333333333,0.5063333333333333
