task_id,dataset_name,method,deletion_drop_auc,insertion_auc,combined_score,runtime_seconds,attr_l1_norm,mean_abs_exactness_residual,test_accuracy,test_balanced_accuracy,n_features_transformed,n_classes,ok
167124,CIFAR_10,aime,0.30007239319829554,0.44058657286059366,0.37032948302944463,0.08916878229499843,635.1883083713697,,0.5063333333333333,0.5063333333333333,3072,10,200
167124,CIFAR_10,cos_fpde,0.29099965540319667,0.35902562410588224,0.3250126397545394,0.04614772074999109,0.7077244523509055,5.996939056451822e-17,0.5063333333333333,0.5063333333333333,3072,10,200
167124,CIFAR_10,diff_fpde,0.2780553291827662,0.3452428613253534,0.3116490952540598,0.04635424497503891,1006.8996764997127,2.4798829656447195e-13,0.5063333333333333,0.5063333333333333,3072,10,200
167124,CIFAR_10,hyb_fpde_grid,0.29099965540319667,0.35902562410588224,0.3250126397545394,0.9600144364899938,1.0,3.800128614561693e-17,0.5063333333333333,0.5063333333333333,3072,10,200
167124,CIFAR_10,lime,0.17561341403908223,0.21815658628518048,0.19688500016213134,0.6637176652949915,1.140343017180777,,0.5063333333333333,0.5063333333333333,3072,10,200
167124,CIFAR_10,shap,0.3513496462070599,0.6705996520245976,0.5109746491158288,0.6425173020699845,4.865273739487862,,0.5063333333333333,0.5063333333333333,3072,10,200
