method,mean_deletion_drop_auc,std_deletion_drop_auc,mean_insertion_auc,std_insertion_auc,mean_combined_score,std_combined_score,mean_runtime_seconds,std_runtime_seconds,completed_instances,completed_tasks,mean_test_accuracy,mean_test_balanced_accuracy
aime,0.6082849181277145,0.3695409488293132,0.9202466882413054,0.06726907632424672,0.76426580318451,0.16186201139251993,0.009962342639999377,0.004981676401621225,200,1,0.9511754068716094,0.9490723562152134
cos_fpde,0.6088501113985202,0.36631372411385654,0.9173647698405207,0.07095012043976849,0.7631074406195205,0.15950695012588637,0.011566927350000781,0.003270886034574539,200,1,0.9511754068716094,0.9490723562152134
diff_fpde,0.611115215840061,0.36790114939348467,0.9193977747007902,0.07125412474907405,0.7652564952704256,0.161544068388553,0.00948293266499988,0.0036706053346856372,200,1,0.9511754068716094,0.9490723562152134
hyb_fpde_grid,0.6114582399943882,0.3681027058733315,0.9194120839328102,0.07124748981516331,0.7654351619635992,0.16165379152914802,0.01859430306999883,0.00580122631489764,200,1,0.9511754068716094,0.9490723562152134
lime,0.053004399686591624,0.1279039571101709,0.38427067983315166,0.34658184921024254,0.21863753975987166,0.16387647423630095,0.018196573449998824,0.0042599003262600915,200,1,0.9511754068716094,0.9490723562152134
shap,0.49780058993905585,0.48586730915490756,0.8192725594225091,0.2613813155246166,0.6585365746807825,0.3364606778091593,0.07648670674999891,0.015651285980271653,200,1,0.9511754068716094,0.9490723562152134
