task_id,dataset_name,method,deletion_drop_auc,insertion_auc,combined_score,runtime_seconds,attr_l1_norm,mean_abs_exactness_residual,test_accuracy,test_balanced_accuracy,n_features_transformed,n_classes,ok
14952,PhishingWebsites,aime,0.6082849181277145,0.9202466882413054,0.76426580318451,0.009962342639999377,9.900248885469566,,0.9511754068716094,0.9490723562152134,68,2,200
14952,PhishingWebsites,cos_fpde,0.6088501113985202,0.9173647698405207,0.7631074406195205,0.011566927350000781,1.299407122095165,7.982546915141775e-17,0.9511754068716094,0.9490723562152134,68,2,200
14952,PhishingWebsites,diff_fpde,0.611115215840061,0.9193977747007902,0.7652564952704256,0.00948293266499988,6.700954860940002,2.6145752229922437e-15,0.9511754068716094,0.9490723562152134,68,2,200
14952,PhishingWebsites,hyb_fpde_grid,0.6114582399943882,0.9194120839328102,0.7654351619635992,0.01859430306999883,1.0,1.0193451985274215e-16,0.9511754068716094,0.9490723562152134,68,2,200
14952,PhishingWebsites,lime,0.053004399686591624,0.38427067983315166,0.21863753975987166,0.018196573449998824,0.6849110989367189,,0.9511754068716094,0.9490723562152134,68,2,200
14952,PhishingWebsites,shap,0.49780058993905585,0.8192725594225091,0.6585365746807825,0.07648670674999891,7.259852820315298,,0.9511754068716094,0.9490723562152134,68,2,200
