method,mean_deletion_drop_auc,std_deletion_drop_auc,mean_insertion_auc,std_insertion_auc,mean_combined_score,std_combined_score,mean_runtime_seconds,std_runtime_seconds,completed_instances,completed_tasks,mean_test_accuracy,mean_test_balanced_accuracy
aime,0.04762599881527191,0.15532873922084947,0.9784303227899485,0.09225022603877006,0.5130281608026102,0.04452891001727958,0.012711752824997688,0.0057936189950167395,200,1,0.9488188976377953,0.6811974789915967
cos_fpde,0.04795051185510358,0.15572565459817012,0.9784801795030142,0.09204670758285088,0.5132153456790589,0.044854029360284306,0.010956185425001763,0.004564714945859329,200,1,0.9488188976377953,0.6811974789915967
diff_fpde,0.04306367598121307,0.15100291816030453,0.9775147350318459,0.09577939424582749,0.5102892055065295,0.04224184315001511,0.01144453107000004,0.00431777613374314,200,1,0.9488188976377953,0.6811974789915967
hyb_fpde_grid,0.04841947117036009,0.1563612678044008,0.9783884686064708,0.09258631034762826,0.5134039698884154,0.04534401014400506,0.016377422174999764,0.006000422768328705,200,1,0.9488188976377953,0.6811974789915967
lime,0.010649561655023804,0.13773107622836545,0.9574070006978365,0.15317709155145506,0.4840282811764301,0.04749287103911606,0.023605816369998252,0.005864006221250498,200,1,0.9488188976377953,0.6811974789915967
shap,0.008797686067857476,0.17482555026063756,0.8397387414457138,0.21161668408380319,0.4242682137567857,0.15068999243821357,0.07439039047000279,0.017589401861225,200,1,0.9488188976377953,0.6811974789915967
