task_id,dataset_name,method,deletion_drop_auc,insertion_auc,combined_score,runtime_seconds,attr_l1_norm,mean_abs_exactness_residual,test_accuracy,test_balanced_accuracy,n_features_transformed,n_classes,ok
9978,ozone-level-8hr,aime,0.04762599881527191,0.9784303227899485,0.5130281608026102,0.012711752824997688,23.294139782109028,,0.9488188976377953,0.6811974789915967,72,2,200
9978,ozone-level-8hr,cos_fpde,0.04795051185510358,0.9784801795030142,0.5132153456790589,0.010956185425001763,1.468813312016724,7.974523819065382e-17,0.9488188976377953,0.6811974789915967,72,2,200
9978,ozone-level-8hr,diff_fpde,0.04306367598121307,0.9775147350318459,0.5102892055065295,0.01144453107000004,66.3491488493764,8.866796186168812e-15,0.9488188976377953,0.6811974789915967,72,2,200
9978,ozone-level-8hr,hyb_fpde_grid,0.04841947117036009,0.9783884686064708,0.5134039698884154,0.016377422174999764,0.9928862612811625,4.9942688873372275e-17,0.9488188976377953,0.6811974789915967,72,2,200
9978,ozone-level-8hr,lime,0.010649561655023804,0.9574070006978365,0.4840282811764301,0.023605816369998252,0.17309289403631806,,0.9488188976377953,0.6811974789915967,72,2,200
9978,ozone-level-8hr,shap,0.008797686067857476,0.8397387414457138,0.4242682137567857,0.07439039047000279,4.746407983465807,,0.9488188976377953,0.6811974789915967,72,2,200
