method,mean_deletion_drop_auc,std_deletion_drop_auc,mean_insertion_auc,std_insertion_auc,mean_combined_score,std_combined_score,mean_runtime_seconds,std_runtime_seconds,completed_instances,completed_tasks,mean_test_accuracy,mean_test_balanced_accuracy
aime,0.760818595542117,0.20496963798880008,0.9667305233679397,0.03536174894764502,0.8637745594550283,0.10398663918349713,0.01242227097000125,0.005004900666580531,200,1,0.99375,0.993738014167743
cos_fpde,0.7539480895434703,0.20833829111897623,0.9620563781420715,0.047020333282503005,0.8580022338427709,0.10682805275871739,0.01172823727500159,0.0034226893918085873,200,1,0.99375,0.993738014167743
diff_fpde,0.7538086675396599,0.20889456528274422,0.9617432055086418,0.04728174548905538,0.8577759365241507,0.10730513227083595,0.010361216960000093,0.0039236956052185025,200,1,0.99375,0.993738014167743
hyb_fpde_grid,0.7544071169092151,0.20829499863124593,0.9620150884749994,0.04706665241777005,0.8582111026921073,0.10686563246642909,0.018086873415002317,0.005626851472651328,200,1,0.99375,0.993738014167743
lime,0.06508274200908734,0.07432395567788468,0.24836698951847208,0.16072688096788534,0.1567248657637797,0.07615665111579907,0.02351180769000024,0.005914256247169067,200,1,0.99375,0.993738014167743
shap,0.42496248723011676,0.3165157552616376,0.5934888545023578,0.4091987084829988,0.5092256708662373,0.35465933753919743,0.08228118377999977,0.014683070148651178,200,1,0.99375,0.993738014167743
