task_id,dataset_name,method,deletion_drop_auc,insertion_auc,combined_score,runtime_seconds,attr_l1_norm,mean_abs_exactness_residual,test_accuracy,test_balanced_accuracy,n_features_transformed,n_classes,ok
3,kr-vs-kp,aime,0.760818595542117,0.9667305233679397,0.8637745594550283,0.01242227097000125,11.027476184597951,,0.99375,0.993738014167743,73,2,200
3,kr-vs-kp,cos_fpde,0.7539480895434703,0.9620563781420715,0.8580022338427709,0.01172823727500159,1.3278173139978664,5.403663627667754e-17,0.99375,0.993738014167743,73,2,200
3,kr-vs-kp,diff_fpde,0.7538086675396599,0.9617432055086418,0.8577759365241507,0.010361216960000093,4.281070903431489,9.575673587391975e-16,0.99375,0.993738014167743,73,2,200
3,kr-vs-kp,hyb_fpde_grid,0.7544071169092151,0.9620150884749994,0.8582111026921073,0.018086873415002317,1.0,3.882311139236094e-17,0.99375,0.993738014167743,73,2,200
3,kr-vs-kp,lime,0.06508274200908734,0.24836698951847208,0.1567248657637797,0.02351180769000024,1.0658666421529315,,0.99375,0.993738014167743,73,2,200
3,kr-vs-kp,shap,0.42496248723011676,0.5934888545023578,0.5092256708662373,0.08228118377999977,9.107031576696397,,0.99375,0.993738014167743,73,2,200
