task_id,dataset_name,method,deletion_drop_auc,insertion_auc,combined_score,runtime_seconds,attr_l1_norm,mean_abs_exactness_residual,test_accuracy,test_balanced_accuracy,n_features_transformed,n_classes,ok
146820,wilt,aime,0.23144776176286727,0.9753398977921076,0.6033938297774875,0.004481295800000709,1.836164966683644,,0.9752066115702479,0.8055089015787706,5,2,200
146820,wilt,cos_fpde,0.23144776176286727,0.9753398977921076,0.6033938297774875,0.0035026773000008406,1.407506773576361,9.249545573908335e-17,0.9752066115702479,0.8055089015787706,5,2,200
146820,wilt,diff_fpde,0.20540841370535393,0.9723904699342512,0.5888994418198026,0.0034506994050005346,2.2104766715528172,4.764938443813094e-16,0.9752066115702479,0.8055089015787706,5,2,200
146820,wilt,hyb_fpde_grid,0.23144776176286727,0.9753398977921076,0.6033938297774875,0.006449047055000818,1.0,5.301314942585122e-17,0.9752066115702479,0.8055089015787706,5,2,200
146820,wilt,lime,0.0809188001727313,0.6523858547950527,0.366652327483892,0.025177512879999284,0.5085642439988295,,0.9752066115702479,0.8055089015787706,5,2,200
146820,wilt,shap,0.036019120950308826,0.6258640405487496,0.3309415807495292,0.06227862750499966,3.4931359057537383,,0.9752066115702479,0.8055089015787706,5,2,200
