method,mean_deletion_drop_auc,std_deletion_drop_auc,mean_insertion_auc,std_insertion_auc,mean_combined_score,std_combined_score,mean_runtime_seconds,std_runtime_seconds,completed_instances,completed_tasks,mean_test_accuracy,mean_test_balanced_accuracy
aime,0.23144776176286727,0.2086396411287298,0.9753398977921076,0.10979803734408217,0.6033938297774875,0.11134686687909684,0.004481295800000709,0.00015748678597609197,200,1,0.9752066115702479,0.8055089015787706
cos_fpde,0.23144776176286727,0.2086396411287298,0.9753398977921076,0.10979803734408217,0.6033938297774875,0.11134686687909684,0.0035026773000008406,0.00010300875245649352,200,1,0.9752066115702479,0.8055089015787706
diff_fpde,0.20540841370535393,0.20443615012954441,0.9723904699342512,0.10607725141831241,0.5888994418198026,0.10751438934702723,0.0034506994050005346,5.6800778903535926e-05,200,1,0.9752066115702479,0.8055089015787706
hyb_fpde_grid,0.23144776176286727,0.2086396411287298,0.9753398977921076,0.10979803734408217,0.6033938297774875,0.11134686687909684,0.006449047055000818,0.00011660556248176093,200,1,0.9752066115702479,0.8055089015787706
lime,0.0809188001727313,0.19625690588190925,0.6523858547950527,0.3256651834939151,0.366652327483892,0.2198992620945905,0.025177512879999284,0.0010818917449239083,200,1,0.9752066115702479,0.8055089015787706
shap,0.036019120950308826,0.17095048463384627,0.6258640405487496,0.29082482026457374,0.3309415807495292,0.18364563622630417,0.06227862750499966,0.012397903988921663,200,1,0.9752066115702479,0.8055089015787706
