method,mean_deletion_drop_auc,std_deletion_drop_auc,mean_insertion_auc,std_insertion_auc,mean_combined_score,std_combined_score,mean_runtime_seconds,std_runtime_seconds,completed_instances,completed_tasks,mean_test_accuracy,mean_test_balanced_accuracy
aime,0.7765949007723837,0.22609502087545535,0.7819699657533566,0.19468979165186112,0.7792824332628702,0.17804443635462872,0.009791715570000293,0.004997003606239782,200,1,0.990909090909091,0.990909090909091
cos_fpde,0.7860425354283891,0.21362276432414865,0.7539684080244338,0.18702701412856956,0.7700054717264113,0.15535771569732953,0.009616843110000274,0.0031526266124108308,200,1,0.990909090909091,0.990909090909091
diff_fpde,0.6914987492930388,0.2670813848009963,0.6729997231991917,0.22915686611428682,0.6822492362461152,0.20764633115358316,0.009838795500000117,0.004229057286401577,200,1,0.990909090909091,0.990909090909091
hyb_fpde_grid,0.7860425354283891,0.21362276432414865,0.7539684080244338,0.18702701412856956,0.7700054717264113,0.15535771569732953,0.01717422178500101,0.00464678958870174,200,1,0.990909090909091,0.990909090909091
lime,0.4729392503161747,0.36406700647929535,0.5136662467980588,0.34503506291375585,0.4933027485571168,0.32474111509174675,0.0356955160600009,0.004453553090415648,200,1,0.990909090909091,0.990909090909091
shap,0.8633540732866488,0.1613611219435506,0.9186681762768929,0.08777822669399221,0.8910111247817709,0.09399062625180025,0.6269476721299988,0.023361422725830975,200,1,0.990909090909091,0.990909090909091
