task_id,dataset_name,method,deletion_drop_auc,insertion_auc,combined_score,runtime_seconds,attr_l1_norm,mean_abs_exactness_residual,test_accuracy,test_balanced_accuracy,n_features_transformed,n_classes,ok
125922,texture,aime,0.7765949007723837,0.7819699657533566,0.7792824332628702,0.009791715570000293,12.713798000993284,,0.990909090909091,0.990909090909091,40,11,200
125922,texture,cos_fpde,0.7860425354283891,0.7539684080244338,0.7700054717264113,0.009616843110000274,0.7782951149766898,1.2921955172551235e-16,0.990909090909091,0.990909090909091,40,11,200
125922,texture,diff_fpde,0.6914987492930388,0.6729997231991917,0.6822492362461152,0.009838795500000117,31.349726559861207,1.9853563237859362e-15,0.990909090909091,0.990909090909091,40,11,200
125922,texture,hyb_fpde_grid,0.7860425354283891,0.7539684080244338,0.7700054717264113,0.01717422178500101,1.0,4.6993658964211704e-17,0.990909090909091,0.990909090909091,40,11,200
125922,texture,lime,0.4729392503161747,0.5136662467980588,0.4933027485571168,0.0356955160600009,0.4793630007611046,,0.990909090909091,0.990909090909091,40,11,200
125922,texture,shap,0.8633540732866488,0.9186681762768929,0.8910111247817709,0.6269476721299988,9.755156386846268,,0.990909090909091,0.990909090909091,40,11,200
