task_id,dataset_name,method,deletion_drop_auc,insertion_auc,combined_score,runtime_seconds,attr_l1_norm,mean_abs_exactness_residual,test_accuracy,test_balanced_accuracy,n_features_transformed,n_classes,ok
49,tic-tac-toe,aime,0.3881596047699571,0.6834999905805517,0.5358297976752544,0.004941212197915472,6.943631633773812,,0.9791666666666666,0.9696969696969697,27,2,96
49,tic-tac-toe,cos_fpde,0.38977536932414014,0.6964491501921827,0.5431122597581614,0.0037122171145824723,1.5071997527737506,5.957690937807847e-17,0.9791666666666666,0.9696969696969697,27,2,96
49,tic-tac-toe,diff_fpde,0.39657357063085213,0.7088862083330593,0.5527298894819557,0.0036806209270790666,2.27823512146045,6.839147304038562e-16,0.9791666666666666,0.9696969696969697,27,2,96
49,tic-tac-toe,hyb_fpde_grid,0.39657357063085213,0.7088862083330593,0.5527298894819557,0.005706337843747633,1.0000000000000002,3.711585437142043e-17,0.9791666666666666,0.9696969696969697,27,2,96
49,tic-tac-toe,lime,0.05750515263268261,0.2792913664657765,0.16839825954922957,0.009782456333338038,0.6608300340184414,,0.9791666666666666,0.9696969696969697,27,2,96
49,tic-tac-toe,shap,0.4008067712957702,0.7624484260034309,0.5816275986496006,0.04075180173957923,7.377386682808813,,0.9791666666666666,0.9696969696969697,27,2,96
