task_id,dataset_name,method,deletion_drop_auc,insertion_auc,combined_score,runtime_seconds,attr_l1_norm,mean_abs_exactness_residual,test_accuracy,test_balanced_accuracy,n_features_transformed,n_classes,ok
167121,Devnagari-Script,aime,0.7357203530951836,0.6461292340476494,0.6909247935714166,0.05975185058998932,118.31103161211284,,0.8868478260869566,0.8868478260869566,1024,46,200
167121,Devnagari-Script,cos_fpde,0.7275611783985491,0.4472049864167231,0.5873830824076361,0.02262197306498365,0.8089147548024184,4.175479406676175e-17,0.8868478260869566,0.8868478260869566,1024,46,200
167121,Devnagari-Script,diff_fpde,0.7183913974743141,0.48616916928622095,0.6022802833802676,0.02326772112000299,420.52540274722577,5.124789481669723e-14,0.8868478260869566,0.8868478260869566,1024,46,200
167121,Devnagari-Script,hyb_fpde_grid,0.7258367121897641,0.45242110240953204,0.589128907299648,0.7615571081449957,0.9958191570837258,2.795940562405619e-17,0.8868478260869566,0.8868478260869566,1024,46,200
167121,Devnagari-Script,lime,0.5286968503620553,0.189676364244588,0.35918660730332164,0.46737117773001274,2.5639981457294905,,0.8868478260869566,0.8868478260869566,1024,46,200
167121,Devnagari-Script,shap,0.7663070109902731,0.8561308701421447,0.8112189405662089,2.63860311056,10.159714637589975,,0.8868478260869566,0.8868478260869566,1024,46,200
