task_id,dataset_name,method,deletion_drop_auc,insertion_auc,combined_score,runtime_seconds,attr_l1_norm,mean_abs_exactness_residual,test_accuracy,test_balanced_accuracy,n_features_transformed,n_classes,ok
146824,mfeat-pixel,aime,0.8125905805584017,0.8660234379520566,0.8393070092552292,0.03332216370500035,48.30094046738097,,0.97,0.97,240,10,200
146824,mfeat-pixel,cos_fpde,0.7856776673571226,0.7686729411051394,0.777175304231131,0.01900253285499744,0.9764853954503523,6.369904603786835e-17,0.97,0.97,240,10,200
146824,mfeat-pixel,diff_fpde,0.7484421378149315,0.725057376204861,0.7367497570098962,0.024114388615000735,237.52351276384624,2.304822999121825e-14,0.97,0.97,240,10,200
146824,mfeat-pixel,hyb_fpde_grid,0.7856776673571226,0.7686729411051394,0.777175304231131,0.017603190835000077,1.0,4.5650332472502165e-17,0.97,0.97,240,10,200
146824,mfeat-pixel,lime,0.44365345792698696,0.3719182369383756,0.4077858474326813,0.1486926709800015,1.0487250632216878,,0.97,0.97,240,10,200
146824,mfeat-pixel,shap,0.8347217089485882,0.941379532962658,0.888050620955623,0.5908047028000002,9.601998056860516,,0.97,0.97,240,10,200
