task_id,dataset_name,method,deletion_drop_auc,insertion_auc,combined_score,runtime_seconds,attr_l1_norm,mean_abs_exactness_residual,test_accuracy,test_balanced_accuracy,n_features_transformed,n_classes,ok
9957,qsar-biodeg,aime,0.37973500949748573,0.8978725011647328,0.6388037553311092,0.011628996358490493,8.870690300853555,,0.8584905660377359,0.8388888888888888,41,2,106
9957,qsar-biodeg,cos_fpde,0.38197176065111094,0.8981100427649731,0.640040901708042,0.010588291377357692,1.3357162603810482,7.394667949246418e-17,0.8584905660377359,0.8388888888888888,41,2,106
9957,qsar-biodeg,diff_fpde,0.3802610928340386,0.8990412078508897,0.6396511503424641,0.010871175132075236,21.51803633513048,4.95672685286656e-15,0.8584905660377359,0.8388888888888888,41,2,106
9957,qsar-biodeg,hyb_fpde_grid,0.38097060621353346,0.8984082492667239,0.6396894277401287,0.015149353245283183,0.9980765378399314,4.2664378319542794e-17,0.8584905660377359,0.8388888888888888,41,2,106
9957,qsar-biodeg,lime,0.03210361766680756,0.6439409551045323,0.33802228638567,0.018477494028300772,0.696322026123302,,0.8584905660377359,0.8388888888888888,41,2,106
9957,qsar-biodeg,shap,0.20726260258432383,0.6851267501454277,0.44619467636487575,0.0791231666886793,5.786538303533719,,0.8584905660377359,0.8388888888888888,41,2,106
