task_id,dataset_name,method,deletion_drop_auc,insertion_auc,combined_score,runtime_seconds,attr_l1_norm,mean_abs_exactness_residual,test_accuracy,test_balanced_accuracy,n_features_transformed,n_classes,ok
146825,Fashion-MNIST,aime,0.6870535408615934,0.6861523400262027,0.686602940443898,0.06219237421000287,107.45047101937935,,0.8904285714285715,0.8904285714285715,784,10,200
146825,Fashion-MNIST,cos_fpde,0.7155511060617826,0.640024133464879,0.6777876197633309,0.016113371279996614,0.6572264838274304,6.109696082390314e-17,0.8904285714285715,0.8904285714285715,784,10,200
146825,Fashion-MNIST,diff_fpde,0.7028181920843605,0.6259273418132317,0.6643727669487961,0.01714675906500304,487.7293965346118,5.822009541134321e-14,0.8904285714285715,0.8904285714285715,784,10,200
146825,Fashion-MNIST,hyb_fpde_grid,0.7155511060617826,0.640024133464879,0.6777876197633309,0.3359337454550007,1.0,4.202150780119318e-17,0.8904285714285715,0.8904285714285715,784,10,200
146825,Fashion-MNIST,lime,0.28967310529729834,0.2586533584949752,0.2741632318961368,0.2861127453900065,2.6909288516036964,,0.8904285714285715,0.8904285714285715,784,10,200
146825,Fashion-MNIST,shap,0.8114580083469413,0.8923335183377494,0.8518957633423453,0.5811729582999987,7.904839668328982,,0.8904285714285715,0.8904285714285715,784,10,200
