method,mean_deletion_drop_auc,std_deletion_drop_auc,mean_insertion_auc,std_insertion_auc,mean_combined_score,std_combined_score,mean_runtime_seconds,std_runtime_seconds,completed_instances,completed_tasks,mean_test_accuracy,mean_test_balanced_accuracy
aime,0.6870535408615934,0.22953636756349943,0.6861523400262027,0.16110442022830043,0.686602940443898,0.16797797594602312,0.06219237421000287,0.007007765763098054,200,1,0.8904285714285715,0.8904285714285715
cos_fpde,0.7155511060617826,0.2051932086126403,0.640024133464879,0.2195586441791828,0.6777876197633309,0.16814512900610895,0.016113371279996614,0.0004895080726498594,200,1,0.8904285714285715,0.8904285714285715
diff_fpde,0.7028181920843605,0.21519732644900338,0.6259273418132317,0.2052849711470913,0.6643727669487961,0.16732460677752267,0.01714675906500304,0.002360275836643389,200,1,0.8904285714285715,0.8904285714285715
hyb_fpde_grid,0.7155511060617826,0.2051932086126403,0.640024133464879,0.2195586441791828,0.6777876197633309,0.16814512900610895,0.3359337454550007,0.01429262703640102,200,1,0.8904285714285715,0.8904285714285715
lime,0.28967310529729834,0.1917059357021878,0.2586533584949752,0.13411437042306332,0.2741632318961368,0.10394243077923841,0.2861127453900065,0.06880430641768812,200,1,0.8904285714285715,0.8904285714285715
shap,0.8114580083469413,0.1919814256514865,0.8923335183377494,0.06636975846203011,0.8518957633423453,0.1232005690927328,0.5811729582999987,0.022487535215138157,200,1,0.8904285714285715,0.8904285714285715
