task_id,dataset_name,method,deletion_drop_auc,insertion_auc,combined_score,runtime_seconds,attr_l1_norm,mean_abs_exactness_residual,test_accuracy,test_balanced_accuracy,n_features_transformed,n_classes,ok
146821,car,aime,0.2914187357010039,0.8277703607954331,0.5595945482482185,0.0050144086589600685,5.070771507980266,,0.9942196531791907,0.9979338842975208,21,4,173
146821,car,cos_fpde,0.2912450320576165,0.7903841296322965,0.5408145808449565,0.003736865011558626,1.2250121767891071,6.487665254086672e-17,0.9942196531791907,0.9979338842975208,21,4,173
146821,car,diff_fpde,0.2794733635616757,0.8142786177508284,0.546875990656252,0.0037134612774556274,2.3094536769141407,5.450039905565978e-16,0.9942196531791907,0.9979338842975208,21,4,173
146821,car,hyb_fpde_grid,0.2794733635616757,0.8142786177508284,0.546875990656252,0.0061425068728323765,1.0,5.23024141658672e-17,0.9942196531791907,0.9979338842975208,21,4,173
146821,car,lime,0.0853513819877732,0.7030261462400902,0.39418876411393167,0.012208650202311782,0.10105222620426813,,0.9942196531791907,0.9979338842975208,21,4,173
146821,car,shap,0.31469077601150974,0.8577015140811297,0.5861961450463198,0.2275191701213856,5.121368817458418,,0.9942196531791907,0.9979338842975208,21,4,173
