task_id,dataset_name,method,deletion_drop_auc,insertion_auc,combined_score,runtime_seconds,attr_l1_norm,mean_abs_exactness_residual,test_accuracy,test_balanced_accuracy,n_features_transformed,n_classes,ok
3913,kc2,aime,0.08331486953906832,0.8698003319134833,0.4765576007262758,0.004855549528301408,6.696129271513625,,0.8301886792452831,0.6580086580086578,21,2,53
3913,kc2,cos_fpde,0.08223508461021853,0.8693468618569424,0.4757909732335805,0.0036518536226402753,1.691437294420417,1.5448858125680245e-16,0.8301886792452831,0.6580086580086578,21,2,53
3913,kc2,diff_fpde,0.08374221253441348,0.873020206338927,0.4783812094366702,0.003616954094339145,21.440971152021305,2.846255725866852e-15,0.8301886792452831,0.6580086580086578,21,2,53
3913,kc2,hyb_fpde_grid,0.08637445254434956,0.8729076997473781,0.4796410761458638,0.005422584547170358,0.9886638595103852,1.0172680308180974e-16,0.8301886792452831,0.6580086580086578,21,2,53
3913,kc2,lime,0.03918456274233222,0.7456485871693873,0.39241657495585974,0.00942952177358202,0.3853651807936189,,0.8301886792452831,0.6580086580086578,21,2,53
3913,kc2,shap,0.013427661671920818,0.7397433229731094,0.37658549232251515,0.029244129981131066,3.1758068609758894,,0.8301886792452831,0.6580086580086578,21,2,53
