method,mean_deletion_drop_auc,std_deletion_drop_auc,mean_insertion_auc,std_insertion_auc,mean_combined_score,std_combined_score,mean_runtime_seconds,std_runtime_seconds,completed_instances,completed_tasks,mean_test_accuracy,mean_test_balanced_accuracy
aime,0.08331486953906832,0.14955430858845414,0.8698003319134833,0.14929094774739873,0.4765576007262758,0.07980803726584133,0.004855549528301408,0.00011014717651111276,53,1,0.8301886792452831,0.6580086580086578
cos_fpde,0.08223508461021853,0.15088989738055233,0.8693468618569424,0.14972355994404696,0.4757909732335805,0.08093526596324875,0.0036518536226402753,2.8790118579713662e-05,53,1,0.8301886792452831,0.6580086580086578
diff_fpde,0.08374221253441348,0.14073944391461943,0.873020206338927,0.1519415601966685,0.4783812094366702,0.07826585962895907,0.003616954094339145,4.084063526050338e-05,53,1,0.8301886792452831,0.6580086580086578
hyb_fpde_grid,0.08637445254434956,0.14415609998746673,0.8729076997473781,0.15044625086409663,0.4796410761458638,0.07804878790285694,0.005422584547170358,3.797611984910538e-05,53,1,0.8301886792452831,0.6580086580086578
lime,0.03918456274233222,0.18674961941494542,0.7456485871693873,0.11750404059091374,0.39241657495585974,0.09111058052019047,0.00942952177358202,0.00019313630638439426,53,1,0.8301886792452831,0.6580086580086578
shap,0.013427661671920818,0.2382003391296152,0.7397433229731094,0.11670018108736924,0.37658549232251515,0.14123448273379996,0.029244129981131066,0.012612806352622442,53,1,0.8301886792452831,0.6580086580086578
