task_id,dataset_name,method,deletion_drop_auc,insertion_auc,combined_score,runtime_seconds,attr_l1_norm,mean_abs_exactness_residual,test_accuracy,test_balanced_accuracy,n_features_transformed,n_classes,ok
14952,PhishingWebsites,aime,0.5745279388710907,0.9205526447577376,0.7475402918144141,0.010933660810003687,9.738650836413028,,0.9484629294755877,0.9460111317254174,68,2,200
14952,PhishingWebsites,cos_fpde,0.5776059478127938,0.9166169703124598,0.7471114590626269,0.009619888945001378,1.2992512492143156,7.530868290084314e-17,0.9484629294755877,0.9460111317254174,68,2,200
14952,PhishingWebsites,diff_fpde,0.5792896220894574,0.9194509185791964,0.7493702703343268,0.010467398694998166,6.722754843155269,2.0336510253571304e-15,0.9484629294755877,0.9460111317254174,68,2,200
14952,PhishingWebsites,hyb_fpde_grid,0.5792896220894574,0.9194509185791964,0.7493702703343268,0.017303516900000204,1.0,7.025630077706069e-17,0.9484629294755877,0.9460111317254174,68,2,200
14952,PhishingWebsites,lime,0.05091944558550885,0.40866508027379467,0.22979226292965177,0.016895190774999378,0.673741248775471,,0.9484629294755877,0.9460111317254174,68,2,200
14952,PhishingWebsites,shap,0.4672449416312301,0.8213243942038021,0.644284667917516,0.07218426372999971,7.411538744957028,,0.9484629294755877,0.9460111317254174,68,2,200
