method,mean_deletion_drop_auc,std_deletion_drop_auc,mean_insertion_auc,std_insertion_auc,mean_combined_score,std_combined_score,mean_runtime_seconds,std_runtime_seconds,completed_instances,completed_tasks,mean_test_accuracy,mean_test_balanced_accuracy
aime,0.5745279388710907,0.37490164119480945,0.9205526447577376,0.08035224417350144,0.7475402918144141,0.1658353372096006,0.010933660810003687,0.004700090753203162,200,1,0.9484629294755877,0.9460111317254174
cos_fpde,0.5776059478127938,0.37540551594548915,0.9166169703124598,0.08308960527843087,0.7471114590626269,0.16429072514183388,0.009619888945001378,0.004482006552278984,200,1,0.9484629294755877,0.9460111317254174
diff_fpde,0.5792896220894574,0.37672329845108,0.9194509185791964,0.08164378932334149,0.7493702703343268,0.16621930856192743,0.010467398694998166,0.004338382679075216,200,1,0.9484629294755877,0.9460111317254174
hyb_fpde_grid,0.5792896220894574,0.37672329845108,0.9194509185791964,0.08164378932334149,0.7493702703343268,0.16621930856192743,0.017303516900000204,0.0056155189537296785,200,1,0.9484629294755877,0.9460111317254174
lime,0.05091944558550885,0.13671171144268932,0.40866508027379467,0.35892456173337095,0.22979226292965177,0.1702193789880362,0.016895190774999378,0.005510310794511954,200,1,0.9484629294755877,0.9460111317254174
shap,0.4672449416312301,0.4899477326900416,0.8213243942038021,0.26171021071405715,0.644284667917516,0.335882742301738,0.07218426372999971,0.01671946482253934,200,1,0.9484629294755877,0.9460111317254174
