task_id,dataset_name,method,deletion_drop_auc,insertion_auc,combined_score,runtime_seconds,attr_l1_norm,mean_abs_exactness_residual,test_accuracy,test_balanced_accuracy,n_features_transformed,n_classes,ok
146800,MiceProtein,aime,0.7710269631131861,0.8289565829756215,0.7999917730444038,0.012929631935185803,13.856362557187241,,0.9629629629629629,0.9641941391941392,77,8,108
146800,MiceProtein,cos_fpde,0.7727306047772539,0.7263060905968399,0.7495183476870468,0.012110920796296469,0.6997206033545186,9.095251558072843e-17,0.9629629629629629,0.9641941391941392,77,8,108
146800,MiceProtein,diff_fpde,0.6948600335751443,0.6443841526936774,0.6696220931344108,0.011020727000000731,43.17639941167255,1.0378529311681093e-14,0.9629629629629629,0.9641941391941392,77,8,108
146800,MiceProtein,hyb_fpde_grid,0.7727306047772539,0.7263060905968399,0.7495183476870468,0.017912375722221888,1.0,5.605726788110238e-17,0.9629629629629629,0.9641941391941392,77,8,108
146800,MiceProtein,lime,0.4345431146393431,0.42028038118152833,0.42741174791043574,0.03899538474074102,0.7134276451005419,,0.9629629629629629,0.9641941391941392,77,8,108
146800,MiceProtein,shap,0.8389222695362897,0.923216555289659,0.8810694124129742,0.4679968629722214,8.304774190014276,,0.9629629629629629,0.9641941391941392,77,8,108
