{
  "curves": {
    "baseline_evidence": 390.85488517207597,
    "combined_score": -0.2284443948131152,
    "deletion_curve": [
      -1294.2347654402024,
      -1372.9802437578426,
      -1427.9499885892596,
      -1466.946553102976,
      -1496.3705300130166,
      -1504.699851148116,
      -1492.4017578373744,
      -1445.2130182477997,
      -1392.1633556878958,
      -1319.712516971735,
      -1240.4919753545732,
      -1073.470627448248,
      -915.1349087107865,
      -738.0601960801014,
      -550.6907260446089,
      -420.9745398934802,
      -257.03711269665513,
      -29.770173920883224,
      139.22738510379648,
      270.7425319293425,
      390.85488517207597
    ],
    "deletion_drop_auc": -0.2284443948131152,
    "deletion_drop_curve": [
      0.0,
      0.04673073523953334,
      0.07935199358708996,
      0.10249412403667574,
      0.11995549583926762,
      0.1248984501396949,
      0.11760026674258414,
      0.08959656998233843,
      0.05811476571119578,
      0.015119522882521611,
      -0.0318931340336116,
      -0.13101032215807598,
      -0.22497310845845475,
      -0.33005636771789226,
      -0.44124895024156485,
      -0.5182277543686902,
      -0.6155148198593946,
      -0.7503841656495098,
      -0.8506741169665061,
      -0.9287204967408759,
      -0.9999999999999994
    ],
    "evidence_scale": 1685.0896506122792,
    "fractions": [
      0.0,
      0.05092592592592592,
      0.10185185185185185,
      0.14814814814814814,
      0.19907407407407407,
      0.25,
      0.30092592592592593,
      0.35185185185185186,
      0.39814814814814814,
      0.44907407407407407,
      0.5,
      0.5509259259259259,
      0.6018518518518519,
      0.6481481481481481,
      0.6990740740740741,
      0.75,
      0.8009259259259259,
      0.8518518518518519,
      0.8981481481481481,
      0.9490740740740741,
      1.0
    ],
    "insertion_auc": -0.2284443948131152,
    "insertion_curve": [
      390.85488517207597,
      469.6003634897163,
      524.5701083211333,
      563.5666728348494,
      592.9906497448902,
      601.3199708799896,
      589.021877569248,
      541.8331379796734,
      488.78347541976933,
      416.33263670360884,
      337.1120950864469,
      170.09074718012155,
      11.755028442660148,
      -165.319684188025,
      -352.6891542235175,
      -482.4053403746462,
      -646.3427675714713,
      -873.6097063472432,
      -1042.607265371923,
      -1174.122412197469,
      -1294.2347654402024
    ],
    "insertion_gain_auc": -0.2284443948131152,
    "insertion_gain_curve": [
      0.0,
      0.046730735239533444,
      0.07935199358709,
      0.10249412403667571,
      0.11995549583926766,
      0.12489845013969486,
      0.11760026674258417,
      0.08959656998233853,
      0.05811476571119578,
      0.015119522882521714,
      -0.031893134033611534,
      -0.13101032215807598,
      -0.2249731084584547,
      -0.33005636771789226,
      -0.44124895024156485,
      -0.5182277543686902,
      -0.6155148198593946,
      -0.7503841656495098,
      -0.8506741169665061,
      -0.9287204967408759,
      -0.9999999999999994
    ],
    "original_evidence": -1294.2347654402024,
    "rank_by": "positive"
  },
  "sample_id": "1-11687-A-47",
  "time_importance": [
    -0.0010703408047217794,
    -0.0010947052878714457,
    -0.0011621523294601875,
    -0.0016730968862581723,
    -0.00212527986173585,
    -0.0023866599317891256,
    -0.0027640703422617437,
    -0.0029013457967992985,
    -0.0025225748545314166,
    -0.0018772605894523573,
    -0.0017191217602793166,
    -0.0017239042262132184,
    -0.001548584429229679,
    -0.0017787797540068239,
    -0.0018577441460389957,
    -0.0021374110182081746,
    -0.002924974829979025,
    -0.0030705991859758613,
    -0.002729636986400069,
    -0.0023653257629213157,
    -0.0026050341252276234,
    -0.002818890664870617,
    -0.003014231701483469,
    -0.002742803400252691,
    -0.002723531995647039,
    -0.0030675602080766557,
    -0.0030540925218937214,
    -0.0034531089972150318,
    -0.0033324091875497996,
    -0.0034088932358737117,
    -0.0038834900568062375,
    -0.003645989928824406,
    -0.0036214871755152565,
    -0.003832940279983735,
    -0.004300970744899934,
    -0.004179458153645824,
    -0.0037338699073225638,
    -0.0041730054821993365,
    -0.004192679360924484,
    -0.0036222295398155224,
    -0.0035735593987967305,
    -0.003941382609375041,
    -0.0035245911853431853,
    -0.0028228143819278677,
    -0.002602691797632029,
    -0.0026235370007703825,
    -0.0028538102705139867,
    -0.0030028322706331452,
    -0.0031397239480713394,
    -0.0030080520920843707,
    -0.0027304993581350892,
    -0.002569914803588373,
    -0.0026287244807084004,
    -0.002006057092879767,
    -0.002195925939998844,
    -0.0022270312431655805,
    -0.00180484364455114,
    -0.0015346669636359335,
    -0.0012776552589757813,
    -0.001694626813642777,
    -0.002571144867648788,
    -0.002742322852296085,
    -0.002382906644511998,
    -0.002099555541882056,
    -0.0024748660941608775,
    -0.003011252299290838,
    -0.00309556191845542,
    -0.003983880067112823,
    -0.004223489457516929,
    -0.003082555758666123,
    -0.0030069105901895286,
    -0.002566708520475641,
    -0.002580727283855459,
    -0.0019366919922732158,
    -0.0021747554464019944,
    -0.0025372549267514153,
    -0.0031785588144906778,
    -0.003059943963387488,
    -0.002160298907283149,
    -0.0025502002205730475,
    -0.0027425560784797203,
    -0.0028803942308242582,
    -0.0030219996499962335,
    -0.0031355760871767425,
    -0.003382608827553303,
    -0.0031491164732286806,
    -0.0030172827845121545,
    -0.0029234027272884893,
    -0.002539451359264917,
    -0.002371866349766496,
    -0.0024503441302903485,
    -0.002384036681832634,
    -0.0021635719500084395,
    -0.0021575453882385436,
    -0.002291399474542231,
    -0.00224487560191955,
    -0.002439378541306576,
    -0.0024838265236608874,
    -0.002548112672818405,
    -0.002278703149322851,
    -0.00258735941830256,
    -0.0030120898669513427,
    -0.0033285408478368975,
    -0.00310450258376156,
    -0.002786654271849581,
    -0.0023787267788135916,
    -0.0016560192435360697,
    -0.001751914294847474,
    -0.0019350629492522673,
    -0.0009208172162012214,
    -0.0008720671483511651,
    -0.0010668562805082934,
    -0.001615709632635238,
    -0.0015416697921987988,
    -0.0009053749066403441,
    -0.0007551996965011499,
    -0.000493626184751371,
    -0.0009645509025418619,
    -0.001247508214442057,
    -0.0013692560069019236,
    -0.0015475056462426143,
    -0.0014678432229924237,
    -0.0010660454715838825,
    -0.0009744159720655309,
    -0.0007635190842896135,
    -0.0008690895703425307,
    -0.0009457920172231281,
    -0.0009466941096393178,
    -0.0008213434048224313,
    -0.000777282378122821,
    -0.0004363785684588589,
    6.804456599709835e-06,
    -0.0004654721161487576,
    -0.001017512027109754,
    -0.0013432409048411479,
    -0.0010083651205247358,
    -0.0005906225993487119,
    -0.0007827710402453214,
    -0.0007812334741726405,
    -0.0005998743211607414,
    -0.001170054957691747,
    -0.0010982222723030393,
    -0.0010210018292265487,
    -0.0011056912360392207,
    -0.0004741563814240347,
    -0.0006681966873729231,
    -0.000632600920186923,
    -0.0003747465649847478,
    -0.0003221507366991444,
    -0.00022391654889597162,
    1.3076306132283933e-05,
    -0.0004911835142726408,
    -0.0007007743178108782,
    -0.0005410989626100282,
    -0.0010420685989561526,
    2.4072638623437643e-05,
    0.0002627376687309276,
    0.0002599688900406963,
    0.0005604086164541918,
    0.0002952996025181533,
    3.707101742066097e-05,
    0.00023209723464705652,
    0.0002000259705642932,
    0.00025018681308792333,
    0.0004982736150323467,
    0.0004979263382012294,
    0.000447212905151712,
    -2.8181839130957042e-05,
    0.00017021547308897206,
    0.00032955885812468446,
    0.0005321734210009306,
    0.0006023362009230392,
