task_id,dataset_name,method,deletion_drop_auc,insertion_auc,combined_score,runtime_seconds,attr_l1_norm,mean_abs_exactness_residual,test_accuracy,test_balanced_accuracy,n_features_transformed,n_classes,ok
14954,cylinder-bands,aime,0.49292746196464254,0.8648358946704405,0.6788816783175415,0.01770402475925963,10.473821918627626,,0.8148148148148148,0.8050490883590462,151,2,54
14954,cylinder-bands,cos_fpde,0.4997016426056441,0.8668006043943558,0.6832511235,0.01439434987036992,1.3601435187977469,8.448745818183338e-17,0.8148148148148148,0.8050490883590462,151,2,54
14954,cylinder-bands,diff_fpde,0.49967948784578814,0.8669638123098224,0.6833216500778053,0.014695031129627346,7.029312292329388,2.6480875105874103e-15,0.8148148148148148,0.8050490883590462,151,2,54
14954,cylinder-bands,hyb_fpde_grid,0.49967948784578814,0.8669638123098224,0.6833216500778053,0.017779704333333538,1.0,6.675472931629269e-17,0.8148148148148148,0.8050490883590462,151,2,54
14954,cylinder-bands,lime,0.0009778867584152235,0.45844613902899345,0.22971201289370435,0.0314266347777795,1.0960225221535187,,0.8148148148148148,0.8050490883590462,151,2,54
14954,cylinder-bands,shap,0.3236991598830241,0.6584408705850103,0.4910700152340172,0.03319624649999963,4.578183898010615,,0.8148148148148148,0.8050490883590462,151,2,54
