method,mean_deletion_drop_auc,std_deletion_drop_auc,mean_insertion_auc,std_insertion_auc,mean_combined_score,std_combined_score,mean_runtime_seconds,std_runtime_seconds,completed_instances,completed_tasks,mean_test_accuracy,mean_test_balanced_accuracy
aime,0.029856315259647426,0.026331282012645008,0.5282893502290077,0.017798503924765747,0.2790728327443276,0.019886818615873023,0.004917256160000108,0.0006035575558357945,200,1,0.509032392026578,0.5079642264791062
cos_fpde,0.030591182258000522,0.026368796212329924,0.528767910661955,0.017741207929530593,0.2796795464599777,0.019857514549920307,0.0036801922000000787,0.00022867094138272686,200,1,0.509032392026578,0.5079642264791062
diff_fpde,0.030591182258000522,0.026368796212329924,0.528767910661955,0.017741207929530593,0.2796795464599777,0.019857514549920307,0.003642755050000943,0.00018928932834134411,200,1,0.509032392026578,0.5079642264791062
hyb_fpde_grid,0.030591182258000522,0.026368796212329924,0.528767910661955,0.017741207929530593,0.2796795464599777,0.019857514549920307,0.03070784317500056,0.0014237040965902172,200,1,0.509032392026578,0.5079642264791062
lime,0.016182221879774635,0.026419547270769388,0.5155722072319141,0.02299642180292871,0.26587721455584434,0.021620368669129576,0.009419869860001312,0.0002763498082246502,200,1,0.509032392026578,0.5079642264791062
shap,0.014414231213137941,0.024805992290927975,0.5149828558502486,0.03903815107555142,0.26469854353169325,0.030123207586143595,0.06242502394499951,0.014636921045335233,200,1,0.509032392026578,0.5079642264791062
