task_id,dataset_name,method,deletion_drop_auc,insertion_auc,combined_score,runtime_seconds,attr_l1_norm,mean_abs_exactness_residual,test_accuracy,test_balanced_accuracy,n_features_transformed,n_classes,ok
167120,numerai28.6,aime,0.029856315259647426,0.5282893502290077,0.2790728327443276,0.004917256160000108,7.502657450373866,,0.509032392026578,0.5079642264791062,21,2,200
167120,numerai28.6,cos_fpde,0.030591182258000522,0.528767910661955,0.2796795464599777,0.0036801922000000787,1.5408127936221854,9.053033930145338e-17,0.509032392026578,0.5079642264791062,21,2,200
167120,numerai28.6,diff_fpde,0.030591182258000522,0.528767910661955,0.2796795464599777,0.003642755050000943,1.2913553770771768,2.6718904866385174e-15,0.509032392026578,0.5079642264791062,21,2,200
167120,numerai28.6,hyb_fpde_grid,0.030591182258000522,0.528767910661955,0.2796795464599777,0.03070784317500056,1.0,5.4543805724175525e-17,0.509032392026578,0.5079642264791062,21,2,200
167120,numerai28.6,lime,0.016182221879774635,0.5155722072319141,0.26587721455584434,0.009419869860001312,0.06982450874441769,,0.509032392026578,0.5079642264791062,21,2,200
167120,numerai28.6,shap,0.014414231213137941,0.5149828558502486,0.26469854353169325,0.06242502394499951,0.3110905729135952,,0.509032392026578,0.5079642264791062,21,2,200
