method,mean_deletion_drop_auc,std_deletion_drop_auc,mean_insertion_auc,std_insertion_auc,mean_combined_score,std_combined_score,mean_runtime_seconds,std_runtime_seconds,completed_instances,completed_tasks,mean_test_accuracy,mean_test_balanced_accuracy
aime,0.29963809611777464,0.3669487522353756,0.8271179718528621,0.26457014830216774,0.5633780339853184,0.0832886246369238,0.005416519739887825,9.055539359793237e-05,173,1,0.9942196531791907,0.9979338842975208
cos_fpde,0.3035314106981037,0.3749296708984637,0.7972611854588731,0.31411073895650155,0.5503962980784884,0.08209815881166256,0.004200617473988772,6.807770362177515e-05,173,1,0.9942196531791907,0.9979338842975208
diff_fpde,0.2802089613603887,0.35834602896203843,0.8132151252034072,0.2857401342519667,0.5467120432818979,0.07506898203376278,0.004155347572254421,0.00010916787271255872,173,1,0.9942196531791907,0.9979338842975208
hyb_fpde_grid,0.29993342701492454,0.37545753141231736,0.7974789245058217,0.31371160493321715,0.5487061757603731,0.08095636470579387,0.006861774086704803,0.00018345696579485148,173,1,0.9942196531791907,0.9979338842975208
lime,0.08265575968367736,0.15408324596718037,0.700160748163788,0.38973779565782146,0.39140825392373274,0.1397576501777846,0.014121987433526328,0.00039403064652472494,173,1,0.9942196531791907,0.9979338842975208
shap,0.323749228246998,0.38956829780254465,0.8544954379631718,0.2373637751356753,0.589122333105085,0.11990356985223576,0.23674652887861122,0.018589847133632254,173,1,0.9942196531791907,0.9979338842975208
