task_id,dataset_name,method,deletion_drop_auc,insertion_auc,combined_score,runtime_seconds,attr_l1_norm,mean_abs_exactness_residual,test_accuracy,test_balanced_accuracy,n_features_transformed,n_classes,ok
146821,car,aime,0.29963809611777464,0.8271179718528621,0.5633780339853184,0.005416519739887825,5.165548955735766,,0.9942196531791907,0.9979338842975208,21,4,173
146821,car,cos_fpde,0.3035314106981037,0.7972611854588731,0.5503962980784884,0.004200617473988772,1.2332708404717985,5.72157927972466e-17,0.9942196531791907,0.9979338842975208,21,4,173
146821,car,diff_fpde,0.2802089613603887,0.8132151252034072,0.5467120432818979,0.004155347572254421,2.3662741194133554,8.749423793053889e-16,0.9942196531791907,0.9979338842975208,21,4,173
146821,car,hyb_fpde_grid,0.29993342701492454,0.7974789245058217,0.5487061757603731,0.006861774086704803,0.9996583628862686,5.258317865908888e-17,0.9942196531791907,0.9979338842975208,21,4,173
146821,car,lime,0.08265575968367736,0.700160748163788,0.39140825392373274,0.014121987433526328,0.10337955192089168,,0.9942196531791907,0.9979338842975208,21,4,173
146821,car,shap,0.323749228246998,0.8544954379631718,0.589122333105085,0.23674652887861122,5.155968231470097,,0.9942196531791907,0.9979338842975208,21,4,173
