method,mean_deletion_drop_auc,std_deletion_drop_auc,mean_insertion_auc,std_insertion_auc,mean_combined_score,std_combined_score,mean_runtime_seconds,std_runtime_seconds,completed_instances,completed_tasks,mean_test_accuracy,mean_test_balanced_accuracy
aime,0.7764621608240125,0.17938668246824338,0.8003543208012586,0.10017853356683189,0.7884082408126356,0.09561935556206554,0.03973331163750053,0.009484250521498224,160,1,0.8875,0.8875
cos_fpde,0.771399212091475,0.17786877425223815,0.7035823784746676,0.18181084866322628,0.7374907952830714,0.1209695422417403,0.010249580793750112,0.0032387054397878695,160,1,0.8875,0.8875
diff_fpde,0.7567362800379431,0.1790278811311797,0.664228677065733,0.1797429886292235,0.710482478551838,0.12104247275106633,0.021785267081250836,0.007663628480426244,160,1,0.8875,0.8875
hyb_fpde_grid,0.771399212091475,0.17786877425223815,0.7035823784746676,0.18181084866322628,0.7374907952830714,0.1209695422417403,0.014122550893749164,0.00229595280495383,160,1,0.8875,0.8875
lime,0.3250819477647108,0.2412741471592357,0.31020834133040703,0.21836706602498265,0.3176451445475589,0.16824832307599774,0.15017683413125074,0.05819943297879298,160,1,0.8875,0.8875
shap,0.8262836555866565,0.17992951309968022,0.9220897608383469,0.0702361746794805,0.8741867082125017,0.10979382239933426,0.54046481433125,0.014096433790952085,160,1,0.8875,0.8875
