task_id,dataset_name,method,deletion_drop_auc,insertion_auc,combined_score,runtime_seconds,attr_l1_norm,mean_abs_exactness_residual,test_accuracy,test_balanced_accuracy,n_features_transformed,n_classes,ok
9964,semeion,aime,0.7764621608240125,0.8003543208012586,0.7884082408126356,0.03973331163750053,47.20924631086858,,0.8875,0.8875,256,10,160
9964,semeion,cos_fpde,0.771399212091475,0.7035823784746676,0.7374907952830714,0.010249580793750112,1.025152049760219,3.8749385644631926e-17,0.8875,0.8875,256,10,160
9964,semeion,diff_fpde,0.7567362800379431,0.664228677065733,0.710482478551838,0.021785267081250836,204.52647051263034,1.962874307537277e-14,0.8875,0.8875,256,10,160
9964,semeion,hyb_fpde_grid,0.771399212091475,0.7035823784746676,0.7374907952830714,0.014122550893749164,1.0,3.5446973589876864e-17,0.8875,0.8875,256,10,160
9964,semeion,lime,0.3250819477647108,0.31020834133040703,0.3176451445475589,0.15017683413125074,1.193731676929303,,0.8875,0.8875,256,10,160
9964,semeion,shap,0.8262836555866565,0.9220897608383469,0.8741867082125017,0.54046481433125,9.378638804259102,,0.8875,0.8875,256,10,160
