task_id,dataset_name,method,deletion_drop_auc,insertion_auc,combined_score,runtime_seconds,attr_l1_norm,mean_abs_exactness_residual,test_accuracy,test_balanced_accuracy,n_features_transformed,n_classes,ok
2079,eucalyptus,aime,0.5996853140239791,0.7389786566088953,0.6693319853164372,0.014471687972970998,8.313081175987111,,0.6486486486486487,0.6101454101454101,91,5,74
2079,eucalyptus,cos_fpde,0.5448399519856924,0.6925037335168802,0.6186718427512862,0.01176259975675739,0.660297500835173,8.561094776036892e-17,0.6486486486486487,0.6101454101454101,91,5,74
2079,eucalyptus,diff_fpde,0.5501394010493172,0.7072568797343156,0.6286981403918165,0.011260681270269555,7.216066567223335,1.960096874598983e-15,0.6486486486486487,0.6101454101454101,91,5,74
2079,eucalyptus,hyb_fpde_grid,0.5648692545080455,0.7058244531828797,0.6353468538454626,0.017063823756754998,0.978393045863766,5.846486958224536e-17,0.6486486486486487,0.6101454101454101,91,5,74
2079,eucalyptus,lime,0.23052961729538485,0.4241285301640199,0.3273290737297024,0.03627733735135014,0.777370768385001,,0.6486486486486487,0.6101454101454101,91,5,74
2079,eucalyptus,shap,0.6400133677250047,0.8506155745776265,0.7453144711513157,0.24256482117567504,4.389792050293896,,0.6486486486486487,0.6101454101454101,91,5,74
