method,mean_deletion_drop_auc,std_deletion_drop_auc,mean_insertion_auc,std_insertion_auc,mean_combined_score,std_combined_score,mean_runtime_seconds,std_runtime_seconds,completed_instances,completed_tasks,mean_test_accuracy,mean_test_balanced_accuracy
aime,0.5996853140239791,0.24095976760858248,0.7389786566088953,0.17767766990126596,0.6693319853164372,0.19663249563374086,0.014471687972970998,0.004362919607986477,74,1,0.6486486486486487,0.6101454101454101
cos_fpde,0.5448399519856924,0.27961592967343907,0.6925037335168802,0.23713025941361418,0.6186718427512862,0.2414803762043972,0.01176259975675739,0.0033255493192442063,74,1,0.6486486486486487,0.6101454101454101
diff_fpde,0.5501394010493172,0.28546589402490824,0.7072568797343156,0.23956493785574592,0.6286981403918165,0.24550166596962494,0.011260681270269555,0.0035915625115382037,74,1,0.6486486486486487,0.6101454101454101
hyb_fpde_grid,0.5648692545080455,0.2744528432192016,0.7058244531828797,0.23970685265808714,0.6353468538454626,0.2422032621732317,0.017063823756754998,0.005679233181933377,74,1,0.6486486486486487,0.6101454101454101
lime,0.23052961729538485,0.3042439044875674,0.4241285301640199,0.28235633938898896,0.3273290737297024,0.26072086487076906,0.03627733735135014,0.005487337230519869,74,1,0.6486486486486487,0.6101454101454101
shap,0.6400133677250047,0.22044143152217086,0.8506155745776265,0.11270727677370289,0.7453144711513157,0.15382635128040864,0.24256482117567504,0.024183186227067065,74,1,0.6486486486486487,0.6101454101454101
