task_id,dataset_name,method,deletion_drop_auc,insertion_auc,combined_score,runtime_seconds,attr_l1_norm,mean_abs_exactness_residual,test_accuracy,test_balanced_accuracy,n_features_transformed,n_classes,ok
31,credit-g,aime,0.37535680783918723,0.875611509619182,0.6254841587291847,0.012990826790000938,8.165237300650134,,0.76,0.6952380952380952,61,2,100
31,credit-g,cos_fpde,0.3597405402622519,0.8672746296021964,0.6135075849322241,0.01239340647999427,1.2700910021203924,1.1896733598248943e-16,0.76,0.6952380952380952,61,2,100
31,credit-g,diff_fpde,0.3602498152103761,0.8679152993647534,0.6140825572875648,0.01043613747999757,4.588098867585052,2.013875177730995e-15,0.76,0.6952380952380952,61,2,100
31,credit-g,hyb_fpde_grid,0.3602498152103761,0.8679152993647534,0.6140825572875648,0.017289611960000003,0.9999999999999999,6.831341048396667e-17,0.76,0.6952380952380952,61,2,100
31,credit-g,lime,-0.09551069980165948,0.40356490419396734,0.15402710219615393,0.024599878479999688,0.5167677797471245,,0.76,0.6952380952380952,61,2,100
31,credit-g,shap,0.2701226167056412,0.73210217471402,0.5011123957098306,0.07933564986999726,4.524220467136196,,0.76,0.6952380952380952,61,2,100
