task_id,dataset_name,method,deletion_drop_auc,insertion_auc,combined_score,runtime_seconds,attr_l1_norm,mean_abs_exactness_residual,test_accuracy,test_balanced_accuracy,n_features_transformed,n_classes,ok
167119,jungle_chess_2pcs_raw_endgame_complete,aime,0.4092307242626541,0.7856783030076059,0.59745451363513,0.004476422700000597,1.9571032390934782,,0.8464970995091476,0.7887453771893865,6,3,200
167119,jungle_chess_2pcs_raw_endgame_complete,cos_fpde,0.40561020968642864,0.7647932750625079,0.5852017423744683,0.003529262610000501,1.188749417423655,6.886852199627925e-17,0.8464970995091476,0.7887453771893865,6,3,200
167119,jungle_chess_2pcs_raw_endgame_complete,diff_fpde,0.40790270074856666,0.7680393696228656,0.5879710351857161,0.003506699389999568,3.422197208149665,5.57748291996063e-16,0.8464970995091476,0.7887453771893865,6,3,200
167119,jungle_chess_2pcs_raw_endgame_complete,hyb_fpde_grid,0.40589875183635465,0.7660350692190322,0.5859669105276935,0.018910175320000774,0.9996613276433151,6.296178856057822e-17,0.8464970995091476,0.7887453771893865,6,3,200
167119,jungle_chess_2pcs_raw_endgame_complete,lime,0.20277729898742716,0.6015414564331965,0.4021593777103118,0.03544585659000006,0.5033751716874979,,0.8464970995091476,0.7887453771893865,6,3,200
167119,jungle_chess_2pcs_raw_endgame_complete,shap,0.4477970017075893,0.8064932078939497,0.6271451048007696,0.17620381390499915,2.883654900985623,,0.8464970995091476,0.7887453771893865,6,3,200
