task_id,dataset_name,method,deletion_drop_auc,insertion_auc,combined_score,runtime_seconds,attr_l1_norm,mean_abs_exactness_residual,test_accuracy,test_balanced_accuracy,n_features_transformed,n_classes,ok
146819,climate-model-simulation-crashes,aime,0.0964793741674314,0.9791397098851883,0.5378095420263098,0.005295541148149509,3.5803685011365793,,0.9629629629629629,0.75,18,2,54
146819,climate-model-simulation-crashes,cos_fpde,0.09615300200087393,0.9791196230174707,0.5376363125091723,0.00406893888888978,1.154398756173666,5.836220138853452e-17,0.9629629629629629,0.75,18,2,54
146819,climate-model-simulation-crashes,diff_fpde,0.08487514497729999,0.9708772026391619,0.5278761738082308,0.0040315312222224025,10.066293177630413,1.955226104478748e-15,0.9629629629629629,0.75,18,2,54
146819,climate-model-simulation-crashes,hyb_fpde_grid,0.09523978745482438,0.9790934206137242,0.5371666040342743,0.006089056351850662,0.9965929850096336,5.182486384480711e-17,0.9629629629629629,0.75,18,2,54
146819,climate-model-simulation-crashes,lime,0.003598830611264049,0.9594530810331056,0.48152595582218477,0.010335481814814942,0.21268689400694518,,0.9629629629629629,0.75,18,2,54
146819,climate-model-simulation-crashes,shap,0.07800952105875604,0.9610597983596455,0.5195346597092008,0.03555125483333286,4.54590971743685,,0.9629629629629629,0.75,18,2,54
