task_id,dataset_name,method,deletion_drop_auc,insertion_auc,combined_score,runtime_seconds,attr_l1_norm,mean_abs_exactness_residual,test_accuracy,test_balanced_accuracy,n_features_transformed,n_classes,ok
14952,PhishingWebsites,aime,0.5982532347504699,0.92630346622691,0.76227835048869,0.011189642579999557,9.810569133561827,,0.9556962025316456,0.952922077922078,68,2,200
14952,PhishingWebsites,cos_fpde,0.6029357685387784,0.9262406281474277,0.7645881983431031,0.00985097652499931,1.3073066361164134,9.357098429418897e-17,0.9556962025316456,0.952922077922078,68,2,200
14952,PhishingWebsites,diff_fpde,0.604505075505935,0.9274487231972464,0.7659768993515906,0.010113324279999674,6.783131883886478,1.8537948953678553e-15,0.9556962025316456,0.952922077922078,68,2,200
14952,PhishingWebsites,hyb_fpde_grid,0.604765375659656,0.9279907745287055,0.7663780750941808,0.01782220989500054,1.0,6.804452834519026e-17,0.9556962025316456,0.952922077922078,68,2,200
14952,PhishingWebsites,lime,0.053704790525971255,0.39749214657265614,0.22559846854931367,0.017376458869999497,0.6957551544495528,,0.9556962025316456,0.952922077922078,68,2,200
14952,PhishingWebsites,shap,0.4860346839926058,0.8209180972870113,0.6534763906398084,0.06993431766499959,7.256245336069177,,0.9556962025316456,0.952922077922078,68,2,200
