task_id,dataset_name,method,deletion_drop_auc,insertion_auc,combined_score,runtime_seconds,attr_l1_norm,mean_abs_exactness_residual,test_accuracy,test_balanced_accuracy,n_features_transformed,n_classes,ok
9960,wall-robot-navigation,aime,0.5678120421703238,0.7909565660278781,0.679384304099101,0.005458670935000072,5.062531022795451,,0.9945054945054946,0.9927712173049332,24,4,200
9960,wall-robot-navigation,cos_fpde,0.5435809378842223,0.7515028334799214,0.6475418856820719,0.004219819700001466,1.1858174778715382,6.413272690686256e-17,0.9945054945054946,0.9927712173049332,24,4,200
9960,wall-robot-navigation,diff_fpde,0.5355442608415669,0.7358395834246728,0.6356919221331199,0.004172479280001227,12.475528720714667,2.3536728122053318e-15,0.9945054945054946,0.9927712173049332,24,4,200
9960,wall-robot-navigation,hyb_fpde_grid,0.5428912504465946,0.7490583974427578,0.6459748239446762,0.008408652825000616,0.9985757536833032,6.363887281729541e-17,0.9945054945054946,0.9927712173049332,24,4,200
9960,wall-robot-navigation,lime,0.2702612662026706,0.5013404846465612,0.3858008754246159,0.015884280400000676,0.5914486536739254,,0.9945054945054946,0.9927712173049332,24,4,200
9960,wall-robot-navigation,shap,0.7201651191957502,0.9512815428251605,0.8357233310104553,0.22984725363000025,6.00295089743295,,0.9945054945054946,0.9927712173049332,24,4,200
