method,mean_deletion_drop_auc,std_deletion_drop_auc,mean_insertion_auc,std_insertion_auc,mean_combined_score,std_combined_score,mean_runtime_seconds,std_runtime_seconds,completed_instances,completed_tasks,mean_test_accuracy,mean_test_balanced_accuracy
aime,0.5678120421703238,0.3358158390106742,0.7909565660278781,0.16949641828696158,0.679384304099101,0.23594975167158794,0.005458670935000072,5.9461138618487625e-05,200,1,0.9945054945054946,0.9927712173049332
cos_fpde,0.5435809378842223,0.3486082894002895,0.7515028334799214,0.21899946725212327,0.6475418856820719,0.264256669703815,0.004219819700001466,0.00020305474633512083,200,1,0.9945054945054946,0.9927712173049332
diff_fpde,0.5355442608415669,0.3435939755351323,0.7358395834246728,0.21936279634374944,0.6356919221331199,0.2628458338662063,0.004172479280001227,0.00016835536277059408,200,1,0.9945054945054946,0.9927712173049332
hyb_fpde_grid,0.5428912504465946,0.3472949002084511,0.7490583974427578,0.218637943772799,0.6459748239446762,0.2637853757367268,0.008408652825000616,0.00030257319883684303,200,1,0.9945054945054946,0.9927712173049332
lime,0.2702612662026706,0.1889556210168082,0.5013404846465612,0.38345945383860464,0.3858008754246159,0.259877113166418,0.015884280400000676,0.00026000830487912915,200,1,0.9945054945054946,0.9927712173049332
shap,0.7201651191957502,0.2773774744194036,0.9512815428251605,0.049214716884420195,0.8357233310104553,0.14400129276389523,0.22984725363000025,0.017961651919129774,200,1,0.9945054945054946,0.9927712173049332
