method,mean_deletion_drop_auc,std_deletion_drop_auc,mean_insertion_auc,std_insertion_auc,mean_combined_score,std_combined_score,mean_runtime_seconds,std_runtime_seconds,completed_instances,completed_tasks,mean_test_accuracy,mean_test_balanced_accuracy
aime,0.6723528199256337,0.2364313200650073,0.7974688707591615,0.21126997104558698,0.7349108453423976,0.16381315294066068,0.053513701065000134,0.010174356962468798,200,1,0.9902912621359223,0.9904846880583021
cos_fpde,0.7998348809462784,0.20299882165294694,0.8370759340700097,0.16090856156241654,0.818455407508144,0.11982675354925174,0.014300362090000646,0.0016529895384139917,200,1,0.9902912621359223,0.9904846880583021
diff_fpde,0.6867634690474834,0.2919197141163371,0.7704065321871317,0.22474128910392457,0.7285850006173077,0.17259153718866835,0.023074689989998377,0.00800791053858153,200,1,0.9902912621359223,0.9904846880583021
hyb_fpde_grid,0.7998348809462784,0.20299882165294694,0.8370759340700097,0.16090856156241654,0.818455407508144,0.11982675354925174,0.041621139214999235,0.001433469257353564,200,1,0.9902912621359223,0.9904846880583021
lime,0.4214052397849972,0.28212020946262006,0.5223681683359328,0.3887604099411077,0.47188670406046507,0.29304620335915293,0.23034549247999478,0.08090618813421135,200,1,0.9902912621359223,0.9904846880583021
shap,0.860820904508131,0.19863950443482084,0.9745253417556177,0.013479091615799141,0.9176731231318743,0.09624381611767044,0.3576804089949979,0.018277057382083246,200,1,0.9902912621359223,0.9904846880583021
