task_id,dataset_name,method,deletion_drop_auc,insertion_auc,combined_score,runtime_seconds,attr_l1_norm,mean_abs_exactness_residual,test_accuracy,test_balanced_accuracy,n_features_transformed,n_classes,ok
10101,blood-transfusion-service-center,aime,0.13858483918535577,0.7980485460656829,0.46831669262551934,0.0033341022533348525,2.3036444320911844,,0.76,0.5950292397660819,4,2,75
10101,blood-transfusion-service-center,cos_fpde,0.11763703908070947,0.7920482814054154,0.45484266024306247,0.0025977677733332407,1.5504736138526394,1.0257419913450861e-16,0.76,0.5950292397660819,4,2,75
10101,blood-transfusion-service-center,diff_fpde,0.13638023547833847,0.7979615968748069,0.46717091617657275,0.002517894799999188,2.33239854702576,2.19824158875781e-16,0.76,0.5950292397660819,4,2,75
10101,blood-transfusion-service-center,hyb_fpde_grid,0.13638023547833847,0.7979615968748069,0.46717091617657275,0.0038986233066676352,1.0,6.642834430673854e-17,0.76,0.5950292397660819,4,2,75
10101,blood-transfusion-service-center,lime,0.008141407820049974,0.6590004532919753,0.3335709305560126,0.015105341106666781,0.26529326850437857,,0.76,0.5950292397660819,4,2,75
10101,blood-transfusion-service-center,shap,0.0360042585584492,0.7000927736857386,0.3680485161220939,0.027259878693333045,1.838060561544446,,0.76,0.5950292397660819,4,2,75
