task_id,dataset_name,method,deletion_drop_auc,insertion_auc,combined_score,runtime_seconds,attr_l1_norm,mean_abs_exactness_residual,test_accuracy,test_balanced_accuracy,n_features_transformed,n_classes,ok
167124,CIFAR_10,aime,0.3074683880263984,0.4626526005411805,0.3850604942837895,0.08799107058000345,678.8413297938209,,0.503,0.5029999999999999,3072,10,200
167124,CIFAR_10,cos_fpde,0.29954984834743054,0.3853583466138102,0.3424540974806203,0.04617760041499878,0.7263940779132443,5.749740961125128e-17,0.503,0.5029999999999999,3072,10,200
167124,CIFAR_10,diff_fpde,0.289929704002761,0.37877176915183325,0.3343507365772972,0.04609907629498366,1097.871780791625,2.5071944520504987e-13,0.503,0.5029999999999999,3072,10,200
167124,CIFAR_10,hyb_fpde_grid,0.2991650053846564,0.3859349316747056,0.34254996852968106,1.099112824764984,0.9918518234089394,4.246603069191224e-17,0.503,0.5029999999999999,3072,10,200
167124,CIFAR_10,lime,0.18479960789188796,0.2305892431556644,0.20769442552377618,0.6740744431299937,1.099249477485283,,0.503,0.5029999999999999,3072,10,200
167124,CIFAR_10,shap,0.35994315968809637,0.6844053377978051,0.5221742487429507,0.6370000531250162,4.961434727489969,,0.503,0.5029999999999999,3072,10,200
