task_id,dataset_name,method,deletion_drop_auc,insertion_auc,combined_score,runtime_seconds,attr_l1_norm,mean_abs_exactness_residual,test_accuracy,test_balanced_accuracy,n_features_transformed,n_classes,ok
167120,numerai28.6,aime,0.02538555778414452,0.5287503974603341,0.27706797762223934,0.0052984855550002406,7.25177336701047,,0.5085132890365448,0.5074820445720202,21,2,200
167120,numerai28.6,cos_fpde,0.025609940720584444,0.5290998242697716,0.2773548824951781,0.00414952082999946,1.5194538868383873,7.307739482986797e-17,0.5085132890365448,0.5074820445720202,21,2,200
167120,numerai28.6,diff_fpde,0.025609940720584444,0.5290998242697716,0.2773548824951781,0.004089600490000151,1.26540699558171,2.2777613128965867e-15,0.5085132890365448,0.5074820445720202,21,2,200
167120,numerai28.6,hyb_fpde_grid,0.025609940720584444,0.5290998242697716,0.2773548824951781,0.029963168655000344,1.0,5.4810756627832193e-17,0.5085132890365448,0.5074820445720202,21,2,200
167120,numerai28.6,lime,0.015127394030909005,0.5162380382952437,0.26568271616307637,0.010145921570000098,0.07607166757576189,,0.5085132890365448,0.5074820445720202,21,2,200
167120,numerai28.6,shap,0.01351747720354673,0.5188551213914395,0.2661862992974931,0.06687501538000078,0.3065057838602009,,0.5085132890365448,0.5074820445720202,21,2,200
