task_id,dataset_name,method,deletion_drop_auc,insertion_auc,combined_score,runtime_seconds,attr_l1_norm,mean_abs_exactness_residual,test_accuracy,test_balanced_accuracy,n_features_transformed,n_classes,ok
7592,adult,aime,0.291044624477333,0.8759827017095675,0.5835136630934502,0.013339285494997171,8.30611579836994,,0.8691914022517913,0.7847356954551608,105,2,200
7592,adult,cos_fpde,0.2871721488629564,0.8781168690139188,0.5826445089384376,0.011986041910005837,1.248854899907775,8.355295622042291e-17,0.8691914022517913,0.7847356954551608,105,2,200
7592,adult,diff_fpde,0.28749864469942477,0.8773221895339681,0.5824104171166965,0.01082797522000476,6.295829879796139,1.6019824355950618e-15,0.8691914022517913,0.7847356954551608,105,2,200
7592,adult,hyb_fpde_grid,0.28749864469942477,0.8773221895339681,0.5824104171166965,0.04157164279999165,1.0,7.47579081972205e-17,0.8691914022517913,0.7847356954551608,105,2,200
7592,adult,lime,0.07270602381277277,0.6574950576935196,0.3651005407531462,0.023832469104998494,1.080559598804004,,0.8691914022517913,0.7847356954551608,105,2,200
7592,adult,shap,0.10370008445560894,0.5467241385030301,0.3252121114793195,0.07303805951999834,3.7620791457346026,,0.8691914022517913,0.7847356954551608,105,2,200
