task_id,dataset_name,method,deletion_drop_auc,insertion_auc,combined_score,runtime_seconds,attr_l1_norm,mean_abs_exactness_residual,test_accuracy,test_balanced_accuracy,n_features_transformed,n_classes,ok
14,mfeat-fourier,aime,0.7970608948507402,0.8834539052427047,0.8402574000467224,0.012897028105002165,11.874517491541631,,0.855,0.8550000000000001,76,10,200
14,mfeat-fourier,cos_fpde,0.763732046460142,0.8397858517934188,0.8017589491267805,0.012049117944999637,0.7610145201047405,8.864870643110478e-17,0.855,0.8550000000000001,76,10,200
14,mfeat-fourier,diff_fpde,0.7358087502303806,0.7920045818303452,0.763906666030363,0.011133862725001364,44.62918054045125,9.369172104811696e-15,0.855,0.8550000000000001,76,10,200
14,mfeat-fourier,hyb_fpde_grid,0.763732046460142,0.8397858517934188,0.8017589491267805,0.01890209561000404,1.0,5.947607857603732e-17,0.855,0.8550000000000001,76,10,200
14,mfeat-fourier,lime,0.6161207490385238,0.6714325403463138,0.6437766446924188,0.043551474275001854,0.6313078075978357,,0.855,0.8550000000000001,76,10,200
14,mfeat-fourier,shap,0.8239998900583051,0.9361713487594462,0.8800856194088756,0.5940482235849988,8.472963241374648,,0.855,0.8550000000000001,76,10,200
