method,mean_deletion_drop_auc,std_deletion_drop_auc,mean_insertion_auc,std_insertion_auc,mean_combined_score,std_combined_score,mean_runtime_seconds,std_runtime_seconds,completed_instances,completed_tasks,mean_test_accuracy,mean_test_balanced_accuracy
aime,0.7612497445121514,0.25725694368537527,0.8199867823907442,0.16196446873763015,0.7906182634514479,0.14885817146225194,0.012544702379628743,0.004529493527489026,108,1,0.9629629629629629,0.9653846153846154
cos_fpde,0.7544736620705118,0.22922521689030026,0.7011783886455888,0.23869385569799734,0.7278260253580503,0.15494296871456006,0.011815355518517564,0.003782405270058693,108,1,0.9629629629629629,0.9653846153846154
diff_fpde,0.6940690493201933,0.2344724581270931,0.6392242174988346,0.23294202603358893,0.6666466334095139,0.1558437214218778,0.010695209509257668,0.0038343190646189114,108,1,0.9629629629629629,0.9653846153846154
hyb_fpde_grid,0.7544736620705118,0.22922521689030026,0.7011783886455888,0.23869385569799734,0.7278260253580503,0.15494296871456006,0.0171785306666659,0.0048715154195898055,108,1,0.9629629629629629,0.9653846153846154
lime,0.40436189213931184,0.31478170194440147,0.40743005845731295,0.33816799281846116,0.4058959752983124,0.27508465084693956,0.039093078657407014,0.006253416630781292,108,1,0.9629629629629629,0.9653846153846154
shap,0.8175299598809849,0.23873967926857376,0.9187163843463203,0.07959376450939469,0.8681231721136525,0.12517251389250098,0.4690324248148159,0.02057202828765756,108,1,0.9629629629629629,0.9653846153846154
