task_id,dataset_name,method,deletion_drop_auc,insertion_auc,combined_score,runtime_seconds,attr_l1_norm,mean_abs_exactness_residual,test_accuracy,test_balanced_accuracy,n_features_transformed,n_classes,ok
146800,MiceProtein,aime,0.7612497445121514,0.8199867823907442,0.7906182634514479,0.012544702379628743,13.764050048054113,,0.9629629629629629,0.9653846153846154,77,8,108
146800,MiceProtein,cos_fpde,0.7544736620705118,0.7011783886455888,0.7278260253580503,0.011815355518517564,0.6895280819243385,8.627036842103177e-17,0.9629629629629629,0.9653846153846154,77,8,108
146800,MiceProtein,diff_fpde,0.6940690493201933,0.6392242174988346,0.6666466334095139,0.010695209509257668,42.422460020807165,1.0760939464607536e-14,0.9629629629629629,0.9653846153846154,77,8,108
146800,MiceProtein,hyb_fpde_grid,0.7544736620705118,0.7011783886455888,0.7278260253580503,0.0171785306666659,1.0,6.196115026664613e-17,0.9629629629629629,0.9653846153846154,77,8,108
146800,MiceProtein,lime,0.40436189213931184,0.40743005845731295,0.4058959752983124,0.039093078657407014,0.7157489629540988,,0.9629629629629629,0.9653846153846154,77,8,108
146800,MiceProtein,shap,0.8175299598809849,0.9187163843463203,0.8681231721136525,0.4690324248148159,8.142179432858486,,0.9629629629629629,0.9653846153846154,77,8,108
