task_id,dataset_name,method,deletion_drop_auc,insertion_auc,combined_score,runtime_seconds,attr_l1_norm,mean_abs_exactness_residual,test_accuracy,test_balanced_accuracy,n_features_transformed,n_classes,ok
167141,churn,aime,0.15421292610750645,0.7840539620615192,0.4691334440845128,0.011035550334998803,7.060580109544855,,0.938,0.8204318936877076,33,2,200
167141,churn,cos_fpde,0.14008818799127662,0.715445220377756,0.42776670418451634,0.008075285235000819,1.1305360474740438,6.439293542825907e-17,0.938,0.8204318936877076,33,2,200
167141,churn,diff_fpde,0.14319130620089826,0.7160965210287904,0.42964391361484433,0.007825025884999804,5.537311641487727,2.1165014185697827e-15,0.938,0.8204318936877076,33,2,200
167141,churn,hyb_fpde_grid,0.14319130620089826,0.7160965210287904,0.42964391361484433,0.014095459125001214,1.0,5.214578768786282e-17,0.938,0.8204318936877076,33,2,200
167141,churn,lime,0.0321561931843924,0.5767916755414416,0.30447393436291703,0.015089323119999918,0.5680783796967472,,0.938,0.8204318936877076,33,2,200
167141,churn,shap,0.11764465602453265,0.7758776401562838,0.44676114809040823,0.07824655703500114,3.230753969189136,,0.938,0.8204318936877076,33,2,200
