method,mean_deletion_drop_auc,std_deletion_drop_auc,mean_insertion_auc,std_insertion_auc,mean_combined_score,std_combined_score,mean_runtime_seconds,std_runtime_seconds,completed_instances,completed_tasks,mean_test_accuracy,mean_test_balanced_accuracy
aime,0.42553359682192926,0.15448052874764256,0.8323293397066412,0.08484465227971101,0.6289314682642853,0.1034581847108472,0.049759779344998666,0.010843710997761456,200,1,0.823076923076923,0.823076923076923
cos_fpde,0.4162747135314189,0.15209925840741026,0.8250601934385573,0.09410349997491511,0.6206674534849881,0.10706953786722913,0.01256277961500075,0.0019450953670800827,200,1,0.823076923076923,0.823076923076923
diff_fpde,0.4162747135314189,0.15209925840741026,0.8250601934385573,0.09410349997491511,0.6206674534849881,0.10706953786722913,0.021103974824999625,0.008299642619468637,200,1,0.823076923076923,0.823076923076923
hyb_fpde_grid,0.4162747135314189,0.15209925840741026,0.8250601934385573,0.09410349997491511,0.6206674534849881,0.10706953786722913,0.023674163919999245,0.0008690807992668083,200,1,0.823076923076923,0.823076923076923
lime,0.09420095422866606,0.1456553660887195,0.4997563081648421,0.15578763996681735,0.29697863119675405,0.12794990384696756,0.20750949294499932,0.0744241315207217,200,1,0.823076923076923,0.823076923076923
shap,0.23631212042655045,0.37797226097614045,0.6070919947346057,0.31597661518367864,0.42170205758057805,0.3424322285931908,0.07466956546500071,0.01575393971404432,200,1,0.823076923076923,0.823076923076923
