method,mean_deletion_drop_auc,std_deletion_drop_auc,mean_insertion_auc,std_insertion_auc,mean_combined_score,std_combined_score,mean_runtime_seconds,std_runtime_seconds,completed_instances,completed_tasks,mean_test_accuracy,mean_test_balanced_accuracy
aime,0.7853024983866632,0.21298106296120195,0.7807078831803453,0.20178310904976762,0.7830051907835042,0.17168428022368667,0.011672858725000594,0.005277661946939484,200,1,0.9927272727272727,0.9927272727272727
cos_fpde,0.7726023727662283,0.2198775760590211,0.7229525149356649,0.20154968869611728,0.7477774438509467,0.1599371915942574,0.011339365850001002,0.0033651957657641757,200,1,0.9927272727272727,0.9927272727272727
diff_fpde,0.6713997759647533,0.28155813495823373,0.6274651376930387,0.2371695664441602,0.6494324568288959,0.21289670136430583,0.010070787745002861,0.004922528139765549,200,1,0.9927272727272727,0.9927272727272727
hyb_fpde_grid,0.7670350427500117,0.22442677401970573,0.7252751670735299,0.19887185425043594,0.7461551049117707,0.1638744512135812,0.017356221805001865,0.005796686070162356,200,1,0.9927272727272727,0.9927272727272727
lime,0.4842308467126147,0.3762816647402176,0.5100637188000188,0.35487362390926175,0.4971472827563167,0.3324543467829722,0.03233589482499952,0.005749388580109406,200,1,0.9927272727272727,0.9927272727272727
shap,0.8609528991166367,0.14996296861252248,0.9181184205424873,0.08637289915738129,0.8895356598295621,0.09080596037583849,0.6469407393500005,0.02275293676997426,200,1,0.9927272727272727,0.9927272727272727
