task_id,dataset_name,method,deletion_drop_auc,insertion_auc,combined_score,runtime_seconds,attr_l1_norm,mean_abs_exactness_residual,test_accuracy,test_balanced_accuracy,n_features_transformed,n_classes,ok
125922,texture,aime,0.7853024983866632,0.7807078831803453,0.7830051907835042,0.011672858725000594,13.011073846360091,,0.9927272727272727,0.9927272727272727,40,11,200
125922,texture,cos_fpde,0.7726023727662283,0.7229525149356649,0.7477774438509467,0.011339365850001002,0.7355824454321582,1.2330414467243145e-16,0.9927272727272727,0.9927272727272727,40,11,200
125922,texture,diff_fpde,0.6713997759647533,0.6274651376930387,0.6494324568288959,0.010070787745002861,29.210435043136187,2.778888230636767e-15,0.9927272727272727,0.9927272727272727,40,11,200
125922,texture,hyb_fpde_grid,0.7670350427500117,0.7252751670735299,0.7461551049117707,0.017356221805001865,0.9643068866691212,4.3558906481777625e-17,0.9927272727272727,0.9927272727272727,40,11,200
125922,texture,lime,0.4842308467126147,0.5100637188000188,0.4971472827563167,0.03233589482499952,0.47294589204612114,,0.9927272727272727,0.9927272727272727,40,11,200
125922,texture,shap,0.8609528991166367,0.9181184205424873,0.8895356598295621,0.6469407393500005,9.670969758692173,,0.9927272727272727,0.9927272727272727,40,11,200
