task_id,dataset_name,method,deletion_drop_auc,insertion_auc,combined_score,runtime_seconds,attr_l1_norm,mean_abs_exactness_residual,test_accuracy,test_balanced_accuracy,n_features_transformed,n_classes,ok
3573,mnist_784,aime,0.8208959594025153,0.8288166365001178,0.8248562979513165,0.06415029057000311,43.960783320771796,,0.97,0.9698427953551001,784,10,200
3573,mnist_784,cos_fpde,0.8280283067745929,0.6584768356094317,0.7432525711920123,0.01761770261999857,0.794305828188144,4.3472170307978784e-17,0.97,0.9698427953551001,784,10,200
3573,mnist_784,diff_fpde,0.8171930903576462,0.6735597275660095,0.7453764089618279,0.019727848009997048,299.56891808144434,8.664624573384572e-14,0.97,0.9698427953551001,784,10,200
3573,mnist_784,hyb_fpde_grid,0.8171930903576462,0.6735597275660095,0.7453764089618279,0.30163158736500234,1.0,3.434752482434078e-17,0.97,0.9698427953551001,784,10,200
3573,mnist_784,lime,0.3796974127478847,0.2484186917370697,0.31405805224247724,0.3059852941050076,2.617352909875953,,0.97,0.9698427953551001,784,10,200
3573,mnist_784,shap,0.8591745290509646,0.9041617934353157,0.8816681612431401,0.6017702964600017,8.284616344324577,,0.97,0.9698427953551001,784,10,200
