task_id,dataset_name,method,deletion_drop_auc,insertion_auc,combined_score,runtime_seconds,attr_l1_norm,mean_abs_exactness_residual,test_accuracy,test_balanced_accuracy,n_features_transformed,n_classes,ok
146822,segment,aime,0.67778072253688,0.7589507316904913,0.7183657271136856,0.005409810330000368,4.03489398982042,,0.9350649350649349,0.9350649350649352,16,7,200
146822,segment,cos_fpde,0.5812637205881511,0.708420911401127,0.6448423159946391,0.004284721344997706,0.6830525881943921,6.794911855401154e-17,0.9350649350649349,0.9350649350649352,16,7,200
146822,segment,diff_fpde,0.590900283340427,0.6712694549955789,0.631084869168003,0.004232228754998175,10.463479522228026,1.4768741785076145e-15,0.9350649350649349,0.9350649350649352,16,7,200
146822,segment,hyb_fpde_grid,0.5884512883644185,0.7009388474175541,0.6446950678909863,0.0074681305299989734,0.9637209996420918,5.409301478964679e-17,0.9350649350649349,0.9350649350649352,16,7,200
146822,segment,lime,0.4237686175808191,0.5794308625655187,0.5015997400731689,0.021154391899999892,0.4070591880685345,,0.9350649350649349,0.9350649350649352,16,7,200
146822,segment,shap,0.7105787321208509,0.8576536001892049,0.784116166155028,0.40768492450999844,7.676387876876933,,0.9350649350649349,0.9350649350649352,16,7,200
