method,mean_deletion_drop_auc,std_deletion_drop_auc,mean_insertion_auc,std_insertion_auc,mean_combined_score,std_combined_score,mean_runtime_seconds,std_runtime_seconds,completed_instances,completed_tasks,mean_test_accuracy,mean_test_balanced_accuracy
aime,0.67778072253688,0.22265400966615118,0.7589507316904913,0.19622459381567103,0.7183657271136856,0.1553223878526768,0.005409810330000368,0.00010567702090293673,200,1,0.9350649350649349,0.9350649350649352
cos_fpde,0.5812637205881511,0.3031281177931155,0.708420911401127,0.23827728167761728,0.6448423159946391,0.21948086054836552,0.004284721344997706,0.00023645225585585826,200,1,0.9350649350649349,0.9350649350649352
diff_fpde,0.590900283340427,0.28639012947048537,0.6712694549955789,0.29225651372482997,0.631084869168003,0.2414019711381509,0.004232228754998175,0.0002737265441988598,200,1,0.9350649350649349,0.9350649350649352
hyb_fpde_grid,0.5884512883644185,0.28482018398133213,0.7009388474175541,0.25625862133643407,0.6446950678909863,0.2196043505478226,0.0074681305299989734,0.00047603071852014514,200,1,0.9350649350649349,0.9350649350649352
lime,0.4237686175808191,0.32275221819082295,0.5794308625655187,0.3196222746608165,0.5015997400731689,0.28311502284654316,0.021154391899999892,0.0006230258810915602,200,1,0.9350649350649349,0.9350649350649352
shap,0.7105787321208509,0.23917064985692996,0.8576536001892049,0.13130244362288376,0.784116166155028,0.14360346149140962,0.40768492450999844,0.018038181404498886,200,1,0.9350649350649349,0.9350649350649352
