task_id,dataset_name,method,deletion_drop_auc,insertion_auc,combined_score,runtime_seconds,attr_l1_norm,mean_abs_exactness_residual,test_accuracy,test_balanced_accuracy,n_features_transformed,n_classes,ok
3903,pc3,aime,0.02710947086573153,0.9362315293754758,0.48167050012060364,0.010840472318472374,8.398375270238873,,0.8789808917197452,0.5724734042553192,37,2,157
3903,pc3,cos_fpde,0.026277396169666054,0.9358825811406168,0.48107998865514146,0.009224911719747132,1.4426240221535698,1.0452537632318851e-16,0.8789808917197452,0.5724734042553192,37,2,157
3903,pc3,diff_fpde,0.027712409956477568,0.9368537484223857,0.48228307918943164,0.008882334955413955,21.588688798018644,5.653651644508361e-15,0.8789808917197452,0.5724734042553192,37,2,157
3903,pc3,hyb_fpde_grid,0.027712409956477568,0.9368537484223857,0.48228307918943164,0.013549715464969093,1.0,8.850404485716067e-17,0.8789808917197452,0.5724734042553192,37,2,157
3903,pc3,lime,0.04157504504187423,0.9299864830832054,0.48578076406253984,0.016713606515922783,0.3567862063514803,,0.8789808917197452,0.5724734042553192,37,2,157
3903,pc3,shap,-0.002013594603988759,0.8249131004813506,0.4114497529386809,0.0785974247133773,4.276120257026967,,0.8789808917197452,0.5724734042553192,37,2,157
