method,mean_deletion_drop_auc,std_deletion_drop_auc,mean_insertion_auc,std_insertion_auc,mean_combined_score,std_combined_score,mean_runtime_seconds,std_runtime_seconds,completed_instances,completed_tasks,mean_test_accuracy,mean_test_balanced_accuracy
aime,0.02710947086573153,0.13882704242233537,0.9362315293754758,0.1603640586757727,0.48167050012060364,0.04620021858321806,0.010840472318472374,0.003940369798596392,157,1,0.8789808917197452,0.5724734042553192
cos_fpde,0.026277396169666054,0.13770872485433466,0.9358825811406168,0.16164077108394387,0.48107998865514146,0.04574124128071797,0.009224911719747132,0.00398413925454241,157,1,0.8789808917197452,0.5724734042553192
diff_fpde,0.027712409956477568,0.13685235343600952,0.9368537484223857,0.15467725317557568,0.48228307918943164,0.04485060447514418,0.008882334955413955,0.004091910812659063,157,1,0.8789808917197452,0.5724734042553192
hyb_fpde_grid,0.027712409956477568,0.13685235343600952,0.9368537484223857,0.15467725317557568,0.48228307918943164,0.04485060447514418,0.013549715464969093,0.005265064852834661,157,1,0.8789808917197452,0.5724734042553192
lime,0.04157504504187423,0.1555094411620805,0.9299864830832054,0.12620724692814242,0.48578076406253984,0.05042806066831556,0.016713606515922783,0.004703272133923176,157,1,0.8789808917197452,0.5724734042553192
shap,-0.002013594603988759,0.17507478337830815,0.8249131004813506,0.1646928795885262,0.4114497529386809,0.11727518780301022,0.0785974247133773,0.016121568988059335,157,1,0.8789808917197452,0.5724734042553192
