task_id,dataset_name,method,deletion_drop_auc,insertion_auc,combined_score,runtime_seconds,attr_l1_norm,mean_abs_exactness_residual,test_accuracy,test_balanced_accuracy,n_features_transformed,n_classes,ok
9964,semeion,aime,0.771467012248473,0.7983159095008824,0.7848914608746778,0.03731298795625104,48.824770921219724,,0.9,0.9,256,10,160
9964,semeion,cos_fpde,0.7805759140246857,0.7247097522730087,0.7526428331488473,0.013149572081250583,1.0297402311694437,4.1806835771041053e-17,0.9,0.9,256,10,160
9964,semeion,diff_fpde,0.7666817083530437,0.6723146726606035,0.7194981905068236,0.022084116106248962,208.580991029285,1.757483047981623e-14,0.9,0.9,256,10,160
9964,semeion,hyb_fpde_grid,0.7805759140246857,0.7247097522730087,0.7526428331488473,0.014256410837501132,1.0,3.284793769452177e-17,0.9,0.9,256,10,160
9964,semeion,lime,0.33657754871900253,0.29216509497024024,0.3143713218446214,0.19254310113749967,1.188064005524626,,0.9,0.9,256,10,160
9964,semeion,shap,0.8259464303032132,0.9143075381411296,0.8701269842221715,0.550370699893751,9.40646114431472,,0.9,0.9,256,10,160
