method,mean_deletion_drop_auc,std_deletion_drop_auc,mean_insertion_auc,std_insertion_auc,mean_combined_score,std_combined_score,mean_runtime_seconds,std_runtime_seconds,completed_instances,completed_tasks,mean_test_accuracy,mean_test_balanced_accuracy
aime,0.06493366541720481,0.22025274535004088,0.9921212470840635,0.05472107590454026,0.5285274562506342,0.10222628496770586,0.012474295545000728,0.00527895350770734,200,1,0.9947089947089947,0.9565217391304348
cos_fpde,0.07343878787042833,0.23558539377769175,0.9944625720526886,0.03170787767369201,0.5339506799615584,0.11069914315097207,0.010433449320001316,0.0049363836162855225,200,1,0.9947089947089947,0.9565217391304348
diff_fpde,0.07344895213631514,0.23529108177233599,0.9944927042592737,0.03167352135506473,0.5339708281977944,0.11061147612122717,0.010241663789999933,0.004935494150188008,200,1,0.9947089947089947,0.9565217391304348
hyb_fpde_grid,0.07354443612197549,0.23566830042758724,0.994463872240981,0.03170806623993432,0.5340041541814782,0.11074409918106311,0.01611187732499921,0.006566783563790019,200,1,0.9947089947089947,0.9565217391304348
lime,0.009329372564077754,0.046690204930970466,0.9443982942250322,0.19982121330019287,0.476863833394555,0.08094989531574,0.019053490904999606,0.006469292636990132,200,1,0.9947089947089947,0.9565217391304348
shap,0.05003325509965682,0.21372952812814044,0.9632407121673288,0.1386686015711682,0.5066369836334927,0.12617907777351864,0.06683175785000045,0.015347268093318121,200,1,0.9947089947089947,0.9565217391304348
