task_id,dataset_name,method,deletion_drop_auc,insertion_auc,combined_score,runtime_seconds,attr_l1_norm,mean_abs_exactness_residual,test_accuracy,test_balanced_accuracy,n_features_transformed,n_classes,ok
14954,cylinder-bands,aime,0.4741155664720913,0.8733309561564101,0.6737232613142508,0.02458895174073653,10.100055846964104,,0.8148148148148148,0.7994389901823282,154,2,54
14954,cylinder-bands,cos_fpde,0.46748070197215585,0.8757579161555102,0.671619309063833,0.01857013822222,1.2960910735216233,7.745219075148299e-17,0.8148148148148148,0.7994389901823282,154,2,54
14954,cylinder-bands,diff_fpde,0.4663439775040961,0.8753864495171448,0.6708652135106206,0.019591528666667187,6.422659229232742,2.77144562443465e-15,0.8148148148148148,0.7994389901823282,154,2,54
14954,cylinder-bands,hyb_fpde_grid,0.46661997962204,0.8755873892591296,0.6711036844405848,0.018469560555558928,0.9999969729518783,5.441490236796693e-17,0.8148148148148148,0.7994389901823282,154,2,54
14954,cylinder-bands,lime,0.013209791368776615,0.5085754655872284,0.2608926284780025,0.06952185268518095,1.1749308777196914,,0.8148148148148148,0.7994389901823282,154,2,54
14954,cylinder-bands,shap,0.3537149829640179,0.6836234531730395,0.5186692180685286,0.03162601796296056,4.509544791277353,,0.8148148148148148,0.7994389901823282,154,2,54
