method,mean_deletion_drop_auc,std_deletion_drop_auc,mean_insertion_auc,std_insertion_auc,mean_combined_score,std_combined_score,mean_runtime_seconds,std_runtime_seconds,completed_instances,completed_tasks,mean_test_accuracy,mean_test_balanced_accuracy
aime,0.4741155664720913,0.15847718896476806,0.8733309561564101,0.07185754584261436,0.6737232613142508,0.10559258958441445,0.02458895174073653,0.006645128308611964,54,1,0.8148148148148148,0.7994389901823282
cos_fpde,0.46748070197215585,0.16503917283370242,0.8757579161555102,0.07537435647153161,0.671619309063833,0.10992255857680489,0.01857013822222,0.005251516639956537,54,1,0.8148148148148148,0.7994389901823282
diff_fpde,0.4663439775040961,0.16511451243535868,0.8753864495171448,0.07544607258472118,0.6708652135106206,0.10986376161085909,0.019591528666667187,0.005447066795340404,54,1,0.8148148148148148,0.7994389901823282
hyb_fpde_grid,0.46661997962204,0.16509343707265192,0.8755873892591296,0.07544103583919447,0.6711036844405848,0.10985255556999658,0.018469560555558928,0.007408826103311654,54,1,0.8148148148148148,0.7994389901823282
lime,0.013209791368776615,0.12092954957154334,0.5085754655872284,0.17139150122209892,0.2608926284780025,0.12365954062428867,0.06952185268518095,0.04045012596075988,54,1,0.8148148148148148,0.7994389901823282
shap,0.3537149829640179,0.3284761213786404,0.6836234531730395,0.3189794683963701,0.5186692180685286,0.3187879607049241,0.03162601796296056,0.012079432367893347,54,1,0.8148148148148148,0.7994389901823282
