method,mean_deletion_drop_auc,std_deletion_drop_auc,mean_insertion_auc,std_insertion_auc,mean_combined_score,std_combined_score,mean_runtime_seconds,std_runtime_seconds,completed_instances,completed_tasks,mean_test_accuracy,mean_test_balanced_accuracy
aime,0.03944546264848071,0.16749431165969772,0.9339869517605653,0.17452396666411032,0.48671620720452297,0.04320535310720106,0.010757612541401592,0.0037501279983471188,157,1,0.8853503184713376,0.631427304964539
cos_fpde,0.03959662320164493,0.16734120577472522,0.9341522826867804,0.1744824636177976,0.4868744529442127,0.04307159384524531,0.008681460815287072,0.004559578589356011,157,1,0.8853503184713376,0.631427304964539
diff_fpde,0.03929098383069337,0.16807698751111133,0.9331266541403763,0.17583939515786406,0.4862088189855348,0.04438469430303914,0.008622917668789426,0.004461621351429955,157,1,0.8853503184713376,0.631427304964539
hyb_fpde_grid,0.03991231591823278,0.16814429030414305,0.9338662417853489,0.17456417419096074,0.48688927885179084,0.04370953019414306,0.013384825808918342,0.005321838315347151,157,1,0.8853503184713376,0.631427304964539
lime,0.04382528796798129,0.17922254971675453,0.8991496589548599,0.15556979496445142,0.4714874734614206,0.05872536799101199,0.016658221891719144,0.00647162089561119,157,1,0.8853503184713376,0.631427304964539
shap,0.006758516499721388,0.19572081432155194,0.8520069623060661,0.15936447936342568,0.42938273940289373,0.11222574087230132,0.07464746175159268,0.01623457658543673,157,1,0.8853503184713376,0.631427304964539
