task_id,dataset_name,method,deletion_drop_auc,insertion_auc,combined_score,runtime_seconds,attr_l1_norm,mean_abs_exactness_residual,test_accuracy,test_balanced_accuracy,n_features_transformed,n_classes,ok
3903,pc3,aime,0.03944546264848071,0.9339869517605653,0.48671620720452297,0.010757612541401592,9.142518928659,,0.8853503184713376,0.631427304964539,37,2,157
3903,pc3,cos_fpde,0.03959662320164493,0.9341522826867804,0.4868744529442127,0.008681460815287072,1.466431971581581,1.1309955095604201e-16,0.8853503184713376,0.631427304964539,37,2,157
3903,pc3,diff_fpde,0.03929098383069337,0.9331266541403763,0.4862088189855348,0.008622917668789426,23.771971795053943,5.766795392240861e-15,0.8853503184713376,0.631427304964539,37,2,157
3903,pc3,hyb_fpde_grid,0.03991231591823278,0.9338662417853489,0.48688927885179084,0.013384825808918342,0.9910677862781063,6.803265046151717e-17,0.8853503184713376,0.631427304964539,37,2,157
3903,pc3,lime,0.04382528796798129,0.8991496589548599,0.4714874734614206,0.016658221891719144,0.23946013941503283,,0.8853503184713376,0.631427304964539,37,2,157
3903,pc3,shap,0.006758516499721388,0.8520069623060661,0.42938273940289373,0.07464746175159268,4.2533925630502125,,0.8853503184713376,0.631427304964539,37,2,157
