method,mean_deletion_drop_auc,std_deletion_drop_auc,mean_insertion_auc,std_insertion_auc,mean_combined_score,std_combined_score,mean_runtime_seconds,std_runtime_seconds,completed_instances,completed_tasks,mean_test_accuracy,mean_test_balanced_accuracy
aime,0.4845190950520395,0.13150950743513376,0.7850298744299038,0.11618488457973365,0.6347744847409716,0.09392155331980553,0.014460001679999265,0.005348083180401624,200,1,0.8049141503848432,0.5628466992449476
cos_fpde,0.5060669981215483,0.1359693522106435,0.8178853930492562,0.1189453459101549,0.6619761955854022,0.10314070760619133,0.012422558670006084,0.003866536954448563,200,1,0.8049141503848432,0.5628466992449476
diff_fpde,0.5043040217229489,0.13793123195349374,0.8225176298332965,0.10802080162640545,0.6634108257781226,0.0983638665927352,0.011715351645003124,0.004488811490869701,200,1,0.8049141503848432,0.5628466992449476
hyb_fpde_grid,0.5056236275165488,0.13763145657627704,0.8224734977434829,0.10824907863810959,0.6640485626300159,0.09849128649109669,0.05998401323000138,0.004071041697589888,200,1,0.8049141503848432,0.5628466992449476
lime,-0.10529216383447922,0.14508891013376068,0.22365853921027534,0.06527488919397982,0.059183187687898056,0.09262122762242092,0.03045283757999812,0.007361531229244062,200,1,0.8049141503848432,0.5628466992449476
shap,0.5783305367002217,0.1389510837590709,0.8712804835483694,0.07186893591271286,0.7248055101242956,0.0893313030046021,0.18629818041499704,0.020596853158747434,200,1,0.8049141503848432,0.5628466992449476
