method,mean_deletion_drop_auc,std_deletion_drop_auc,mean_insertion_auc,std_insertion_auc,mean_combined_score,std_combined_score,mean_runtime_seconds,std_runtime_seconds,completed_instances,completed_tasks,mean_test_accuracy,mean_test_balanced_accuracy
aime,0.35946441766914794,0.25916129930137977,0.9386509460647505,0.08460095885768161,0.6490576818669492,0.12156394144539222,0.017259707064999078,0.006436581242314267,200,1,0.9646069045546852,0.9560105413782519
cos_fpde,0.3707746984514091,0.25868618884172034,0.9420831209679901,0.0822292121693178,0.6564289097096996,0.12333672698890442,0.013707113509999544,0.004034807650726441,200,1,0.9646069045546852,0.9560105413782519
diff_fpde,0.3411156828223736,0.2554745615911751,0.9297483926312298,0.10352637756918666,0.6354320377268017,0.12269254108940104,0.01415405755000009,0.005145849122456067,200,1,0.9646069045546852,0.9560105413782519
hyb_fpde_grid,0.3707746984514091,0.25868618884172034,0.9420831209679901,0.0822292121693178,0.6564289097096996,0.12333672698890442,0.04439089685000013,0.0042082954354007145,200,1,0.9646069045546852,0.9560105413782519
lime,0.19725152441106822,0.16483910926262804,0.7799718681904494,0.28702059983394695,0.4886116963007588,0.18545155038893205,0.03130595408999994,0.004764819990464032,200,1,0.9646069045546852,0.9560105413782519
shap,0.3296350202023253,0.23889375523667064,0.7501853732694105,0.36480474961277115,0.5399101967358679,0.2794702167856425,0.06451184952999939,0.011435434166507198,200,1,0.9646069045546852,0.9560105413782519
