task_id,dataset_name,method,deletion_drop_auc,insertion_auc,combined_score,runtime_seconds,attr_l1_norm,mean_abs_exactness_residual,test_accuracy,test_balanced_accuracy,n_features_transformed,n_classes,ok
9977,nomao,aime,0.35946441766914794,0.9386509460647505,0.6490576818669492,0.017259707064999078,26.26571600014155,,0.9646069045546852,0.9560105413782519,174,2,200
9977,nomao,cos_fpde,0.3707746984514091,0.9420831209679901,0.6564289097096996,0.013707113509999544,1.2837939442755728,1.0479464518375891e-16,0.9646069045546852,0.9560105413782519,174,2,200
9977,nomao,diff_fpde,0.3411156828223736,0.9297483926312298,0.6354320377268017,0.01415405755000009,77.44566058434879,1.2391199177841372e-14,0.9646069045546852,0.9560105413782519,174,2,200
9977,nomao,hyb_fpde_grid,0.3707746984514091,0.9420831209679901,0.6564289097096996,0.04439089685000013,1.0,5.913672329604936e-17,0.9646069045546852,0.9560105413782519,174,2,200
9977,nomao,lime,0.19725152441106822,0.7799718681904494,0.4886116963007588,0.03130595408999994,1.3814335195026075,,0.9646069045546852,0.9560105413782519,174,2,200
9977,nomao,shap,0.3296350202023253,0.7501853732694105,0.5399101967358679,0.06451184952999939,5.585620362051976,,0.9646069045546852,0.9560105413782519,174,2,200
