method,mean_deletion_drop_auc,std_deletion_drop_auc,mean_insertion_auc,std_insertion_auc,mean_combined_score,std_combined_score,mean_runtime_seconds,std_runtime_seconds,completed_instances,completed_tasks,mean_test_accuracy,mean_test_balanced_accuracy
aime,0.056193371337719455,0.1657887492056565,0.9694466520003603,0.12118799531320631,0.5128200116690398,0.03577635796881883,0.012621813925001106,0.00595325558715807,200,1,0.9409448818897637,0.6769957983193278
cos_fpde,0.056921234395788216,0.16593337408350556,0.96974525852292,0.1197415773747526,0.5133332464593541,0.03589846213531856,0.01089700187499858,0.004835268270381395,200,1,0.9409448818897637,0.6769957983193278
diff_fpde,0.048402776695288106,0.16201321002544952,0.9690838369554966,0.12178263347918067,0.5087433068253924,0.03339616085582408,0.012113241845000004,0.00421635437258758,200,1,0.9409448818897637,0.6769957983193278
hyb_fpde_grid,0.056921234395788216,0.16593337408350556,0.96974525852292,0.1197415773747526,0.5133332464593541,0.03589846213531856,0.016467337349997706,0.006374526306230385,200,1,0.9409448818897637,0.6769957983193278
lime,0.021775998595174727,0.14149408269340252,0.9478003100153529,0.18367295240148532,0.48478815430526384,0.05839225152573247,0.022659874939999155,0.004999135526796099,200,1,0.9409448818897637,0.6769957983193278
shap,0.024584242326126392,0.1828293399880848,0.869988763935619,0.18332476802009912,0.4472865031308727,0.13289163271837318,0.07258942314500218,0.015357921685073278,200,1,0.9409448818897637,0.6769957983193278
