method,mean_deletion_drop_auc,std_deletion_drop_auc,mean_insertion_auc,std_insertion_auc,mean_combined_score,std_combined_score,mean_runtime_seconds,std_runtime_seconds,completed_instances,completed_tasks,mean_test_accuracy,mean_test_balanced_accuracy
aime,0.8445032550043865,0.10311912535983098,0.9366045134719825,0.05019396822092088,0.8905538842381844,0.059142960386977014,0.00981893293499894,0.005214522796380339,200,1,0.9715302491103202,0.9717374745641534
cos_fpde,0.8413230942769588,0.11496130222574476,0.871489178669863,0.1334062630591141,0.856406136473411,0.08854992373570814,0.011065137135000498,0.002659863912192146,200,1,0.9715302491103202,0.9717374745641534
diff_fpde,0.8034182776566747,0.14343361447146438,0.8384465528524332,0.12079439635256452,0.820932415254554,0.09925323288150383,0.009520950324999262,0.004222940327608278,200,1,0.9715302491103202,0.9717374745641534
hyb_fpde_grid,0.8413230942769588,0.11496130222574476,0.871489178669863,0.1334062630591141,0.856406136473411,0.08854992373570814,0.017316884450000316,0.005395417350184629,200,1,0.9715302491103202,0.9717374745641534
lime,0.27866104821337034,0.23700625341512083,0.4394138534696237,0.28567954838173554,0.3590374508414971,0.20386740526927485,0.03381011491499905,0.0046965952196218195,200,1,0.9715302491103202,0.9717374745641534
shap,0.8654067277747539,0.10652337859782103,0.9563302433603353,0.05264528640176863,0.9108684855675446,0.06161889960415029,0.578713926315,0.02061959157291308,200,1,0.9715302491103202,0.9717374745641534
