task_id,dataset_name,method,deletion_drop_auc,insertion_auc,combined_score,runtime_seconds,attr_l1_norm,mean_abs_exactness_residual,test_accuracy,test_balanced_accuracy,n_features_transformed,n_classes,ok
28,optdigits,aime,0.8445032550043865,0.9366045134719825,0.8905538842381844,0.00981893293499894,9.959105372573932,,0.9715302491103202,0.9717374745641534,64,10,200
28,optdigits,cos_fpde,0.8413230942769588,0.871489178669863,0.856406136473411,0.011065137135000498,0.9907210612206738,6.262351748276274e-17,0.9715302491103202,0.9717374745641534,64,10,200
28,optdigits,diff_fpde,0.8034182776566747,0.8384465528524332,0.820932415254554,0.009520950324999262,49.42119519627554,4.7339909770016676e-15,0.9715302491103202,0.9717374745641534,64,10,200
28,optdigits,hyb_fpde_grid,0.8413230942769588,0.871489178669863,0.856406136473411,0.017316884450000316,1.0,4.743601345058579e-17,0.9715302491103202,0.9717374745641534,64,10,200
28,optdigits,lime,0.27866104821337034,0.4394138534696237,0.3590374508414971,0.03381011491499905,0.5944126083343366,,0.9715302491103202,0.9717374745641534,64,10,200
28,optdigits,shap,0.8654067277747539,0.9563302433603353,0.9108684855675446,0.578713926315,9.470948191537971,,0.9715302491103202,0.9717374745641534,64,10,200
