method,mean_deletion_drop_auc,std_deletion_drop_auc,mean_insertion_auc,std_insertion_auc,mean_combined_score,std_combined_score,mean_runtime_seconds,std_runtime_seconds,completed_instances,completed_tasks,mean_test_accuracy,mean_test_balanced_accuracy
aime,0.29320266565103126,0.14833008043232876,0.43415550185308405,0.19441980729085526,0.36367908375205765,0.1416898552406779,0.011596201184999443,0.0052676399060286715,200,1,0.5964052287581699,0.4546604483802758
cos_fpde,0.28566553277178774,0.14639850852192085,0.43094818854888844,0.1891602001760501,0.3583068606603381,0.13981621577655098,0.010261918200001361,0.004257819839889621,200,1,0.5964052287581699,0.4546604483802758
diff_fpde,0.27640000863707875,0.14532840563718386,0.4257466665618936,0.18293813526909067,0.35107333759948617,0.13736279119215036,0.010578729905000585,0.0040378627999221655,200,1,0.5964052287581699,0.4546604483802758
hyb_fpde_grid,0.28566553277178774,0.14639850852192085,0.43094818854888844,0.1891602001760501,0.3583068606603381,0.13981621577655098,0.017651930255001246,0.00571585203127867,200,1,0.5964052287581699,0.4546604483802758
lime,0.1879653365081229,0.15624097650610916,0.34444958770671347,0.16553519852593748,0.2662074621074182,0.1314283653852453,0.03142852534999847,0.007386158263040693,200,1,0.5964052287581699,0.4546604483802758
shap,0.3785095113468547,0.16836905390930818,0.5634983587837139,0.17624124621119872,0.47100393506528426,0.15047013117276425,0.37513780700500104,0.023059495614171487,200,1,0.5964052287581699,0.4546604483802758
