task_id,dataset_name,method,deletion_drop_auc,insertion_auc,combined_score,runtime_seconds,attr_l1_norm,mean_abs_exactness_residual,test_accuracy,test_balanced_accuracy,n_features_transformed,n_classes,ok
9985,first-order-theorem-proving,aime,0.29320266565103126,0.43415550185308405,0.36367908375205765,0.011596201184999443,8.266109225583879,,0.5964052287581699,0.4546604483802758,51,6,200
9985,first-order-theorem-proving,cos_fpde,0.28566553277178774,0.43094818854888844,0.3583068606603381,0.010261918200001361,1.0132763448353737,6.57677037829707e-17,0.5964052287581699,0.4546604483802758,51,6,200
9985,first-order-theorem-proving,diff_fpde,0.27640000863707875,0.4257466665618936,0.35107333759948617,0.010578729905000585,11.483587515339847,9.141160051129305e-15,0.5964052287581699,0.4546604483802758,51,6,200
9985,first-order-theorem-proving,hyb_fpde_grid,0.28566553277178774,0.43094818854888844,0.3583068606603381,0.017651930255001246,1.0,6.367356728681494e-17,0.5964052287581699,0.4546604483802758,51,6,200
9985,first-order-theorem-proving,lime,0.1879653365081229,0.34444958770671347,0.2662074621074182,0.03142852534999847,0.5280440025248214,,0.5964052287581699,0.4546604483802758,51,6,200
9985,first-order-theorem-proving,shap,0.3785095113468547,0.5634983587837139,0.47100393506528426,0.37513780700500104,2.7258544926124926,,0.5964052287581699,0.4546604483802758,51,6,200
