task_id,dataset_name,method,deletion_drop_auc,insertion_auc,combined_score,runtime_seconds,attr_l1_norm,mean_abs_exactness_residual,test_accuracy,test_balanced_accuracy,n_features_transformed,n_classes,ok
14952,PhishingWebsites,aime,0.6071124785108474,0.9113828067357481,0.7592476426232977,0.010229221850000556,9.988129587030011,,0.9556962025316456,0.953339517625232,68,2,200
14952,PhishingWebsites,cos_fpde,0.608334746846386,0.9087908624618111,0.7585628046540985,0.009052977200002062,1.3183897853105533,7.812869275147794e-17,0.9556962025316456,0.953339517625232,68,2,200
14952,PhishingWebsites,diff_fpde,0.6096664687794388,0.909966920499619,0.759816694639529,0.009677405234999839,6.795667624178382,2.7019358972424356e-15,0.9556962025316456,0.953339517625232,68,2,200
14952,PhishingWebsites,hyb_fpde_grid,0.6096963663333603,0.9099219039702102,0.7598091351517853,0.01706752014499955,1.0000000000000002,7.941564073021823e-17,0.9556962025316456,0.953339517625232,68,2,200
14952,PhishingWebsites,lime,0.06497155319435223,0.4067291902590632,0.2358503717267077,0.01630331799000089,0.6578997776390859,,0.9556962025316456,0.953339517625232,68,2,200
14952,PhishingWebsites,shap,0.5092445589341681,0.8331502693293131,0.6711974141317407,0.07217046133499977,7.379861296421198,,0.9556962025316456,0.953339517625232,68,2,200
