method,mean_deletion_drop_auc,std_deletion_drop_auc,mean_insertion_auc,std_insertion_auc,mean_combined_score,std_combined_score,mean_runtime_seconds,std_runtime_seconds,completed_instances,completed_tasks,mean_test_accuracy,mean_test_balanced_accuracy
aime,0.6071124785108474,0.37291145240120255,0.9113828067357481,0.08576150170833213,0.7592476426232977,0.16306314855899942,0.010229221850000556,0.0038566593011122446,200,1,0.9556962025316456,0.953339517625232
cos_fpde,0.608334746846386,0.3725518491188145,0.9087908624618111,0.08906264336741496,0.7585628046540985,0.16227323508157201,0.009052977200002062,0.0035923984211315815,200,1,0.9556962025316456,0.953339517625232
diff_fpde,0.6096664687794388,0.3740660171175532,0.909966920499619,0.09010204634558774,0.759816694639529,0.16390101714870264,0.009677405234999839,0.003405773852854381,200,1,0.9556962025316456,0.953339517625232
hyb_fpde_grid,0.6096963663333603,0.3740226349094236,0.9099219039702102,0.09020802570788437,0.7598091351517853,0.1638927690682892,0.01706752014499955,0.005339742482661226,200,1,0.9556962025316456,0.953339517625232
lime,0.06497155319435223,0.118635854294694,0.4067291902590632,0.35112812480339095,0.2358503717267077,0.15663515935060457,0.01630331799000089,0.003870122872523268,200,1,0.9556962025316456,0.953339517625232
shap,0.5092445589341681,0.4801956694147305,0.8331502693293131,0.2349952415866644,0.6711974141317407,0.3184684737274472,0.07217046133499977,0.016505517847691806,200,1,0.9556962025316456,0.953339517625232
