method,mean_deletion_drop_auc,std_deletion_drop_auc,mean_insertion_auc,std_insertion_auc,mean_combined_score,std_combined_score,mean_runtime_seconds,std_runtime_seconds,completed_instances,completed_tasks,mean_test_accuracy,mean_test_balanced_accuracy
aime,0.3691772519787826,0.19363384004020429,0.6072582699467669,0.13781241352879753,0.4882177609627748,0.15075722857470028,0.005520210020269439,0.00023598642521645454,148,1,0.581081081081081,0.5510426392779334
cos_fpde,0.3966388624150867,0.20076773425917388,0.5898432240759254,0.17495515283853594,0.49324104324550605,0.16567646302319025,0.004176954243244049,3.561290886752505e-05,148,1,0.581081081081081,0.5510426392779334
diff_fpde,0.3840378834528374,0.2000148413794998,0.5597784014230246,0.18247575845789035,0.471908142437931,0.16280788043500652,0.0041333088175671,5.0927501092237517e-05,148,1,0.581081081081081,0.5510426392779334
hyb_fpde_grid,0.39663902549300956,0.2007674480182274,0.5898530842116702,0.17496220428560716,0.4932460548523398,0.16567302553826177,0.006620298121621556,6.465858128869914e-05,148,1,0.581081081081081,0.5510426392779334
lime,0.025252230562374602,0.18879597018479807,0.25424547614113097,0.09559601074427251,0.13974885335175277,0.12348628772590266,0.013961580898647446,0.0003812746258987318,148,1,0.581081081081081,0.5510426392779334
shap,0.43486631690949396,0.18834876207815182,0.6713790146511905,0.1280571751819945,0.5531226657803423,0.14354055981463482,0.18809768768243035,0.016489984965247777,148,1,0.581081081081081,0.5510426392779334
