task_id,dataset_name,method,deletion_drop_auc,insertion_auc,combined_score,runtime_seconds,attr_l1_norm,mean_abs_exactness_residual,test_accuracy,test_balanced_accuracy,n_features_transformed,n_classes,ok
146825,Fashion-MNIST,aime,0.6737574558261333,0.6716642376523977,0.6727108467392655,0.06255904875500164,108.37602896110886,,0.8931428571428571,0.8931428571428571,784,10,200
146825,Fashion-MNIST,cos_fpde,0.7006610365153368,0.6108394622671767,0.6557502493912567,0.01625821458000189,0.6247474715125307,6.668277041654846e-17,0.8931428571428571,0.8931428571428571,784,10,200
146825,Fashion-MNIST,diff_fpde,0.6764600595821791,0.5982474240923541,0.6373537418372666,0.017292860699999437,485.4667311559708,5.016431714466307e-14,0.8931428571428571,0.8931428571428571,784,10,200
146825,Fashion-MNIST,hyb_fpde_grid,0.7006610365153368,0.6108394622671767,0.6557502493912567,0.3765400393850018,1.0,4.0262931877421694e-17,0.8931428571428571,0.8931428571428571,784,10,200
146825,Fashion-MNIST,lime,0.3088652588140085,0.2721463426794082,0.29050580074670834,0.30657706621500436,2.6361707124713845,,0.8931428571428571,0.8931428571428571,784,10,200
146825,Fashion-MNIST,shap,0.820397284529646,0.89562567947122,0.8580114820004329,0.6049490788200097,7.919154437882945,,0.8931428571428571,0.8931428571428571,784,10,200
