method,mean_deletion_drop_auc,std_deletion_drop_auc,mean_insertion_auc,std_insertion_auc,mean_combined_score,std_combined_score,mean_runtime_seconds,std_runtime_seconds,completed_instances,completed_tasks,mean_test_accuracy,mean_test_balanced_accuracy
aime,0.6737574558261333,0.22894522769754386,0.6716642376523977,0.14518621285876765,0.6727108467392655,0.1642053602467458,0.06255904875500164,0.007307873131163316,200,1,0.8931428571428571,0.8931428571428571
cos_fpde,0.7006610365153368,0.209518255027316,0.6108394622671767,0.20563973453131473,0.6557502493912567,0.16242466309203643,0.01625821458000189,0.0003216950495526704,200,1,0.8931428571428571,0.8931428571428571
diff_fpde,0.6764600595821791,0.22345286446738885,0.5982474240923541,0.1888167874353,0.6373537418372666,0.16756000587056033,0.017292860699999437,0.0024091757887160234,200,1,0.8931428571428571,0.8931428571428571
hyb_fpde_grid,0.7006610365153368,0.209518255027316,0.6108394622671767,0.20563973453131473,0.6557502493912567,0.16242466309203643,0.3765400393850018,0.015875678151399956,200,1,0.8931428571428571,0.8931428571428571
lime,0.3088652588140085,0.18120128039781452,0.2721463426794082,0.14168086042609024,0.29050580074670834,0.10306555538620676,0.30657706621500436,0.06597538662335287,200,1,0.8931428571428571,0.8931428571428571
shap,0.820397284529646,0.1820821502068088,0.89562567947122,0.07505010011511147,0.8580114820004329,0.12004055845334075,0.6049490788200097,0.02557351538113009,200,1,0.8931428571428571,0.8931428571428571
