task_id,dataset_name,method,deletion_drop_auc,insertion_auc,combined_score,runtime_seconds,attr_l1_norm,mean_abs_exactness_residual,test_accuracy,test_balanced_accuracy,n_features_transformed,n_classes,ok
3560,analcatdata_dmft,aime,0.19049488708972928,0.30735880994461956,0.24892684851717442,0.0050432748500011115,4.353651151503675,,0.225,0.23344017094017092,21,6,80
3560,analcatdata_dmft,cos_fpde,0.19073378869016616,0.2752968766442998,0.23301533266723298,0.0038380172999989528,0.9675698992987509,7.667477763817488e-17,0.225,0.23344017094017092,21,6,80
3560,analcatdata_dmft,diff_fpde,0.19089481588124108,0.27875320890094557,0.23482401239109332,0.003787707624999115,0.6912699956658644,3.2790610504651597e-16,0.225,0.23344017094017092,21,6,80
3560,analcatdata_dmft,hyb_fpde_grid,0.19089481588124108,0.27875320890094557,0.23482401239109332,0.005938136912500979,1.0,4.1145472445824893e-17,0.225,0.23344017094017092,21,6,80
3560,analcatdata_dmft,lime,0.004714895540036274,0.1337487957537721,0.06923184564690418,0.014057145037500973,0.15362884520937864,,0.225,0.23344017094017092,21,6,80
3560,analcatdata_dmft,shap,0.21524670048192723,0.32898111612019354,0.27211390830106036,0.21781482220000078,1.6852017636512358,,0.225,0.23344017094017092,21,6,80
