task_id,dataset_name,method,deletion_drop_auc,insertion_auc,combined_score,runtime_seconds,attr_l1_norm,mean_abs_exactness_residual,test_accuracy,test_balanced_accuracy,n_features_transformed,n_classes,ok
9960,wall-robot-navigation,aime,0.5024589636628167,0.9287327542585493,0.715595858960683,0.005088892384999894,5.268901871869486,,0.9926739926739927,0.995475113122172,24,4,200
9960,wall-robot-navigation,cos_fpde,0.4937973960949044,0.9214235859059582,0.7076104910004314,0.003898601419998897,1.1635599121547782,6.234596172660644e-17,0.9926739926739927,0.995475113122172,24,4,200
9960,wall-robot-navigation,diff_fpde,0.4601284661749619,0.8834368401269969,0.6717826531509793,0.0038046386750005467,12.188557415989376,2.1210810885463616e-15,0.9926739926739927,0.995475113122172,24,4,200
9960,wall-robot-navigation,hyb_fpde_grid,0.4937973960949044,0.9214235859059582,0.7076104910004314,0.007878278825002383,1.0,4.731458280726741e-17,0.9926739926739927,0.995475113122172,24,4,200
9960,wall-robot-navigation,lime,0.14133466358174562,0.5364149284722812,0.3388747960270134,0.01418757725499887,0.5942625600845085,,0.9926739926739927,0.995475113122172,24,4,200
9960,wall-robot-navigation,shap,0.6009026742095479,0.9826609736205298,0.7917818239150389,0.22331649971999723,6.058444168891,,0.9926739926739927,0.995475113122172,24,4,200
