method,mean_deletion_drop_auc,std_deletion_drop_auc,mean_insertion_auc,std_insertion_auc,mean_combined_score,std_combined_score,mean_runtime_seconds,std_runtime_seconds,completed_instances,completed_tasks,mean_test_accuracy,mean_test_balanced_accuracy
aime,0.5024589636628167,0.4071142306401209,0.9287327542585493,0.10590340044033593,0.715595858960683,0.1960434965832798,0.005088892384999894,0.00034658883265732557,200,1,0.9926739926739927,0.995475113122172
cos_fpde,0.4937973960949044,0.4135541755299997,0.9214235859059582,0.11655803540441559,0.7076104910004314,0.2087615072594627,0.003898601419998897,0.00043973449810816165,200,1,0.9926739926739927,0.995475113122172
diff_fpde,0.4601284661749619,0.40507347707085,0.8834368401269969,0.18629252151859105,0.6717826531509793,0.2257321425250664,0.0038046386750005467,0.0002002168648280403,200,1,0.9926739926739927,0.995475113122172
hyb_fpde_grid,0.4937973960949044,0.4135541755299997,0.9214235859059582,0.11655803540441559,0.7076104910004314,0.2087615072594627,0.007878278825002383,0.0006806478483905772,200,1,0.9926739926739927,0.995475113122172
lime,0.14133466358174562,0.2074547051516859,0.5364149284722812,0.41428451805581085,0.3388747960270134,0.22392895800798404,0.01418757725499887,0.0009431413878068241,200,1,0.9926739926739927,0.995475113122172
shap,0.6009026742095479,0.4360844254671139,0.9826609736205298,0.016709060152848707,0.7917818239150389,0.21226265324305615,0.22331649971999723,0.01897540419033139,200,1,0.9926739926739927,0.995475113122172
