task_id,dataset_name,method,deletion_drop_auc,insertion_auc,combined_score,runtime_seconds,attr_l1_norm,mean_abs_exactness_residual,test_accuracy,test_balanced_accuracy,n_features_transformed,n_classes,ok
3918,pc1,aime,0.0619011602367498,0.9733648521932513,0.5176330062150005,0.0049216765135142665,7.680120381129379,,0.954954954954955,0.6428571428571428,21,2,111
3918,pc1,cos_fpde,0.06305374825560114,0.97346596804745,0.5182598581515255,0.0037112080630627665,1.5590259982137333,1.4052822969354458e-16,0.954954954954955,0.6428571428571428,21,2,111
3918,pc1,diff_fpde,0.05770854994266126,0.9706679248413668,0.514188237392014,0.0036787209549572195,22.36495273933368,6.203246124977677e-15,0.954954954954955,0.6428571428571428,21,2,111
3918,pc1,hyb_fpde_grid,0.06305374825560114,0.97346596804745,0.5182598581515255,0.005711776279281264,1.0,9.051818353925826e-17,0.954954954954955,0.6428571428571428,21,2,111
3918,pc1,lime,0.016379642434022415,0.8411098762236502,0.4287447593288363,0.010215728657656784,0.395773173177743,,0.954954954954955,0.6428571428571428,21,2,111
3918,pc1,shap,0.002109947125840067,0.7330994403079593,0.36760469371689963,0.06165119039639556,4.5033707019589135,,0.954954954954955,0.6428571428571428,21,2,111
