task_id,dataset_name,method,deletion_drop_auc,insertion_auc,combined_score,runtime_seconds,attr_l1_norm,mean_abs_exactness_residual,test_accuracy,test_balanced_accuracy,n_features_transformed,n_classes,ok
15,breast-w,aime,0.32741921090062154,0.8991540224981843,0.613286616699403,0.004526770442858411,5.037390531731816,,0.9571428571428572,0.9574275362318839,9,2,70
15,breast-w,cos_fpde,0.3280603285768496,0.8988848733470225,0.613472600961936,0.003470836399997828,1.8059195017619818,1.212323892068363e-16,0.9571428571428572,0.9574275362318839,9,2,70
15,breast-w,diff_fpde,0.3345319128180086,0.9001027030833711,0.6173173079506898,0.0034335665857152466,23.236162797166475,2.0777030889413645e-15,0.9571428571428572,0.9574275362318839,9,2,70
15,breast-w,hyb_fpde_grid,0.3345319128180086,0.9001027030833711,0.6173173079506898,0.005241128814284934,1.0,6.164463780703296e-17,0.9571428571428572,0.9574275362318839,9,2,70
15,breast-w,lime,0.10927578831874546,0.6312653465525648,0.3702705674356552,0.008438056314285599,0.6626847022365899,,0.9571428571428572,0.9574275362318839,9,2,70
15,breast-w,shap,0.14104994589577116,0.6251421634116144,0.38309605465369284,0.03622459581428805,5.187243811442529,,0.9571428571428572,0.9574275362318839,9,2,70
