task_id,dataset_name,method,deletion_drop_auc,insertion_auc,combined_score,runtime_seconds,attr_l1_norm,mean_abs_exactness_residual,test_accuracy,test_balanced_accuracy,n_features_transformed,n_classes,ok
14965,bank-marketing,aime,0.6032297293630088,0.7698261827255601,0.6865279560442845,0.013399490019999832,6.579539595540359,,0.9093321539141974,0.7157913872907077,51,2,200
14965,bank-marketing,cos_fpde,0.5472694277470694,0.7147623368569548,0.6310158823020121,0.009453981605000621,1.0244378108024974,6.370284074547205e-17,0.9093321539141974,0.7157913872907077,51,2,200
14965,bank-marketing,diff_fpde,0.5630216749439997,0.7403743862245983,0.6516980305842989,0.009578144770000564,5.443338438325959,1.6000395453019678e-15,0.9093321539141974,0.7157913872907077,51,2,200
14965,bank-marketing,hyb_fpde_grid,0.5630216749439997,0.7403743862245983,0.6516980305842989,0.029577324380000505,1.0,9.426921049326964e-17,0.9093321539141974,0.7157913872907077,51,2,200
14965,bank-marketing,lime,0.10372955061861999,0.2857247434831256,0.19472714705087277,0.017966200860001322,0.6574327195365887,,0.9093321539141974,0.7157913872907077,51,2,200
14965,bank-marketing,shap,0.12818713751595426,0.32429678621287017,0.2262419618644122,0.07111439931000049,3.3564884357614937,,0.9093321539141974,0.7157913872907077,51,2,200
