method,mean_deletion_drop_auc,std_deletion_drop_auc,mean_insertion_auc,std_insertion_auc,mean_combined_score,std_combined_score,mean_runtime_seconds,std_runtime_seconds,completed_instances,completed_tasks,mean_test_accuracy,mean_test_balanced_accuracy
aime,0.4483655277282313,0.18906144538969358,0.7075101656535323,0.1438607398170261,0.5779378466908819,0.13985390280589097,0.005100563031249135,9.316630452211519e-05,96,1,0.9479166666666666,0.9314574314574314
cos_fpde,0.4536285659986529,0.1859176419895396,0.7078083341882285,0.1494704309376336,0.5807184500934407,0.13857533630580313,0.003778714062500743,7.83254121660728e-05,96,1,0.9479166666666666,0.9314574314574314
diff_fpde,0.4546794490154045,0.18584412847385476,0.7141166021092112,0.152793847919622,0.5843980255623079,0.14169518765548286,0.003746745270833222,0.00011309844384462812,96,1,0.9479166666666666,0.9314574314574314
hyb_fpde_grid,0.4546794490154045,0.18584412847385476,0.7141166021092112,0.152793847919622,0.5843980255623079,0.14169518765548286,0.005788506572917296,0.00010821999533454847,96,1,0.9479166666666666,0.9314574314574314
lime,0.05936466081035257,0.09721033632539361,0.26534379244267586,0.1266962376534026,0.16235422662651425,0.06571909714838825,0.01015038710416638,0.0003368052915109292,96,1,0.9479166666666666,0.9314574314574314
shap,0.4520785057041832,0.27684608749089573,0.7525432487745017,0.30861199236189474,0.6023108772393425,0.27766881071360283,0.04290828764583369,0.02304719351509673,96,1,0.9479166666666666,0.9314574314574314
