task_id,dataset_name,method,deletion_drop_auc,insertion_auc,combined_score,runtime_seconds,attr_l1_norm,mean_abs_exactness_residual,test_accuracy,test_balanced_accuracy,n_features_transformed,n_classes,ok
49,tic-tac-toe,aime,0.4483655277282313,0.7075101656535323,0.5779378466908819,0.005100563031249135,8.020113341965178,,0.9479166666666666,0.9314574314574314,27,2,96
49,tic-tac-toe,cos_fpde,0.4536285659986529,0.7078083341882285,0.5807184500934407,0.003778714062500743,1.6012554064381022,6.370591265162744e-17,0.9479166666666666,0.9314574314574314,27,2,96
49,tic-tac-toe,diff_fpde,0.4546794490154045,0.7141166021092112,0.5843980255623079,0.003746745270833222,2.707241549319569,4.1040666235817963e-16,0.9479166666666666,0.9314574314574314,27,2,96
49,tic-tac-toe,hyb_fpde_grid,0.4546794490154045,0.7141166021092112,0.5843980255623079,0.005788506572917296,1.0,3.696225906365166e-17,0.9479166666666666,0.9314574314574314,27,2,96
49,tic-tac-toe,lime,0.05936466081035257,0.26534379244267586,0.16235422662651425,0.01015038710416638,0.6687754425220597,,0.9479166666666666,0.9314574314574314,27,2,96
49,tic-tac-toe,shap,0.4520785057041832,0.7525432487745017,0.6023108772393425,0.04290828764583369,7.704346299145896,,0.9479166666666666,0.9314574314574314,27,2,96
