task_id,dataset_name,method,deletion_drop_auc,insertion_auc,combined_score,runtime_seconds,attr_l1_norm,mean_abs_exactness_residual,test_accuracy,test_balanced_accuracy,n_features_transformed,n_classes,ok
9978,ozone-level-8hr,aime,0.06615472579527448,0.9812048575099452,0.5236797916526098,0.012414645159997519,22.66381999115832,,0.9409448818897637,0.6769957983193278,72,2,200
9978,ozone-level-8hr,cos_fpde,0.06642446747900645,0.9813129591213317,0.523868713300169,0.012632873245000837,1.4380129717500238,9.945169687775035e-17,0.9409448818897637,0.6769957983193278,72,2,200
9978,ozone-level-8hr,diff_fpde,0.05159544889678711,0.9795653539894426,0.5155804014431148,0.011546230810000396,63.75483729522304,7.357447984190912e-15,0.9409448818897637,0.6769957983193278,72,2,200
9978,ozone-level-8hr,hyb_fpde_grid,0.06642446747900645,0.9813129591213317,0.523868713300169,0.018077013309999473,1.0,5.1564655323410593e-17,0.9409448818897637,0.6769957983193278,72,2,200
9978,ozone-level-8hr,lime,0.018138785852788542,0.9526827768613764,0.4854107813570825,0.022534602929996764,0.1631560549696476,,0.9409448818897637,0.6769957983193278,72,2,200
9978,ozone-level-8hr,shap,0.016983313816415716,0.8542185848616229,0.43560094933901927,0.0763210116449983,4.862864127547905,,0.9409448818897637,0.6769957983193278,72,2,200
