method,mean_deletion_drop_auc,std_deletion_drop_auc,mean_insertion_auc,std_insertion_auc,mean_combined_score,std_combined_score,mean_runtime_seconds,std_runtime_seconds,completed_instances,completed_tasks,mean_test_accuracy,mean_test_balanced_accuracy
aime,0.28804029987079155,0.17047024816172487,0.5811285849090502,0.1562569695445737,0.4345844423899209,0.14203634571043194,0.011286395545000261,0.0032078567229996435,200,1,0.6356275303643725,0.5665664452147762
cos_fpde,0.2804733775089478,0.17275258812734579,0.5695175624540516,0.15377969167605987,0.4249954699814997,0.14670789492803202,0.008925711955000963,0.004540966460987691,200,1,0.6356275303643725,0.5665664452147762
diff_fpde,0.2686470868921059,0.17360488818672556,0.5520351628911093,0.17038881240182915,0.4103411248916076,0.1481253864495436,0.008848690685001515,0.004760242861370756,200,1,0.6356275303643725,0.5665664452147762
hyb_fpde_grid,0.2815243609233811,0.17153538593061102,0.5696948548488087,0.15412455056627514,0.4256096078860949,0.14662220314983426,0.017080689794999982,0.006089348810793803,200,1,0.6356275303643725,0.5665664452147762
lime,0.11492932999600974,0.17900684946166823,0.42128329958135036,0.1533733479539438,0.26810631478868,0.14372866329626935,0.02300370629999975,0.005416764516923733,200,1,0.6356275303643725,0.5665664452147762
shap,0.3159291163476685,0.16899004565767184,0.6303012043803506,0.1500160551186645,0.4731151603640096,0.14195703757181133,0.29366302926499815,0.02142064286321273,200,1,0.6356275303643725,0.5665664452147762
