task_id,dataset_name,method,deletion_drop_auc,insertion_auc,combined_score,runtime_seconds,attr_l1_norm,mean_abs_exactness_residual,test_accuracy,test_balanced_accuracy,n_features_transformed,n_classes,ok
14969,GesturePhaseSegmentationProcessed,aime,0.28804029987079155,0.5811285849090502,0.4345844423899209,0.011286395545000261,5.0091293377069155,,0.6356275303643725,0.5665664452147762,32,5,200
14969,GesturePhaseSegmentationProcessed,cos_fpde,0.2804733775089478,0.5695175624540516,0.4249954699814997,0.008925711955000963,0.7122830647894637,6.201636426617085e-17,0.6356275303643725,0.5665664452147762,32,5,200
14969,GesturePhaseSegmentationProcessed,diff_fpde,0.2686470868921059,0.5520351628911093,0.4103411248916076,0.008848690685001515,5.849288159904306,2.5543629711410887e-15,0.6356275303643725,0.5665664452147762,32,5,200
14969,GesturePhaseSegmentationProcessed,hyb_fpde_grid,0.2815243609233811,0.5696948548488087,0.4256096078860949,0.017080689794999982,0.9920530472632714,4.949166076961831e-17,0.6356275303643725,0.5665664452147762,32,5,200
14969,GesturePhaseSegmentationProcessed,lime,0.11492932999600974,0.42128329958135036,0.26810631478868,0.02300370629999975,0.368711426692411,,0.6356275303643725,0.5665664452147762,32,5,200
14969,GesturePhaseSegmentationProcessed,shap,0.3159291163476685,0.6303012043803506,0.4731151603640096,0.29366302926499815,2.3343214353934334,,0.6356275303643725,0.5665664452147762,32,5,200
