method,mean_deletion_drop_auc,std_deletion_drop_auc,mean_insertion_auc,std_insertion_auc,mean_combined_score,std_combined_score,mean_runtime_seconds,std_runtime_seconds,completed_instances,completed_tasks,mean_test_accuracy,mean_test_balanced_accuracy
aime,0.08549949935347405,0.24064957867072323,0.8190834752999572,0.2544705906871676,0.4522914873267156,0.06781456624339288,0.004764325677966714,9.349576867971074e-05,59,1,0.6949152542372882,0.5931372549019608
cos_fpde,0.10222988708614215,0.2456968667364228,0.8323035343716749,0.24652282458125885,0.4672667107289085,0.06105625445434169,0.003783372677966812,9.725457625683114e-05,59,1,0.6949152542372882,0.5931372549019608
diff_fpde,0.09188689960131267,0.2458874121154421,0.8282169802825077,0.24886188189867867,0.4600519399419101,0.05813805070311521,0.003815011847457463,0.0005473114847312486,59,1,0.6949152542372882,0.5931372549019608
hyb_fpde_grid,0.10213807341279223,0.2449553030529422,0.832053511478824,0.24624108650896023,0.4670957924458081,0.06049458857161679,0.00568540866101694,0.00018167324535690304,59,1,0.6949152542372882,0.5931372549019608
lime,-0.0006534164615510722,0.2029080096910932,0.7467464007362609,0.30921869157452875,0.37304649213735486,0.10049307957957636,0.009138392898305588,0.0001878749461634401,59,1,0.6949152542372882,0.5931372549019608
shap,0.03515047442434012,0.30948394479698565,0.75050166044046,0.20469615910415068,0.39282606743240006,0.12020048207577891,0.03330064264406811,0.022867060442218517,59,1,0.6949152542372882,0.5931372549019608
