task_id,dataset_name,method,deletion_drop_auc,insertion_auc,combined_score,runtime_seconds,attr_l1_norm,mean_abs_exactness_residual,test_accuracy,test_balanced_accuracy,n_features_transformed,n_classes,ok
9971,ilpd,aime,0.08549949935347405,0.8190834752999572,0.4522914873267156,0.004764325677966714,4.2398791892235685,,0.6949152542372882,0.5931372549019608,11,2,59
9971,ilpd,cos_fpde,0.10222988708614215,0.8323035343716749,0.4672667107289085,0.003783372677966812,1.43953821325163,1.1525620382761158e-16,0.6949152542372882,0.5931372549019608,11,2,59
9971,ilpd,diff_fpde,0.09188689960131267,0.8282169802825077,0.4600519399419101,0.003815011847457463,4.6211824292314505,1.6709797387578628e-15,0.6949152542372882,0.5931372549019608,11,2,59
9971,ilpd,hyb_fpde_grid,0.10213807341279223,0.832053511478824,0.4670957924458081,0.00568540866101694,0.9994442342669975,7.174110646412559e-17,0.6949152542372882,0.5931372549019608,11,2,59
9971,ilpd,lime,-0.0006534164615510722,0.7467464007362609,0.37304649213735486,0.009138392898305588,0.1997925158977487,,0.6949152542372882,0.5931372549019608,11,2,59
9971,ilpd,shap,0.03515047442434012,0.75050166044046,0.39282606743240006,0.03330064264406811,2.972114316982254,,0.6949152542372882,0.5931372549019608,11,2,59
