method,mean_deletion_drop_auc,std_deletion_drop_auc,mean_insertion_auc,std_insertion_auc,mean_combined_score,std_combined_score,mean_runtime_seconds,std_runtime_seconds,completed_instances,completed_tasks,mean_test_accuracy,mean_test_balanced_accuracy
aime,0.11958015380899482,0.10168196160879658,0.9497907651940682,0.0968327357410631,0.5346854595015315,0.04148964538506703,0.0049440703513495025,0.00012734337842384847,111,1,0.9459459459459459,0.6380494505494505
cos_fpde,0.12378920632556104,0.10180357333310278,0.9492220755895393,0.09743079609275378,0.5365056409575503,0.04298663977807442,0.003687781324323232,8.311796221215354e-05,111,1,0.9459459459459459,0.6380494505494505
diff_fpde,0.11784647863678573,0.09778680815809038,0.9555354856423969,0.09634592823315938,0.5366909821395913,0.040678530438555426,0.0036653983783791573,0.00012243257987818067,111,1,0.9459459459459459,0.6380494505494505
hyb_fpde_grid,0.11784647863678573,0.09778680815809038,0.9555354856423969,0.09634592823315938,0.5366909821395913,0.040678530438555426,0.005698901756755856,0.00016519287760620484,111,1,0.9459459459459459,0.6380494505494505
lime,0.04200040906759019,0.059871538798755314,0.6415224932947006,0.2198456937010304,0.3417614511811454,0.11018245526591999,0.010489768711710314,0.0003560740128832848,111,1,0.9459459459459459,0.6380494505494505
shap,0.041536783258373865,0.1300085328846264,0.6425174321435612,0.18530178515643986,0.3420271077009675,0.1178925861788807,0.06702124796396626,0.02047560554808867,111,1,0.9459459459459459,0.6380494505494505
