task_id,dataset_name,method,deletion_drop_auc,insertion_auc,combined_score,runtime_seconds,attr_l1_norm,mean_abs_exactness_residual,test_accuracy,test_balanced_accuracy,n_features_transformed,n_classes,ok
3918,pc1,aime,0.11958015380899482,0.9497907651940682,0.5346854595015315,0.0049440703513495025,8.005009447315992,,0.9459459459459459,0.6380494505494505,21,2,111
3918,pc1,cos_fpde,0.12378920632556104,0.9492220755895393,0.5365056409575503,0.003687781324323232,1.5894652669865503,1.4034069202046603e-16,0.9459459459459459,0.6380494505494505,21,2,111
3918,pc1,diff_fpde,0.11784647863678573,0.9555354856423969,0.5366909821395913,0.0036653983783791573,20.397001999921088,8.733754460384565e-15,0.9459459459459459,0.6380494505494505,21,2,111
3918,pc1,hyb_fpde_grid,0.11784647863678573,0.9555354856423969,0.5366909821395913,0.005698901756755856,1.0,8.85177816930868e-17,0.9459459459459459,0.6380494505494505,21,2,111
3918,pc1,lime,0.04200040906759019,0.6415224932947006,0.3417614511811454,0.010489768711710314,0.2805341534260114,,0.9459459459459459,0.6380494505494505,21,2,111
3918,pc1,shap,0.041536783258373865,0.6425174321435612,0.3420271077009675,0.06702124796396626,4.554969844517937,,0.9459459459459459,0.6380494505494505,21,2,111
