method,mean_deletion_drop_auc,std_deletion_drop_auc,mean_insertion_auc,std_insertion_auc,mean_combined_score,std_combined_score,mean_runtime_seconds,std_runtime_seconds,completed_instances,completed_tasks,mean_test_accuracy,mean_test_balanced_accuracy
aime,0.12267978865272204,0.18417863091796483,0.8267287947355124,0.2604715816431305,0.4747042916941172,0.07258260715891866,0.005541289547169203,0.00010480635205417058,53,1,0.8301886792452831,0.7586580086580086
cos_fpde,0.12306336052184527,0.18673268772508575,0.8274204533371838,0.25871992174514136,0.4752419069295146,0.07280942355464212,0.0042563954339615165,7.48018411216346e-05,53,1,0.8301886792452831,0.7586580086580086
diff_fpde,0.12654818302288515,0.1793416897484749,0.8249925885930579,0.2677019889522392,0.4757703858079716,0.07746628974554332,0.004199504867924985,6.89106515914416e-05,53,1,0.8301886792452831,0.7586580086580086
hyb_fpde_grid,0.12769095807232644,0.18111341532572953,0.8268129497549789,0.2647382681791471,0.47725195391365266,0.07478368178938144,0.006333764754715975,0.00011974463644318064,53,1,0.8301886792452831,0.7586580086580086
lime,0.12235939534642193,0.2330923138161074,0.8315657326327413,0.22764649369018258,0.4769625639895816,0.068590456145623,0.010685996962263985,0.00020713069455771915,53,1,0.8301886792452831,0.7586580086580086
shap,0.10705074296700445,0.2791061441075831,0.8238227085434777,0.18416591643992045,0.4654367257552411,0.1164750337416903,0.03214151241509375,0.013330077971914312,53,1,0.8301886792452831,0.7586580086580086
