task_id,dataset_name,method,deletion_drop_auc,insertion_auc,combined_score,runtime_seconds,attr_l1_norm,mean_abs_exactness_residual,test_accuracy,test_balanced_accuracy,n_features_transformed,n_classes,ok
125920,dresses-sales,aime,0.3993031173221678,0.7933718228980671,0.5963374701101174,0.015870699099998546,8.060156986858896,,0.6,0.5829228243021347,141,2,50
125920,dresses-sales,cos_fpde,0.39826051901659804,0.7904650428568013,0.5943627809366997,0.01295384633999845,1.2109605246732063,4.8693687970668976e-17,0.6,0.5829228243021347,141,2,50
125920,dresses-sales,diff_fpde,0.3984374488658596,0.7905900228739856,0.5945137358699226,0.01302357168000242,1.4486749460995894,8.545941732052142e-16,0.6,0.5829228243021347,141,2,50
125920,dresses-sales,hyb_fpde_grid,0.3984374488658596,0.7905900228739856,0.5945137358699226,0.017791961399999535,0.9999999999999999,4.395789288125229e-17,0.6,0.5829228243021347,141,2,50
125920,dresses-sales,lime,-0.06693250269061736,0.3259219888257552,0.1294947430675689,0.028384414099998593,0.5964096650089207,,0.6,0.5829228243021347,141,2,50
125920,dresses-sales,shap,0.05959666324894452,0.4709049556127098,0.2652508094308272,0.028818013940000924,2.7482159380051048,,0.6,0.5829228243021347,141,2,50
