task_id,dataset_name,method,deletion_drop_auc,insertion_auc,combined_score,runtime_seconds,attr_l1_norm,mean_abs_exactness_residual,test_accuracy,test_balanced_accuracy,n_features_transformed,n_classes,ok
3917,kc1,aime,0.12953588889486992,0.7732422314814549,0.45138906018816244,0.004898657515000195,10.010199671360205,,0.8720379146919431,0.6936103351955307,21,2,200
3917,kc1,cos_fpde,0.13041200772946257,0.7733475160635354,0.45187976189649903,0.003695129965000774,1.7825006529127763,1.5471998682237142e-16,0.8720379146919431,0.6936103351955307,21,2,200
3917,kc1,diff_fpde,0.12975921418851588,0.7689547576076617,0.4493569858980888,0.0036677509800009033,28.809314721880256,3.8452574457892295e-15,0.8720379146919431,0.6936103351955307,21,2,200
3917,kc1,hyb_fpde_grid,0.1305960594089151,0.7727319812783162,0.4516640203436156,0.006007381699999286,0.9943923502159919,8.840150833577809e-17,0.8720379146919431,0.6936103351955307,21,2,200
3917,kc1,lime,0.08457559630430139,0.7310375193354602,0.4078065578198808,0.010497672069999311,0.2993875878375214,,0.8720379146919431,0.6936103351955307,21,2,200
3917,kc1,shap,0.05585342196625254,0.6635917663260128,0.3597225941461326,0.06697971839500014,3.163754529642842,,0.8720379146919431,0.6936103351955307,21,2,200
