method,mean_deletion_drop_auc,std_deletion_drop_auc,mean_insertion_auc,std_insertion_auc,mean_combined_score,std_combined_score,mean_runtime_seconds,std_runtime_seconds,completed_instances,completed_tasks,mean_test_accuracy,mean_test_balanced_accuracy
aime,0.702504706957328,0.22438825937638582,0.7561118451505654,0.20468136498553735,0.7293082760539467,0.16174442296970132,0.0050173877699978674,0.00024391023480602652,200,1,0.9393939393939393,0.9393939393939393
cos_fpde,0.5764623957260295,0.29836309442686043,0.6767572323244352,0.27875034017459277,0.6266098140252323,0.22676986312701258,0.0038805153199950836,0.000302227903091873,200,1,0.9393939393939393,0.9393939393939393
diff_fpde,0.5866301097665775,0.28931793677315465,0.6661928857098431,0.2861008811648302,0.6264114977382103,0.23381990181878431,0.003847598684994864,0.0004557332932939271,200,1,0.9393939393939393,0.9393939393939393
hyb_fpde_grid,0.5866301097665775,0.28931793677315465,0.6661928857098431,0.2861008811648302,0.6264114977382103,0.23381990181878431,0.006756854759994439,0.0004003636572950469,200,1,0.9393939393939393,0.9393939393939393
lime,0.43057434991041804,0.3443197543871252,0.554236095252634,0.3460607051534416,0.49240522258152597,0.29844087160452987,0.020312696180008062,0.00044850324652157567,200,1,0.9393939393939393,0.9393939393939393
shap,0.7280333538259031,0.23541355487733326,0.8476262364135688,0.15671571771873444,0.7878297951197359,0.152055163815099,0.3899035891500057,0.020420845379627264,200,1,0.9393939393939393,0.9393939393939393
