task_id,dataset_name,method,deletion_drop_auc,insertion_auc,combined_score,runtime_seconds,attr_l1_norm,mean_abs_exactness_residual,test_accuracy,test_balanced_accuracy,n_features_transformed,n_classes,ok
146822,segment,aime,0.702504706957328,0.7561118451505654,0.7293082760539467,0.0050173877699978674,4.052268992487907,,0.9393939393939393,0.9393939393939393,16,7,200
146822,segment,cos_fpde,0.5764623957260295,0.6767572323244352,0.6266098140252323,0.0038805153199950836,0.7443376887448533,7.610231889110252e-17,0.9393939393939393,0.9393939393939393,16,7,200
146822,segment,diff_fpde,0.5866301097665775,0.6661928857098431,0.6264114977382103,0.003847598684994864,11.607776351880085,1.4663964487127147e-15,0.9393939393939393,0.9393939393939393,16,7,200
146822,segment,hyb_fpde_grid,0.5866301097665775,0.6661928857098431,0.6264114977382103,0.006756854759994439,1.0,6.027188297064167e-17,0.9393939393939393,0.9393939393939393,16,7,200
146822,segment,lime,0.43057434991041804,0.554236095252634,0.49240522258152597,0.020312696180008062,0.3787382309554892,,0.9393939393939393,0.9393939393939393,16,7,200
146822,segment,shap,0.7280333538259031,0.8476262364135688,0.7878297951197359,0.3899035891500057,7.767159387697424,,0.9393939393939393,0.9393939393939393,16,7,200
