task_id,dataset_name,method,deletion_drop_auc,insertion_auc,combined_score,runtime_seconds,attr_l1_norm,mean_abs_exactness_residual,test_accuracy,test_balanced_accuracy,n_features_transformed,n_classes,ok
167120,numerai28.6,aime,0.033123035618767435,0.5294029469759003,0.28126299129733384,0.00482850866999982,7.692028557212853,,0.5158845514950167,0.5148847064576155,21,2,200
167120,numerai28.6,cos_fpde,0.03375802193645269,0.530079568342611,0.2819187951395319,0.00365469970499916,1.566032364113485,8.233322877637672e-17,0.5158845514950167,0.5148847064576155,21,2,200
167120,numerai28.6,diff_fpde,0.03375802193645269,0.530079568342611,0.2819187951395319,0.003643792314998393,1.2718968917667461,3.0279598273175168e-15,0.5158845514950167,0.5148847064576155,21,2,200
167120,numerai28.6,hyb_fpde_grid,0.03375802193645269,0.530079568342611,0.2819187951395319,0.03071471061500077,1.0,4.829253316684934e-17,0.5158845514950167,0.5148847064576155,21,2,200
167120,numerai28.6,lime,0.0229102996928783,0.5175726189360264,0.27024145931445237,0.009257422035000218,0.06916990902169787,,0.5158845514950167,0.5148847064576155,21,2,200
167120,numerai28.6,shap,0.018696793573126643,0.516005724891693,0.2673512592324099,0.062214550554999734,0.29756136805569905,,0.5158845514950167,0.5148847064576155,21,2,200
