method,mean_deletion_drop_auc,std_deletion_drop_auc,mean_insertion_auc,std_insertion_auc,mean_combined_score,std_combined_score,mean_runtime_seconds,std_runtime_seconds,completed_instances,completed_tasks,mean_test_accuracy,mean_test_balanced_accuracy
aime,0.033123035618767435,0.024000065563636475,0.5294029469759003,0.01830591153960332,0.28126299129733384,0.019565387174036025,0.00482850866999982,7.715591567214057e-05,200,1,0.5158845514950167,0.5148847064576155
cos_fpde,0.03375802193645269,0.02428092506469332,0.530079568342611,0.01854830422331014,0.2819187951395319,0.019748703104314116,0.00365469970499916,0.00025110853890918973,200,1,0.5158845514950167,0.5148847064576155
diff_fpde,0.03375802193645269,0.02428092506469332,0.530079568342611,0.01854830422331014,0.2819187951395319,0.019748703104314116,0.003643792314998393,0.00047095235141515735,200,1,0.5158845514950167,0.5148847064576155
hyb_fpde_grid,0.03375802193645269,0.02428092506469332,0.530079568342611,0.01854830422331014,0.2819187951395319,0.019748703104314116,0.03071471061500077,0.0010574494528414894,200,1,0.5158845514950167,0.5148847064576155
lime,0.0229102996928783,0.021249125845968105,0.5175726189360264,0.01611090926117907,0.27024145931445237,0.017114085344730193,0.009257422035000218,0.00010617144767859711,200,1,0.5158845514950167,0.5148847064576155
shap,0.018696793573126643,0.027143192799398686,0.516005724891693,0.03190654023321929,0.2673512592324099,0.02795511475675309,0.062214550554999734,0.014344002375722077,200,1,0.5158845514950167,0.5148847064576155
