task_id,dataset_name,method,deletion_drop_auc,insertion_auc,combined_score,runtime_seconds,attr_l1_norm,mean_abs_exactness_residual,test_accuracy,test_balanced_accuracy,n_features_transformed,n_classes,ok
3904,jm1,aime,0.11159854742519172,0.7850755247027851,0.44833703606398845,0.004908190765000882,8.228559977768304,,0.8145087235996327,0.5735325869867968,21,2,200
3904,jm1,cos_fpde,0.11172673573321333,0.7847107935345612,0.44821876463388727,0.0036891616250005655,1.6559971235775055,1.3732071035832404e-16,0.8145087235996327,0.5735325869867968,21,2,200
3904,jm1,diff_fpde,0.11544798648282308,0.7891620268233472,0.4523050066530852,0.003649034964999345,9.950721394841008,1.8078594177239894e-15,0.8145087235996327,0.5735325869867968,21,2,200
3904,jm1,hyb_fpde_grid,0.11544798648282308,0.7891620268233472,0.4523050066530852,0.009056685989999806,1.0,9.640292036872111e-17,0.8145087235996327,0.5735325869867968,21,2,200
3904,jm1,lime,0.08083501396628075,0.7283781820966858,0.4046065980314833,0.010413473159999711,0.4106414717593891,,0.8145087235996327,0.5735325869867968,21,2,200
3904,jm1,shap,0.028962097902445593,0.6603115263225476,0.3446368121124966,0.06648294134000082,1.792834891246187,,0.8145087235996327,0.5735325869867968,21,2,200
