method,mean_deletion_drop_auc,std_deletion_drop_auc,mean_insertion_auc,std_insertion_auc,mean_combined_score,std_combined_score,mean_runtime_seconds,std_runtime_seconds,completed_instances,completed_tasks,mean_test_accuracy,mean_test_balanced_accuracy
aime,0.13500169223973954,0.19148790277275388,0.8651812084966733,0.1477370720736771,0.5000914503682065,0.08489353864985187,0.004657040146666418,8.756697312619839e-05,75,1,0.7733333333333333,0.6038011695906433
cos_fpde,0.13006051623719464,0.18957797372261043,0.8632511916591095,0.1487790470501825,0.49665585394815204,0.08683070383801758,0.0037650791733337503,2.5931874334474124e-05,75,1,0.7733333333333333,0.6038011695906433
diff_fpde,0.13124502337267024,0.1906288421754876,0.8675832271233426,0.1468245658573549,0.49941412524800644,0.08518814950960375,0.0037205309199994947,3.00999843559869e-05,75,1,0.7733333333333333,0.6038011695906433
hyb_fpde_grid,0.1313198687675566,0.19057459172347865,0.8680951485339808,0.14685759108129437,0.49970750865076874,0.08496627455582396,0.005756912786667196,0.0004035603233823062,75,1,0.7733333333333333,0.6038011695906433
lime,-0.02883414732674722,0.13387115845500536,0.7132829496995925,0.23088220702421405,0.3422244011864226,0.10137415858143019,0.022425217133332846,0.0005816669877048434,75,1,0.7733333333333333,0.6038011695906433
shap,0.010721244634372152,0.2029921275232115,0.7456166788222613,0.16778152448466482,0.37816896172831677,0.11324851054801902,0.035915001640000055,0.018455612165180466,75,1,0.7733333333333333,0.6038011695906433
