task_id,dataset_name,method,deletion_drop_auc,insertion_auc,combined_score,runtime_seconds,attr_l1_norm,mean_abs_exactness_residual,test_accuracy,test_balanced_accuracy,n_features_transformed,n_classes,ok
10101,blood-transfusion-service-center,aime,0.13500169223973954,0.8651812084966733,0.5000914503682065,0.004657040146666418,2.3006275471432605,,0.7733333333333333,0.6038011695906433,4,2,75
10101,blood-transfusion-service-center,cos_fpde,0.13006051623719464,0.8632511916591095,0.49665585394815204,0.0037650791733337503,1.5051488665386443,9.12233251900337e-17,0.7733333333333333,0.6038011695906433,4,2,75
10101,blood-transfusion-service-center,diff_fpde,0.13124502337267024,0.8675832271233426,0.49941412524800644,0.0037205309199994947,2.5587932006256917,3.8746783559417966e-16,0.7733333333333333,0.6038011695906433,4,2,75
10101,blood-transfusion-service-center,hyb_fpde_grid,0.1313198687675566,0.8680951485339808,0.49970750865076874,0.005756912786667196,0.9948663748074006,6.661338147750939e-17,0.7733333333333333,0.6038011695906433,4,2,75
10101,blood-transfusion-service-center,lime,-0.02883414732674722,0.7132829496995925,0.3422244011864226,0.022425217133332846,0.25544397142859265,,0.7733333333333333,0.6038011695906433,4,2,75
10101,blood-transfusion-service-center,shap,0.010721244634372152,0.7456166788222613,0.37816896172831677,0.035915001640000055,2.1775238042244873,,0.7733333333333333,0.6038011695906433,4,2,75
