method,mean_deletion_drop_auc,std_deletion_drop_auc,mean_insertion_auc,std_insertion_auc,mean_combined_score,std_combined_score,mean_runtime_seconds,std_runtime_seconds,completed_instances,completed_tasks,mean_test_accuracy,mean_test_balanced_accuracy
aime,0.8302811619597682,0.13459406922808678,0.9419842178983433,0.0675951043645536,0.8861326899290557,0.08582994120230038,0.025252689820000496,0.007017657004826462,200,1,0.955,0.9549999999999998
cos_fpde,0.8266279768186948,0.1297769946451325,0.9040336536574309,0.09557021030059808,0.8653308152380629,0.0931097703712785,0.01780169226999931,0.0046069087482467665,200,1,0.955,0.9549999999999998
diff_fpde,0.7246814722577113,0.1862190417549754,0.8321636258295126,0.13090062997239194,0.778422549043612,0.13685206775321906,0.021694338009999824,0.005639255761482314,200,1,0.955,0.9549999999999998
hyb_fpde_grid,0.8266279768186948,0.1297769946451325,0.9040336536574309,0.09557021030059808,0.8653308152380629,0.0931097703712785,0.018681293005000085,0.008056883601043124,200,1,0.955,0.9549999999999998
lime,0.44166923801998964,0.29259483619408055,0.6127563148238943,0.2678440053600122,0.527212776421942,0.24028628677159597,0.10941931718499895,0.0589342343635143,200,1,0.955,0.9549999999999998
shap,0.8634128554933072,0.13493679209328877,0.9640581664588578,0.04659183324925532,0.9137355109760825,0.08232488354206623,0.44047244940999997,0.019869788565016203,200,1,0.955,0.9549999999999998
