task_id,dataset_name,method,deletion_drop_auc,insertion_auc,combined_score,runtime_seconds,attr_l1_norm,mean_abs_exactness_residual,test_accuracy,test_balanced_accuracy,n_features_transformed,n_classes,ok
3918,pc1,aime,0.045073920167240544,0.9666714436676662,0.5058726819174534,0.005478401828828884,8.131117026107129,,0.9459459459459459,0.6380494505494505,21,2,111
3918,pc1,cos_fpde,0.04452422603446301,0.9669345530909825,0.5057293895627227,0.004207458621620872,1.5936638845966908,1.0920943828942278e-16,0.9459459459459459,0.6380494505494505,21,2,111
3918,pc1,diff_fpde,0.03551884643551256,0.9665099789889209,0.5010144127122168,0.004170530576577353,24.421490093477296,4.560916209270913e-15,0.9459459459459459,0.6380494505494505,21,2,111
3918,pc1,hyb_fpde_grid,0.042931645709749645,0.9661587774382724,0.504545211574011,0.006464494522522647,0.9908416495344002,7.845325990453668e-17,0.9459459459459459,0.6380494505494505,21,2,111
3918,pc1,lime,0.02688668825825031,0.8311142613471255,0.42900047480268794,0.01084129339639604,0.3343989383201904,,0.9459459459459459,0.6380494505494505,21,2,111
3918,pc1,shap,0.010765624459481989,0.760083534387488,0.38542457942348496,0.06513453500900823,4.548343369547927,,0.9459459459459459,0.6380494505494505,21,2,111
