method,mean_deletion_drop_auc,std_deletion_drop_auc,mean_insertion_auc,std_insertion_auc,mean_combined_score,std_combined_score,mean_runtime_seconds,std_runtime_seconds,completed_instances,completed_tasks,mean_test_accuracy,mean_test_balanced_accuracy
aime,0.045073920167240544,0.10692387190709078,0.9666714436676662,0.12283597327029087,0.5058726819174534,0.0270429837265619,0.005478401828828884,8.798138301689932e-05,111,1,0.9459459459459459,0.6380494505494505
cos_fpde,0.04452422603446301,0.10660811486530646,0.9669345530909825,0.12110116469110613,0.5057293895627227,0.026304569789452815,0.004207458621620872,0.00010342699041853807,111,1,0.9459459459459459,0.6380494505494505
diff_fpde,0.03551884643551256,0.09353934079935572,0.9665099789889209,0.11728471187786418,0.5010144127122168,0.02509907213238629,0.004170530576577353,0.00011497248345259673,111,1,0.9459459459459459,0.6380494505494505
hyb_fpde_grid,0.042931645709749645,0.10563932501800033,0.9661587774382724,0.12142468335498997,0.504545211574011,0.025876786450316443,0.006464494522522647,0.00010743084258095975,111,1,0.9459459459459459,0.6380494505494505
lime,0.02688668825825031,0.0844707742584539,0.8311142613471255,0.20343863080128563,0.42900047480268794,0.09825599366105088,0.01084129339639604,0.0003135875680078378,111,1,0.9459459459459459,0.6380494505494505
shap,0.010765624459481989,0.13636488438643815,0.760083534387488,0.2024968916321637,0.38542457942348496,0.12271726098778148,0.06513453500900823,0.01780782783393653,111,1,0.9459459459459459,0.6380494505494505
