task_id,dataset_name,method,deletion_drop_auc,insertion_auc,combined_score,runtime_seconds,attr_l1_norm,mean_abs_exactness_residual,test_accuracy,test_balanced_accuracy,n_features_transformed,n_classes,ok
167140,dna,aime,0.49810939398404924,0.9713672960985594,0.7347383450413044,0.037662082880000156,35.03710740164454,,0.9467084639498434,0.9448038222610193,360,3,200
167140,dna,cos_fpde,0.49555223828925987,0.9508482420088958,0.7232002401490779,0.01458032824500009,0.9642767662455582,3.972516759986888e-17,0.9467084639498434,0.9448038222610193,360,3,200
167140,dna,diff_fpde,0.48721374793643357,0.9452800097026477,0.7162468788195406,0.02233522576499993,20.900219620127356,6.629696791549123e-15,0.9467084639498434,0.9448038222610193,360,3,200
167140,dna,hyb_fpde_grid,0.4908042727965721,0.9526874682135843,0.7217458705050782,0.01991649792499956,0.9952378392042922,2.7044338990478422e-17,0.9467084639498434,0.9448038222610193,360,3,200
167140,dna,lime,0.05666060719929478,0.5436658853190148,0.3001632462591548,0.18427246006500056,1.7518534661656755,,0.9467084639498434,0.9448038222610193,360,3,200
167140,dna,shap,0.5051718009978022,0.9697483428730336,0.7374600719354178,0.17598929527499962,5.814927989554981,,0.9467084639498434,0.9448038222610193,360,3,200
