task_id,dataset_name,method,deletion_drop_auc,insertion_auc,combined_score,runtime_seconds,attr_l1_norm,mean_abs_exactness_residual,test_accuracy,test_balanced_accuracy,n_features_transformed,n_classes,ok
9981,cnae-9,aime,0.7928973741031338,0.9356730445089688,0.8642852093060512,0.059050271861109505,4.825602093777128,,0.8703703703703703,0.8703703703703703,856,9,108
9981,cnae-9,cos_fpde,0.7361387623214987,0.47701271453859645,0.6065757384300475,0.01715237459259153,0.4024466417961089,1.1371674563932223e-16,0.8703703703703703,0.8703703703703703,856,9,108
9981,cnae-9,diff_fpde,0.7446065370038482,0.4333969358313987,0.5890017364176234,0.01886827942592546,101.72973323143388,6.034267735694137e-14,0.8703703703703703,0.8703703703703703,856,9,108
9981,cnae-9,hyb_fpde_grid,0.7446065370038482,0.4333969358313987,0.5890017364176234,0.026278164250000572,1.0,4.70302809042601e-17,0.8703703703703703,0.8703703703703703,856,9,108
9981,cnae-9,lime,0.5360853107909834,0.2649858282440831,0.4005355695175333,0.3052341764907393,4.705918299242667,,0.8703703703703703,0.8703703703703703,856,9,108
9981,cnae-9,shap,0.7639555161824176,0.5298050945861147,0.6468803053842662,0.3323536350185184,7.27559667817841,,0.8703703703703703,0.8703703703703703,856,9,108
