task_id,dataset_name,method,deletion_drop_auc,insertion_auc,combined_score,runtime_seconds,attr_l1_norm,mean_abs_exactness_residual,test_accuracy,test_balanced_accuracy,n_features_transformed,n_classes,ok
2079,eucalyptus,aime,0.5345072710997049,0.746799397515014,0.6406533343073595,0.013310958216215923,7.942740703298844,,0.6486486486486487,0.6242868242868242,91,5,74
2079,eucalyptus,cos_fpde,0.5173344056040524,0.7024860995264074,0.60991025256523,0.01215111452702669,0.6597406033198335,9.533946455131993e-17,0.6486486486486487,0.6242868242868242,91,5,74
2079,eucalyptus,diff_fpde,0.549804322067437,0.6712672225464575,0.6105357723069472,0.011169054945946295,7.313013419737213,2.1075483700570118e-15,0.6486486486486487,0.6242868242868242,91,5,74
2079,eucalyptus,hyb_fpde_grid,0.5517907074137082,0.6994071235083485,0.6255989154610284,0.01756205331081143,0.9626482665344298,8.113348581561797e-17,0.6486486486486487,0.6242868242868242,91,5,74
2079,eucalyptus,lime,0.20818063897314748,0.34955003813301516,0.2788653385530813,0.03597460441892028,0.8461924465799828,,0.6486486486486487,0.6242868242868242,91,5,74
2079,eucalyptus,shap,0.5427025475514368,0.8527642501913103,0.6977333988713735,0.24179899085135087,4.379029158951869,,0.6486486486486487,0.6242868242868242,91,5,74
