task_id,dataset_name,method,deletion_drop_auc,insertion_auc,combined_score,runtime_seconds,attr_l1_norm,mean_abs_exactness_residual,test_accuracy,test_balanced_accuracy,n_features_transformed,n_classes,ok
146819,climate-model-simulation-crashes,aime,0.10475119986718673,0.980478224887942,0.5426147123775644,0.005091665462963398,3.4446980075934017,,0.9814814814814815,0.875,18,2,54
146819,climate-model-simulation-crashes,cos_fpde,0.10575253985327725,0.9805455599975,0.5431490499253887,0.004044580537036306,1.1021365556668254,6.373502548774047e-17,0.9814814814814815,0.875,18,2,54
146819,climate-model-simulation-crashes,diff_fpde,0.09357858949867823,0.9746506882642065,0.5341146388814424,0.003989737462965258,9.70167696427404,2.0539125955565396e-15,0.9814814814814815,0.875,18,2,54
146819,climate-model-simulation-crashes,hyb_fpde_grid,0.10579156951047175,0.9799851160469198,0.5428883427786958,0.006019711611112707,0.9966662568256764,7.973303087730435e-17,0.9814814814814815,0.875,18,2,54
146819,climate-model-simulation-crashes,lime,0.016776233113373056,0.9452502225244794,0.4810132278189262,0.00994256468518352,0.22072871009542894,,0.9814814814814815,0.875,18,2,54
146819,climate-model-simulation-crashes,shap,0.07863686655003377,0.9455110257364002,0.512073946143217,0.03315076003703523,4.672626069003925,,0.9814814814814815,0.875,18,2,54
