method,mean_deletion_drop_auc,std_deletion_drop_auc,mean_insertion_auc,std_insertion_auc,mean_combined_score,std_combined_score,mean_runtime_seconds,std_runtime_seconds,completed_instances,completed_tasks,mean_test_accuracy,mean_test_balanced_accuracy
aime,0.12089846347925377,0.2495332420996171,0.8150386952106401,0.14600414716341495,0.4679685793449469,0.13249317506680272,0.011500748665001196,0.0048529217326495405,200,1,0.944,0.8358803986710963
cos_fpde,0.10719687339496657,0.2325778051422726,0.73923081936518,0.16871906884248636,0.4232138463800733,0.14437354052005497,0.009011796554995044,0.004623527120059336,200,1,0.944,0.8358803986710963
diff_fpde,0.1080202398939556,0.2320750372984474,0.7452042303563694,0.1614185009041647,0.4266122351251625,0.14115083473231763,0.008751623119996452,0.004993101804192186,200,1,0.944,0.8358803986710963
hyb_fpde_grid,0.10801679241581139,0.23207526172835952,0.7452042303563694,0.1614185009041647,0.4266105113860904,0.14115117967925728,0.015284475114999623,0.006503145814796859,200,1,0.944,0.8358803986710963
lime,0.028245229555580013,0.10411828580882114,0.586768987900085,0.32977943879495386,0.30750710872783255,0.1597297119392713,0.016407868484999425,0.008375627138458434,200,1,0.944,0.8358803986710963
shap,0.0943771487213556,0.24930604050088367,0.7757248065107621,0.2127541069631849,0.4350509776160589,0.16983262971401605,0.07874463014000015,0.015895045900460134,200,1,0.944,0.8358803986710963
