task_id,dataset_name,method,deletion_drop_auc,insertion_auc,combined_score,runtime_seconds,attr_l1_norm,mean_abs_exactness_residual,test_accuracy,test_balanced_accuracy,n_features_transformed,n_classes,ok
167141,churn,aime,0.12089846347925377,0.8150386952106401,0.4679685793449469,0.011500748665001196,6.993743724053594,,0.944,0.8358803986710963,33,2,200
167141,churn,cos_fpde,0.10719687339496657,0.73923081936518,0.4232138463800733,0.009011796554995044,1.169485865557975,5.967882438229211e-17,0.944,0.8358803986710963,33,2,200
167141,churn,diff_fpde,0.1080202398939556,0.7452042303563694,0.4266122351251625,0.008751623119996452,5.418657191897562,1.7562340470789195e-15,0.944,0.8358803986710963,33,2,200
167141,churn,hyb_fpde_grid,0.10801679241581139,0.7452042303563694,0.4266105113860904,0.015284475114999623,1.0,5.244936429615876e-17,0.944,0.8358803986710963,33,2,200
167141,churn,lime,0.028245229555580013,0.586768987900085,0.30750710872783255,0.016407868484999425,0.6055419680155856,,0.944,0.8358803986710963,33,2,200
167141,churn,shap,0.0943771487213556,0.7757248065107621,0.4350509776160589,0.07874463014000015,3.3030775083152544,,0.944,0.8358803986710963,33,2,200
