task_id,dataset_name,method,deletion_drop_auc,insertion_auc,combined_score,runtime_seconds,attr_l1_norm,mean_abs_exactness_residual,test_accuracy,test_balanced_accuracy,n_features_transformed,n_classes,ok
9981,cnae-9,aime,0.8006046543285653,0.8888155716562026,0.844710112992384,0.06268111182407586,4.463130472614752,,0.8796296296296297,0.8796296296296297,856,9,108
9981,cnae-9,cos_fpde,0.7233230721243715,0.4156018787203228,0.5694624754223472,0.018899272888889287,0.40214742564146533,1.2114152273904702e-16,0.8796296296296297,0.8796296296296297,856,9,108
9981,cnae-9,diff_fpde,0.7271349492797924,0.37719483087195227,0.5521648900758723,0.021048175916665142,99.87136326506834,6.187026200008303e-14,0.8796296296296297,0.8796296296296297,856,9,108
9981,cnae-9,hyb_fpde_grid,0.7233230721243715,0.4156018787203228,0.5694624754223472,0.028307135611110614,1.0,1.0227640493779926e-16,0.8796296296296297,0.8796296296296297,856,9,108
9981,cnae-9,lime,0.5391744105833448,0.23977733935447437,0.38947587496890956,0.289548807435187,4.610432580439217,,0.8796296296296297,0.8796296296296297,856,9,108
9981,cnae-9,shap,0.7279085709931853,0.42959296241662154,0.5787507667049033,0.34181058346296433,7.331831326271497,,0.8796296296296297,0.8796296296296297,856,9,108
