method,mean_deletion_drop_auc,std_deletion_drop_auc,mean_insertion_auc,std_insertion_auc,mean_combined_score,std_combined_score,mean_runtime_seconds,std_runtime_seconds,completed_instances,completed_tasks,mean_test_accuracy,mean_test_balanced_accuracy
aime,0.8006046543285653,0.18640785356114545,0.8888155716562026,0.14723547877698706,0.844710112992384,0.1479801063769355,0.06268111182407586,0.009495746794505178,108,1,0.8796296296296297,0.8796296296296297
cos_fpde,0.7233230721243715,0.2181773775170007,0.4156018787203228,0.28465004937321775,0.5694624754223472,0.15800406001820458,0.018899272888889287,0.0021934512734285293,108,1,0.8796296296296297,0.8796296296296297
diff_fpde,0.7271349492797924,0.22210891733371108,0.37719483087195227,0.20613988198145394,0.5521648900758723,0.1401185868085864,0.021048175916665142,0.004967700207193,108,1,0.8796296296296297,0.8796296296296297
hyb_fpde_grid,0.7233230721243715,0.2181773775170007,0.4156018787203228,0.28465004937321775,0.5694624754223472,0.15800406001820458,0.028307135611110614,0.0010443774331795198,108,1,0.8796296296296297,0.8796296296296297
lime,0.5391744105833448,0.30356173550985843,0.23977733935447437,0.1488140908918227,0.38947587496890956,0.1585426130730339,0.289548807435187,0.0743379818781857,108,1,0.8796296296296297,0.8796296296296297
shap,0.7279085709931853,0.2598277663934336,0.42959296241662154,0.19990855277149322,0.5787507667049033,0.16759574903092794,0.34181058346296433,0.0194115274700648,108,1,0.8796296296296297,0.8796296296296297
