task_id,dataset_name,method,deletion_drop_auc,insertion_auc,combined_score,runtime_seconds,attr_l1_norm,mean_abs_exactness_residual,test_accuracy,test_balanced_accuracy,n_features_transformed,n_classes,ok
3,kr-vs-kp,aime,0.7488696392882381,0.9699089417973635,0.8593892905428008,0.012815880859999993,11.124331280923974,,0.99375,0.993738014167743,72,2,200
3,kr-vs-kp,cos_fpde,0.7475204741971245,0.9700672672556068,0.8587938707263656,0.011102653869997994,1.3241921384773547,5.4817261840867107e-17,0.99375,0.993738014167743,72,2,200
3,kr-vs-kp,diff_fpde,0.7460816691590213,0.9702703201376017,0.8581759946483115,0.012168881440003361,4.387082779357378,9.095502129241596e-16,0.99375,0.993738014167743,72,2,200
3,kr-vs-kp,hyb_fpde_grid,0.7471889685352185,0.9700250063724661,0.8586069874538422,0.016327195539998344,1.0,4.4565046097844176e-17,0.99375,0.993738014167743,72,2,200
3,kr-vs-kp,lime,0.06479682195751024,0.2406563024527037,0.15272656220510697,0.022637415249999435,1.0935086820288715,,0.99375,0.993738014167743,72,2,200
3,kr-vs-kp,shap,0.4299189330937427,0.5992481661599025,0.5145835496268226,0.07256291064000209,9.251279850239124,,0.99375,0.993738014167743,72,2,200
