method,mean_deletion_drop_auc,std_deletion_drop_auc,mean_insertion_auc,std_insertion_auc,mean_combined_score,std_combined_score,mean_runtime_seconds,std_runtime_seconds,completed_instances,completed_tasks,mean_test_accuracy,mean_test_balanced_accuracy
aime,0.7488696392882381,0.2129430050780974,0.9699089417973635,0.029050225635451777,0.8593892905428008,0.10742715559215266,0.012815880859999993,0.006241007156227069,200,1,0.99375,0.993738014167743
cos_fpde,0.7475204741971245,0.21519033662807155,0.9700672672556068,0.029900357967580234,0.8587938707263656,0.10796530788330228,0.011102653869997994,0.0049280139343714615,200,1,0.99375,0.993738014167743
diff_fpde,0.7460816691590213,0.21630863734653272,0.9702703201376017,0.02947746207354328,0.8581759946483115,0.10843129199327217,0.012168881440003361,0.004363848537552558,200,1,0.99375,0.993738014167743
hyb_fpde_grid,0.7471889685352185,0.21577001040045116,0.9700250063724661,0.030014490058239952,0.8586069874538422,0.10827657774376936,0.016327195539998344,0.006464539894875069,200,1,0.99375,0.993738014167743
lime,0.06479682195751024,0.0649833931207457,0.2406563024527037,0.14504388381616476,0.15272656220510697,0.06856465675092817,0.022637415249999435,0.0056077252577703945,200,1,0.99375,0.993738014167743
shap,0.4299189330937427,0.31686426454527494,0.5992481661599025,0.40871100993021475,0.5145835496268226,0.3563539864359557,0.07256291064000209,0.014576998865629139,200,1,0.99375,0.993738014167743
