method,mean_deletion_drop_auc,std_deletion_drop_auc,mean_insertion_auc,std_insertion_auc,mean_combined_score,std_combined_score,mean_runtime_seconds,std_runtime_seconds,completed_instances,completed_tasks,mean_test_accuracy,mean_test_balanced_accuracy
aime,0.8147388022792007,0.22897007256383534,0.822012610165143,0.17544432387713385,0.8183757062221719,0.167920677325662,0.00578265711110913,0.0001862027193126313,99,1,0.9393939393939394,0.9393939393939394
cos_fpde,0.7471657503802426,0.2527506793341907,0.598870961985553,0.3295247312235953,0.6730183561828977,0.23072646656431095,0.004366010727271186,7.386453395919928e-05,99,1,0.9393939393939394,0.9393939393939394
diff_fpde,0.7310079704539796,0.2663138266286098,0.6275451523661109,0.2964103471861931,0.6792765614100451,0.22853477939707403,0.0043263675555567024,8.570316778548554e-05,99,1,0.9393939393939394,0.9393939393939394
hyb_fpde_grid,0.7336585211423573,0.2609897827331554,0.5998308167196582,0.32082327760548873,0.6667446689310078,0.2273833453689407,0.006932014555557066,7.9067849392622e-05,99,1,0.9393939393939394,0.9393939393939394
lime,0.5677095177830153,0.3093231341889284,0.384213308405135,0.30324096022120983,0.47596141309407514,0.2301598159414125,0.03713823662626154,0.0020989735560827238,99,1,0.9393939393939394,0.9393939393939394
shap,0.8098080345956764,0.26114243137808746,0.8721579883718734,0.109034739726796,0.8409830114837749,0.15107830620939428,0.589474076888889,0.02975722046551486,99,1,0.9393939393939394,0.9393939393939394
