task_id,dataset_name,method,deletion_drop_auc,insertion_auc,combined_score,runtime_seconds,attr_l1_norm,mean_abs_exactness_residual,test_accuracy,test_balanced_accuracy,n_features_transformed,n_classes,ok
3022,vowel,aime,0.8147388022792007,0.822012610165143,0.8183757062221719,0.00578265711110913,3.735842785540529,,0.9393939393939394,0.9393939393939394,27,11,99
3022,vowel,cos_fpde,0.7471657503802426,0.598870961985553,0.6730183561828977,0.004366010727271186,0.5871628831122346,1.129541536062171e-16,0.9393939393939394,0.9393939393939394,27,11,99
3022,vowel,diff_fpde,0.7310079704539796,0.6275451523661109,0.6792765614100451,0.0043263675555567024,5.054490248336322,1.1540992628458225e-15,0.9393939393939394,0.9393939393939394,27,11,99
3022,vowel,hyb_fpde_grid,0.7336585211423573,0.5998308167196582,0.6667446689310078,0.006932014555557066,0.9758756109369843,7.004165064998274e-17,0.9393939393939394,0.9393939393939394,27,11,99
3022,vowel,lime,0.5677095177830153,0.384213308405135,0.47596141309407514,0.03713823662626154,0.336951415727844,,0.9393939393939394,0.9393939393939394,27,11,99
3022,vowel,shap,0.8098080345956764,0.8721579883718734,0.8409830114837749,0.589474076888889,7.489585430355824,,0.9393939393939394,0.9393939393939394,27,11,99
