method,mean_deletion_drop_auc,std_deletion_drop_auc,mean_insertion_auc,std_insertion_auc,mean_combined_score,std_combined_score,mean_runtime_seconds,std_runtime_seconds,completed_instances,completed_tasks,mean_test_accuracy,mean_test_balanced_accuracy
aime,0.43833277140446486,0.20575129062949696,0.8628703230767492,0.06275133813959424,0.6506015472406069,0.10705761948039953,0.07147281548500019,0.008251600951302165,200,1,0.7978723404255319,0.7963976288189695
cos_fpde,0.45398163668229435,0.1999205179560931,0.8711698587287741,0.05940717148477251,0.6625757477055342,0.10428352181754953,0.03146431144499957,0.0017648109414478868,200,1,0.7978723404255319,0.7963976288189695
diff_fpde,0.4538299419239367,0.20008279530614256,0.8710435208812966,0.059471995420868375,0.6624367314026166,0.10440843825149757,0.03134347179000116,0.0004499437318218447,200,1,0.7978723404255319,0.7963976288189695
hyb_fpde_grid,0.45398163668229435,0.1999205179560931,0.8711698587287741,0.05940717148477251,0.6625757477055342,0.10428352181754953,0.061667867325000146,0.0007185073824723602,200,1,0.7978723404255319,0.7963976288189695
lime,0.04585628954801631,0.10748318853660575,0.5340763065196498,0.20244852577817996,0.289966298033833,0.12296334931943309,0.4353039023100027,0.06633914086918177,200,1,0.7978723404255319,0.7963976288189695
shap,0.2779186123620735,0.30874578160189137,0.6049892554927639,0.3759455059990121,0.4414539339274187,0.33843385495790157,0.09867630129499873,0.016248230242173468,200,1,0.7978723404255319,0.7963976288189695
