task_id,dataset_name,method,deletion_drop_auc,insertion_auc,combined_score,runtime_seconds,attr_l1_norm,mean_abs_exactness_residual,test_accuracy,test_balanced_accuracy,n_features_transformed,n_classes,ok
9910,Bioresponse,aime,0.43833277140446486,0.8628703230767492,0.6506015472406069,0.07147281548500019,70.3912197480176,,0.7978723404255319,0.7963976288189695,1776,2,200
9910,Bioresponse,cos_fpde,0.45398163668229435,0.8711698587287741,0.6625757477055342,0.03146431144499957,1.0643946336806158,3.073875789322278e-17,0.7978723404255319,0.7963976288189695,1776,2,200
9910,Bioresponse,diff_fpde,0.4538299419239367,0.8710435208812966,0.6624367314026166,0.03134347179000116,162.44714310288526,1.5072387782311124e-13,0.7978723404255319,0.7963976288189695,1776,2,200
9910,Bioresponse,hyb_fpde_grid,0.45398163668229435,0.8711698587287741,0.6625757477055342,0.061667867325000146,1.0,3.252498097239265e-17,0.7978723404255319,0.7963976288189695,1776,2,200
9910,Bioresponse,lime,0.04585628954801631,0.5340763065196498,0.289966298033833,0.4353039023100027,5.543079711514132,,0.7978723404255319,0.7963976288189695,1776,2,200
9910,Bioresponse,shap,0.2779186123620735,0.6049892554927639,0.4414539339274187,0.09867630129499873,5.1243034279858986,,0.7978723404255319,0.7963976288189695,1776,2,200
