task_id,dataset_name,method,deletion_drop_auc,insertion_auc,combined_score,runtime_seconds,attr_l1_norm,mean_abs_exactness_residual,test_accuracy,test_balanced_accuracy,n_features_transformed,n_classes,ok
10093,banknote-authentication,aime,0.3751133231813327,0.8530519330774269,0.6140826281293799,0.0043735822826089015,1.7225069257170045,,0.9855072463768116,0.987012987012987,4,2,138
10093,banknote-authentication,cos_fpde,0.3749972366903988,0.8515924575623526,0.6132948471263757,0.0034024538985492022,1.2934279384595546,9.85272652514943e-17,0.9855072463768116,0.987012987012987,4,2,138
10093,banknote-authentication,diff_fpde,0.3787613854362804,0.851435817295724,0.6150986013660023,0.003375106086959635,4.506880104698877,5.803529959340379e-16,0.9855072463768116,0.987012987012987,4,2,138
10093,banknote-authentication,hyb_fpde_grid,0.3788684543732844,0.8528587945049834,0.6158636244391339,0.005328290202902591,0.9993690852201162,6.997975065770207e-17,0.9855072463768116,0.987012987012987,4,2,138
10093,banknote-authentication,lime,0.2194835738517423,0.7153314604430101,0.46740751714737616,0.019925292231879423,0.6608404209068693,,0.9855072463768116,0.987012987012987,4,2,138
10093,banknote-authentication,shap,0.32597370824682076,0.7136969575879295,0.519835332917375,0.06232676153623548,6.395400734797645,,0.9855072463768116,0.987012987012987,4,2,138
