method,mean_deletion_drop_auc,std_deletion_drop_auc,mean_insertion_auc,std_insertion_auc,mean_combined_score,std_combined_score,mean_runtime_seconds,std_runtime_seconds,completed_instances,completed_tasks,mean_test_accuracy,mean_test_balanced_accuracy
aime,0.41310311891411905,0.1317204782418309,0.8298591595908275,0.08393351172401309,0.6214811392524733,0.09866456707647359,0.048935830425000756,0.010609325857078631,200,1,0.823076923076923,0.823076923076923
cos_fpde,0.4147367652171223,0.13388195352825144,0.8308067822895423,0.08440722441775822,0.6227717737533323,0.09792463396751569,0.012089164100000431,0.002271588699365164,200,1,0.823076923076923,0.823076923076923
diff_fpde,0.4147367652171223,0.13388195352825144,0.8308067822895423,0.08440722441775822,0.6227717737533323,0.09792463396751569,0.02123277628500013,0.008298566015061725,200,1,0.823076923076923,0.823076923076923
hyb_fpde_grid,0.4147367652171223,0.13388195352825144,0.8308067822895423,0.08440722441775822,0.6227717737533323,0.09792463396751569,0.022205158840000648,0.0006450194850318699,200,1,0.823076923076923,0.823076923076923
lime,0.14068238768393923,0.18205934945470187,0.5623096039320612,0.15204409233840302,0.35149599580800023,0.13554086099043358,0.20528855875500157,0.08246178344350073,200,1,0.823076923076923,0.823076923076923
shap,0.23240359147389916,0.326336765135104,0.5888831909238227,0.3461749793640823,0.41064339119886095,0.3329822256046536,0.07175844452999926,0.015307599152403952,200,1,0.823076923076923,0.823076923076923
