task_id,dataset_name,method,deletion_drop_auc,insertion_auc,combined_score,runtime_seconds,attr_l1_norm,mean_abs_exactness_residual,test_accuracy,test_balanced_accuracy,n_features_transformed,n_classes,ok
9976,madelon,aime,0.41310311891411905,0.8298591595908275,0.6214811392524733,0.048935830425000756,32.775358098944906,,0.823076923076923,0.823076923076923,500,2,200
9976,madelon,cos_fpde,0.4147367652171223,0.8308067822895423,0.6227717737533323,0.012089164100000431,1.0427493227497795,2.121566811119635e-17,0.823076923076923,0.823076923076923,500,2,200
9976,madelon,diff_fpde,0.4147367652171223,0.8308067822895423,0.6227717737533323,0.02123277628500013,33.831180744461925,4.268585485078802e-14,0.823076923076923,0.823076923076923,500,2,200
9976,madelon,hyb_fpde_grid,0.4147367652171223,0.8308067822895423,0.6227717737533323,0.022205158840000648,1.0,1.8296995862865372e-17,0.823076923076923,0.823076923076923,500,2,200
9976,madelon,lime,0.14068238768393923,0.5623096039320612,0.35149599580800023,0.20528855875500157,3.3391560289382305,,0.823076923076923,0.823076923076923,500,2,200
9976,madelon,shap,0.23240359147389916,0.5888831909238227,0.41064339119886095,0.07175844452999926,5.281774826599988,,0.823076923076923,0.823076923076923,500,2,200
