task_id,dataset_name,method,deletion_drop_auc,insertion_auc,combined_score,runtime_seconds,attr_l1_norm,mean_abs_exactness_residual,test_accuracy,test_balanced_accuracy,n_features_transformed,n_classes,ok
14970,har,aime,0.6702180833466654,0.7996256306022452,0.7349218569744553,0.05391279814000058,109.70496393514577,,0.9893203883495145,0.9896872976994764,561,6,200
14970,har,cos_fpde,0.7979662296981975,0.8472310064238643,0.8225986180610309,0.012664006740000672,0.3775430763590878,7.292777493006497e-17,0.9893203883495145,0.9896872976994764,561,6,200
14970,har,diff_fpde,0.681672529152859,0.766191642872048,0.7239320860124535,0.018791734739999698,248.47334483054195,3.0515590054847054e-14,0.9893203883495145,0.9896872976994764,561,6,200
14970,har,hyb_fpde_grid,0.7979662296981975,0.8472310064238643,0.8225986180610309,0.0425581787549973,1.0,4.1689741936412615e-17,0.9893203883495145,0.9896872976994764,561,6,200
14970,har,lime,0.4052712089924027,0.5383850883279058,0.4718281486601542,0.2400831819000058,3.771532348247697,,0.9893203883495145,0.9896872976994764,561,6,200
14970,har,shap,0.8442741763312875,0.9746233602915894,0.9094487683114384,0.3410290577050026,8.391585921503026,,0.9893203883495145,0.9896872976994764,561,6,200
