method,mean_deletion_drop_auc,std_deletion_drop_auc,mean_insertion_auc,std_insertion_auc,mean_combined_score,std_combined_score,mean_runtime_seconds,std_runtime_seconds,completed_instances,completed_tasks,mean_test_accuracy,mean_test_balanced_accuracy
aime,0.5777887690647615,0.3433464278218133,0.9565714401627028,0.052597745911069735,0.7671801046137322,0.15897635198362148,0.01688127812941168,0.002266227272579195,85,1,0.9764705882352941,0.9769607843137256
cos_fpde,0.5952295508248577,0.3464590871264084,0.9436014423037995,0.08607679553487384,0.7694154965643286,0.15932161870365916,0.01680359142352974,0.00292314969171295,85,1,0.9764705882352941,0.9769607843137256
diff_fpde,0.5680997802605693,0.3529643694143723,0.9199400569345872,0.13307960330330834,0.7440199185975783,0.16488138125240037,0.016833438776470356,0.0035926957412009005,85,1,0.9764705882352941,0.9769607843137256
hyb_fpde_grid,0.5952295508248577,0.3464590871264084,0.9436014423037995,0.08607679553487384,0.7694154965643286,0.15932161870365916,0.022261778882353034,0.0043024892226167025,85,1,0.9764705882352941,0.9769607843137256
lime,0.13914729952153226,0.18316971670644033,0.6395661493171826,0.34789109361902976,0.38935672441935737,0.14354751040420552,0.028120480847058735,0.002460220975847125,85,1,0.9764705882352941,0.9769607843137256
shap,0.6071496907588266,0.3552083206523185,0.9666288531031644,0.04777460385303916,0.7868892719309956,0.16916519021539878,0.19754342480000192,0.020484479281934958,85,1,0.9764705882352941,0.9769607843137256
