task_id,dataset_name,method,deletion_drop_auc,insertion_auc,combined_score,runtime_seconds,attr_l1_norm,mean_abs_exactness_residual,test_accuracy,test_balanced_accuracy,n_features_transformed,n_classes,ok
3549,analcatdata_authorship,aime,0.5777887690647615,0.9565714401627028,0.7671801046137322,0.01688127812941168,11.613008208851635,,0.9764705882352941,0.9769607843137256,70,4,85
3549,analcatdata_authorship,cos_fpde,0.5952295508248577,0.9436014423037995,0.7694154965643286,0.01680359142352974,1.1770362616850925,9.526693159834982e-17,0.9764705882352941,0.9769607843137256,70,4,85
3549,analcatdata_authorship,diff_fpde,0.5680997802605693,0.9199400569345872,0.7440199185975783,0.016833438776470356,74.75976072742564,1.3928727452473728e-14,0.9764705882352941,0.9769607843137256,70,4,85
3549,analcatdata_authorship,hyb_fpde_grid,0.5952295508248577,0.9436014423037995,0.7694154965643286,0.022261778882353034,1.0,7.053181568206876e-17,0.9764705882352941,0.9769607843137256,70,4,85
3549,analcatdata_authorship,lime,0.13914729952153226,0.6395661493171826,0.38935672441935737,0.028120480847058735,1.063018127048478,,0.9764705882352941,0.9769607843137256,70,4,85
3549,analcatdata_authorship,shap,0.6071496907588266,0.9666288531031644,0.7868892719309956,0.19754342480000192,5.999307206553692,,0.9764705882352941,0.9769607843137256,70,4,85
