method,mean_deletion_drop_auc,std_deletion_drop_auc,mean_insertion_auc,std_insertion_auc,mean_combined_score,std_combined_score,mean_runtime_seconds,std_runtime_seconds,completed_instances,completed_tasks,mean_test_accuracy,mean_test_balanced_accuracy
aime,0.337330194730763,0.20792782860722747,0.8708649972306419,0.12194417467496299,0.6040975959807025,0.0769087069715664,0.012516510699998661,0.007487087766129999,100,1,0.81,0.7595238095238095
cos_fpde,0.3260599569157396,0.21337238637868347,0.8655680542209332,0.1298705005676737,0.5958140055683364,0.07600694393347525,0.011524105560001203,0.004134612916347682,100,1,0.81,0.7595238095238095
diff_fpde,0.3284472599594175,0.21256026808000877,0.8658835996141854,0.12958384215303298,0.5971654297868014,0.07649737047875446,0.009681679050000298,0.004074406303159183,100,1,0.81,0.7595238095238095
hyb_fpde_grid,0.3285131182243623,0.2128634510888953,0.8660192087203593,0.12934757028985738,0.5972661634723608,0.07638819503284439,0.014438383290001014,0.0045514538466496415,100,1,0.81,0.7595238095238095
lime,-0.09967432425719615,0.1550874501236504,0.44866267103697505,0.26236830240186854,0.17449417338988943,0.15659615640909225,0.021836967580000248,0.007202955345283388,100,1,0.81,0.7595238095238095
shap,0.20502885299263515,0.21572707162947619,0.7283767743651284,0.364196697612145,0.4667028136788817,0.275373484614347,0.07544534979000105,0.018082194115419354,100,1,0.81,0.7595238095238095
