method,mean_deletion_drop_auc,std_deletion_drop_auc,mean_insertion_auc,std_insertion_auc,mean_combined_score,std_combined_score,mean_runtime_seconds,std_runtime_seconds,completed_instances,completed_tasks,mean_test_accuracy,mean_test_balanced_accuracy
aime,0.45430425379453254,0.3120715450387031,0.9454459606505293,0.033952484949607516,0.699875107222531,0.15956203582257464,0.013846812623188333,0.005776259526241696,69,1,0.8840579710144928,0.882051282051282
cos_fpde,0.45156546158751976,0.3086717014606285,0.9384562779498591,0.042031220134941545,0.6950108697686894,0.15507075198409703,0.010503178463768498,0.005150797911634535,69,1,0.8840579710144928,0.882051282051282
diff_fpde,0.44851961601394674,0.3040072260405687,0.9354470465311435,0.04264162853465025,0.6919833312725452,0.15073502919270845,0.010761431855071201,0.005281237779244233,69,1,0.8840579710144928,0.882051282051282
hyb_fpde_grid,0.45156546158751976,0.3086717014606285,0.9384562779498591,0.042031220134941545,0.6950108697686894,0.15507075198409703,0.014399298782608972,0.005454628884450284,69,1,0.8840579710144928,0.882051282051282
lime,-0.026255755623197,0.14317581372011212,0.463272144726307,0.2976954759248343,0.218508194551555,0.17993136495862547,0.019542975202898397,0.007224004235184082,69,1,0.8840579710144928,0.882051282051282
shap,0.15742071407219224,0.18743632204906216,0.6242723210650531,0.3943095352398046,0.3908465175686227,0.2723752470047355,0.05200110430434771,0.024590577604187907,69,1,0.8840579710144928,0.882051282051282
