task_id,dataset_name,method,deletion_drop_auc,insertion_auc,combined_score,runtime_seconds,attr_l1_norm,mean_abs_exactness_residual,test_accuracy,test_balanced_accuracy,n_features_transformed,n_classes,ok
29,credit-approval,aime,0.45430425379453254,0.9454459606505293,0.699875107222531,0.013846812623188333,6.773981879794626,,0.8840579710144928,0.882051282051282,46,2,69
29,credit-approval,cos_fpde,0.45156546158751976,0.9384562779498591,0.6950108697686894,0.010503178463768498,1.369758462933764,1.2168205251779344e-16,0.8840579710144928,0.882051282051282,46,2,69
29,credit-approval,diff_fpde,0.44851961601394674,0.9354470465311435,0.6919833312725452,0.010761431855071201,7.005484178866457,2.572016673714946e-15,0.8840579710144928,0.882051282051282,46,2,69
29,credit-approval,hyb_fpde_grid,0.45156546158751976,0.9384562779498591,0.6950108697686894,0.014399298782608972,1.0,1.1388836733586865e-16,0.8840579710144928,0.882051282051282,46,2,69
29,credit-approval,lime,-0.026255755623197,0.463272144726307,0.218508194551555,0.019542975202898397,0.6940828984436052,,0.8840579710144928,0.882051282051282,46,2,69
29,credit-approval,shap,0.15742071407219224,0.6242723210650531,0.3908465175686227,0.05200110430434771,5.379732698444528,,0.8840579710144928,0.882051282051282,46,2,69
