task_id,dataset_name,method,deletion_drop_auc,insertion_auc,combined_score,runtime_seconds,attr_l1_norm,mean_abs_exactness_residual,test_accuracy,test_balanced_accuracy,n_features_transformed,n_classes,ok
45,splice,aime,0.728545180489232,0.8560747563067994,0.7923099683980156,0.03580691239000089,22.719782340915714,,0.9373040752351097,0.9388167388167389,285,3,200
45,splice,cos_fpde,0.7103064782022126,0.7883259686055095,0.7493162234038612,0.01440240983999999,0.9726098632012556,4.4738518445441853e-17,0.9373040752351097,0.9388167388167389,285,3,200
45,splice,diff_fpde,0.6883862813692931,0.8281662200092016,0.7582762506892473,0.02216219855999725,13.908678160552515,3.4822145167368033e-15,0.9373040752351097,0.9388167388167389,285,3,200
45,splice,hyb_fpde_grid,0.697994173046157,0.8257660013468741,0.7618800871965155,0.016950894670000025,0.9972165736205854,2.8275992658421957e-17,0.9373040752351097,0.9388167388167389,285,3,200
45,splice,lime,0.14878511369475114,0.2933053608670739,0.22104523728091252,0.17898133655499962,2.3313045504930874,,0.9373040752351097,0.9388167388167389,285,3,200
45,splice,shap,0.7775286268510514,0.9279520745821958,0.8527403507166236,0.18531444189999832,5.791325241487592,,0.9373040752351097,0.9388167388167389,285,3,200
