method,mean_deletion_drop_auc,std_deletion_drop_auc,mean_insertion_auc,std_insertion_auc,mean_combined_score,std_combined_score,mean_runtime_seconds,std_runtime_seconds,completed_instances,completed_tasks,mean_test_accuracy,mean_test_balanced_accuracy
aime,0.728545180489232,0.26001798867046977,0.8560747563067994,0.04262898098385202,0.7923099683980156,0.12852482019722633,0.03580691239000089,0.009862658095596173,200,1,0.9373040752351097,0.9388167388167389
cos_fpde,0.7103064782022126,0.25584212538643925,0.7883259686055095,0.15254801357516848,0.7493162234038612,0.1588502356942912,0.01440240983999999,0.0059658285835462194,200,1,0.9373040752351097,0.9388167388167389
diff_fpde,0.6883862813692931,0.23445575333744853,0.8281662200092016,0.07517386756033533,0.7582762506892473,0.12401651300021571,0.02216219855999725,0.006775921079184498,200,1,0.9373040752351097,0.9388167388167389
hyb_fpde_grid,0.697994173046157,0.236389076569364,0.8257660013468741,0.08585313439015362,0.7618800871965155,0.12821568615414913,0.016950894670000025,0.003062385243864223,200,1,0.9373040752351097,0.9388167388167389
lime,0.14878511369475114,0.07972790929857912,0.2933053608670739,0.20657798266287752,0.22104523728091252,0.09568649423060067,0.17898133655499962,0.07123514810145884,200,1,0.9373040752351097,0.9388167388167389
shap,0.7775286268510514,0.23576579733997308,0.9279520745821958,0.03906433275614961,0.8527403507166236,0.12304800647927838,0.18531444189999832,0.02045802598443642,200,1,0.9373040752351097,0.9388167388167389
