task_id,dataset_name,method,deletion_drop_auc,insertion_auc,combined_score,runtime_seconds,attr_l1_norm,mean_abs_exactness_residual,test_accuracy,test_balanced_accuracy,n_features_transformed,n_classes,ok
167120,numerai28.6,aime,0.028642132700624687,0.5280533874067828,0.2783477600537037,0.004834731469999838,7.703580838946412,,0.5132890365448505,0.5120744688075846,21,2,200
167120,numerai28.6,cos_fpde,0.0295186968771251,0.5288472793283444,0.27918298810273473,0.0036571511100021324,1.5763617973468924,8.020493991178768e-17,0.5132890365448505,0.5120744688075846,21,2,200
167120,numerai28.6,diff_fpde,0.0295186968771251,0.5288472793283444,0.27918298810273473,0.0036896217299991463,1.3319401899257923,2.5949208060094262e-15,0.5132890365448505,0.5120744688075846,21,2,200
167120,numerai28.6,hyb_fpde_grid,0.0295186968771251,0.5288472793283444,0.27918298810273473,0.029563571745000558,1.0,5.113531126310633e-17,0.5132890365448505,0.5120744688075846,21,2,200
167120,numerai28.6,lime,0.015762015168647277,0.5164001464457313,0.2660810808071893,0.009316291499998216,0.07761976050706147,,0.5132890365448505,0.5120744688075846,21,2,200
167120,numerai28.6,shap,0.018798514680678592,0.5195724789087688,0.2691854967947237,0.06147329629000012,0.3131614702614326,,0.5132890365448505,0.5120744688075846,21,2,200
