method,mean_deletion_drop_auc,std_deletion_drop_auc,mean_insertion_auc,std_insertion_auc,mean_combined_score,std_combined_score,mean_runtime_seconds,std_runtime_seconds,completed_instances,completed_tasks,mean_test_accuracy,mean_test_balanced_accuracy
aime,0.028642132700624687,0.02085264650413442,0.5280533874067828,0.015182470510589689,0.2783477600537037,0.015630164602603424,0.004834731469999838,0.0005020802582410088,200,1,0.5132890365448505,0.5120744688075846
cos_fpde,0.0295186968771251,0.021130187400030975,0.5288472793283444,0.01566073729070311,0.27918298810273473,0.01602564563002726,0.0036571511100021324,0.0004357042106389358,200,1,0.5132890365448505,0.5120744688075846
diff_fpde,0.0295186968771251,0.021130187400030975,0.5288472793283444,0.01566073729070311,0.27918298810273473,0.01602564563002726,0.0036896217299991463,0.0008086069728141296,200,1,0.5132890365448505,0.5120744688075846
hyb_fpde_grid,0.0295186968771251,0.021130187400030975,0.5288472793283444,0.01566073729070311,0.27918298810273473,0.01602564563002726,0.029563571745000558,0.0010595678718093404,200,1,0.5132890365448505,0.5120744688075846
lime,0.015762015168647277,0.018233304884338667,0.5164001464457313,0.01699871204220863,0.2660810808071893,0.01473219303026541,0.009316291499998216,0.0005949935157295739,200,1,0.5132890365448505,0.5120744688075846
shap,0.018798514680678592,0.029101975961732324,0.5195724789087688,0.03021578023618348,0.2691854967947237,0.027993321468430966,0.06147329629000012,0.013515466565430838,200,1,0.5132890365448505,0.5120744688075846
