task_id,dataset_name,method,deletion_drop_auc,insertion_auc,combined_score,runtime_seconds,attr_l1_norm,mean_abs_exactness_residual,test_accuracy,test_balanced_accuracy,n_features_transformed,n_classes,ok
146819,climate-model-simulation-crashes,aime,0.10305068239485238,0.9585669863022774,0.5308088343485649,0.004739590055556867,3.69388110452048,,0.9259259259259259,0.8449999999999999,18,2,54
146819,climate-model-simulation-crashes,cos_fpde,0.10362263882851547,0.9586883692284431,0.5311555040284793,0.0036042088518531434,1.1809558120821446,5.233082485863368e-17,0.9259259259259259,0.8449999999999999,18,2,54
146819,climate-model-simulation-crashes,diff_fpde,0.10032554915056242,0.9345801735171789,0.5174528613338707,0.003582688796295012,10.712827306229785,2.2430617034556402e-15,0.9259259259259259,0.8449999999999999,18,2,54
146819,climate-model-simulation-crashes,hyb_fpde_grid,0.10362263882851547,0.9586883692284431,0.5311555040284793,0.0053437467407391115,1.0,4.828313674802113e-17,0.9259259259259259,0.8449999999999999,18,2,54
146819,climate-model-simulation-crashes,lime,0.07784242474136856,0.9139768631172092,0.4959096439292889,0.009277611407407415,0.23490517008564726,,0.9259259259259259,0.8449999999999999,18,2,54
146819,climate-model-simulation-crashes,shap,0.030563270951812084,0.8993238982952898,0.46494358462355095,0.02944507659259022,4.535015798757614,,0.9259259259259259,0.8449999999999999,18,2,54
