method,mean_deletion_drop_auc,std_deletion_drop_auc,mean_insertion_auc,std_insertion_auc,mean_combined_score,std_combined_score,mean_runtime_seconds,std_runtime_seconds,completed_instances,completed_tasks,mean_test_accuracy,mean_test_balanced_accuracy
aime,0.6774246504133937,0.21390937927038664,0.7645406634701406,0.18640665138210877,0.7209826569417672,0.15767133024390936,0.005460913560000691,6.757497551148724e-05,200,1,0.9393939393939393,0.9393939393939393
cos_fpde,0.5795607913471137,0.2952438140368162,0.7199287208472971,0.21770038910539574,0.6497447560972053,0.20541585106234178,0.004370606405000359,0.0007826348496326214,200,1,0.9393939393939393,0.9393939393939393
diff_fpde,0.5731327674794352,0.2958505899224486,0.6547931431481596,0.2872323594067269,0.6139629553137974,0.25154656926004204,0.004327386584999146,0.0010550519750054568,200,1,0.9393939393939393,0.9393939393939393
hyb_fpde_grid,0.5714545256361007,0.29834469984694906,0.7172910307532107,0.22647131933010145,0.6443727781946557,0.2114478854776492,0.007562193235000692,0.001169323198058293,200,1,0.9393939393939393,0.9393939393939393
lime,0.4225018345329976,0.3419521191525527,0.540784497856573,0.2976245397555618,0.4816431661947853,0.2854649146115704,0.02121852524000012,0.0007244747790034919,200,1,0.9393939393939393,0.9393939393939393
shap,0.7217178637040956,0.23103545934195993,0.8206989660468301,0.14022096271715906,0.7712084148754629,0.14079050171604465,0.40591980290500085,0.01957255350715927,200,1,0.9393939393939393,0.9393939393939393
