task_id,dataset_name,method,deletion_drop_auc,insertion_auc,combined_score,runtime_seconds,attr_l1_norm,mean_abs_exactness_residual,test_accuracy,test_balanced_accuracy,n_features_transformed,n_classes,ok
146822,segment,aime,0.6774246504133937,0.7645406634701406,0.7209826569417672,0.005460913560000691,4.031804128116321,,0.9393939393939393,0.9393939393939393,16,7,200
146822,segment,cos_fpde,0.5795607913471137,0.7199287208472971,0.6497447560972053,0.004370606405000359,0.7352669704372525,7.317063621670172e-17,0.9393939393939393,0.9393939393939393,16,7,200
146822,segment,diff_fpde,0.5731327674794352,0.6547931431481596,0.6139629553137974,0.004327386584999146,12.480633486194694,3.5418890043104056e-15,0.9393939393939393,0.9393939393939393,16,7,200
146822,segment,hyb_fpde_grid,0.5714545256361007,0.7172910307532107,0.6443727781946557,0.007562193235000692,0.9687503260264917,5.604891550881064e-17,0.9393939393939393,0.9393939393939393,16,7,200
146822,segment,lime,0.4225018345329976,0.540784497856573,0.4816431661947853,0.02121852524000012,0.3868939182568291,,0.9393939393939393,0.9393939393939393,16,7,200
146822,segment,shap,0.7217178637040956,0.8206989660468301,0.7712084148754629,0.40591980290500085,7.851708391032616,,0.9393939393939393,0.9393939393939393,16,7,200
