task_id,dataset_name,method,deletion_drop_auc,insertion_auc,combined_score,runtime_seconds,attr_l1_norm,mean_abs_exactness_residual,test_accuracy,test_balanced_accuracy,n_features_transformed,n_classes,ok
29,credit-approval,aime,0.44978691379385904,0.9447507529689854,0.6972688333814222,0.005670927304343923,6.5947311324217965,,0.8840579710144928,0.8782051282051282,46,2,69
29,credit-approval,cos_fpde,0.44270210071094585,0.9408286795179509,0.6917653901144483,0.004195665144928408,1.3417819289209902,1.0262523520199024e-16,0.8840579710144928,0.8782051282051282,46,2,69
29,credit-approval,diff_fpde,0.4379520786955644,0.9366205312433559,0.6872863049694601,0.00413755114492526,6.505789568798219,1.3499668371891396e-15,0.8840579710144928,0.8782051282051282,46,2,69
29,credit-approval,hyb_fpde_grid,0.44270210071094585,0.9408286795179509,0.6917653901144483,0.006275325115944046,1.0,1.0808081482933758e-16,0.8840579710144928,0.8782051282051282,46,2,69
29,credit-approval,lime,-0.01704149531497807,0.4672993818784668,0.22512894328174435,0.012474079927535282,0.6627853027914913,,0.8840579710144928,0.8782051282051282,46,2,69
29,credit-approval,shap,0.19560666108778893,0.6430601568435564,0.41933340896567267,0.0354188999420378,5.161835846719106,,0.8840579710144928,0.8782051282051282,46,2,69
