method,mean_deletion_drop_auc,std_deletion_drop_auc,mean_insertion_auc,std_insertion_auc,mean_combined_score,std_combined_score,mean_runtime_seconds,std_runtime_seconds,completed_instances,completed_tasks,mean_test_accuracy,mean_test_balanced_accuracy
aime,0.7962793273482158,0.22124623266565618,0.8184783752633226,0.1577824541185403,0.8073788513057693,0.16311689251316575,0.005822888838384623,0.00016162541396568962,99,1,0.9090909090909091,0.9090909090909091
cos_fpde,0.7482090966665264,0.2470728692698414,0.5977466749474015,0.3242890837343081,0.6729778858069639,0.2278546606021612,0.004418168080809495,0.00015669248437981325,99,1,0.9090909090909091,0.9090909090909091
diff_fpde,0.7314049897701571,0.2628713449369256,0.6310080132635748,0.2970077598601861,0.681206501516866,0.23589319009688936,0.004373328353535278,0.00015695847349238745,99,1,0.9090909090909091,0.9090909090909091
hyb_fpde_grid,0.7452140226442094,0.25167680270342335,0.5903028628770025,0.32249451196491924,0.667758442760606,0.22921481038926536,0.007054059949495145,0.00029447007710148196,99,1,0.9090909090909091,0.9090909090909091
lime,0.5412985371305592,0.30420897878780484,0.3516094821404649,0.27591408860172345,0.446454009635512,0.2263551395682531,0.03697367037373792,0.00067109578982768,99,1,0.9090909090909091,0.9090909090909091
shap,0.8209100503061264,0.2127111823367619,0.8644553109276186,0.12028594362298585,0.8426826806168725,0.13750184061740076,0.6038038440606045,0.028259388538961285,99,1,0.9090909090909091,0.9090909090909091
