task_id,dataset_name,method,deletion_drop_auc,insertion_auc,combined_score,runtime_seconds,attr_l1_norm,mean_abs_exactness_residual,test_accuracy,test_balanced_accuracy,n_features_transformed,n_classes,ok
28,optdigits,aime,0.8566575759705967,0.9306994496529822,0.8936785128117894,0.011418825680000425,10.14327997295157,,0.9733096085409252,0.9734291449627205,64,10,200
28,optdigits,cos_fpde,0.8461261325583497,0.8504619065554803,0.8482940195569151,0.012040878924998992,0.9889785947503491,5.991734886023892e-17,0.9733096085409252,0.9734291449627205,64,10,200
28,optdigits,diff_fpde,0.8106614215948423,0.8344895174137704,0.8225754695043064,0.010617979835001066,49.142852166101186,4.523048602322888e-15,0.9733096085409252,0.9734291449627205,64,10,200
28,optdigits,hyb_fpde_grid,0.8461261325583497,0.8504619065554803,0.8482940195569151,0.019696419585000485,1.0,4.8583099349075456e-17,0.9733096085409252,0.9734291449627205,64,10,200
28,optdigits,lime,0.35775252376560507,0.4080650361082956,0.3829087799369503,0.0375831428099994,0.5999835348728355,,0.9733096085409252,0.9734291449627205,64,10,200
28,optdigits,shap,0.870255483952613,0.9578896191661298,0.9140725515593714,0.5785509784149999,9.525245326814694,,0.9733096085409252,0.9734291449627205,64,10,200
