task_id,dataset_name,method,deletion_drop_auc,insertion_auc,combined_score,runtime_seconds,attr_l1_norm,mean_abs_exactness_residual,test_accuracy,test_balanced_accuracy,n_features_transformed,n_classes,ok
9957,qsar-biodeg,aime,0.3851536038249569,0.8776280927799103,0.6313908483024334,0.011285930707547666,8.764709118270718,,0.8679245283018868,0.846031746031746,41,2,106
9957,qsar-biodeg,cos_fpde,0.38753688609271425,0.8781211558295641,0.6328290209611391,0.0095313343207545,1.3340056356519305,9.472244791465811e-17,0.8679245283018868,0.846031746031746,41,2,106
9957,qsar-biodeg,diff_fpde,0.3846721869270291,0.877263838391842,0.6309680126594355,0.009852410339621918,20.752132680449684,4.185331326794458e-15,0.8679245283018868,0.846031746031746,41,2,106
9957,qsar-biodeg,hyb_fpde_grid,0.38753688609271425,0.8781211558295641,0.6328290209611391,0.013464238613207051,1.0,5.344912143905898e-17,0.8679245283018868,0.846031746031746,41,2,106
9957,qsar-biodeg,lime,0.0322909767634841,0.6153471631780641,0.32381906997077414,0.018333970037737,0.6238684113914328,,0.8679245283018868,0.846031746031746,41,2,106
9957,qsar-biodeg,shap,0.20353973663645966,0.6472555496075719,0.4253976431220158,0.08027300182075396,5.638904203845314,,0.8679245283018868,0.846031746031746,41,2,106
