task_id,dataset_name,method,deletion_drop_auc,insertion_auc,combined_score,runtime_seconds,attr_l1_norm,mean_abs_exactness_residual,test_accuracy,test_balanced_accuracy,n_features_transformed,n_classes,ok
167125,Internet-Advertisements,aime,0.291508844181156,0.9779889891629455,0.6347489166720507,0.08760343829499831,50.86331084897984,,0.9725609756097561,0.9112704286154796,3113,2,200
167125,Internet-Advertisements,cos_fpde,0.2916765495006586,0.9797329108062215,0.6357047301534401,0.04613773287999834,0.6136131819125804,2.910367259689739e-16,0.9725609756097561,0.9112704286154796,3113,2,200
167125,Internet-Advertisements,diff_fpde,0.2843724882235927,0.9790735394420835,0.6317230138328381,0.04606146063999958,8.993148002590164,2.3808732763086482e-15,0.9725609756097561,0.9112704286154796,3113,2,200
167125,Internet-Advertisements,hyb_fpde_grid,0.2916765495006586,0.9797329108062215,0.6357047301534401,0.08103178452999998,1.0,1.0953911389055549e-16,0.9725609756097561,0.9112704286154796,3113,2,200
167125,Internet-Advertisements,lime,0.052460767573577156,0.8149682156955222,0.4337144916345498,0.5823626242150008,3.2387856573127864,,0.9725609756097561,0.9112704286154796,3113,2,200
167125,Internet-Advertisements,shap,0.23762508816348887,0.8907242787717524,0.5641746834676207,0.11054854566999865,3.8052192949821086,,0.9725609756097561,0.9112704286154796,3113,2,200
