task_id,dataset_name,method,deletion_drop_auc,insertion_auc,combined_score,runtime_seconds,attr_l1_norm,mean_abs_exactness_residual,test_accuracy,test_balanced_accuracy,n_features_transformed,n_classes,ok
9971,ilpd,aime,0.08600062186509937,0.8363640220938818,0.4611823219794906,0.005081579627118084,4.212323424642398,,0.6610169491525424,0.5343137254901961,11,2,59
9971,ilpd,cos_fpde,0.10713992021666596,0.8491899941867439,0.47816495720170493,0.003950366254236197,1.3333727760557401,1.0984621874998901e-16,0.6610169491525424,0.5343137254901961,11,2,59
9971,ilpd,diff_fpde,0.10586752646161011,0.8471154100713758,0.47649146826649297,0.003896823711863239,4.094046012825542,1.7053213831636409e-15,0.6610169491525424,0.5343137254901961,11,2,59
9971,ilpd,hyb_fpde_grid,0.10713992021666596,0.8491899941867439,0.47816495720170493,0.005920627000000278,1.0,9.144050864894695e-17,0.6610169491525424,0.5343137254901961,11,2,59
9971,ilpd,lime,-0.017392565160100817,0.7679475136705964,0.37527747425524777,0.009722500118645233,0.23888992374592524,,0.6610169491525424,0.5343137254901961,11,2,59
9971,ilpd,shap,0.009252765357573602,0.7384957545966246,0.3738742599770991,0.0341454559491523,3.0143181345798826,,0.6610169491525424,0.5343137254901961,11,2,59
