method,mean_deletion_drop_auc,std_deletion_drop_auc,mean_insertion_auc,std_insertion_auc,mean_combined_score,std_combined_score,mean_runtime_seconds,std_runtime_seconds,completed_instances,completed_tasks,mean_test_accuracy,mean_test_balanced_accuracy
aime,0.08600062186509937,0.23122472152873755,0.8363640220938818,0.23283848794883882,0.4611823219794906,0.06375113508837596,0.005081579627118084,8.335085614206194e-05,59,1,0.6610169491525424,0.5343137254901961
cos_fpde,0.10713992021666596,0.2369378439864338,0.8491899941867439,0.22127338654776676,0.47816495720170493,0.05639021562692219,0.003950366254236197,3.33363082793201e-05,59,1,0.6610169491525424,0.5343137254901961
diff_fpde,0.10586752646161011,0.23426119435383289,0.8471154100713758,0.2229598010738211,0.47649146826649297,0.05743384627730254,0.003896823711863239,4.9330351848340296e-05,59,1,0.6610169491525424,0.5343137254901961
hyb_fpde_grid,0.10713992021666596,0.2369378439864338,0.8491899941867439,0.22127338654776676,0.47816495720170493,0.05639021562692219,0.005920627000000278,3.285763340186029e-05,59,1,0.6610169491525424,0.5343137254901961
lime,-0.017392565160100817,0.21346037122161526,0.7679475136705964,0.30584610780433724,0.37527747425524777,0.10189399966504785,0.009722500118645233,0.0001438734658985672,59,1,0.6610169491525424,0.5343137254901961
shap,0.009252765357573602,0.31301637844075886,0.7384957545966246,0.181148101390848,0.3738742599770991,0.13891524212991735,0.0341454559491523,0.022987785769984247,59,1,0.6610169491525424,0.5343137254901961
