task_id,dataset_name,method,deletion_drop_auc,insertion_auc,combined_score,runtime_seconds,attr_l1_norm,mean_abs_exactness_residual,test_accuracy,test_balanced_accuracy,n_features_transformed,n_classes,ok
31,credit-g,aime,0.28280104187526645,0.8704253230254834,0.576613182450375,0.012499047080000025,9.215491280945336,,0.77,0.7023809523809522,61,2,100
31,credit-g,cos_fpde,0.2689632688145648,0.8689331430066213,0.568948205910593,0.01107926356999741,1.2619503384622919,8.569533971325427e-17,0.77,0.7023809523809522,61,2,100
31,credit-g,diff_fpde,0.2677298531891705,0.8675488451018022,0.5676393491454863,0.011407629150000674,4.181586604990509,2.182004577022667e-15,0.77,0.7023809523809522,61,2,100
31,credit-g,hyb_fpde_grid,0.2709127762303467,0.8690393537302255,0.5699760649802861,0.015730159559999776,0.9998519227141377,6.881648029199994e-17,0.77,0.7023809523809522,61,2,100
31,credit-g,lime,-0.06716573741003251,0.523069689839803,0.2279519762148852,0.021850249799998098,0.39763240676486333,,0.77,0.7023809523809522,61,2,100
31,credit-g,shap,0.1843206286513081,0.7501449684339043,0.4672327985426062,0.07629674891000064,4.307804185078926,,0.77,0.7023809523809522,61,2,100
