method,mean_deletion_drop_auc,std_deletion_drop_auc,mean_insertion_auc,std_insertion_auc,mean_combined_score,std_combined_score,mean_runtime_seconds,std_runtime_seconds,completed_instances,completed_tasks,mean_test_accuracy,mean_test_balanced_accuracy
aime,0.4093117487712171,0.12928569648759988,0.8225266947711236,0.08909377290061131,0.6159192217711704,0.09900424827349757,0.04654226306499993,0.009573790766466759,200,1,0.8038461538461539,0.8038461538461539
cos_fpde,0.40989952204872515,0.1333350475221784,0.8236023995551663,0.09010010412057314,0.6167509608019458,0.10008564034681998,0.012239561305000137,0.0027373811558143992,200,1,0.8038461538461539,0.8038461538461539
diff_fpde,0.40989952204872515,0.1333350475221784,0.8236023995551663,0.09010010412057314,0.6167509608019458,0.10008564034681998,0.023189235194999186,0.008413173696571265,200,1,0.8038461538461539,0.8038461538461539
hyb_fpde_grid,0.40989952204872515,0.1333350475221784,0.8236023995551663,0.09010010412057314,0.6167509608019458,0.10008564034681998,0.022381663994999457,0.0006195468755716542,200,1,0.8038461538461539,0.8038461538461539
lime,0.14284821864109434,0.16557639291132695,0.5371835029258437,0.1242105897261702,0.340015860783469,0.1109381535749411,0.19446606260499918,0.08141259338991752,200,1,0.8038461538461539,0.8038461538461539
shap,0.24534819368113422,0.3263248518675912,0.6026187949056371,0.34196803173858253,0.42398349429338567,0.3294738397259885,0.07194991027500336,0.015026581170302391,200,1,0.8038461538461539,0.8038461538461539
