task_id,dataset_name,method,deletion_drop_auc,insertion_auc,combined_score,runtime_seconds,attr_l1_norm,mean_abs_exactness_residual,test_accuracy,test_balanced_accuracy,n_features_transformed,n_classes,ok
9976,madelon,aime,0.4093117487712171,0.8225266947711236,0.6159192217711704,0.04654226306499993,33.64516280424736,,0.8038461538461539,0.8038461538461539,500,2,200
9976,madelon,cos_fpde,0.40989952204872515,0.8236023995551663,0.6167509608019458,0.012239561305000137,1.0939844979187159,2.0077255830086572e-17,0.8038461538461539,0.8038461538461539,500,2,200
9976,madelon,diff_fpde,0.40989952204872515,0.8236023995551663,0.6167509608019458,0.023189235194999186,36.272318491983604,4.507172413070748e-14,0.8038461538461539,0.8038461538461539,500,2,200
9976,madelon,hyb_fpde_grid,0.40989952204872515,0.8236023995551663,0.6167509608019458,0.022381663994999457,1.0,1.5556132770822017e-17,0.8038461538461539,0.8038461538461539,500,2,200
9976,madelon,lime,0.14284821864109434,0.5371835029258437,0.340015860783469,0.19446606260499918,3.3843653108515133,,0.8038461538461539,0.8038461538461539,500,2,200
9976,madelon,shap,0.24534819368113422,0.6026187949056371,0.42398349429338567,0.07194991027500336,5.240150793808562,,0.8038461538461539,0.8038461538461539,500,2,200
