task_id,dataset_name,method,deletion_drop_auc,insertion_auc,combined_score,runtime_seconds,attr_l1_norm,mean_abs_exactness_residual,test_accuracy,test_balanced_accuracy,n_features_transformed,n_classes,ok
146822,segment,aime,0.6814953006281036,0.7524108600566412,0.7169530803423725,0.005154866524999306,4.058109553590988,,0.9350649350649349,0.9350649350649352,16,7,200
146822,segment,cos_fpde,0.5878414383834242,0.7108734298369466,0.6493574341101853,0.004112957484999953,0.7461192448144567,7.216449660063518e-17,0.9350649350649349,0.9350649350649352,16,7,200
146822,segment,diff_fpde,0.5946528958294376,0.6831943275713331,0.6389236117003854,0.004065734664999496,12.695981724897676,2.6374735728751377e-15,0.9350649350649349,0.9350649350649352,16,7,200
146822,segment,hyb_fpde_grid,0.5946528958294376,0.6831943275713331,0.6389236117003854,0.007053491345001248,1.0,6.41522425459673e-17,0.9350649350649349,0.9350649350649352,16,7,200
146822,segment,lime,0.4238579082209138,0.546567323849526,0.48521261603521987,0.019652509800001213,0.3801742627983217,,0.9350649350649349,0.9350649350649352,16,7,200
146822,segment,shap,0.7173741498375199,0.8611844073621691,0.7892792785998445,0.38512259193999826,7.75356096410528,,0.9350649350649349,0.9350649350649352,16,7,200
