method,mean_deletion_drop_auc,std_deletion_drop_auc,mean_insertion_auc,std_insertion_auc,mean_combined_score,std_combined_score,mean_runtime_seconds,std_runtime_seconds,completed_instances,completed_tasks,mean_test_accuracy,mean_test_balanced_accuracy
aime,0.6814953006281036,0.22772981962871003,0.7524108600566412,0.21409767651629813,0.7169530803423725,0.17848772748678116,0.005154866524999306,0.00012144107288690948,200,1,0.9350649350649349,0.9350649350649352
cos_fpde,0.5878414383834242,0.2972523640438666,0.7108734298369466,0.25004622714299,0.6493574341101853,0.214354104600398,0.004112957484999953,0.0009832867684015823,200,1,0.9350649350649349,0.9350649350649352
diff_fpde,0.5946528958294376,0.2896723557181941,0.6831943275713331,0.2856709852940686,0.6389236117003854,0.23701443218073984,0.004065734664999496,0.001012840305515685,200,1,0.9350649350649349,0.9350649350649352
hyb_fpde_grid,0.5946528958294376,0.2896723557181941,0.6831943275713331,0.2856709852940686,0.6389236117003854,0.23701443218073984,0.007053491345001248,0.0013544066762075442,200,1,0.9350649350649349,0.9350649350649352
lime,0.4238579082209138,0.3283590720713641,0.546567323849526,0.3498743120266132,0.48521261603521987,0.29453782555829716,0.019652509800001213,0.0010129184939772094,200,1,0.9350649350649349,0.9350649350649352
shap,0.7173741498375199,0.2504116681908606,0.8611844073621691,0.1284573003083705,0.7892792785998445,0.15051377531880664,0.38512259193999826,0.01602236519310636,200,1,0.9350649350649349,0.9350649350649352
