task_id,dataset_name,method,deletion_drop_auc,insertion_auc,combined_score,runtime_seconds,attr_l1_norm,mean_abs_exactness_residual,test_accuracy,test_balanced_accuracy,n_features_transformed,n_classes,ok
167140,dna,aime,0.48941160502941405,0.9736953664635368,0.7315534857464755,0.043209355760004085,36.32513273414529,,0.9498432601880877,0.9421129494052765,360,3,200
167140,dna,cos_fpde,0.48520256409251394,0.9482716036328067,0.7167370838626603,0.01465282918500236,0.9909465206145431,3.3879149485827045e-17,0.9498432601880877,0.9421129494052765,360,3,200
167140,dna,diff_fpde,0.47621521741811423,0.9462501597575919,0.711232688587853,0.02452936255500674,21.719537664474366,6.765144000553392e-15,0.9498432601880877,0.9421129494052765,360,3,200
167140,dna,hyb_fpde_grid,0.48471699973056226,0.9487998357324424,0.7167584177315023,0.021204467135002573,0.9972773107075671,2.7204800912006276e-17,0.9498432601880877,0.9421129494052765,360,3,200
167140,dna,lime,0.06286119299472887,0.5574367310300968,0.3101489620124129,0.17205840606999742,1.7031841594969668,,0.9498432601880877,0.9421129494052765,360,3,200
167140,dna,shap,0.4965924458342815,0.9746867561957192,0.7356396010150003,0.19716836662999357,5.773194403104425,,0.9498432601880877,0.9421129494052765,360,3,200
