task_id,dataset_name,method,deletion_drop_auc,insertion_auc,combined_score,runtime_seconds,attr_l1_norm,mean_abs_exactness_residual,test_accuracy,test_balanced_accuracy,n_features_transformed,n_classes,ok
9976,madelon,aime,0.4355597177606731,0.8276998787456549,0.631629798253164,0.049520095215000025,34.16209849244478,,0.8153846153846154,0.8153846153846154,500,2,200
9976,madelon,cos_fpde,0.43673124056769,0.8283247274458292,0.6325279840067597,0.014312508775001476,1.0751955387275522,2.267852789242242e-17,0.8153846153846154,0.8153846153846154,500,2,200
9976,madelon,diff_fpde,0.43673124056769,0.8283247274458292,0.6325279840067597,0.024229581890000844,36.032983344143624,4.542838327736831e-14,0.8153846153846154,0.8153846153846154,500,2,200
9976,madelon,hyb_fpde_grid,0.43673124056769,0.8283247274458292,0.6325279840067597,0.02315494907000158,1.0,1.4220395694319876e-17,0.8153846153846154,0.8153846153846154,500,2,200
9976,madelon,lime,0.17427357871698948,0.5644891824529592,0.3693813805849744,0.19946210845499962,3.3667439940348385,,0.8153846153846154,0.8153846153846154,500,2,200
9976,madelon,shap,0.2095419671282722,0.5426663072680801,0.37610413719817615,0.0756791667950013,5.334564238480792,,0.8153846153846154,0.8153846153846154,500,2,200
