method,mean_deletion_drop_auc,std_deletion_drop_auc,mean_insertion_auc,std_insertion_auc,mean_combined_score,std_combined_score,mean_runtime_seconds,std_runtime_seconds,completed_instances,completed_tasks,mean_test_accuracy,mean_test_balanced_accuracy
aime,0.4355597177606731,0.14033825915012185,0.8276998787456549,0.08473627903905796,0.631629798253164,0.10335632404837525,0.049520095215000025,0.010753836880244621,200,1,0.8153846153846154,0.8153846153846154
cos_fpde,0.43673124056769,0.13805514435189847,0.8283247274458292,0.08380424618514117,0.6325279840067597,0.10232933996990132,0.014312508775001476,0.002956021244375895,200,1,0.8153846153846154,0.8153846153846154
diff_fpde,0.43673124056769,0.13805514435189847,0.8283247274458292,0.08380424618514117,0.6325279840067597,0.10232933996990132,0.024229581890000844,0.008151821514585532,200,1,0.8153846153846154,0.8153846153846154
hyb_fpde_grid,0.43673124056769,0.13805514435189847,0.8283247274458292,0.08380424618514117,0.6325279840067597,0.10232933996990132,0.02315494907000158,0.0008866912116496968,200,1,0.8153846153846154,0.8153846153846154
lime,0.17427357871698948,0.14101843550131435,0.5644891824529592,0.15711166500318105,0.3693813805849744,0.1260556014627743,0.19946210845499962,0.07886186161637404,200,1,0.8153846153846154,0.8153846153846154
shap,0.2095419671282722,0.3472618885011024,0.5426663072680801,0.3481989199456457,0.37610413719817615,0.3444520483551728,0.0756791667950013,0.013743113415240288,200,1,0.8153846153846154,0.8153846153846154
