task_id,dataset_name,method,deletion_drop_auc,insertion_auc,combined_score,runtime_seconds,attr_l1_norm,mean_abs_exactness_residual,test_accuracy,test_balanced_accuracy,n_features_transformed,n_classes,ok
10101,blood-transfusion-service-center,aime,0.1459529117055135,0.8523433439853039,0.4991481278454087,0.0043692282666692485,2.187673136193071,,0.8,0.6593567251461988,4,2,75
10101,blood-transfusion-service-center,cos_fpde,0.14468413058171858,0.8537479236806645,0.4992160271311916,0.003372608186668534,1.6020070842311058,7.327471962526034e-17,0.8,0.6593567251461988,4,2,75
10101,blood-transfusion-service-center,diff_fpde,0.11015262596320995,0.8543948378228898,0.48227373189304984,0.0033404660800007,2.250197325666816,3.609150015885613e-16,0.8,0.6593567251461988,4,2,75
10101,blood-transfusion-service-center,hyb_fpde_grid,0.14468413058171858,0.853813298495831,0.49924871453877484,0.00513713677333423,1.0,5.512951206654293e-17,0.8,0.6593567251461988,4,2,75
10101,blood-transfusion-service-center,lime,-0.03800432937409216,0.6698521908226689,0.31592393072428837,0.01981428837333283,0.2188678774225067,,0.8,0.6593567251461988,4,2,75
10101,blood-transfusion-service-center,shap,0.006366986877464145,0.7161541855192434,0.3612605861983538,0.03482658726666841,1.8350223807408432,,0.8,0.6593567251461988,4,2,75
