task_id,dataset_name,method,deletion_drop_auc,insertion_auc,combined_score,runtime_seconds,attr_l1_norm,mean_abs_exactness_residual,test_accuracy,test_balanced_accuracy,n_features_transformed,n_classes,ok
11,balance-scale,aime,0.429390058742632,0.8517491479549045,0.6405696033487682,0.00483311561904727,2.475833777552134,,0.9206349206349206,0.7218390804597701,4,3,63
11,balance-scale,cos_fpde,0.40144689451000237,0.8407887821207651,0.6211178383153837,0.003814467126985511,1.4604801452928222,8.475363268343828e-17,0.9206349206349206,0.7218390804597701,4,3,63
11,balance-scale,diff_fpde,0.43517139486043677,0.8584929902221976,0.6468321925413172,0.003782834126983715,4.826766763249045,4.586278446963445e-16,0.9206349206349206,0.7218390804597701,4,3,63
11,balance-scale,hyb_fpde_grid,0.43517139486043677,0.8584929902221976,0.6468321925413172,0.0057645138888901895,1.0,4.750526471315852e-17,0.9206349206349206,0.7218390804597701,4,3,63
11,balance-scale,lime,0.10916567874992283,0.5727641116983926,0.34096489522415774,0.02581581306349252,0.7730745262365171,,0.9206349206349206,0.7218390804597701,4,3,63
11,balance-scale,shap,0.42625480232852125,0.8504566251272256,0.6383557137278735,0.10466568222222301,4.143343053282804,,0.9206349206349206,0.7218390804597701,4,3,63
