method,mean_deletion_drop_auc,std_deletion_drop_auc,mean_insertion_auc,std_insertion_auc,mean_combined_score,std_combined_score,mean_runtime_seconds,std_runtime_seconds,completed_instances,completed_tasks,mean_test_accuracy,mean_test_balanced_accuracy
aime,0.3176790407051129,0.14007995606559204,0.9153858310719816,0.03898262144682141,0.6165324358885472,0.07746816678018105,0.005058355542858196,8.804146241685736e-05,70,1,0.9571428571428572,0.9574275362318839
cos_fpde,0.3176790407051129,0.14007995606559204,0.9153858310719816,0.03898262144682141,0.6165324358885472,0.07746816678018105,0.003949257942856629,3.6322160229933206e-05,70,1,0.9571428571428572,0.9574275362318839
diff_fpde,0.3262714634998489,0.14085131289625133,0.9173005570771492,0.03897788068478611,0.6217860102884991,0.07717533740194277,0.003906514699999418,5.050948505142269e-05,70,1,0.9571428571428572,0.9574275362318839
hyb_fpde_grid,0.3262714634998489,0.14085131289625133,0.9173005570771492,0.03897788068478611,0.6217860102884991,0.07717533740194277,0.005996198785712993,0.00010335363303622451,70,1,0.9571428571428572,0.9574275362318839
lime,0.11021235910679913,0.07792723356299965,0.6413107491521345,0.18127080979137547,0.3757615541294668,0.11849395826076449,0.009420318428569528,0.0004186034188197016,70,1,0.9571428571428572,0.9574275362318839
shap,0.15938468518964408,0.12737945678276394,0.7133696755038114,0.16122326181922386,0.43637718034672773,0.13087883575036657,0.03906852155714538,0.022005986333496725,70,1,0.9571428571428572,0.9574275362318839
