task_id,dataset_name,method,deletion_drop_auc,insertion_auc,combined_score,runtime_seconds,attr_l1_norm,mean_abs_exactness_residual,test_accuracy,test_balanced_accuracy,n_features_transformed,n_classes,ok
15,breast-w,aime,0.3176790407051129,0.9153858310719816,0.6165324358885472,0.005058355542858196,5.022754161702326,,0.9571428571428572,0.9574275362318839,9,2,70
15,breast-w,cos_fpde,0.3176790407051129,0.9153858310719816,0.6165324358885472,0.003949257942856629,1.805446825765998,1.2371056560108888e-16,0.9571428571428572,0.9574275362318839,9,2,70
15,breast-w,diff_fpde,0.3262714634998489,0.9173005570771492,0.6217860102884991,0.003906514699999418,23.16997228853969,1.8080774972466834e-15,0.9571428571428572,0.9574275362318839,9,2,70
15,breast-w,hyb_fpde_grid,0.3262714634998489,0.9173005570771492,0.6217860102884991,0.005996198785712993,1.0,4.668884326771864e-17,0.9571428571428572,0.9574275362318839,9,2,70
15,breast-w,lime,0.11021235910679913,0.6413107491521345,0.3757615541294668,0.009420318428569528,0.6293856449258369,,0.9571428571428572,0.9574275362318839,9,2,70
15,breast-w,shap,0.15938468518964408,0.7133696755038114,0.43637718034672773,0.03906852155714538,5.210492244342251,,0.9571428571428572,0.9574275362318839,9,2,70
