method,mean_deletion_drop_auc,std_deletion_drop_auc,mean_insertion_auc,std_insertion_auc,mean_combined_score,std_combined_score,mean_runtime_seconds,std_runtime_seconds,completed_instances,completed_tasks,mean_test_accuracy,mean_test_balanced_accuracy
aime,0.7667360268616258,0.22007691095145782,0.7513376458820825,0.22407274265254037,0.759036836371854,0.1831876765875964,0.012257616270001392,0.003955528746951683,200,1,0.989090909090909,0.989090909090909
cos_fpde,0.7637301536454199,0.22035060457492092,0.719273443209629,0.2148950904553011,0.7415017984275245,0.17000236652184045,0.010003173105000087,0.004281072821275619,200,1,0.989090909090909,0.989090909090909
diff_fpde,0.6508539930811759,0.27752128631099393,0.6284816304548304,0.23308259577841686,0.6396678117680031,0.20943238943841225,0.010889003915002604,0.003954305722630877,200,1,0.989090909090909,0.989090909090909
hyb_fpde_grid,0.7637301536454199,0.22035060457492092,0.719273443209629,0.2148950904553011,0.7415017984275245,0.17000236652184045,0.016822918874998437,0.006484407806920442,200,1,0.989090909090909,0.989090909090909
lime,0.4923846264402802,0.3670885858906001,0.5075445376791855,0.3515331794803181,0.4999645820597328,0.3220029947479198,0.03445225659999949,0.005976763194775055,200,1,0.989090909090909,0.989090909090909
shap,0.8482096203997957,0.1745421759513797,0.9044199113455536,0.10499603444672555,0.8763147658726748,0.10640180475205976,0.61991298992,0.02077634373308455,200,1,0.989090909090909,0.989090909090909
