task_id,dataset_name,method,deletion_drop_auc,insertion_auc,combined_score,runtime_seconds,attr_l1_norm,mean_abs_exactness_residual,test_accuracy,test_balanced_accuracy,n_features_transformed,n_classes,ok
125922,texture,aime,0.7667360268616258,0.7513376458820825,0.759036836371854,0.012257616270001392,13.090972396051404,,0.989090909090909,0.989090909090909,40,11,200
125922,texture,cos_fpde,0.7637301536454199,0.719273443209629,0.7415017984275245,0.010003173105000087,0.7491471343481083,1.3070274029747253e-16,0.989090909090909,0.989090909090909,40,11,200
125922,texture,diff_fpde,0.6508539930811759,0.6284816304548304,0.6396678117680031,0.010889003915002604,40.239786685265464,3.4448832675337825e-15,0.989090909090909,0.989090909090909,40,11,200
125922,texture,hyb_fpde_grid,0.7637301536454199,0.719273443209629,0.7415017984275245,0.016822918874998437,1.0,4.1043557441611256e-17,0.989090909090909,0.989090909090909,40,11,200
125922,texture,lime,0.4923846264402802,0.5075445376791855,0.4999645820597328,0.03445225659999949,0.4735502498401074,,0.989090909090909,0.989090909090909,40,11,200
125922,texture,shap,0.8482096203997957,0.9044199113455536,0.8763147658726748,0.61991298992,9.650553998353846,,0.989090909090909,0.989090909090909,40,11,200
