task_id,dataset_name,method,deletion_drop_auc,insertion_auc,combined_score,runtime_seconds,attr_l1_norm,mean_abs_exactness_residual,test_accuracy,test_balanced_accuracy,n_features_transformed,n_classes,ok
125920,dresses-sales,aime,0.43210392388250946,0.7828712918665954,0.6074876078745524,0.022668415940000842,7.874936517091782,,0.68,0.6584564860426929,140,2,50
125920,dresses-sales,cos_fpde,0.44177139238506646,0.8006425069522847,0.6212069496686755,0.018268801799995914,1.3111428365887332,6.609296443471635e-17,0.68,0.6584564860426929,140,2,50
125920,dresses-sales,diff_fpde,0.4417728874548562,0.8010979441491304,0.6214354158019934,0.0191778110000007,1.7797320538286463,7.432943149865423e-16,0.68,0.6584564860426929,140,2,50
125920,dresses-sales,hyb_fpde_grid,0.4417728874548562,0.8010979441491304,0.6214354158019934,0.02104249475999836,1.0,5.1295773184634186e-17,0.68,0.6584564860426929,140,2,50
125920,dresses-sales,lime,-0.0615936515924509,0.30479422829164354,0.12160028834959631,0.06099808912000015,0.6015359221716317,,0.68,0.6584564860426929,140,2,50
125920,dresses-sales,shap,0.06533644389131969,0.457775692173063,0.26155606803219134,0.034802349580004374,3.154433836333981,,0.68,0.6584564860426929,140,2,50
