task_id,dataset_name,method,deletion_drop_auc,insertion_auc,combined_score,runtime_seconds,attr_l1_norm,mean_abs_exactness_residual,test_accuracy,test_balanced_accuracy,n_features_transformed,n_classes,ok
6,letter,aime,0.8488133364099225,0.6992572951454445,0.7740353157776835,0.005718173284998613,3.1970875506708687,,0.9625,0.9621632829741987,16,26,200
6,letter,cos_fpde,0.8163708441667592,0.5540740336315446,0.6852224388991519,0.004644774620001044,0.663600501605435,6.588479761759913e-17,0.9625,0.9621632829741987,16,26,200
6,letter,diff_fpde,0.7619172973908357,0.49969220706052375,0.6308047522256798,0.004606357685004241,9.303469483879297,1.1589340598305854e-15,0.9625,0.9621632829741987,16,26,200
6,letter,hyb_fpde_grid,0.8163708441667592,0.5540740336315446,0.6852224388991519,0.02684232952499997,1.0,4.449348875446013e-17,0.9625,0.9621632829741987,16,26,200
6,letter,lime,0.6991870822860682,0.3771661413745774,0.5381766118303228,0.055323673770000144,0.21296072178779493,,0.9625,0.9621632829741987,16,26,200
6,letter,shap,0.8761928326570841,0.7934793187696401,0.8348360757133623,1.4470285705749988,9.476240045896727,,0.9625,0.9621632829741987,16,26,200
