method,mean_deletion_drop_auc,std_deletion_drop_auc,mean_insertion_auc,std_insertion_auc,mean_combined_score,std_combined_score,mean_runtime_seconds,std_runtime_seconds,completed_instances,completed_tasks,mean_test_accuracy,mean_test_balanced_accuracy
aime,0.7253132834727484,0.29078012275947895,0.865608157704419,0.05351989687015863,0.7954607205885837,0.13264547302820892,0.036634339954999075,0.008198161551831847,200,1,0.9467084639498434,0.9518037518037518
cos_fpde,0.7263071995908454,0.2806732941560685,0.8098492332392654,0.12010434886269518,0.7680782164150554,0.14920300588717098,0.010526151254999689,0.0038538808732096162,200,1,0.9467084639498434,0.9518037518037518
diff_fpde,0.705156743415061,0.26872767234745404,0.8300302527093849,0.07694718464432641,0.767593498062223,0.1297208746388122,0.021898873235000026,0.006394304323868309,200,1,0.9467084639498434,0.9518037518037518
hyb_fpde_grid,0.7178015981973617,0.27161248192209153,0.8243703603379829,0.09445154112648137,0.7710859792676723,0.1378079502867242,0.016527291739999724,0.0010600873136440612,200,1,0.9467084639498434,0.9518037518037518
lime,0.12134623984360514,0.09166042362219043,0.30359009963058203,0.24381029575154775,0.21246816973709362,0.11145404645062067,0.1014219002500007,0.05159840691970451,200,1,0.9467084639498434,0.9518037518037518
shap,0.7710109888585183,0.2669340527874045,0.9388871311125689,0.0346496073408568,0.8549490599855436,0.13284628040039614,0.18479592985500012,0.022551771063251454,200,1,0.9467084639498434,0.9518037518037518
