method,mean_deletion_drop_auc,std_deletion_drop_auc,mean_insertion_auc,std_insertion_auc,mean_combined_score,std_combined_score,mean_runtime_seconds,std_runtime_seconds,completed_instances,completed_tasks,mean_test_accuracy,mean_test_balanced_accuracy
aime,0.576277358963024,0.34695092898796825,0.724652289727014,0.26310295167203057,0.650464824345019,0.2809129551389015,0.003944958459999625,4.9567927538393925e-05,200,1,0.9926739926739927,0.9935575543538241
cos_fpde,0.5611214949375519,0.3422638088077996,0.6976812440894778,0.2985110901201222,0.6294013695135149,0.2957198410229238,0.0030567423349996403,0.0011438709692971863,200,1,0.9926739926739927,0.9935575543538241
diff_fpde,0.5513206434214415,0.341863741798801,0.6827843982373705,0.2951850113057113,0.617052520829406,0.2930173565915481,0.0030029059000000304,0.001070873158724279,200,1,0.9926739926739927,0.9935575543538241
hyb_fpde_grid,0.5637988288621244,0.34184607994987753,0.6969235888931786,0.2994894812846094,0.6303612088776515,0.29555440012212086,0.006017479689999164,0.00028678838657460014,200,1,0.9926739926739927,0.9935575543538241
lime,0.2682279268093167,0.21836874375746262,0.4957549320499098,0.3767044542210579,0.3819914294296132,0.2636783915813486,0.010663199760000595,0.00018302593960786609,200,1,0.9926739926739927,0.9935575543538241
shap,0.841314586101049,0.2255697715942493,0.9482402283345543,0.046178328325133924,0.8947774072178016,0.11223980180133396,0.1737288476050003,0.01671446055545917,200,1,0.9926739926739927,0.9935575543538241
