task_id,dataset_name,method,deletion_drop_auc,insertion_auc,combined_score,runtime_seconds,attr_l1_norm,mean_abs_exactness_residual,test_accuracy,test_balanced_accuracy,n_features_transformed,n_classes,ok
9960,wall-robot-navigation,aime,0.576277358963024,0.724652289727014,0.650464824345019,0.003944958459999625,5.331175989956847,,0.9926739926739927,0.9935575543538241,24,4,200
9960,wall-robot-navigation,cos_fpde,0.5611214949375519,0.6976812440894778,0.6294013695135149,0.0030567423349996403,1.180131159062462,6.879913305724016e-17,0.9926739926739927,0.9935575543538241,24,4,200
9960,wall-robot-navigation,diff_fpde,0.5513206434214415,0.6827843982373705,0.617052520829406,0.0030029059000000304,11.988009397787698,2.2687407508215072e-15,0.9926739926739927,0.9935575543538241,24,4,200
9960,wall-robot-navigation,hyb_fpde_grid,0.5637988288621244,0.6969235888931786,0.6303612088776515,0.006017479689999164,0.9980998785111193,5.891120924417237e-17,0.9926739926739927,0.9935575543538241,24,4,200
9960,wall-robot-navigation,lime,0.2682279268093167,0.4957549320499098,0.3819914294296132,0.010663199760000595,0.5905177044967576,,0.9926739926739927,0.9935575543538241,24,4,200
9960,wall-robot-navigation,shap,0.841314586101049,0.9482402283345543,0.8947774072178016,0.1737288476050003,6.08566000777487,,0.9926739926739927,0.9935575543538241,24,4,200
