method,mean_deletion_drop_auc,std_deletion_drop_auc,mean_insertion_auc,std_insertion_auc,mean_combined_score,std_combined_score,mean_runtime_seconds,std_runtime_seconds,completed_instances,completed_tasks,mean_test_accuracy,mean_test_balanced_accuracy
aime,0.781270598286778,0.15518453886978817,0.7862377142578618,0.09464053560696928,0.7837541562723199,0.08556016354815638,0.03688772318124887,0.008598314597535912,160,1,0.90625,0.90625
cos_fpde,0.7956963788170086,0.15291779701170083,0.710157251786056,0.14440313338133207,0.7529268153015323,0.09866524083593797,0.014332193418746897,0.005855911181720205,160,1,0.90625,0.90625
diff_fpde,0.7761752084942052,0.1557606029791865,0.6494469607874841,0.14821446176623918,0.7128110846408446,0.10148072633556779,0.02200060313124972,0.006291441175016724,160,1,0.90625,0.90625
hyb_fpde_grid,0.7956963788170086,0.15291779701170083,0.710157251786056,0.14440313338133207,0.7529268153015323,0.09866524083593797,0.014146238287503365,0.003554321565040453,160,1,0.90625,0.90625
lime,0.2684644488357938,0.23981176293577344,0.25035789426888416,0.20055545343916575,0.25941117155233895,0.14796413798449992,0.18543735834999833,0.06467392687918336,160,1,0.90625,0.90625
shap,0.8430051869470857,0.1578217677889803,0.9243555493977655,0.06792422866969514,0.8836803681724257,0.09735023985095735,0.5416263189749989,0.01724965533059145,160,1,0.90625,0.90625
