task_id,dataset_name,method,deletion_drop_auc,insertion_auc,combined_score,runtime_seconds,attr_l1_norm,mean_abs_exactness_residual,test_accuracy,test_balanced_accuracy,n_features_transformed,n_classes,ok
9964,semeion,aime,0.781270598286778,0.7862377142578618,0.7837541562723199,0.03688772318124887,48.353670221027855,,0.90625,0.90625,256,10,160
9964,semeion,cos_fpde,0.7956963788170086,0.710157251786056,0.7529268153015323,0.014332193418746897,1.0134557033390208,3.8619281383933667e-17,0.90625,0.90625,256,10,160
9964,semeion,diff_fpde,0.7761752084942052,0.6494469607874841,0.7128110846408446,0.02200060313124972,205.56624919701795,2.4052981828504017e-14,0.90625,0.90625,256,10,160
9964,semeion,hyb_fpde_grid,0.7956963788170086,0.710157251786056,0.7529268153015323,0.014146238287503365,1.0,3.4970941073519947e-17,0.90625,0.90625,256,10,160
9964,semeion,lime,0.2684644488357938,0.25035789426888416,0.25941117155233895,0.18543735834999833,1.1846542748419902,,0.90625,0.90625,256,10,160
9964,semeion,shap,0.8430051869470857,0.9243555493977655,0.8836803681724257,0.5416263189749989,9.402764125856606,,0.90625,0.90625,256,10,160
