task_id,dataset_name,method,deletion_drop_auc,insertion_auc,combined_score,runtime_seconds,attr_l1_norm,mean_abs_exactness_residual,test_accuracy,test_balanced_accuracy,n_features_transformed,n_classes,ok
11,balance-scale,aime,0.4224383941380116,0.8763822468644268,0.6494103205012193,0.004889102555555355,2.4857714763015473,,0.8888888888888888,0.6436781609195402,4,3,63
11,balance-scale,cos_fpde,0.41318061513118143,0.8679353593692418,0.6405579872502116,0.0038734780952379894,1.4275289217084748,9.196787952004026e-17,0.8888888888888888,0.6436781609195402,4,3,63
11,balance-scale,diff_fpde,0.4200415250888392,0.8687551164159043,0.6443983207523718,0.003831616015873573,4.5417463676216885,3.6654982400322627e-16,0.8888888888888888,0.6436781609195402,4,3,63
11,balance-scale,hyb_fpde_grid,0.422393114179772,0.8685161338922525,0.6454546240360123,0.0058608436031750985,0.9856820547747723,5.688791589473148e-17,0.8888888888888888,0.6436781609195402,4,3,63
11,balance-scale,lime,0.11008735444440357,0.6163105518596135,0.3631989531520085,0.02602931361904611,0.78671736514304,,0.8888888888888888,0.6436781609195402,4,3,63
11,balance-scale,shap,0.4173502193102747,0.8672052141929175,0.6422777167515961,0.10375852679364975,4.083923348352713,,0.8888888888888888,0.6436781609195402,4,3,63
