method,mean_deletion_drop_auc,std_deletion_drop_auc,mean_insertion_auc,std_insertion_auc,mean_combined_score,std_combined_score,mean_runtime_seconds,std_runtime_seconds,completed_instances,completed_tasks,mean_test_accuracy,mean_test_balanced_accuracy
aime,0.4693015222219961,0.13114932436019708,0.8454579609710179,0.09170974532697478,0.657379741596507,0.09606310417567823,0.07020622823999531,0.008224494688440798,200,1,0.7898936170212765,0.7863087095303238
cos_fpde,0.4848132736217432,0.1284666065265569,0.8543029022589929,0.08564657113686935,0.669558087940368,0.09204921508431226,0.03078314244499836,0.0005067126869695422,200,1,0.7898936170212765,0.7863087095303238
diff_fpde,0.48528189005702266,0.12834555802445938,0.8544458658129807,0.08570758360633936,0.6698638779350017,0.09200784891837788,0.030762443040003404,0.00036589851201550657,200,1,0.7898936170212765,0.7863087095303238
hyb_fpde_grid,0.48526657598434725,0.1283417110510766,0.8544247678013563,0.08571958406937402,0.6698456718928517,0.09200649218274395,0.06112319210500516,0.0010936359737118882,200,1,0.7898936170212765,0.7863087095303238
lime,0.17219495280197084,0.12506210925847686,0.6437571462279443,0.16381623713054627,0.4079760495149576,0.12416089359521056,0.420631724349995,0.07243629117536693,200,1,0.7898936170212765,0.7863087095303238
shap,0.336567457752766,0.3355249454722141,0.6477043337859589,0.35605799815465233,0.49213589576936245,0.3418808812016382,0.09741559181999833,0.015494421035979802,200,1,0.7898936170212765,0.7863087095303238
