task_id,dataset_name,method,deletion_drop_auc,insertion_auc,combined_score,runtime_seconds,attr_l1_norm,mean_abs_exactness_residual,test_accuracy,test_balanced_accuracy,n_features_transformed,n_classes,ok
9910,Bioresponse,aime,0.4693015222219961,0.8454579609710179,0.657379741596507,0.07020622823999531,70.83178226995445,,0.7898936170212765,0.7863087095303238,1776,2,200
9910,Bioresponse,cos_fpde,0.4848132736217432,0.8543029022589929,0.669558087940368,0.03078314244499836,1.0642338530472066,2.8128541162963927e-17,0.7898936170212765,0.7863087095303238,1776,2,200
9910,Bioresponse,diff_fpde,0.48528189005702266,0.8544458658129807,0.6698638779350017,0.030762443040003404,166.79943889153492,1.622146861279816e-13,0.7898936170212765,0.7863087095303238,1776,2,200
9910,Bioresponse,hyb_fpde_grid,0.48526657598434725,0.8544247678013563,0.6698456718928517,0.06112319210500516,0.9999986599907986,2.712240154689738e-17,0.7898936170212765,0.7863087095303238,1776,2,200
9910,Bioresponse,lime,0.17219495280197084,0.6437571462279443,0.4079760495149576,0.420631724349995,5.9860029210799075,,0.7898936170212765,0.7863087095303238,1776,2,200
9910,Bioresponse,shap,0.336567457752766,0.6477043337859589,0.49213589576936245,0.09741559181999833,5.197031987866904,,0.7898936170212765,0.7863087095303238,1776,2,200
