method,mean_deletion_drop_auc,std_deletion_drop_auc,mean_insertion_auc,std_insertion_auc,mean_combined_score,std_combined_score,mean_runtime_seconds,std_runtime_seconds,completed_instances,completed_tasks,mean_test_accuracy,mean_test_balanced_accuracy
aime,0.36757658707604196,0.24930703731771894,0.8864066604916108,0.12981286484243648,0.6269916237838263,0.08804165958389056,0.01031130861320527,0.004225367038366445,106,1,0.8867924528301887,0.8670634920634921
cos_fpde,0.36981172209130425,0.24829741258944127,0.8870685625118951,0.12935855197729104,0.6284401423015997,0.0881595116813218,0.009247361650945661,0.0036203075687518014,106,1,0.8867924528301887,0.8670634920634921
diff_fpde,0.3645403601070475,0.2506006153981513,0.8841820932199591,0.13478919287830293,0.6243612266635032,0.08794414747871891,0.009535429169812808,0.0029929635998197385,106,1,0.8867924528301887,0.8670634920634921
hyb_fpde_grid,0.36981172209130425,0.24829741258944127,0.8870685625118951,0.12935855197729104,0.6284401423015997,0.0881595116813218,0.013356504915095619,0.00469087304950003,106,1,0.8867924528301887,0.8670634920634921
lime,0.04299069538559918,0.14384237707998868,0.6469408550305569,0.33495507650829903,0.3449657752080781,0.17248091990857706,0.01702448325471765,0.004510831682711514,106,1,0.8867924528301887,0.8670634920634921
shap,0.2127337804414384,0.40929778358299584,0.6715413923755085,0.21176921490498438,0.4421375864084734,0.28773780080168065,0.08336026611320925,0.017179521257160307,106,1,0.8867924528301887,0.8670634920634921
