task_id,dataset_name,method,deletion_drop_auc,insertion_auc,combined_score,runtime_seconds,attr_l1_norm,mean_abs_exactness_residual,test_accuracy,test_balanced_accuracy,n_features_transformed,n_classes,ok
9957,qsar-biodeg,aime,0.36757658707604196,0.8864066604916108,0.6269916237838263,0.01031130861320527,8.597635946054748,,0.8867924528301887,0.8670634920634921,41,2,106
9957,qsar-biodeg,cos_fpde,0.36981172209130425,0.8870685625118951,0.6284401423015997,0.009247361650945661,1.3268036375366496,8.755443958939545e-17,0.8867924528301887,0.8670634920634921,41,2,106
9957,qsar-biodeg,diff_fpde,0.3645403601070475,0.8841820932199591,0.6243612266635032,0.009535429169812808,20.493974454514778,3.3479508473719933e-15,0.8867924528301887,0.8670634920634921,41,2,106
9957,qsar-biodeg,hyb_fpde_grid,0.36981172209130425,0.8870685625118951,0.6284401423015997,0.013356504915095619,1.0,4.9979674487105366e-17,0.8867924528301887,0.8670634920634921,41,2,106
9957,qsar-biodeg,lime,0.04299069538559918,0.6469408550305569,0.3449657752080781,0.01702448325471765,0.6726461275502702,,0.8867924528301887,0.8670634920634921,41,2,106
9957,qsar-biodeg,shap,0.2127337804414384,0.6715413923755085,0.4421375864084734,0.08336026611320925,5.543321863243686,,0.8867924528301887,0.8670634920634921,41,2,106
