task_id,dataset_name,method,deletion_drop_auc,insertion_auc,combined_score,runtime_seconds,attr_l1_norm,mean_abs_exactness_residual,test_accuracy,test_balanced_accuracy,n_features_transformed,n_classes,ok
31,credit-g,aime,0.34139016596183075,0.8849483513282211,0.6131692586450259,0.011331046359998993,8.51833368162463,,0.8,0.7428571428571429,61,2,100
31,credit-g,cos_fpde,0.32236772152175575,0.8758775250488184,0.5991226232852871,0.009991966020000121,1.263410574294175,7.605027718682323e-17,0.8,0.7428571428571429,61,2,100
31,credit-g,diff_fpde,0.31755127382373805,0.8733172666583642,0.5954342702410511,0.00990648549000042,4.091927426408307,2.3072082439012933e-15,0.8,0.7428571428571429,61,2,100
31,credit-g,hyb_fpde_grid,0.32236772152175575,0.8758775250488184,0.5991226232852871,0.014006546500001207,1.0,6.938893903907228e-17,0.8,0.7428571428571429,61,2,100
31,credit-g,lime,-0.07009131042504937,0.5169053506949495,0.22340702013495004,0.020066505599999118,0.4303272520875737,,0.8,0.7428571428571429,61,2,100
31,credit-g,shap,0.201894395269287,0.7395777957438295,0.47073609550655826,0.07464835899000008,4.390573392871811,,0.8,0.7428571428571429,61,2,100
