task_id,dataset_name,method,deletion_drop_auc,insertion_auc,combined_score,runtime_seconds,attr_l1_norm,mean_abs_exactness_residual,test_accuracy,test_balanced_accuracy,n_features_transformed,n_classes,ok
3560,analcatdata_dmft,aime,0.18911152737118497,0.274324318748174,0.23171792305967948,0.005659306437501144,4.796037061640048,,0.2375,0.24832112332112327,21,6,80
3560,analcatdata_dmft,cos_fpde,0.1968173104706216,0.2671095981922549,0.23196345433143825,0.004370000412498421,0.9923611222038238,7.441963711940502e-17,0.2375,0.24832112332112327,21,6,80
3560,analcatdata_dmft,diff_fpde,0.19087766174974055,0.274896697393512,0.2328871795716263,0.004316670625001251,0.7270960818755624,3.146788385421928e-16,0.2375,0.24832112332112327,21,6,80
3560,analcatdata_dmft,hyb_fpde_grid,0.1943624133057904,0.2737704006484881,0.23406640697713926,0.006774371600000606,0.9970420721532893,4.2023676205538154e-17,0.2375,0.24832112332112327,21,6,80
3560,analcatdata_dmft,lime,0.0457640442118093,0.14001474988330737,0.09288939704755834,0.017830064674999944,0.11911277891120604,,0.2375,0.24832112332112327,21,6,80
3560,analcatdata_dmft,shap,0.21389328437486724,0.29132774560858876,0.252610514991728,0.2371469007750006,1.68312875562914,,0.2375,0.24832112332112327,21,6,80
