task_id,dataset_name,method,deletion_drop_auc,insertion_auc,combined_score,runtime_seconds,attr_l1_norm,mean_abs_exactness_residual,test_accuracy,test_balanced_accuracy,n_features_transformed,n_classes,ok
45,splice,aime,0.7501659635753952,0.8964827708778478,0.8233243672266215,0.038924541614998136,23.226652317927105,,0.9435736677115988,0.9451659451659452,286,3,200
45,splice,cos_fpde,0.7343418228232674,0.8227435159335227,0.778542669378395,0.00998794940500062,0.9662472500191513,4.773091644150185e-17,0.9435736677115988,0.9451659451659452,286,3,200
45,splice,diff_fpde,0.718640971337099,0.8576015139159587,0.7881212426265288,0.020725526579999213,13.787210657181172,3.9608594182283244e-15,0.9435736677115988,0.9451659451659452,286,3,200
45,splice,hyb_fpde_grid,0.7249476644609417,0.8581337523095682,0.791540708385255,0.01644982641500178,0.996030230317812,2.821527733676277e-17,0.9435736677115988,0.9451659451659452,286,3,200
45,splice,lime,0.137017111001329,0.2817254642614695,0.20937128763139923,0.14232090314000231,2.36535138108069,,0.9435736677115988,0.9451659451659452,286,3,200
45,splice,shap,0.8059611451326346,0.9355378167669905,0.8707494809498126,0.1756501762949992,5.924917110376516,,0.9435736677115988,0.9451659451659452,286,3,200
