method,mean_deletion_drop_auc,std_deletion_drop_auc,mean_insertion_auc,std_insertion_auc,mean_combined_score,std_combined_score,mean_runtime_seconds,std_runtime_seconds,completed_instances,completed_tasks,mean_test_accuracy,mean_test_balanced_accuracy
aime,0.38356000690872805,0.23117178018917448,0.8080269938836441,0.1844871722399703,0.5957935003961861,0.1214329927972853,0.004441347975004248,6.942162301555184e-05,200,1,0.850736278447122,0.794601206722899
cos_fpde,0.3829572999617898,0.22472375628523436,0.777039907091989,0.22425600925089537,0.5799986035268894,0.13864450880186352,0.003497793479997142,0.0010285814951114822,200,1,0.850736278447122,0.794601206722899
diff_fpde,0.3815586514985251,0.22118963589507581,0.7802190218725498,0.22124530230774345,0.5808888366855375,0.13595073718473424,0.0034705049550012744,0.0010403350643876893,200,1,0.850736278447122,0.794601206722899
hyb_fpde_grid,0.38232593429075146,0.22054045686890356,0.7805201973965633,0.2213172673925868,0.5814230658436574,0.13598131024614385,0.018629236079999886,0.0012816851829561165,200,1,0.850736278447122,0.794601206722899
lime,0.18175726840263867,0.23280112195743446,0.6102223872048249,0.29714867315059745,0.39598982780373176,0.18035729918237575,0.03539276727999976,0.000805393621576654,200,1,0.850736278447122,0.794601206722899
shap,0.4171765661122901,0.22111994351304343,0.8245933517124178,0.18463429632594405,0.620884958912354,0.12714001642363879,0.17662165789500164,0.01856307566661992,200,1,0.850736278447122,0.794601206722899
