task_id,dataset_name,method,deletion_drop_auc,insertion_auc,combined_score,runtime_seconds,attr_l1_norm,mean_abs_exactness_residual,test_accuracy,test_balanced_accuracy,n_features_transformed,n_classes,ok
6,letter,aime,0.8497342552306492,0.7212889007004577,0.7855115779655535,0.0065062413649997096,3.056365119622029,,0.9675,0.9671291501662099,16,26,200
6,letter,cos_fpde,0.8204819639304585,0.5868965538511876,0.7036892588908229,0.005209655744998258,0.6411801112099756,6.222453108328807e-17,0.9675,0.9671291501662099,16,26,200
6,letter,diff_fpde,0.7717546483491453,0.5518718473922547,0.6618132478707,0.005176255909999554,8.964898029284413,1.0585976539800868e-15,0.9675,0.9671291501662099,16,26,200
6,letter,hyb_fpde_grid,0.8204819639304585,0.5868965538511876,0.7036892588908229,0.026912857080000095,1.0,4.7277719933402907e-17,0.9675,0.9671291501662099,16,26,200
6,letter,lime,0.6457070077313161,0.353594824884935,0.4996509163081255,0.05445871187999757,0.21296577821641768,,0.9675,0.9671291501662099,16,26,200
6,letter,shap,0.8707182961467224,0.7971050733803624,0.8339116847635424,1.5394847892649972,9.660479745931022,,0.9675,0.9671291501662099,16,26,200
