method,mean_deletion_drop_auc,std_deletion_drop_auc,mean_insertion_auc,std_insertion_auc,mean_combined_score,std_combined_score,mean_runtime_seconds,std_runtime_seconds,completed_instances,completed_tasks,mean_test_accuracy,mean_test_balanced_accuracy
aime,0.8497342552306492,0.14016547661623338,0.7212889007004577,0.20818789210828437,0.7855115779655535,0.1483307919880581,0.0065062413649997096,0.0001843460018145057,200,1,0.9675,0.9671291501662099
cos_fpde,0.8204819639304585,0.15588792928260148,0.5868965538511876,0.264268586555807,0.7036892588908229,0.1728589518654163,0.005209655744998258,0.0005856420282794281,200,1,0.9675,0.9671291501662099
diff_fpde,0.7717546483491453,0.19635464805662323,0.5518718473922547,0.25489303104302813,0.6618132478707,0.19154237840502525,0.005176255909999554,0.00046167413097612217,200,1,0.9675,0.9671291501662099
hyb_fpde_grid,0.8204819639304585,0.15588792928260148,0.5868965538511876,0.264268586555807,0.7036892588908229,0.1728589518654163,0.026912857080000095,0.001193683977034701,200,1,0.9675,0.9671291501662099
lime,0.6457070077313161,0.3064751042675019,0.353594824884935,0.24634370038422165,0.4996509163081255,0.23604349868853305,0.05445871187999757,0.0028472084588377017,200,1,0.9675,0.9671291501662099
shap,0.8707182961467224,0.1215746017731023,0.7971050733803624,0.1447507903673207,0.8339116847635424,0.1097618853577875,1.5394847892649972,0.04728302189968127,200,1,0.9675,0.9671291501662099
