task_id,dataset_name,method,deletion_drop_auc,insertion_auc,combined_score,runtime_seconds,attr_l1_norm,mean_abs_exactness_residual,test_accuracy,test_balanced_accuracy,n_features_transformed,n_classes,ok
146195,connect-4,aime,0.5163918591964094,0.7664461675682169,0.6414190133823132,0.014502132244998762,10.697613957472552,,0.8072824156305507,0.5660537547670962,126,3,200
146195,connect-4,cos_fpde,0.5276723167117899,0.7984485298851263,0.663060423298458,0.012471111805000277,1.1407850916185693,5.910636563521976e-17,0.8072824156305507,0.5660537547670962,126,3,200
146195,connect-4,diff_fpde,0.5315816587725724,0.8056365348831439,0.6686090968278582,0.011710425455001143,2.088549506554866,1.9346021095864585e-15,0.8072824156305507,0.5660537547670962,126,3,200
146195,connect-4,hyb_fpde_grid,0.5315816587725724,0.8056365348831439,0.6686090968278582,0.059216664680000405,0.9999999999999999,5.431446308337695e-17,0.8072824156305507,0.5660537547670962,126,3,200
146195,connect-4,lime,-0.11432653661780048,0.19066744257026788,0.0381704529762337,0.031857907679999756,0.8525015281738952,,0.8072824156305507,0.5660537547670962,126,3,200
146195,connect-4,shap,0.5886286750581696,0.8603156599870272,0.7244721675225984,0.19106698031999897,2.8910808496103404,,0.8072824156305507,0.5660537547670962,126,3,200
