method,mean_deletion_drop_auc,std_deletion_drop_auc,mean_insertion_auc,std_insertion_auc,mean_combined_score,std_combined_score,mean_runtime_seconds,std_runtime_seconds,completed_instances,completed_tasks,mean_test_accuracy,mean_test_balanced_accuracy
aime,0.12362615134803477,0.20026144326577172,0.860356540145361,0.169389643624076,0.49199134574669784,0.0794803719727507,0.004920906493333632,0.0008656153708907097,75,1,0.7866666666666666,0.631578947368421
cos_fpde,0.09120782406323132,0.17822474071524008,0.853288991508488,0.18637231421468675,0.4722484077858597,0.0720031669226623,0.003797110986667273,2.3025777663771114e-05,75,1,0.7866666666666666,0.631578947368421
diff_fpde,0.12212066515986189,0.19810174006598422,0.8571954534096039,0.18245212768404867,0.489658059284733,0.07801493699042074,0.003753404946667539,3.387233603139576e-05,75,1,0.7866666666666666,0.631578947368421
hyb_fpde_grid,0.12212066515986189,0.19810174006598422,0.8571954534096039,0.18245212768404867,0.489658059284733,0.07801493699042074,0.005784729786665821,0.00014183743274249108,75,1,0.7866666666666666,0.631578947368421
lime,-0.012730500718512514,0.1618083051490289,0.7192486696687352,0.2583664774833244,0.3532590844751114,0.09862663211089402,0.02284295866666942,0.0012091974131088513,75,1,0.7866666666666666,0.631578947368421
shap,-0.003514184900292546,0.21805778102101417,0.739540649235374,0.16765287323817987,0.3680132321675407,0.10068919498834761,0.037943834066664975,0.01978493838560821,75,1,0.7866666666666666,0.631578947368421
