task_id,dataset_name,method,deletion_drop_auc,insertion_auc,combined_score,runtime_seconds,attr_l1_norm,mean_abs_exactness_residual,test_accuracy,test_balanced_accuracy,n_features_transformed,n_classes,ok
10101,blood-transfusion-service-center,aime,0.12362615134803477,0.860356540145361,0.49199134574669784,0.004920906493333632,2.362593869320962,,0.7866666666666666,0.631578947368421,4,2,75
10101,blood-transfusion-service-center,cos_fpde,0.09120782406323132,0.853288991508488,0.4722484077858597,0.003797110986667273,1.6128896817136038,8.548717289613706e-17,0.7866666666666666,0.631578947368421,4,2,75
10101,blood-transfusion-service-center,diff_fpde,0.12212066515986189,0.8571954534096039,0.489658059284733,0.003753404946667539,2.4908916246799797,2.331468351712829e-16,0.7866666666666666,0.631578947368421,4,2,75
10101,blood-transfusion-service-center,hyb_fpde_grid,0.12212066515986189,0.8571954534096039,0.489658059284733,0.005784729786665821,1.0,5.810167162204986e-17,0.7866666666666666,0.631578947368421,4,2,75
10101,blood-transfusion-service-center,lime,-0.012730500718512514,0.7192486696687352,0.3532590844751114,0.02284295866666942,0.2510172094867323,,0.7866666666666666,0.631578947368421,4,2,75
10101,blood-transfusion-service-center,shap,-0.003514184900292546,0.739540649235374,0.3680132321675407,0.037943834066664975,1.8838530537629041,,0.7866666666666666,0.631578947368421,4,2,75
