method,mean_deletion_drop_auc,std_deletion_drop_auc,mean_insertion_auc,std_insertion_auc,mean_combined_score,std_combined_score,mean_runtime_seconds,std_runtime_seconds,completed_instances,completed_tasks,mean_test_accuracy,mean_test_balanced_accuracy
aime,0.5329220438793609,0.3160685925138826,0.7631151723686139,0.1503359668811335,0.6480186081239875,0.20404773742090018,0.005003899588235955,0.00035073291436113577,85,1,0.8,0.8002705627705629
cos_fpde,0.5888610255671756,0.24334419855664635,0.7739855801127492,0.16595681852992322,0.6814233028399624,0.1603646176408139,0.003788508082350424,8.217545457245064e-05,85,1,0.8,0.8002705627705629
diff_fpde,0.5639718198768177,0.24519282049635158,0.7428103684426026,0.18562371690121188,0.6533910941597101,0.16734294045237796,0.003746429482353118,5.038158487503791e-05,85,1,0.8,0.8002705627705629
hyb_fpde_grid,0.5888610255671756,0.24334419855664635,0.7739855801127492,0.16595681852992322,0.6814233028399624,0.1603646176408139,0.005790010870586738,7.531112580699436e-05,85,1,0.8,0.8002705627705629
lime,0.4766219617159379,0.2958948602968973,0.5307935681157052,0.3198424725689128,0.5037077649158216,0.23222036927344444,0.015741897117646887,0.00019517942390993693,85,1,0.8,0.8002705627705629
shap,0.665709240380847,0.26637513004835744,0.8641938116682802,0.10262849830509625,0.7649515260245636,0.1634358116860383,0.19415619148235405,0.023539737636365174,85,1,0.8,0.8002705627705629
