task_id,dataset_name,method,deletion_drop_auc,insertion_auc,combined_score,runtime_seconds,attr_l1_norm,mean_abs_exactness_residual,test_accuracy,test_balanced_accuracy,n_features_transformed,n_classes,ok
53,vehicle,aime,0.5329220438793609,0.7631151723686139,0.6480186081239875,0.005003899588235955,6.357753925500123,,0.8,0.8002705627705629,18,4,85
53,vehicle,cos_fpde,0.5888610255671756,0.7739855801127492,0.6814233028399624,0.003788508082350424,0.8885672617417331,8.525655671638955e-17,0.8,0.8002705627705629,18,4,85
53,vehicle,diff_fpde,0.5639718198768177,0.7428103684426026,0.6533910941597101,0.003746429482353118,9.803262101132695,1.796357180652689e-15,0.8,0.8002705627705629,18,4,85
53,vehicle,hyb_fpde_grid,0.5888610255671756,0.7739855801127492,0.6814233028399624,0.005790010870586738,1.0,5.658259808406703e-17,0.8,0.8002705627705629,18,4,85
53,vehicle,lime,0.4766219617159379,0.5307935681157052,0.5037077649158216,0.015741897117646887,0.5982366725870255,,0.8,0.8002705627705629,18,4,85
53,vehicle,shap,0.665709240380847,0.8641938116682802,0.7649515260245636,0.19415619148235405,5.101567030093727,,0.8,0.8002705627705629,18,4,85
