method,mean_deletion_drop_auc,std_deletion_drop_auc,mean_insertion_auc,std_insertion_auc,mean_combined_score,std_combined_score,mean_runtime_seconds,std_runtime_seconds,completed_instances,completed_tasks,mean_test_accuracy,mean_test_balanced_accuracy
aime,0.29529483781642285,0.36329527989899946,0.805376447303156,0.3007078999043669,0.5503356425597894,0.08102956929243713,0.005009759260118136,0.00030328275039368744,173,1,0.9942196531791907,0.9979338842975208
cos_fpde,0.29739550414169713,0.3705781871502226,0.7759007972591224,0.34464727622204644,0.5366481507004097,0.0815095513861443,0.003791376427742541,0.0003047417168847261,173,1,0.9942196531791907,0.9979338842975208
diff_fpde,0.2768127671213452,0.3569304784695876,0.8003166769393331,0.30649645905936795,0.5385647220303391,0.07558504046979929,0.0037430560404549387,0.00021556822541862354,173,1,0.9942196531791907,0.9979338842975208
hyb_fpde_grid,0.2768127671213452,0.3569304784695876,0.8003166769393331,0.30649645905936795,0.5385647220303391,0.07558504046979929,0.006196946260109727,0.0002154561885844084,173,1,0.9942196531791907,0.9979338842975208
lime,0.07665549644550367,0.1515911822266635,0.702873533947883,0.3929666360731982,0.38976451519669336,0.1468535990958389,0.012362549034685935,0.0002788455696818045,173,1,0.9942196531791907,0.9979338842975208
shap,0.32029011808341695,0.38674735977980607,0.8375926247167975,0.25601087699235836,0.5789413714001072,0.11121490713009378,0.2275066546589584,0.022176327390603674,173,1,0.9942196531791907,0.9979338842975208
