task_id,dataset_name,method,deletion_drop_auc,insertion_auc,combined_score,runtime_seconds,attr_l1_norm,mean_abs_exactness_residual,test_accuracy,test_balanced_accuracy,n_features_transformed,n_classes,ok
146821,car,aime,0.29529483781642285,0.805376447303156,0.5503356425597894,0.005009759260118136,5.2149717891901926,,0.9942196531791907,0.9979338842975208,21,4,173
146821,car,cos_fpde,0.29739550414169713,0.7759007972591224,0.5366481507004097,0.003791376427742541,1.2442295372400436,5.156039371949562e-17,0.9942196531791907,0.9979338842975208,21,4,173
146821,car,diff_fpde,0.2768127671213452,0.8003166769393331,0.5385647220303391,0.0037430560404549387,2.3502244173657796,5.085848248644142e-16,0.9942196531791907,0.9979338842975208,21,4,173
146821,car,hyb_fpde_grid,0.2768127671213452,0.8003166769393331,0.5385647220303391,0.006196946260109727,1.0,4.7837757358476025e-17,0.9942196531791907,0.9979338842975208,21,4,173
146821,car,lime,0.07665549644550367,0.702873533947883,0.38976451519669336,0.012362549034685935,0.09537641995939712,,0.9942196531791907,0.9979338842975208,21,4,173
146821,car,shap,0.32029011808341695,0.8375926247167975,0.5789413714001072,0.2275066546589584,5.113704980772066,,0.9942196531791907,0.9979338842975208,21,4,173
