method,mean_deletion_drop_auc,std_deletion_drop_auc,mean_insertion_auc,std_insertion_auc,mean_combined_score,std_combined_score,mean_runtime_seconds,std_runtime_seconds,completed_instances,completed_tasks,mean_test_accuracy,mean_test_balanced_accuracy
aime,0.3802304535698358,0.3446554898067952,0.9347533839815669,0.04869987216283159,0.6574919187757012,0.17524489360725223,0.014294855478260286,0.0071760353384484376,69,1,0.9130434782608695,0.9076923076923077
cos_fpde,0.3846384040991443,0.3358639070462169,0.9307874157258031,0.055265078328459456,0.6577129099124738,0.16797352419978034,0.011932567043477255,0.0052697224075635265,69,1,0.9130434782608695,0.9076923076923077
diff_fpde,0.38485494373293255,0.3356157341636762,0.9309584236935471,0.05539209525152826,0.6579066837132398,0.16781524973009185,0.012051877159424492,0.005523766769462961,69,1,0.9130434782608695,0.9076923076923077
hyb_fpde_grid,0.38485494373293255,0.3356157341636762,0.9309584236935471,0.05539209525152826,0.6579066837132398,0.16781524973009185,0.016695973971016007,0.006649919078264858,69,1,0.9130434782608695,0.9076923076923077
lime,-0.02713890800148217,0.14843089073803015,0.5103736454508628,0.3295466253313569,0.24161736872469036,0.20308062332362925,0.023078921739140598,0.008597956223662441,69,1,0.9130434782608695,0.9076923076923077
shap,0.14005556855555693,0.17668218653634044,0.6434614773970925,0.39301813852681877,0.3917585229763247,0.25891848065171447,0.05091332991304645,0.021294056308113627,69,1,0.9130434782608695,0.9076923076923077
