task_id,dataset_name,method,deletion_drop_auc,insertion_auc,combined_score,runtime_seconds,attr_l1_norm,mean_abs_exactness_residual,test_accuracy,test_balanced_accuracy,n_features_transformed,n_classes,ok
29,credit-approval,aime,0.3802304535698358,0.9347533839815669,0.6574919187757012,0.014294855478260286,6.543590504551865,,0.9130434782608695,0.9076923076923077,45,2,69
29,credit-approval,cos_fpde,0.3846384040991443,0.9307874157258031,0.6577129099124738,0.011932567043477255,1.3506765377995935,1.3294518465167184e-16,0.9130434782608695,0.9076923076923077,45,2,69
29,credit-approval,diff_fpde,0.38485494373293255,0.9309584236935471,0.6579066837132398,0.012051877159424492,6.7766630599519395,1.3559503761352626e-15,0.9130434782608695,0.9076923076923077,45,2,69
29,credit-approval,hyb_fpde_grid,0.38485494373293255,0.9309584236935471,0.6579066837132398,0.016695973971016007,1.0,9.620173015688772e-17,0.9130434782608695,0.9076923076923077,45,2,69
29,credit-approval,lime,-0.02713890800148217,0.5103736454508628,0.24161736872469036,0.023078921739140598,0.6524838443232944,,0.9130434782608695,0.9076923076923077,45,2,69
29,credit-approval,shap,0.14005556855555693,0.6434614773970925,0.3917585229763247,0.05091332991304645,5.106368292677923,,0.9130434782608695,0.9076923076923077,45,2,69
