task_id,dataset_name,method,deletion_drop_auc,insertion_auc,combined_score,runtime_seconds,attr_l1_norm,mean_abs_exactness_residual,test_accuracy,test_balanced_accuracy,n_features_transformed,n_classes,ok
37,diabetes,aime,0.2828609704094897,0.8403363859924596,0.5615986782009748,0.004394236467530167,2.9190450077328336,,0.8571428571428571,0.8474074074074073,8,2,77
37,diabetes,cos_fpde,0.2806740680949981,0.8394847255029633,0.5600793967989807,0.003433064285718058,1.4881895637768472,7.110113363873771e-17,0.8571428571428571,0.8474074074074073,8,2,77
37,diabetes,diff_fpde,0.2863679582112173,0.8396833227445063,0.5630256404778619,0.0034151413766228683,5.6066889461007525,7.297553614784512e-16,0.8571428571428571,0.8474074074074073,8,2,77
37,diabetes,hyb_fpde_grid,0.28378154471019357,0.8401354260311343,0.561958485370664,0.005190895220776726,0.9956461807441505,4.08899105051676e-17,0.8571428571428571,0.8474074074074073,8,2,77
37,diabetes,lime,0.10271377199076719,0.661644478481512,0.38217912523613956,0.00886426138960915,0.5330220261756075,,0.8571428571428571,0.8474074074074073,8,2,77
37,diabetes,shap,0.13202698548361474,0.6632481165381556,0.39763755101088516,0.03862703298701363,3.5920536031406383,,0.8571428571428571,0.8474074074074073,8,2,77
