task_id,dataset_name,method,deletion_drop_auc,insertion_auc,combined_score,runtime_seconds,attr_l1_norm,mean_abs_exactness_residual,test_accuracy,test_balanced_accuracy,n_features_transformed,n_classes,ok
146825,Fashion-MNIST,aime,0.6875004510855726,0.6731668667670457,0.6803336589263091,0.060813738754992526,105.33338478612943,,0.892,0.892,784,10,200
146825,Fashion-MNIST,cos_fpde,0.7193361477733025,0.6090838141144405,0.6642099809438714,0.015917623729996534,0.6511549662352261,5.780098621954721e-17,0.892,0.892,784,10,200
146825,Fashion-MNIST,diff_fpde,0.6982182100084218,0.6012458148222561,0.649732012415339,0.017564242644999693,481.6299042198557,5.909939204684634e-14,0.892,0.892,784,10,200
146825,Fashion-MNIST,hyb_fpde_grid,0.7193361477733025,0.6090838141144405,0.6642099809438714,0.32633088239999436,1.0,4.4911990793039537e-17,0.892,0.892,784,10,200
146825,Fashion-MNIST,lime,0.30959502707208425,0.2558346084097778,0.28271481774093105,0.2907995193650072,2.6714166963959425,,0.892,0.892,784,10,200
146825,Fashion-MNIST,shap,0.8116510572656004,0.8950913803922086,0.8533712188289044,0.572286095674998,7.9373885986201,,0.892,0.892,784,10,200
