task_id,dataset_name,method,deletion_drop_auc,insertion_auc,combined_score,runtime_seconds,attr_l1_norm,mean_abs_exactness_residual,test_accuracy,test_balanced_accuracy,n_features_transformed,n_classes,ok
9971,ilpd,aime,0.06592797881491329,0.8401584900124894,0.45304323441370137,0.004764807779662017,4.574249810064337,,0.6610169491525424,0.5343137254901961,11,2,59
9971,ilpd,cos_fpde,0.0906779886129528,0.8561816258566796,0.4734298072348162,0.003578578813559107,1.31010847227991,9.852641301692e-17,0.6610169491525424,0.5343137254901961,11,2,59
9971,ilpd,diff_fpde,0.09081419675639828,0.8561446663101269,0.4734794315332626,0.0035439359830503484,4.303607186030354,3.0938058141726025e-15,0.6610169491525424,0.5343137254901961,11,2,59
9971,ilpd,hyb_fpde_grid,0.0907132862306039,0.8561932265125122,0.47345325637155805,0.005316844593220733,0.9988453955572992,8.091455942183344e-17,0.6610169491525424,0.5343137254901961,11,2,59
9971,ilpd,lime,-0.04529649519823871,0.7444640483851663,0.34958377659346385,0.009215510016950043,0.25753968947187234,,0.6610169491525424,0.5343137254901961,11,2,59
9971,ilpd,shap,-0.011269134422642255,0.7419661825990749,0.36534852408821633,0.03408026461017102,3.1571115042806355,,0.6610169491525424,0.5343137254901961,11,2,59
