task_id,dataset_name,method,deletion_drop_auc,insertion_auc,combined_score,runtime_seconds,attr_l1_norm,mean_abs_exactness_residual,test_accuracy,test_balanced_accuracy,n_features_transformed,n_classes,ok
9910,Bioresponse,aime,0.5098033231042433,0.8605645742638228,0.6851839486840331,0.0707634338199992,70.11922005847013,,0.7952127659574468,0.7944026447788417,1776,2,200
9910,Bioresponse,cos_fpde,0.5227601040774538,0.8662483065851017,0.6945042053312777,0.031603111825000384,1.0704044527666254,3.22758855232641e-17,0.7952127659574468,0.7944026447788417,1776,2,200
9910,Bioresponse,diff_fpde,0.5228396970163981,0.8661736866338957,0.6945066918251469,0.03155797792499925,166.57344873199088,1.511057945435823e-13,0.7952127659574468,0.7944026447788417,1776,2,200
9910,Bioresponse,hyb_fpde_grid,0.5228840269384457,0.866166151670668,0.6945250893045568,0.061061664489999716,0.9999995592738871,3.625788905226024e-17,0.7952127659574468,0.7944026447788417,1776,2,200
9910,Bioresponse,lime,0.13411174772800322,0.6048664929012755,0.36948912031463943,0.41559971329000006,5.43497168861225,,0.7952127659574468,0.7944026447788417,1776,2,200
9910,Bioresponse,shap,0.3426378078172737,0.6267016573343884,0.48466973257583107,0.09920284849499808,5.172575543975235,,0.7952127659574468,0.7944026447788417,1776,2,200
