task_id,dataset_name,method,deletion_drop_auc,insertion_auc,combined_score,runtime_seconds,attr_l1_norm,mean_abs_exactness_residual,test_accuracy,test_balanced_accuracy,n_features_transformed,n_classes,ok
146820,wilt,aime,0.18947997577114573,0.972384510803795,0.5809322432874704,0.00444850760000115,1.7938618957280088,,0.9772727272727273,0.8428787369835404,5,2,200
146820,wilt,cos_fpde,0.19255879597375117,0.9723873830735482,0.5824730895236497,0.003477154169998755,1.3889693353790538,9.037800889621917e-17,0.9772727272727273,0.8428787369835404,5,2,200
146820,wilt,diff_fpde,0.16501547286101112,0.9668890473556243,0.5659522601083178,0.0034293813199988677,1.9950877058535044,5.559441795810472e-16,0.9772727272727273,0.8428787369835404,5,2,200
146820,wilt,hyb_fpde_grid,0.18935882695813733,0.9723864941611068,0.5808726605596221,0.00640926397000051,0.9937750749318495,6.127043317150083e-17,0.9772727272727273,0.8428787369835404,5,2,200
146820,wilt,lime,0.063356455735819,0.6508584326208109,0.3571074441783149,0.025472421714999954,0.5418820584876642,,0.9772727272727273,0.8428787369835404,5,2,200
146820,wilt,shap,0.046148401143007625,0.6849827622475857,0.3655655816952967,0.061868245185000316,3.500045046317029,,0.9772727272727273,0.8428787369835404,5,2,200
