method,mean_deletion_drop_auc,std_deletion_drop_auc,mean_insertion_auc,std_insertion_auc,mean_combined_score,std_combined_score,mean_runtime_seconds,std_runtime_seconds,completed_instances,completed_tasks,mean_test_accuracy,mean_test_balanced_accuracy
aime,0.18947997577114573,0.19067417023042627,0.972384510803795,0.12134793740394667,0.5809322432874704,0.11026123811045657,0.00444850760000115,0.00035269005810631106,200,1,0.9772727272727273,0.8428787369835404
cos_fpde,0.19255879597375117,0.19295041933248525,0.9723873830735482,0.12134857282149866,0.5824730895236497,0.11143415990970384,0.003477154169998755,0.00022930983241335322,200,1,0.9772727272727273,0.8428787369835404
diff_fpde,0.16501547286101112,0.19190298831858707,0.9668890473556243,0.12313037007746196,0.5659522601083178,0.10986656734454214,0.0034293813199988677,9.838709869915587e-05,200,1,0.9772727272727273,0.8428787369835404
hyb_fpde_grid,0.18935882695813733,0.1906638707091291,0.9723864941611068,0.12134550124249968,0.5808726605596221,0.1102441456421554,0.00640926397000051,0.00022001404293103745,200,1,0.9772727272727273,0.8428787369835404
lime,0.063356455735819,0.1744040451213186,0.6508584326208109,0.3199709344308532,0.3571074441783149,0.20439295497857624,0.025472421714999954,0.0011096903929675391,200,1,0.9772727272727273,0.8428787369835404
shap,0.046148401143007625,0.15644799733332526,0.6849827622475857,0.2991506886161005,0.3655655816952967,0.18256401459245,0.061868245185000316,0.013641399310194837,200,1,0.9772727272727273,0.8428787369835404
