method,mean_deletion_drop_auc,std_deletion_drop_auc,mean_insertion_auc,std_insertion_auc,mean_combined_score,std_combined_score,mean_runtime_seconds,std_runtime_seconds,completed_instances,completed_tasks,mean_test_accuracy,mean_test_balanced_accuracy
aime,0.5553865259733431,0.2096360288132723,0.9133968779382183,0.08295158624312504,0.7343917019557807,0.09199925570492709,0.010927593219998642,0.005862495548173539,200,1,0.9370932754880694,0.9308361889007051
cos_fpde,0.553973288155128,0.21081702119621565,0.9130628091217491,0.08302462884894565,0.7335180486384385,0.09252285435338463,0.009817723259998558,0.0038686803207780775,200,1,0.9370932754880694,0.9308361889007051
diff_fpde,0.5601285704081636,0.21027705768050134,0.9106999593323931,0.08624835271884482,0.7354142648702784,0.09312932486495598,0.010551143824998945,0.004122219958832498,200,1,0.9370932754880694,0.9308361889007051
hyb_fpde_grid,0.553973288155128,0.21081702119621565,0.9130628091217491,0.08302462884894565,0.7335180486384385,0.09252285435338463,0.016130361525001292,0.005779293892077863,200,1,0.9370932754880694,0.9308361889007051
lime,0.021027992535467246,0.10481980183588309,0.4402459209875743,0.26969080521101535,0.23063695676152077,0.14674523769829464,0.020240711129999197,0.006203820940682384,200,1,0.9370932754880694,0.9308361889007051
shap,0.29882280253251386,0.4063307437158005,0.6159183430201787,0.29899012192217717,0.45737057277634624,0.3343468116693247,0.08611006522499963,0.014655886941875213,200,1,0.9370932754880694,0.9308361889007051
