task_id,dataset_name,method,deletion_drop_auc,insertion_auc,combined_score,runtime_seconds,attr_l1_norm,mean_abs_exactness_residual,test_accuracy,test_balanced_accuracy,n_features_transformed,n_classes,ok
9976,madelon,aime,0.4339224425237697,0.8162747850207911,0.6250986137722804,0.05016376722000246,32.22176230236782,,0.826923076923077,0.826923076923077,500,2,200
9976,madelon,cos_fpde,0.43425934615664086,0.8165730474468953,0.625416196801768,0.013637920104997078,1.0399817176858657,1.953732314818879e-17,0.826923076923077,0.826923076923077,500,2,200
9976,madelon,diff_fpde,0.43425934615664086,0.8165730474468953,0.625416196801768,0.024352301919997217,35.12299585774438,4.303779554959419e-14,0.826923076923077,0.826923076923077,500,2,200
9976,madelon,hyb_fpde_grid,0.43425934615664086,0.8165730474468953,0.625416196801768,0.02285447168499786,1.0,1.6393136847980826e-17,0.826923076923077,0.826923076923077,500,2,200
9976,madelon,lime,0.12963562941584614,0.511955284952775,0.3207954571843106,0.19778951403499717,3.3418990937904898,,0.826923076923077,0.826923076923077,500,2,200
9976,madelon,shap,0.22141725044031785,0.5619847520311304,0.3917010012357241,0.0749925879049988,5.254153348675243,,0.826923076923077,0.826923076923077,500,2,200
