method,mean_deletion_drop_auc,std_deletion_drop_auc,mean_insertion_auc,std_insertion_auc,mean_combined_score,std_combined_score,mean_runtime_seconds,std_runtime_seconds,completed_instances,completed_tasks,mean_test_accuracy,mean_test_balanced_accuracy
aime,0.4339224425237697,0.1412929541960245,0.8162747850207911,0.09889202796181185,0.6250986137722804,0.10873907479461355,0.05016376722000246,0.010860380448123517,200,1,0.826923076923077,0.826923076923077
cos_fpde,0.43425934615664086,0.14373214383965088,0.8165730474468953,0.09972730553626188,0.625416196801768,0.10999997100571984,0.013637920104997078,0.003256031205084814,200,1,0.826923076923077,0.826923076923077
diff_fpde,0.43425934615664086,0.14373214383965088,0.8165730474468953,0.09972730553626188,0.625416196801768,0.10999997100571984,0.024352301919997217,0.008256211036226776,200,1,0.826923076923077,0.826923076923077
hyb_fpde_grid,0.43425934615664086,0.14373214383965088,0.8165730474468953,0.09972730553626188,0.625416196801768,0.10999997100571984,0.02285447168499786,0.0007175114084992364,200,1,0.826923076923077,0.826923076923077
lime,0.12963562941584614,0.13761186611451529,0.511955284952775,0.13687351520576688,0.3207954571843106,0.11163893847385388,0.19778951403499717,0.08094069793496858,200,1,0.826923076923077,0.826923076923077
shap,0.22141725044031785,0.3513153081879344,0.5619847520311304,0.34440298107921896,0.3917010012357241,0.3444630782100491,0.0749925879049988,0.013792585224169414,200,1,0.826923076923077,0.826923076923077
