task_id,dataset_name,method,deletion_drop_auc,insertion_auc,combined_score,runtime_seconds,attr_l1_norm,mean_abs_exactness_residual,test_accuracy,test_balanced_accuracy,n_features_transformed,n_classes,ok
125920,dresses-sales,aime,0.3794400159451234,0.7604944267894558,0.5699672213672895,0.016234552319999693,7.462653579515685,,0.64,0.6305418719211823,146,2,50
125920,dresses-sales,cos_fpde,0.39056757644590945,0.7748049206201931,0.5826862485330513,0.013017889299993613,1.2572028192918743,5.863365348801607e-17,0.64,0.6305418719211823,146,2,50
125920,dresses-sales,diff_fpde,0.39067952971055564,0.7748995677756372,0.5827895487430964,0.013746768000004295,1.7459457067817141,9.275913370743183e-16,0.64,0.6305418719211823,146,2,50
125920,dresses-sales,hyb_fpde_grid,0.39067952971055564,0.7748995677756372,0.5827895487430964,0.016617915580002317,1.0,4.135580766728708e-17,0.64,0.6305418719211823,146,2,50
125920,dresses-sales,lime,-0.06724942322989966,0.32517208098607187,0.1289613288780861,0.0298114180999994,0.5696165733342016,,0.64,0.6305418719211823,146,2,50
125920,dresses-sales,shap,0.07524736562682094,0.4961445319532524,0.2856959487900367,0.028610818800000288,2.9751578983759033,,0.64,0.6305418719211823,146,2,50
